1,1,1337.90,417.66,164.47,359.44,0.8673,-1,-1,-1
1,2,584.00,443.23,92.69,265.34,0.8480,-1,-1,-1
1,3,439.39,445.95,113.26,271.79,0.7797,-1,-1,-1
1,4,730.28,454.53,35.78,112.80,0.6340,-1,-1,-1
2,1,1343.36,417.80,164.82,360.19,0.8828,-1,-1,-1
2,2,584.56,442.64,92.54,264.89,0.8523,-1,-1,-1
2,3,439.35,445.34,113.89,273.11,0.7887,-1,-1,-1
2,4,731.04,456.12,35.50,111.84,0.5955,-1,-1,-1
3,1,1347.03,423.19,169.07,369.03,0.8763,-1,-1,-1
3,2,585.09,442.72,92.42,264.37,0.8491,-1,-1,-1
3,3,439.02,443.88,114.89,275.33,0.7943,-1,-1,-1
3,4,731.66,457.78,34.60,108.67,0.5737,-1,-1,-1
3,5,1465.59,441.79,143.75,327.45,0.7534,-1,-1,-1
4,1,1350.80,421.07,172.96,377.28,0.8684,-1,-1,-1
4,2,584.63,443.45,92.68,265.03,0.8488,-1,-1,-1
4,3,440.23,442.92,115.48,276.26,0.8236,-1,-1,-1
4,4,731.81,456.92,35.22,110.49,0.5649,-1,-1,-1
4,5,1469.07,434.86,145.62,332.75,0.7090,-1,-1,-1
5,1,1353.07,420.71,176.07,384.31,0.9049,-1,-1,-1
5,2,584.57,443.71,92.58,264.64,0.8516,-1,-1,-1
5,3,442.69,442.97,115.62,275.60,0.7777,-1,-1,-1
5,4,732.08,457.02,35.12,110.06,0.5498,-1,-1,-1
5,5,1470.30,429.60,147.03,338.12,0.7731,-1,-1,-1
6,1,1357.16,420.10,176.37,385.74,0.9083,-1,-1,-1
6,2,584.49,443.68,92.60,264.63,0.8507,-1,-1,-1
6,3,445.96,443.62,116.07,275.79,0.7389,-1,-1,-1
6,4,732.26,456.93,35.18,110.27,0.5566,-1,-1,-1
6,5,1475.13,427.41,146.99,341.63,0.7812,-1,-1,-1
7,1,1361.95,418.80,175.82,387.00,0.9087,-1,-1,-1
7,2,584.78,443.57,92.45,264.27,0.8537,-1,-1,-1
7,3,445.08,445.41,116.37,274.79,0.7737,-1,-1,-1
7,4,732.52,457.61,35.03,109.99,0.5491,-1,-1,-1
7,5,1480.49,431.76,143.96,338.91,0.7925,-1,-1,-1
8,1,1371.81,416.09,173.92,388.23,0.8814,-1,-1,-1
8,2,583.99,443.09,93.04,266.22,0.8635,-1,-1,-1
8,3,446.12,444.94,116.88,274.73,0.7741,-1,-1,-1
8,4,732.99,457.01,34.96,109.90,0.5304,-1,-1,-1
8,5,1483.22,425.61,144.53,346.30,0.8354,-1,-1,-1
9,1,1381.33,412.43,171.93,391.05,0.8604,-1,-1,-1
9,2,583.53,442.71,93.39,267.85,0.8640,-1,-1,-1
9,3,450.77,445.40,116.73,274.62,0.7995,-1,-1,-1
9,4,733.01,456.60,35.36,111.33,0.5382,-1,-1,-1
9,5,1487.44,424.74,141.83,346.71,0.8344,-1,-1,-1
10,1,1394.66,414.56,164.21,381.24,0.8686,-1,-1,-1
10,2,583.84,443.03,93.34,268.03,0.8688,-1,-1,-1
10,3,452.46,444.54,117.10,275.17,0.7906,-1,-1,-1
10,4,733.10,456.92,35.21,110.61,0.4987,-1,-1,-1
10,5,1493.80,418.54,142.82,353.74,0.6839,-1,-1,-1
11,1,1405.07,413.12,161.87,383.61,0.8674,-1,-1,-1
11,2,584.41,443.14,92.85,266.91,0.8618,-1,-1,-1
11,3,449.89,443.30,118.00,276.10,0.7124,-1,-1,-1
11,4,732.83,457.69,35.72,111.75,0.5544,-1,-1,-1
11,5,1506.58,416.84,138.68,351.61,0.8299,-1,-1,-1
12,1,1416.39,409.08,160.47,388.90,0.7926,-1,-1,-1
12,2,584.39,442.54,92.86,267.02,0.8628,-1,-1,-1
12,3,447.06,441.76,119.42,277.18,0.7069,-1,-1,-1
12,4,731.41,456.25,36.50,113.66,0.6229,-1,-1,-1
12,5,1516.01,418.63,135.91,353.19,0.8314,-1,-1,-1
13,1,1429.06,412.13,157.03,387.30,0.7991,-1,-1,-1
13,2,584.27,442.28,93.03,267.35,0.8565,-1,-1,-1
13,3,447.45,442.74,119.69,276.53,0.7662,-1,-1,-1
13,4,730.13,455.32,38.06,118.34,0.6248,-1,-1,-1
13,5,1523.80,421.02,135.02,356.64,0.8110,-1,-1,-1
14,1,1440.53,410.32,155.15,387.73,0.6408,-1,-1,-1
14,2,583.71,442.40,93.50,268.13,0.8571,-1,-1,-1
14,3,446.34,441.83,121.39,280.02,0.6649,-1,-1,-1
14,4,729.55,455.14,38.83,120.43,0.5598,-1,-1,-1
14,5,1533.22,418.77,139.78,366.92,0.7155,-1,-1,-1
15,1,1438.65,418.42,148.45,380.72,0.5787,-1,-1,-1
15,2,582.58,442.61,93.98,269.66,0.8751,-1,-1,-1
15,3,445.62,443.11,121.88,281.46,0.7320,-1,-1,-1
15,4,729.35,453.10,39.71,122.84,0.6663,-1,-1,-1
15,5,1552.03,421.33,143.55,369.80,0.6169,-1,-1,-1
16,1,1441.84,423.78,144.06,377.02,0.4642,-1,-1,-1
16,2,582.50,443.75,93.36,267.90,0.8750,-1,-1,-1
16,3,443.34,442.51,122.41,283.78,0.7098,-1,-1,-1
16,4,729.16,453.80,39.26,121.50,0.4999,-1,-1,-1
16,5,1566.07,422.54,148.70,376.20,0.7029,-1,-1,-1
17,1,1445.93,422.40,143.30,379.80,0.4445,-1,-1,-1
17,2,582.41,445.38,93.37,267.91,0.8708,-1,-1,-1
17,3,442.96,442.62,122.29,284.93,0.7099,-1,-1,-1
17,4,727.88,453.37,39.29,122.18,0.4705,-1,-1,-1
17,5,1576.10,424.16,153.14,379.67,0.8273,-1,-1,-1
18,1,1473.34,419.91,152.88,389.74,0.6848,-1,-1,-1
18,2,582.51,445.09,93.72,268.94,0.8744,-1,-1,-1
18,3,443.84,442.59,121.63,285.02,0.7373,-1,-1,-1
18,4,727.23,453.39,38.85,121.42,0.4856,-1,-1,-1
18,5,1587.97,430.09,153.78,377.66,0.7876,-1,-1,-1
19,1,1467.79,414.60,154.26,391.47,0.5343,-1,-1,-1
19,2,583.57,445.22,94.13,269.79,0.8605,-1,-1,-1
19,3,445.61,443.93,120.37,283.75,0.7116,-1,-1,-1
19,4,727.00,458.71,37.31,116.51,0.4462,-1,-1,-1
19,5,1588.91,455.40,150.01,356.70,0.7223,-1,-1,-1
20,1,1466.13,412.54,154.79,391.75,0.5035,-1,-1,-1
20,2,585.94,445.65,94.30,268.57,0.8556,-1,-1,-1
20,3,449.26,447.79,116.91,275.92,0.7070,-1,-1,-1
20,4,726.04,454.64,38.14,118.92,0.4217,-1,-1,-1
20,5,1608.72,449.65,151.09,352.75,0.6660,-1,-1,-1
21,1,1489.79,411.82,166.60,401.40,0.5354,-1,-1,-1
21,2,587.35,444.27,95.56,270.10,0.8529,-1,-1,-1
21,3,449.70,447.26,116.35,275.53,0.7056,-1,-1,-1
21,4,726.53,453.68,38.32,118.76,0.4121,-1,-1,-1
21,5,1620.25,455.53,146.98,344.09,0.6909,-1,-1,-1
22,1,1488.16,410.44,171.79,402.69,0.3630,-1,-1,-1
22,2,588.03,443.80,96.36,270.05,0.8518,-1,-1,-1
22,3,450.08,446.45,116.72,276.84,0.5718,-1,-1,-1
22,5,1627.18,436.55,153.46,362.21,0.7769,-1,-1,-1
23,1,1481.34,409.55,170.50,396.60,0.4805,-1,-1,-1
23,2,587.80,443.50,97.31,270.06,0.8464,-1,-1,-1
23,3,457.79,446.03,117.08,279.96,0.7922,-1,-1,-1
23,5,1624.33,427.28,155.33,373.55,0.7380,-1,-1,-1
24,1,1492.72,407.84,179.58,408.21,0.6584,-1,-1,-1
24,2,588.07,443.43,97.92,269.46,0.8420,-1,-1,-1
24,3,463.11,445.17,117.90,284.30,0.8058,-1,-1,-1
24,5,1627.89,421.57,153.90,379.18,0.7291,-1,-1,-1
25,1,1500.98,408.00,183.61,409.75,0.6465,-1,-1,-1
25,2,588.31,443.30,98.62,269.47,0.8373,-1,-1,-1
25,3,464.63,444.28,118.34,287.09,0.7538,-1,-1,-1
25,5,1640.12,417.80,152.30,382.39,0.7778,-1,-1,-1
26,1,1515.77,408.99,189.05,409.97,0.5863,-1,-1,-1
26,2,588.23,443.71,98.99,269.37,0.8276,-1,-1,-1
26,3,465.03,441.72,119.81,292.83,0.7839,-1,-1,-1
26,5,1649.01,418.52,147.59,379.62,0.7523,-1,-1,-1
27,1,1525.39,410.21,192.00,410.75,0.4896,-1,-1,-1
27,2,588.33,443.24,99.47,270.57,0.8318,-1,-1,-1
27,3,466.30,443.05,118.77,291.94,0.7135,-1,-1,-1
27,5,1658.38,416.33,145.35,382.50,0.7394,-1,-1,-1
28,1,1542.54,403.95,190.22,422.09,0.5551,-1,-1,-1
28,2,590.59,443.14,99.38,270.79,0.8168,-1,-1,-1
28,3,468.04,441.46,118.45,293.05,0.7079,-1,-1,-1
28,5,1668.78,412.60,145.03,388.06,0.7409,-1,-1,-1
29,1,1542.35,395.47,191.43,433.01,0.8084,-1,-1,-1
29,2,592.21,443.21,99.17,270.80,0.8077,-1,-1,-1
29,3,470.48,441.56,117.41,292.21,0.6828,-1,-1,-1
29,5,1678.16,419.99,142.16,381.82,0.7381,-1,-1,-1
29,7,1422.90,437.31,60.22,121.36,0.6348,-1,-1,-1
30,1,1557.22,390.88,188.89,437.55,0.8507,-1,-1,-1
30,2,594.07,443.58,99.09,271.01,0.8196,-1,-1,-1
30,3,473.27,441.65,115.64,289.09,0.7180,-1,-1,-1
30,5,1687.60,428.59,141.49,373.15,0.7289,-1,-1,-1
30,7,1426.04,432.37,62.10,125.87,0.5161,-1,-1,-1
31,1,1581.32,393.04,183.64,429.38,0.7932,-1,-1,-1
31,2,595.49,443.32,99.25,271.39,0.8130,-1,-1,-1
31,3,474.44,442.32,115.43,289.74,0.7134,-1,-1,-1
31,5,1712.19,419.58,151.74,386.53,0.7244,-1,-1,-1
31,7,1431.87,430.55,61.78,126.61,0.6294,-1,-1,-1
32,1,1594.36,395.00,185.57,438.09,0.8716,-1,-1,-1
32,2,597.03,443.32,98.99,271.17,0.7992,-1,-1,-1
32,3,475.71,443.42,115.27,291.06,0.6974,-1,-1,-1
32,5,1732.39,418.50,155.79,388.97,0.8200,-1,-1,-1
32,7,1437.68,432.10,60.68,125.67,0.5009,-1,-1,-1
33,1,1601.37,393.56,189.32,450.33,0.8773,-1,-1,-1
33,2,599.05,444.04,98.49,270.85,0.8004,-1,-1,-1
33,3,476.48,443.33,115.60,293.83,0.7543,-1,-1,-1
33,5,1744.92,414.60,161.53,398.35,0.4122,-1,-1,-1
33,7,1440.88,431.90,60.38,126.79,0.5979,-1,-1,-1
34,1,1611.10,392.62,189.66,451.20,0.8668,-1,-1,-1
34,2,601.01,443.49,97.99,271.45,0.7932,-1,-1,-1
34,3,476.33,443.17,116.50,298.16,0.7730,-1,-1,-1
34,7,1443.81,430.49,60.01,128.25,0.7072,-1,-1,-1
35,1,1622.23,392.63,191.91,454.57,0.8952,-1,-1,-1
35,2,602.53,443.83,97.17,270.84,0.8039,-1,-1,-1
35,3,475.84,443.09,116.44,299.49,0.7892,-1,-1,-1
35,7,1445.84,430.89,58.34,127.17,0.6882,-1,-1,-1
36,1,1634.33,393.97,197.71,464.10,0.8680,-1,-1,-1
36,2,603.98,444.02,96.32,270.26,0.8075,-1,-1,-1
36,3,474.73,443.19,116.91,301.63,0.7739,-1,-1,-1
36,7,1448.93,431.12,57.41,127.75,0.7086,-1,-1,-1
36,5,1763.19,415.04,162.97,405.18,0.6181,-1,-1,-1
37,1,1650.91,397.06,204.87,468.77,0.6708,-1,-1,-1
37,2,605.53,444.55,95.54,269.74,0.8037,-1,-1,-1
37,3,475.29,443.71,115.09,297.22,0.7338,-1,-1,-1
37,7,1453.21,430.88,56.44,128.35,0.6247,-1,-1,-1
37,5,1771.76,422.88,157.61,396.56,0.5909,-1,-1,-1
38,1,1654.89,399.68,211.41,472.98,0.8645,-1,-1,-1
38,2,606.36,444.12,95.34,270.66,0.8160,-1,-1,-1
38,3,476.79,444.08,113.14,291.56,0.7481,-1,-1,-1
38,7,1456.30,430.09,55.40,128.66,0.6776,-1,-1,-1
39,1,1658.05,402.60,216.05,472.04,0.8906,-1,-1,-1
39,2,607.26,443.49,95.23,271.35,0.8248,-1,-1,-1
39,3,477.20,443.99,113.58,292.58,0.7705,-1,-1,-1
39,7,1458.37,429.92,54.37,128.68,0.6538,-1,-1,-1
39,5,1793.80,432.15,148.09,386.47,0.5455,-1,-1,-1
40,1,1660.30,403.92,222.02,473.44,0.8699,-1,-1,-1
40,2,608.14,443.75,94.86,271.37,0.8253,-1,-1,-1
40,3,477.04,444.84,114.17,293.46,0.7538,-1,-1,-1
40,7,1463.69,431.71,51.87,123.78,0.4063,-1,-1,-1
40,5,1800.94,425.24,144.12,391.60,0.5843,-1,-1,-1
41,1,1663.98,401.75,230.84,481.05,0.8861,-1,-1,-1
41,2,610.45,443.64,94.50,271.40,0.8430,-1,-1,-1
41,3,477.42,445.98,114.20,293.76,0.7674,-1,-1,-1
41,7,1466.39,433.53,50.36,120.37,0.3270,-1,-1,-1
41,5,1805.86,404.61,145.14,414.57,0.7439,-1,-1,-1
42,1,1665.56,401.34,234.29,479.64,0.8627,-1,-1,-1
42,2,612.49,443.47,94.17,271.53,0.8504,-1,-1,-1
42,3,475.11,446.36,116.52,299.39,0.7556,-1,-1,-1
42,7,1468.03,434.96,50.14,120.30,0.7077,-1,-1,-1
42,5,1812.36,395.17,141.12,424.68,0.7424,-1,-1,-1
42,9,1256.04,430.67,40.55,117.42,0.5088,-1,-1,-1
43,1,1668.95,401.90,237.77,480.80,0.8623,-1,-1,-1
43,2,614.13,443.67,93.81,271.43,0.8478,-1,-1,-1
43,3,470.76,446.09,119.41,305.78,0.7339,-1,-1,-1
43,7,1469.61,434.13,50.24,121.32,0.7484,-1,-1,-1
43,5,1821.60,395.05,133.26,424.38,0.5652,-1,-1,-1
43,9,1256.36,427.32,41.65,120.61,0.5346,-1,-1,-1
44,1,1673.73,398.70,240.17,484.11,0.8083,-1,-1,-1
44,2,615.00,444.06,93.41,270.81,0.8564,-1,-1,-1
44,3,469.11,445.48,121.81,311.77,0.6059,-1,-1,-1
44,7,1472.17,434.65,49.53,120.92,0.6728,-1,-1,-1
44,9,1256.58,426.98,41.81,121.12,0.5150,-1,-1,-1
45,1,1679.12,393.59,237.41,483.06,0.6416,-1,-1,-1
45,2,615.80,442.97,93.41,271.37,0.8518,-1,-1,-1
45,3,467.58,444.81,122.99,313.97,0.4104,-1,-1,-1
45,7,1475.20,435.11,48.35,120.22,0.3242,-1,-1,-1
45,9,1257.18,426.32,42.00,121.78,0.5351,-1,-1,-1
46,1,1701.27,389.67,234.41,488.87,0.5794,-1,-1,-1
46,2,617.20,442.55,93.45,271.32,0.8519,-1,-1,-1
46,3,465.93,444.02,124.54,317.51,0.7670,-1,-1,-1
46,7,1478.51,434.58,47.55,121.36,0.7305,-1,-1,-1
46,9,1257.73,424.63,42.52,123.54,0.5284,-1,-1,-1
47,1,1725.05,385.87,228.32,494.91,0.7911,-1,-1,-1
47,2,617.15,441.45,93.75,272.39,0.8591,-1,-1,-1
47,3,464.63,443.13,125.52,319.59,0.7651,-1,-1,-1
47,7,1482.60,433.39,46.10,121.13,0.6198,-1,-1,-1
47,9,1258.34,424.96,42.28,123.03,0.5723,-1,-1,-1
47,4,694.29,452.74,65.85,207.92,0.5950,-1,-1,-1
48,1,1736.64,384.86,219.72,492.37,0.8692,-1,-1,-1
48,2,618.75,441.20,93.61,272.10,0.8428,-1,-1,-1
48,3,466.46,442.36,124.87,318.99,0.7732,-1,-1,-1
48,4,695.02,452.14,66.46,209.83,0.3977,-1,-1,-1
49,1,1751.92,383.85,210.91,493.30,0.8605,-1,-1,-1
49,2,619.64,441.49,93.44,271.68,0.8412,-1,-1,-1
49,3,467.92,442.70,123.86,317.70,0.7613,-1,-1,-1
49,4,695.96,452.52,66.76,210.30,0.4938,-1,-1,-1
49,9,1260.24,433.47,39.32,114.37,0.5704,-1,-1,-1
50,1,1763.79,382.62,203.12,497.98,0.8580,-1,-1,-1
50,2,620.28,440.93,94.14,272.32,0.7806,-1,-1,-1
50,3,464.55,442.08,124.04,317.15,0.7655,-1,-1,-1
50,4,699.07,450.63,67.45,212.16,0.4002,-1,-1,-1
50,9,1260.78,437.72,37.80,109.94,0.5302,-1,-1,-1
51,1,1772.75,380.51,195.41,503.02,0.8572,-1,-1,-1
51,2,621.29,441.12,94.67,272.33,0.8311,-1,-1,-1
51,3,462.68,441.91,124.37,316.44,0.7103,-1,-1,-1
51,4,700.68,454.07,67.17,208.89,0.3918,-1,-1,-1
51,9,1260.82,436.53,38.12,111.08,0.5431,-1,-1,-1
52,1,1782.31,380.72,185.16,501.19,0.8459,-1,-1,-1
52,2,622.24,442.01,94.81,271.52,0.8228,-1,-1,-1
52,3,465.14,442.72,123.80,315.13,0.7538,-1,-1,-1
52,4,701.76,454.57,67.92,208.32,0.3499,-1,-1,-1
52,9,1260.48,435.93,38.19,111.82,0.5438,-1,-1,-1
53,1,1787.63,382.91,176.99,502.60,0.8543,-1,-1,-1
53,2,622.97,443.82,94.16,269.34,0.7752,-1,-1,-1
53,3,464.81,443.91,123.34,312.50,0.7610,-1,-1,-1
53,4,698.90,453.40,69.73,209.90,0.5466,-1,-1,-1
53,9,1260.63,433.89,38.94,114.12,0.6166,-1,-1,-1
54,1,1790.84,387.28,168.68,500.10,0.7925,-1,-1,-1
54,2,623.93,442.74,95.00,271.54,0.7031,-1,-1,-1
54,3,466.15,443.93,123.77,313.66,0.8118,-1,-1,-1
54,4,697.75,452.10,71.69,210.59,0.4711,-1,-1,-1
54,9,1260.41,431.84,39.72,116.42,0.4000,-1,-1,-1
55,1,1798.45,417.11,152.91,469.89,0.7731,-1,-1,-1
55,2,623.54,442.89,94.65,271.81,0.8174,-1,-1,-1
55,3,467.72,443.49,123.67,314.54,0.8261,-1,-1,-1
55,4,695.60,453.09,72.36,209.61,0.4531,-1,-1,-1
55,9,1260.28,430.34,40.30,118.23,0.3743,-1,-1,-1
55,11,1530.01,440.55,34.40,111.72,0.6066,-1,-1,-1
56,1,1803.25,430.27,143.37,455.91,0.7029,-1,-1,-1
56,2,623.54,442.40,94.59,272.65,0.7575,-1,-1,-1
56,3,470.00,442.86,122.93,314.62,0.7811,-1,-1,-1
56,4,693.75,453.17,72.20,209.61,0.5119,-1,-1,-1
56,9,1260.10,427.56,40.93,120.50,0.5453,-1,-1,-1
56,11,1531.11,443.14,33.52,108.89,0.6606,-1,-1,-1
57,1,1809.42,452.17,132.39,433.83,0.3929,-1,-1,-1
57,2,623.14,442.84,94.37,273.50,0.7967,-1,-1,-1
57,3,471.01,443.84,122.15,313.54,0.7872,-1,-1,-1
57,4,692.94,453.41,72.45,211.10,0.6684,-1,-1,-1
57,9,1260.97,432.70,38.86,114.64,0.5815,-1,-1,-1
57,11,1532.50,440.73,34.10,110.89,0.6323,-1,-1,-1
58,1,1814.84,468.50,123.85,417.66,0.3378,-1,-1,-1
58,2,624.87,442.66,94.33,273.31,0.8111,-1,-1,-1
58,3,472.71,443.43,121.56,312.96,0.7551,-1,-1,-1
58,9,1262.12,435.10,38.06,112.05,0.5826,-1,-1,-1
58,11,1532.11,438.45,34.74,113.38,0.5013,-1,-1,-1
59,2,625.24,442.20,94.38,273.78,0.8015,-1,-1,-1
59,3,473.53,442.35,122.12,315.32,0.8121,-1,-1,-1
59,9,1262.86,435.86,37.95,111.07,0.4782,-1,-1,-1
59,4,693.95,456.80,73.08,213.37,0.5316,-1,-1,-1
60,2,624.29,442.24,95.07,276.64,0.6668,-1,-1,-1
60,3,474.01,440.95,123.32,317.43,0.8143,-1,-1,-1
60,9,1263.00,437.57,37.78,109.79,0.6545,-1,-1,-1
60,4,694.44,454.74,73.58,216.51,0.6787,-1,-1,-1
61,2,623.53,443.32,95.44,278.34,0.7188,-1,-1,-1
61,3,476.14,442.78,124.72,316.81,0.7931,-1,-1,-1
61,9,1262.35,434.25,38.86,112.75,0.4362,-1,-1,-1
61,4,695.62,454.35,73.43,217.70,0.6444,-1,-1,-1
62,2,622.36,444.03,95.16,278.34,0.7437,-1,-1,-1
62,3,479.72,442.73,127.45,318.37,0.8037,-1,-1,-1
62,9,1261.27,434.04,38.94,113.16,0.6070,-1,-1,-1
62,4,695.63,453.37,73.21,219.21,0.7134,-1,-1,-1
63,2,620.83,444.82,94.67,278.01,0.7967,-1,-1,-1
63,3,480.35,442.47,129.69,318.39,0.7948,-1,-1,-1
63,9,1261.10,435.04,38.40,111.58,0.6061,-1,-1,-1
63,4,695.89,452.08,73.07,220.93,0.7426,-1,-1,-1
64,2,619.96,445.37,93.92,276.71,0.8033,-1,-1,-1
64,3,484.06,443.62,130.77,316.54,0.7842,-1,-1,-1
64,9,1260.90,436.47,37.85,109.77,0.6224,-1,-1,-1
64,4,695.29,450.92,73.12,222.60,0.7114,-1,-1,-1
65,2,620.09,447.54,92.79,274.32,0.8198,-1,-1,-1
65,3,492.08,445.09,130.55,315.44,0.7113,-1,-1,-1
65,9,1261.13,440.26,36.74,105.91,0.6167,-1,-1,-1
65,4,694.01,449.54,73.46,225.91,0.7492,-1,-1,-1
66,2,619.65,447.62,92.88,275.65,0.8073,-1,-1,-1
66,9,1261.13,441.73,36.53,104.58,0.6200,-1,-1,-1
66,4,695.47,451.49,72.45,224.30,0.7437,-1,-1,-1
67,2,619.62,447.56,92.84,275.67,0.8137,-1,-1,-1
67,9,1261.38,443.28,35.99,102.76,0.6053,-1,-1,-1
67,4,697.01,452.51,72.31,224.18,0.7438,-1,-1,-1
68,2,618.75,446.93,93.08,275.44,0.7995,-1,-1,-1
68,9,1261.14,441.79,36.39,104.09,0.4913,-1,-1,-1
68,4,699.02,453.88,71.56,221.87,0.7449,-1,-1,-1
68,3,497.65,448.46,133.47,317.64,0.7127,-1,-1,-1
69,2,617.26,446.14,93.61,275.82,0.4799,-1,-1,-1
69,9,1261.12,441.48,36.45,104.36,0.5393,-1,-1,-1
69,4,698.70,454.86,71.57,221.55,0.7308,-1,-1,-1
69,3,494.56,446.28,137.17,321.45,0.5838,-1,-1,-1
69,7,1539.49,420.83,48.30,130.72,0.5449,-1,-1,-1
70,2,615.80,445.35,94.39,276.58,0.8320,-1,-1,-1
70,9,1261.01,441.62,36.38,104.23,0.5475,-1,-1,-1
70,4,698.99,456.00,71.56,221.21,0.6976,-1,-1,-1
70,3,495.29,446.30,138.63,321.14,0.8199,-1,-1,-1
70,7,1541.72,420.13,47.73,131.62,0.6784,-1,-1,-1
71,2,614.65,445.05,95.15,277.86,0.8455,-1,-1,-1
71,9,1260.90,441.52,36.42,104.45,0.5597,-1,-1,-1
71,4,698.40,456.83,71.45,221.45,0.6410,-1,-1,-1
71,3,496.55,445.99,140.24,322.68,0.8348,-1,-1,-1
71,7,1542.81,420.15,47.11,131.33,0.6618,-1,-1,-1
72,2,614.85,444.15,95.55,278.82,0.8129,-1,-1,-1
72,9,1260.49,438.39,37.42,107.80,0.5008,-1,-1,-1
72,4,699.09,456.55,71.89,222.81,0.6466,-1,-1,-1
72,3,498.68,446.17,140.24,321.53,0.8117,-1,-1,-1
72,7,1542.99,420.00,46.50,131.22,0.6701,-1,-1,-1
73,2,616.47,443.71,95.62,279.36,0.8354,-1,-1,-1
73,9,1260.67,437.68,37.48,108.23,0.5097,-1,-1,-1
73,4,700.81,456.30,71.82,222.56,0.6838,-1,-1,-1
73,3,500.15,447.02,140.53,321.82,0.8420,-1,-1,-1
73,7,1544.56,419.10,45.83,131.45,0.6626,-1,-1,-1
74,2,617.87,442.98,95.56,280.66,0.8217,-1,-1,-1
74,9,1260.95,436.65,37.85,109.65,0.5158,-1,-1,-1
74,4,704.55,455.58,72.43,222.73,0.6978,-1,-1,-1
74,3,503.99,446.35,141.44,325.17,0.8175,-1,-1,-1
74,7,1545.21,418.16,45.26,131.85,0.3344,-1,-1,-1
75,2,617.65,441.44,95.36,282.68,0.8059,-1,-1,-1
75,9,1260.75,436.23,38.09,110.57,0.5372,-1,-1,-1
75,4,704.86,452.90,73.03,223.55,0.7104,-1,-1,-1
75,3,505.27,444.42,141.29,325.67,0.8006,-1,-1,-1
76,2,618.51,441.81,94.37,282.57,0.8378,-1,-1,-1
76,9,1260.98,435.77,38.17,110.88,0.5223,-1,-1,-1
76,4,705.71,449.83,74.38,225.70,0.7517,-1,-1,-1
76,3,508.68,445.24,139.62,323.75,0.4633,-1,-1,-1
77,2,618.97,441.26,93.61,283.00,0.8169,-1,-1,-1
77,9,1261.04,435.60,38.17,111.00,0.5279,-1,-1,-1
77,4,705.63,446.52,76.20,228.67,0.7394,-1,-1,-1
77,3,512.59,445.55,138.24,323.72,0.7989,-1,-1,-1
78,2,620.99,440.85,92.09,282.28,0.8022,-1,-1,-1
78,9,1263.10,442.68,35.99,103.36,0.5751,-1,-1,-1
78,4,707.31,449.34,76.73,226.63,0.7651,-1,-1,-1
78,3,514.33,445.22,137.42,324.33,0.7882,-1,-1,-1
79,2,621.95,440.38,91.47,285.04,0.8259,-1,-1,-1
79,9,1263.59,442.87,36.29,103.35,0.5456,-1,-1,-1
79,4,710.72,453.45,77.13,222.40,0.7978,-1,-1,-1
79,3,520.86,447.29,134.97,323.15,0.5746,-1,-1,-1
80,2,623.16,439.67,90.90,287.49,0.7279,-1,-1,-1
80,9,1263.31,442.01,36.88,104.36,0.5749,-1,-1,-1
80,4,714.39,456.38,78.24,219.75,0.8331,-1,-1,-1
80,3,523.01,447.91,133.89,323.71,0.5145,-1,-1,-1
81,2,625.29,438.87,89.94,287.33,0.8225,-1,-1,-1
81,9,1263.12,440.88,37.47,105.52,0.5792,-1,-1,-1
81,4,716.32,457.56,80.29,219.75,0.8208,-1,-1,-1
81,3,524.53,447.79,133.93,327.11,0.5007,-1,-1,-1
82,2,626.60,439.91,88.89,286.76,0.7820,-1,-1,-1
82,9,1263.20,442.87,37.02,103.45,0.5817,-1,-1,-1
82,4,718.01,458.69,82.62,219.44,0.7727,-1,-1,-1
82,3,533.88,448.32,131.70,329.91,0.5257,-1,-1,-1
83,2,628.47,441.04,88.28,286.77,0.7628,-1,-1,-1
83,9,1263.60,441.00,37.82,105.10,0.5506,-1,-1,-1
83,4,719.21,458.43,85.27,220.91,0.5993,-1,-1,-1
83,3,508.85,449.15,121.84,310.68,0.5522,-1,-1,-1
84,2,631.60,441.60,88.33,287.02,0.7302,-1,-1,-1
84,9,1263.62,440.98,37.96,105.26,0.5192,-1,-1,-1
84,4,721.57,459.81,87.17,219.89,0.4654,-1,-1,-1
84,3,501.80,450.13,114.23,296.48,0.5181,-1,-1,-1
85,2,632.24,442.68,88.29,286.96,0.7179,-1,-1,-1
85,9,1264.38,443.40,37.20,102.60,0.5032,-1,-1,-1
85,4,723.86,459.01,89.38,222.10,0.7233,-1,-1,-1
85,3,501.08,449.44,112.33,297.42,0.4302,-1,-1,-1
86,2,634.91,443.49,88.43,286.74,0.6846,-1,-1,-1
86,9,1264.34,443.90,37.00,101.76,0.5151,-1,-1,-1
86,4,724.90,457.10,91.17,224.38,0.8315,-1,-1,-1
86,3,503.21,450.71,111.47,301.06,0.5035,-1,-1,-1
87,2,635.74,443.88,88.41,286.92,0.6812,-1,-1,-1
87,9,1263.26,440.18,38.21,105.45,0.4721,-1,-1,-1
87,4,725.36,456.27,92.40,225.16,0.8187,-1,-1,-1
87,3,503.83,451.00,110.82,304.23,0.4938,-1,-1,-1
88,2,638.44,445.17,88.57,286.17,0.6509,-1,-1,-1
88,9,1262.96,438.01,38.82,107.46,0.4649,-1,-1,-1
88,4,726.14,454.49,93.75,227.28,0.7910,-1,-1,-1
88,3,504.28,450.45,109.65,305.13,0.5104,-1,-1,-1
89,2,641.12,446.58,88.28,285.95,0.6843,-1,-1,-1
89,9,1262.93,437.16,39.19,108.56,0.4929,-1,-1,-1
89,4,726.84,452.51,94.84,229.08,0.8364,-1,-1,-1
89,3,503.08,449.87,108.28,304.62,0.5917,-1,-1,-1
90,2,643.20,445.80,88.47,287.20,0.6772,-1,-1,-1
90,9,1263.28,438.99,38.59,106.34,0.5227,-1,-1,-1
90,4,728.32,452.18,95.04,229.30,0.8251,-1,-1,-1
90,3,506.65,448.78,106.77,303.50,0.5715,-1,-1,-1
91,2,643.72,443.25,89.62,291.57,0.7240,-1,-1,-1
91,9,1262.15,440.32,38.34,105.98,0.4658,-1,-1,-1
91,4,730.52,453.41,94.36,228.02,0.7977,-1,-1,-1
91,3,507.79,448.89,104.87,299.74,0.6572,-1,-1,-1
92,2,643.81,441.18,89.85,293.62,0.7384,-1,-1,-1
92,9,1261.27,440.02,38.64,106.97,0.5487,-1,-1,-1
92,4,732.10,454.14,93.99,227.07,0.7829,-1,-1,-1
92,3,507.59,447.20,104.55,300.54,0.6779,-1,-1,-1
93,2,644.11,440.89,89.47,293.64,0.7259,-1,-1,-1
93,9,1260.97,439.34,38.88,107.78,0.5367,-1,-1,-1
93,4,734.83,455.22,93.37,226.37,0.7922,-1,-1,-1
93,3,508.06,446.65,104.26,301.18,0.6939,-1,-1,-1
94,2,645.02,441.09,89.59,295.04,0.7524,-1,-1,-1
94,9,1261.11,440.00,38.72,107.18,0.5442,-1,-1,-1
94,4,736.77,453.19,93.96,228.59,0.8001,-1,-1,-1
94,3,510.04,447.15,103.44,301.62,0.6155,-1,-1,-1
95,2,645.99,441.50,90.07,295.19,0.7503,-1,-1,-1
95,9,1259.96,438.46,39.66,109.17,0.6248,-1,-1,-1
95,4,738.60,452.22,94.03,230.07,0.7722,-1,-1,-1
95,3,509.14,447.61,103.01,301.97,0.6227,-1,-1,-1
96,2,645.94,441.86,90.43,295.18,0.7557,-1,-1,-1
96,9,1259.46,437.70,40.15,110.22,0.5558,-1,-1,-1
96,4,741.71,452.93,93.12,229.88,0.8043,-1,-1,-1
96,3,506.97,446.87,102.96,303.47,0.5798,-1,-1,-1
97,2,646.88,442.17,90.55,294.56,0.7725,-1,-1,-1
97,9,1259.18,436.54,40.50,111.23,0.5148,-1,-1,-1
97,4,744.90,454.22,92.56,230.00,0.7983,-1,-1,-1
97,3,506.38,446.40,102.60,303.59,0.5870,-1,-1,-1
98,2,647.39,441.89,91.23,295.10,0.8010,-1,-1,-1
98,9,1258.90,437.66,40.04,109.50,0.6632,-1,-1,-1
98,4,748.80,454.92,92.12,231.09,0.8231,-1,-1,-1
98,3,504.51,446.34,102.72,304.77,0.5987,-1,-1,-1
99,2,647.27,441.70,92.23,296.05,0.8253,-1,-1,-1
99,9,1258.93,439.46,39.32,107.19,0.6560,-1,-1,-1
99,4,749.51,454.21,92.16,232.52,0.8706,-1,-1,-1
99,3,502.40,444.34,103.36,305.40,0.6258,-1,-1,-1
99,18,539.49,444.88,128.25,353.36,0.5022,-1,-1,-1
100,2,650.64,440.84,93.48,298.17,0.8243,-1,-1,-1
100,9,1258.84,440.80,39.03,106.14,0.6799,-1,-1,-1
100,4,750.91,453.36,92.22,234.26,0.8549,-1,-1,-1
100,3,500.05,443.53,103.72,304.14,0.6196,-1,-1,-1
100,18,549.73,443.02,128.90,356.53,0.6554,-1,-1,-1
101,2,652.60,442.71,93.79,295.27,0.8242,-1,-1,-1
101,9,1258.42,441.23,38.93,105.91,0.6860,-1,-1,-1
101,4,752.18,454.84,91.73,234.62,0.8482,-1,-1,-1
101,3,498.16,442.84,104.71,305.18,0.6382,-1,-1,-1
101,18,544.81,443.35,128.25,355.50,0.5399,-1,-1,-1
102,2,654.31,441.87,94.68,295.46,0.8484,-1,-1,-1
102,9,1257.76,441.74,38.75,105.57,0.7129,-1,-1,-1
102,4,753.59,456.00,91.05,233.25,0.8439,-1,-1,-1
102,3,497.90,444.05,105.47,306.04,0.6118,-1,-1,-1
102,18,552.44,443.59,127.81,357.10,0.5485,-1,-1,-1
103,2,657.15,442.36,95.72,294.26,0.8260,-1,-1,-1
103,9,1258.44,443.16,38.07,103.91,0.6116,-1,-1,-1
103,4,753.94,456.51,89.99,230.77,0.8355,-1,-1,-1
103,3,498.12,445.26,105.65,305.39,0.5850,-1,-1,-1
103,18,556.80,443.63,126.84,357.49,0.5776,-1,-1,-1
104,2,658.63,441.92,96.98,295.54,0.8418,-1,-1,-1
104,9,1257.71,444.05,37.88,103.52,0.6217,-1,-1,-1
104,4,754.78,457.06,89.94,231.16,0.8381,-1,-1,-1
104,3,499.25,445.55,106.31,306.57,0.4466,-1,-1,-1
104,18,543.47,439.74,128.02,359.13,0.6119,-1,-1,-1
105,2,659.93,441.77,98.06,296.60,0.8609,-1,-1,-1
105,9,1257.12,443.34,38.00,104.32,0.5608,-1,-1,-1
105,4,756.91,458.54,90.12,233.05,0.8470,-1,-1,-1
105,18,537.89,438.96,129.14,359.55,0.3980,-1,-1,-1
106,2,660.85,441.38,99.29,298.82,0.8492,-1,-1,-1
106,9,1256.25,442.41,38.44,105.62,0.5494,-1,-1,-1
106,4,757.45,458.46,90.86,236.14,0.8484,-1,-1,-1
106,18,535.91,439.16,130.01,358.88,0.6139,-1,-1,-1
107,2,663.16,441.39,100.39,299.46,0.8198,-1,-1,-1
107,9,1256.30,443.30,37.81,104.72,0.3989,-1,-1,-1
107,4,758.45,459.23,91.28,238.34,0.8442,-1,-1,-1
107,18,535.89,439.71,130.86,357.84,0.4980,-1,-1,-1
108,2,663.77,440.22,101.28,301.32,0.8527,-1,-1,-1
108,9,1257.72,445.10,37.30,103.45,0.3122,-1,-1,-1
108,4,758.25,456.11,92.81,243.41,0.8470,-1,-1,-1
108,18,538.21,439.29,133.97,363.30,0.5398,-1,-1,-1
109,2,664.79,439.16,102.44,303.43,0.4513,-1,-1,-1
109,4,759.02,455.73,92.82,244.45,0.8143,-1,-1,-1
109,18,540.90,440.05,135.75,365.07,0.3300,-1,-1,-1
110,2,664.32,438.14,103.27,306.20,0.7007,-1,-1,-1
110,4,759.15,457.29,92.29,243.21,0.8442,-1,-1,-1
111,2,664.39,437.46,104.17,308.15,0.8965,-1,-1,-1
111,4,759.27,456.50,92.13,243.53,0.8566,-1,-1,-1
111,9,1246.34,440.56,38.34,106.06,0.5200,-1,-1,-1
111,18,546.70,439.02,137.22,368.21,0.8080,-1,-1,-1
112,2,665.76,437.53,104.30,308.35,0.8928,-1,-1,-1
112,4,759.21,453.67,92.83,246.73,0.8427,-1,-1,-1
112,9,1243.75,440.09,38.82,106.57,0.5229,-1,-1,-1
112,18,546.06,438.59,137.81,368.61,0.7367,-1,-1,-1
113,2,666.62,437.61,105.47,311.93,0.9030,-1,-1,-1
113,4,760.63,452.80,92.43,247.37,0.8019,-1,-1,-1
113,9,1243.08,440.87,38.73,105.63,0.5242,-1,-1,-1
113,18,548.07,437.77,138.39,371.10,0.8185,-1,-1,-1
114,2,666.87,438.56,105.80,314.11,0.9012,-1,-1,-1
114,4,762.59,453.76,90.62,243.46,0.6915,-1,-1,-1
114,9,1241.91,441.14,38.35,104.39,0.6148,-1,-1,-1
114,18,544.51,437.52,139.35,371.17,0.6684,-1,-1,-1
115,2,667.20,438.93,105.08,313.45,0.9012,-1,-1,-1
115,4,764.94,455.46,90.53,243.63,0.6213,-1,-1,-1
115,9,1240.83,441.40,38.11,103.38,0.6282,-1,-1,-1
115,18,553.55,439.28,137.43,369.93,0.8029,-1,-1,-1
116,2,668.53,438.87,103.92,312.08,0.8868,-1,-1,-1
116,4,765.59,453.39,91.30,246.59,0.6777,-1,-1,-1
116,9,1240.20,441.90,37.72,101.93,0.6517,-1,-1,-1
116,18,554.54,437.90,137.45,372.81,0.6914,-1,-1,-1
117,2,669.57,439.62,103.29,311.53,0.8902,-1,-1,-1
117,4,767.69,454.06,90.45,245.66,0.5393,-1,-1,-1
117,9,1240.20,442.16,37.15,100.37,0.6269,-1,-1,-1
117,18,548.74,438.18,138.22,371.96,0.6738,-1,-1,-1
118,2,670.14,439.79,102.70,312.76,0.8823,-1,-1,-1
118,4,767.55,454.52,89.03,242.98,0.6993,-1,-1,-1
118,9,1240.16,442.76,36.94,99.64,0.6005,-1,-1,-1
118,18,539.75,438.62,142.59,377.93,0.7298,-1,-1,-1
119,2,670.51,440.26,103.01,316.37,0.8964,-1,-1,-1
119,4,769.57,453.13,89.75,244.34,0.7918,-1,-1,-1
119,9,1239.71,443.50,36.24,97.06,0.5872,-1,-1,-1
119,18,535.03,440.58,145.47,379.27,0.8234,-1,-1,-1
120,2,672.73,440.89,102.50,317.43,0.8998,-1,-1,-1
120,4,772.28,453.09,90.63,245.60,0.7947,-1,-1,-1
120,9,1237.90,443.32,37.26,99.63,0.5717,-1,-1,-1
120,18,532.82,443.06,148.52,381.63,0.8229,-1,-1,-1
121,2,674.19,440.79,102.02,318.78,0.8976,-1,-1,-1
121,4,774.06,455.02,91.52,244.60,0.7525,-1,-1,-1
121,9,1237.15,443.11,37.52,101.35,0.5130,-1,-1,-1
121,18,531.93,444.34,151.43,385.25,0.7641,-1,-1,-1
122,2,676.95,440.38,101.89,320.26,0.8827,-1,-1,-1
122,4,778.97,453.89,93.55,247.07,0.5252,-1,-1,-1
122,9,1235.88,445.74,36.41,99.07,0.4536,-1,-1,-1
122,18,532.55,445.68,153.54,385.25,0.8367,-1,-1,-1
123,2,679.49,439.77,101.25,321.16,0.8921,-1,-1,-1
123,4,780.13,456.60,94.53,244.73,0.6414,-1,-1,-1
123,9,1235.80,451.13,35.09,95.32,0.6036,-1,-1,-1
123,18,533.63,443.43,156.67,389.15,0.8266,-1,-1,-1
124,2,680.84,438.87,100.81,322.75,0.8881,-1,-1,-1
124,4,780.74,456.72,96.25,245.23,0.8220,-1,-1,-1
124,9,1235.68,453.74,34.63,93.85,0.6684,-1,-1,-1
124,18,536.37,442.60,158.36,392.83,0.7742,-1,-1,-1
125,2,681.03,438.18,100.34,324.20,0.8807,-1,-1,-1
125,4,784.18,459.45,96.82,243.79,0.8196,-1,-1,-1
125,9,1234.49,455.33,34.71,93.96,0.6552,-1,-1,-1
125,18,536.23,442.32,159.28,393.43,0.7876,-1,-1,-1
126,2,682.16,438.08,99.91,324.31,0.8695,-1,-1,-1
126,4,783.02,457.55,98.28,246.50,0.8306,-1,-1,-1
126,9,1231.93,453.80,35.77,96.67,0.6285,-1,-1,-1
126,18,541.33,442.40,158.61,393.03,0.7399,-1,-1,-1
127,2,682.49,438.29,99.87,324.89,0.8633,-1,-1,-1
127,4,782.88,456.51,99.22,249.04,0.8172,-1,-1,-1
127,9,1229.59,452.95,36.70,98.52,0.5799,-1,-1,-1
127,18,539.57,441.60,159.65,393.86,0.7754,-1,-1,-1
128,2,684.36,437.99,100.49,325.93,0.8484,-1,-1,-1
128,4,783.52,459.98,97.79,245.24,0.7486,-1,-1,-1
128,9,1228.25,453.70,37.06,98.39,0.4569,-1,-1,-1
128,18,546.04,440.89,159.35,394.33,0.7613,-1,-1,-1
129,2,684.11,438.02,100.90,326.40,0.8505,-1,-1,-1
129,4,785.55,458.30,98.31,246.31,0.7834,-1,-1,-1
129,18,547.42,441.86,159.34,392.87,0.8010,-1,-1,-1
130,2,683.66,437.80,101.47,327.14,0.8484,-1,-1,-1
130,4,786.89,458.26,98.46,246.67,0.8240,-1,-1,-1
130,18,548.10,441.10,159.83,391.48,0.7625,-1,-1,-1
131,2,682.57,437.32,102.30,328.99,0.8573,-1,-1,-1
131,4,789.11,458.62,98.97,248.06,0.8207,-1,-1,-1
131,18,555.00,439.83,159.28,391.23,0.6095,-1,-1,-1
132,2,682.97,436.46,102.76,330.66,0.8772,-1,-1,-1
132,4,790.81,457.51,99.73,250.12,0.8488,-1,-1,-1
132,18,567.06,439.53,156.62,391.97,0.5941,-1,-1,-1
133,2,683.73,435.76,102.89,331.42,0.8653,-1,-1,-1
133,4,791.92,458.62,99.51,249.84,0.8561,-1,-1,-1
133,18,575.08,439.71,153.60,392.55,0.7013,-1,-1,-1
134,2,685.46,434.72,103.28,332.54,0.8695,-1,-1,-1
134,4,793.31,455.28,100.65,252.94,0.8502,-1,-1,-1
134,18,578.60,439.89,151.37,393.23,0.6949,-1,-1,-1
135,2,686.53,433.19,103.45,332.46,0.8706,-1,-1,-1
135,4,792.21,451.85,102.37,257.25,0.7863,-1,-1,-1
135,18,575.66,438.96,151.50,395.41,0.3676,-1,-1,-1
136,2,687.35,433.14,103.39,331.48,0.8726,-1,-1,-1
136,4,792.58,450.97,102.50,258.45,0.7887,-1,-1,-1
136,18,575.09,437.95,153.02,403.50,0.6903,-1,-1,-1
137,2,690.52,433.77,102.72,329.23,0.8800,-1,-1,-1
137,4,794.09,452.21,102.03,258.06,0.8512,-1,-1,-1
137,18,577.12,438.14,154.01,412.23,0.7577,-1,-1,-1
138,2,693.67,434.69,103.24,329.04,0.8714,-1,-1,-1
138,4,797.81,451.68,101.25,258.14,0.8679,-1,-1,-1
138,18,576.31,437.97,155.20,420.59,0.7648,-1,-1,-1
139,2,696.27,434.70,103.97,330.14,0.8717,-1,-1,-1
139,4,801.40,450.20,100.99,260.32,0.8531,-1,-1,-1
139,18,574.93,437.61,155.57,425.74,0.7022,-1,-1,-1
140,2,697.67,435.11,104.84,330.28,0.8671,-1,-1,-1
140,4,802.53,451.26,99.93,263.62,0.7477,-1,-1,-1
140,18,575.96,436.94,154.70,427.83,0.6412,-1,-1,-1
141,2,698.51,434.28,106.49,332.29,0.8692,-1,-1,-1
141,4,807.07,450.80,98.37,263.71,0.6439,-1,-1,-1
141,18,572.52,436.62,154.49,428.55,0.5872,-1,-1,-1
142,2,700.63,433.88,108.60,333.98,0.4159,-1,-1,-1
142,4,810.42,448.59,98.46,267.69,0.8106,-1,-1,-1
142,18,572.80,436.81,152.82,425.19,0.5839,-1,-1,-1
143,2,704.10,436.23,109.92,330.75,0.8016,-1,-1,-1
143,4,812.96,448.42,97.33,268.44,0.7976,-1,-1,-1
143,18,570.61,436.71,153.26,427.06,0.6325,-1,-1,-1
144,2,704.94,438.30,112.45,330.86,0.4803,-1,-1,-1
144,4,815.78,450.87,94.95,264.78,0.5996,-1,-1,-1
144,18,568.25,437.50,153.91,428.46,0.6229,-1,-1,-1
145,2,705.85,438.78,115.12,331.79,0.7807,-1,-1,-1
145,4,820.16,451.98,92.04,260.10,0.5940,-1,-1,-1
145,18,559.18,437.08,157.90,435.36,0.7029,-1,-1,-1
146,2,707.38,438.42,117.59,333.50,0.8356,-1,-1,-1
146,4,823.20,454.06,89.74,256.48,0.7563,-1,-1,-1
146,18,551.33,435.90,162.52,442.71,0.7443,-1,-1,-1
147,2,708.84,438.62,119.53,335.16,0.8379,-1,-1,-1
147,4,825.88,457.52,87.37,251.65,0.7124,-1,-1,-1
147,18,546.73,436.45,165.80,447.81,0.7618,-1,-1,-1
148,2,710.21,439.68,120.25,333.75,0.8638,-1,-1,-1
148,4,827.35,457.70,87.10,252.42,0.7670,-1,-1,-1
148,18,544.01,436.74,168.65,452.20,0.7375,-1,-1,-1
149,2,711.77,440.21,121.46,335.14,0.8705,-1,-1,-1
149,4,828.35,456.37,87.68,255.34,0.7715,-1,-1,-1
149,18,543.64,437.41,169.34,453.15,0.7695,-1,-1,-1
150,2,713.15,440.18,121.99,335.68,0.8601,-1,-1,-1
150,4,829.35,452.55,89.05,259.78,0.7886,-1,-1,-1
150,18,543.37,436.54,170.95,455.93,0.8035,-1,-1,-1
150,23,886.86,441.32,84.80,238.49,0.6715,-1,-1,-1
151,2,714.98,439.74,123.05,338.06,0.8609,-1,-1,-1
151,4,829.84,450.72,89.94,262.37,0.7967,-1,-1,-1
151,18,541.30,437.03,171.09,455.16,0.8243,-1,-1,-1
151,23,889.54,439.82,84.88,238.81,0.7162,-1,-1,-1
152,2,715.45,437.62,123.64,340.80,0.8530,-1,-1,-1
152,4,829.02,447.13,92.43,270.72,0.8149,-1,-1,-1
152,18,540.38,436.78,172.33,456.42,0.7971,-1,-1,-1
152,23,888.92,438.90,85.68,241.37,0.3385,-1,-1,-1
152,9,1196.62,452.66,37.39,96.47,0.5541,-1,-1,-1
153,2,716.07,435.76,124.40,343.12,0.8603,-1,-1,-1
153,4,829.59,446.42,92.57,271.93,0.8305,-1,-1,-1
153,18,533.93,436.00,172.26,456.33,0.8351,-1,-1,-1
153,9,1194.98,452.23,37.66,96.39,0.5762,-1,-1,-1
154,2,717.43,435.68,124.07,342.61,0.8583,-1,-1,-1
154,4,830.14,448.76,91.90,271.54,0.8114,-1,-1,-1
154,18,529.84,431.78,173.58,460.19,0.8339,-1,-1,-1
154,9,1193.72,451.94,37.74,96.48,0.6541,-1,-1,-1
155,2,719.25,435.69,124.16,342.77,0.8629,-1,-1,-1
155,4,830.65,447.98,92.50,274.94,0.8181,-1,-1,-1
155,18,526.47,431.74,174.47,461.32,0.8342,-1,-1,-1
155,9,1192.48,452.39,37.72,96.21,0.6653,-1,-1,-1
155,23,891.41,437.12,86.14,244.53,0.5775,-1,-1,-1
156,2,720.56,434.06,124.27,343.52,0.8579,-1,-1,-1
156,4,831.59,445.53,93.60,279.74,0.8246,-1,-1,-1
156,18,524.35,432.44,173.97,460.25,0.8375,-1,-1,-1
156,9,1191.14,451.01,37.60,96.44,0.6486,-1,-1,-1
156,23,891.83,437.46,86.09,247.07,0.5683,-1,-1,-1
157,2,722.85,433.17,124.40,343.28,0.8651,-1,-1,-1
157,4,834.27,444.88,94.03,283.05,0.7790,-1,-1,-1
157,18,522.66,433.33,174.01,459.94,0.8233,-1,-1,-1
157,9,1189.77,453.54,36.30,94.23,0.5694,-1,-1,-1
157,23,894.22,436.90,86.11,250.09,0.4036,-1,-1,-1
158,2,727.79,432.40,124.84,342.58,0.8401,-1,-1,-1
158,4,839.05,444.87,93.90,284.73,0.8330,-1,-1,-1
158,18,521.69,431.95,174.41,461.36,0.8437,-1,-1,-1
158,9,1189.86,457.85,33.88,89.46,0.4088,-1,-1,-1
159,2,732.08,431.82,125.16,341.93,0.8434,-1,-1,-1
159,4,840.96,445.28,93.13,286.02,0.8523,-1,-1,-1
159,18,520.98,431.83,174.38,461.39,0.8679,-1,-1,-1
160,2,735.58,431.19,125.35,342.75,0.8519,-1,-1,-1
160,4,843.13,445.98,92.01,285.41,0.8400,-1,-1,-1
160,18,521.22,430.90,174.08,460.80,0.8480,-1,-1,-1
161,2,738.23,430.56,125.49,343.96,0.8700,-1,-1,-1
161,4,845.87,447.03,90.83,283.05,0.8352,-1,-1,-1
161,18,522.48,430.77,173.34,458.73,0.8364,-1,-1,-1
162,2,740.65,430.73,125.80,346.24,0.8632,-1,-1,-1
162,4,847.79,447.84,90.57,282.89,0.8346,-1,-1,-1
162,18,521.75,431.55,173.84,458.95,0.8134,-1,-1,-1
162,24,668.63,441.34,83.52,351.38,0.6607,-1,-1,-1
163,2,742.63,432.93,125.09,345.33,0.8293,-1,-1,-1
163,4,850.44,448.52,90.42,282.60,0.8404,-1,-1,-1
163,18,523.40,431.47,174.89,460.96,0.8192,-1,-1,-1
163,24,669.05,441.60,84.73,356.85,0.5828,-1,-1,-1
163,23,916.26,439.77,87.83,257.66,0.6407,-1,-1,-1
164,2,745.05,435.23,124.49,344.48,0.8674,-1,-1,-1
164,4,854.05,449.33,91.32,283.12,0.8157,-1,-1,-1
164,18,524.00,430.34,177.08,465.25,0.8125,-1,-1,-1
164,24,671.12,441.56,85.04,358.54,0.5550,-1,-1,-1
164,23,919.62,439.81,87.30,257.27,0.6326,-1,-1,-1
165,2,746.00,435.24,124.31,344.78,0.8811,-1,-1,-1
165,4,859.05,450.16,92.59,282.45,0.7282,-1,-1,-1
165,18,526.68,429.02,178.65,466.96,0.8129,-1,-1,-1
165,24,674.68,441.78,84.40,354.47,0.7299,-1,-1,-1
165,23,919.21,438.97,88.42,260.84,0.6018,-1,-1,-1
166,2,746.92,434.60,124.93,347.81,0.8840,-1,-1,-1
166,4,864.48,453.01,93.75,279.67,0.6711,-1,-1,-1
166,18,527.74,429.16,180.30,468.36,0.8165,-1,-1,-1
166,24,676.70,441.79,85.22,356.16,0.7671,-1,-1,-1
166,23,924.12,437.15,86.12,256.15,0.5672,-1,-1,-1
167,2,747.47,433.52,125.23,350.04,0.8954,-1,-1,-1
167,4,870.42,451.11,97.01,281.17,0.5085,-1,-1,-1
167,18,534.05,431.48,181.22,468.56,0.7835,-1,-1,-1
167,24,677.14,441.43,85.66,356.10,0.7414,-1,-1,-1
167,23,927.38,436.79,85.18,256.22,0.6598,-1,-1,-1
168,2,748.63,433.45,125.46,352.62,0.9000,-1,-1,-1
168,4,872.35,447.13,100.73,285.93,0.6802,-1,-1,-1
168,18,539.58,433.07,183.19,467.62,0.7717,-1,-1,-1
168,24,676.83,441.63,86.35,357.59,0.7560,-1,-1,-1
168,23,932.07,434.78,83.16,253.43,0.6526,-1,-1,-1
169,2,749.45,434.67,124.78,352.68,0.8991,-1,-1,-1
169,4,872.36,445.47,103.15,288.47,0.8467,-1,-1,-1
169,18,544.00,430.00,186.57,469.07,0.7514,-1,-1,-1
169,24,677.37,441.83,86.79,358.10,0.7598,-1,-1,-1
169,23,936.96,433.35,80.06,246.90,0.5484,-1,-1,-1
170,2,751.03,435.22,124.01,353.03,0.9002,-1,-1,-1
170,4,873.75,445.08,104.76,289.90,0.8677,-1,-1,-1
170,18,549.74,429.09,191.93,471.14,0.8290,-1,-1,-1
170,24,678.09,441.57,86.83,358.03,0.7460,-1,-1,-1
170,23,941.16,433.29,76.85,238.21,0.6039,-1,-1,-1
171,2,752.52,435.24,123.30,354.05,0.8922,-1,-1,-1
171,4,874.55,445.04,106.11,291.04,0.8670,-1,-1,-1
171,18,554.27,429.44,196.64,471.14,0.8874,-1,-1,-1
171,24,678.99,441.49,87.39,359.69,0.7558,-1,-1,-1
171,23,943.96,435.28,77.86,243.08,0.7227,-1,-1,-1
172,2,756.29,435.43,122.14,352.52,0.8850,-1,-1,-1
172,4,874.45,445.19,107.02,291.91,0.8746,-1,-1,-1
172,18,555.99,431.87,200.65,470.60,0.8789,-1,-1,-1
172,24,679.78,442.84,87.03,358.90,0.7215,-1,-1,-1
172,23,948.30,435.61,78.61,246.73,0.7398,-1,-1,-1
173,2,759.48,436.05,120.81,349.54,0.8776,-1,-1,-1
173,4,874.28,444.35,107.85,293.66,0.8519,-1,-1,-1
173,18,554.49,431.88,203.62,470.35,0.8927,-1,-1,-1
173,24,681.61,444.34,86.67,355.90,0.6712,-1,-1,-1
173,23,950.32,434.07,79.89,251.92,0.6773,-1,-1,-1
174,2,760.94,437.84,120.84,350.42,0.8839,-1,-1,-1
174,4,875.73,444.05,108.80,294.72,0.8504,-1,-1,-1
174,18,556.07,433.14,205.61,469.60,0.8527,-1,-1,-1
174,24,684.34,447.31,85.87,353.00,0.5694,-1,-1,-1
174,23,951.88,434.38,79.68,252.80,0.5897,-1,-1,-1
175,2,764.53,438.87,120.74,351.69,0.8784,-1,-1,-1
175,4,876.85,443.63,109.82,295.97,0.8351,-1,-1,-1
175,18,559.74,434.38,206.73,468.69,0.8491,-1,-1,-1
175,23,954.30,433.80,79.92,255.54,0.5695,-1,-1,-1
176,2,765.20,440.53,120.80,354.81,0.8712,-1,-1,-1
176,4,878.34,442.05,110.75,297.97,0.8301,-1,-1,-1
176,18,562.82,433.91,208.29,471.59,0.7361,-1,-1,-1
176,23,958.79,432.83,80.30,257.54,0.6397,-1,-1,-1
176,24,625.91,438.37,115.94,447.43,0.7119,-1,-1,-1
177,2,767.19,440.88,120.24,354.38,0.8661,-1,-1,-1
177,4,880.88,442.71,110.64,296.84,0.8299,-1,-1,-1
177,18,567.51,437.89,207.21,470.94,0.7544,-1,-1,-1
177,23,960.72,432.31,82.34,265.54,0.3277,-1,-1,-1
177,24,607.18,437.75,128.88,465.08,0.4906,-1,-1,-1
178,2,769.98,440.65,119.46,354.97,0.8461,-1,-1,-1
178,4,885.19,444.45,109.48,294.00,0.8145,-1,-1,-1
178,18,568.86,437.29,207.66,472.12,0.8016,-1,-1,-1
178,23,965.84,432.13,83.91,267.04,0.5250,-1,-1,-1
178,24,598.99,435.04,138.84,473.63,0.6152,-1,-1,-1
178,9,1157.70,447.47,40.26,101.84,0.5652,-1,-1,-1
179,2,772.53,439.55,118.51,353.50,0.8513,-1,-1,-1
179,4,888.15,444.45,109.04,294.03,0.8067,-1,-1,-1
179,18,571.82,436.10,208.09,474.84,0.8566,-1,-1,-1
179,23,968.89,433.38,84.90,266.49,0.6073,-1,-1,-1
179,24,597.04,432.88,146.58,479.17,0.6603,-1,-1,-1
179,9,1157.49,450.19,40.53,99.19,0.5412,-1,-1,-1
180,2,776.99,437.87,119.57,356.21,0.8471,-1,-1,-1
180,4,892.22,445.97,108.25,294.64,0.7642,-1,-1,-1
180,18,574.41,433.07,208.08,477.96,0.8294,-1,-1,-1
180,23,969.24,434.93,84.18,263.01,0.5672,-1,-1,-1
180,24,596.86,430.75,152.63,482.79,0.4890,-1,-1,-1
180,9,1156.07,449.73,40.84,99.43,0.4706,-1,-1,-1
181,2,778.68,436.23,120.17,358.23,0.8500,-1,-1,-1
181,4,895.94,444.69,107.46,296.19,0.8118,-1,-1,-1
181,18,575.85,426.43,209.37,483.69,0.9006,-1,-1,-1
181,23,973.42,435.95,84.94,264.61,0.6940,-1,-1,-1
181,24,597.30,426.82,158.53,488.45,0.3431,-1,-1,-1
181,9,1155.16,447.41,41.58,101.64,0.5246,-1,-1,-1
182,2,779.68,434.82,121.72,363.69,0.8571,-1,-1,-1
182,4,901.92,444.04,106.49,297.78,0.8163,-1,-1,-1
182,18,578.55,424.31,209.16,485.87,0.9090,-1,-1,-1
182,23,977.65,435.40,86.00,268.36,0.7158,-1,-1,-1
182,9,1154.88,447.61,41.15,101.68,0.5602,-1,-1,-1
183,2,780.69,434.01,122.27,366.42,0.8643,-1,-1,-1
183,4,907.60,444.38,105.23,298.26,0.7871,-1,-1,-1
183,18,581.32,424.15,207.96,486.20,0.5925,-1,-1,-1
183,23,981.47,436.83,84.41,263.64,0.7324,-1,-1,-1
183,9,1154.74,447.90,40.77,101.20,0.5492,-1,-1,-1
183,24,599.93,428.15,161.98,487.60,0.7332,-1,-1,-1
184,2,781.72,433.12,122.61,368.22,0.8684,-1,-1,-1
184,4,913.57,442.81,103.85,299.32,0.8462,-1,-1,-1
184,18,584.58,426.29,205.81,485.96,0.8340,-1,-1,-1
184,23,985.83,439.83,80.70,250.62,0.7012,-1,-1,-1
184,9,1154.27,448.72,40.48,100.13,0.5509,-1,-1,-1
185,2,783.09,433.44,122.72,369.70,0.8738,-1,-1,-1
185,4,917.01,442.36,103.08,302.04,0.8460,-1,-1,-1
185,18,589.44,429.34,202.47,482.75,0.8377,-1,-1,-1
185,23,988.07,441.26,81.18,251.84,0.7134,-1,-1,-1
185,9,1154.24,449.73,40.15,98.69,0.5999,-1,-1,-1
186,2,783.63,434.09,122.47,370.27,0.8866,-1,-1,-1
186,4,920.10,443.67,102.28,304.92,0.8510,-1,-1,-1
186,18,592.58,428.94,200.59,482.55,0.8239,-1,-1,-1
186,23,991.43,442.87,79.57,245.50,0.6493,-1,-1,-1
186,9,1154.58,449.55,40.86,99.31,0.7272,-1,-1,-1
186,31,467.87,477.00,41.09,99.07,0.5453,-1,-1,-1
187,2,786.07,434.49,121.99,370.39,0.8821,-1,-1,-1
187,4,923.58,443.63,101.81,307.84,0.8329,-1,-1,-1
187,18,596.85,428.75,198.81,482.64,0.8522,-1,-1,-1
187,23,995.54,443.74,80.43,247.85,0.7656,-1,-1,-1
187,9,1155.16,450.10,41.01,98.06,0.6711,-1,-1,-1
187,31,467.72,476.81,41.22,99.31,0.5356,-1,-1,-1
188,2,788.86,434.61,121.44,369.78,0.3094,-1,-1,-1
188,4,926.82,442.66,101.35,309.62,0.8091,-1,-1,-1
188,18,599.22,428.81,199.46,488.43,0.8463,-1,-1,-1
188,23,997.77,444.60,80.42,247.79,0.5856,-1,-1,-1
188,9,1155.47,451.59,41.12,96.91,0.6399,-1,-1,-1
188,31,467.53,477.84,40.47,97.22,0.4336,-1,-1,-1
189,2,791.10,432.83,121.66,372.16,0.8704,-1,-1,-1
189,4,933.00,442.00,102.31,312.01,0.8544,-1,-1,-1
189,18,601.28,428.57,200.57,497.05,0.7614,-1,-1,-1
189,23,1000.85,440.48,81.53,253.12,0.6169,-1,-1,-1
189,9,1154.66,448.23,43.08,101.04,0.6267,-1,-1,-1
189,31,466.80,477.12,41.30,98.96,0.5192,-1,-1,-1
190,2,794.81,432.65,122.03,374.02,0.8841,-1,-1,-1
190,4,937.97,442.48,102.86,312.08,0.8244,-1,-1,-1
190,18,605.59,428.65,200.99,505.22,0.6827,-1,-1,-1
190,23,1003.91,440.45,82.78,260.87,0.3668,-1,-1,-1
190,9,1154.06,448.30,43.54,101.26,0.5515,-1,-1,-1
190,31,467.59,476.32,41.38,98.85,0.4942,-1,-1,-1
190,33,569.98,436.42,58.81,174.08,0.6183,-1,-1,-1
190,24,618.61,426.19,171.85,513.38,0.5568,-1,-1,-1
191,2,797.55,432.93,121.55,374.11,0.8819,-1,-1,-1
191,4,944.95,443.44,104.12,312.45,0.8169,-1,-1,-1
191,18,610.57,429.08,199.81,509.03,0.6881,-1,-1,-1
191,9,1153.59,446.83,44.71,102.57,0.5362,-1,-1,-1
191,31,465.63,476.97,41.27,98.05,0.4272,-1,-1,-1
191,33,569.71,436.78,59.57,176.23,0.6830,-1,-1,-1
191,24,622.12,426.03,173.78,516.61,0.7287,-1,-1,-1
192,2,800.06,432.08,121.68,375.68,0.8824,-1,-1,-1
192,4,948.24,447.94,103.58,307.87,0.8077,-1,-1,-1
192,18,614.48,430.67,199.09,514.94,0.5468,-1,-1,-1
192,9,1153.10,446.59,45.49,102.83,0.5116,-1,-1,-1
192,31,464.26,477.00,41.17,97.46,0.3585,-1,-1,-1
192,33,569.79,439.21,59.43,175.53,0.6910,-1,-1,-1
192,24,624.70,426.08,176.33,524.19,0.7442,-1,-1,-1
193,2,801.15,430.45,120.88,375.38,0.8814,-1,-1,-1
193,4,949.92,445.09,105.48,310.66,0.8282,-1,-1,-1
193,9,1151.88,444.61,46.86,104.92,0.4634,-1,-1,-1
193,31,464.21,477.44,41.58,97.50,0.3551,-1,-1,-1
193,33,570.47,440.93,59.16,174.43,0.7075,-1,-1,-1
193,23,1018.89,437.51,85.48,265.27,0.5908,-1,-1,-1
194,2,804.02,431.07,120.79,375.55,0.8767,-1,-1,-1
194,4,949.40,443.95,106.23,311.90,0.8129,-1,-1,-1
194,9,1147.91,447.52,45.47,102.23,0.4788,-1,-1,-1
194,31,462.49,476.36,42.72,99.44,0.3329,-1,-1,-1
194,33,570.51,439.31,60.25,177.48,0.7262,-1,-1,-1
194,23,1020.52,434.69,89.43,275.32,0.6964,-1,-1,-1
194,18,620.55,426.57,203.97,534.71,0.7792,-1,-1,-1
195,2,806.77,431.45,120.62,374.24,0.8788,-1,-1,-1
195,4,950.29,444.97,107.72,312.84,0.8193,-1,-1,-1
195,9,1144.59,445.92,45.59,103.96,0.5480,-1,-1,-1
195,33,570.20,438.08,60.84,178.85,0.7372,-1,-1,-1
195,23,1024.36,433.83,90.68,277.49,0.7568,-1,-1,-1
195,18,624.58,424.43,202.80,538.56,0.7136,-1,-1,-1
196,2,812.60,432.68,121.41,371.97,0.8867,-1,-1,-1
196,4,950.69,445.37,109.01,313.84,0.7613,-1,-1,-1
196,9,1142.64,442.83,46.52,107.49,0.5794,-1,-1,-1
196,33,571.50,440.63,59.97,175.57,0.7241,-1,-1,-1
196,23,1028.09,433.45,92.15,281.32,0.7269,-1,-1,-1
196,18,626.95,424.24,198.19,534.18,0.8107,-1,-1,-1
197,2,819.83,433.07,124.00,371.48,0.8602,-1,-1,-1
197,4,951.92,445.20,109.21,313.24,0.8412,-1,-1,-1
197,9,1142.80,443.70,45.91,107.10,0.4988,-1,-1,-1
197,33,571.87,440.07,60.09,175.16,0.7506,-1,-1,-1
197,23,1032.42,432.38,92.44,280.96,0.3920,-1,-1,-1
197,18,628.44,422.36,196.61,538.73,0.7761,-1,-1,-1
198,2,824.69,433.41,127.18,373.04,0.8848,-1,-1,-1
198,4,956.31,446.73,108.58,312.54,0.8610,-1,-1,-1
198,9,1142.96,442.37,45.90,108.28,0.5245,-1,-1,-1
198,33,572.76,441.79,59.87,173.40,0.7625,-1,-1,-1
198,23,1036.40,433.24,92.40,280.30,0.5339,-1,-1,-1
198,18,632.48,421.92,193.03,536.44,0.7397,-1,-1,-1
199,2,829.42,434.03,130.53,374.01,0.8886,-1,-1,-1
199,4,962.66,446.71,108.73,314.62,0.8609,-1,-1,-1
199,9,1142.07,444.11,44.62,106.61,0.5401,-1,-1,-1
199,33,573.80,444.59,59.24,170.49,0.7682,-1,-1,-1
199,23,1040.27,436.40,92.14,278.31,0.5189,-1,-1,-1
199,18,637.61,422.95,191.49,537.74,0.8463,-1,-1,-1
200,2,831.01,435.85,133.20,373.70,0.8859,-1,-1,-1
200,4,968.29,447.21,108.18,314.90,0.8316,-1,-1,-1
200,9,1140.71,444.74,43.90,106.25,0.4508,-1,-1,-1
200,33,574.15,446.14,59.17,169.20,0.7428,-1,-1,-1
200,23,1042.50,434.76,93.65,283.01,0.6256,-1,-1,-1
200,18,642.99,422.98,190.35,540.06,0.8990,-1,-1,-1
200,35,649.76,418.96,174.16,547.80,0.7125,-1,-1,-1
201,2,832.17,436.99,135.72,374.26,0.8820,-1,-1,-1
201,4,972.68,449.46,106.22,313.03,0.8489,-1,-1,-1
201,33,574.57,444.32,59.97,170.75,0.7401,-1,-1,-1
201,23,1045.90,435.39,94.23,285.22,0.7326,-1,-1,-1
201,18,650.31,424.00,188.30,538.74,0.7736,-1,-1,-1
201,35,657.98,418.39,172.34,542.34,0.5659,-1,-1,-1
202,2,832.01,437.39,137.99,375.81,0.8755,-1,-1,-1
202,4,977.38,450.25,104.80,312.85,0.8636,-1,-1,-1
202,33,575.39,445.44,60.18,169.74,0.3156,-1,-1,-1
202,23,1048.86,436.22,94.52,286.01,0.3572,-1,-1,-1
202,18,654.17,418.70,188.47,544.02,0.4589,-1,-1,-1
202,35,662.42,421.82,172.07,540.97,0.8016,-1,-1,-1
203,2,831.43,437.49,139.70,376.96,0.8596,-1,-1,-1
203,4,982.06,449.85,104.17,313.39,0.8421,-1,-1,-1
203,33,575.69,443.07,61.54,172.12,0.8054,-1,-1,-1
203,23,1052.89,433.98,94.54,286.56,0.7741,-1,-1,-1
204,2,830.94,436.93,140.98,377.17,0.8207,-1,-1,-1
204,4,986.38,449.09,104.20,315.50,0.8287,-1,-1,-1
204,33,577.91,447.52,60.70,168.07,0.8211,-1,-1,-1
204,23,1056.89,433.49,93.84,286.80,0.7709,-1,-1,-1
204,18,658.83,424.74,190.87,555.33,0.6423,-1,-1,-1
205,2,831.35,436.62,142.03,376.69,0.8794,-1,-1,-1
205,4,990.36,447.83,103.93,316.33,0.8353,-1,-1,-1
205,33,577.07,446.81,61.58,169.53,0.8420,-1,-1,-1
205,23,1060.37,436.65,92.11,283.15,0.7858,-1,-1,-1
205,18,661.16,426.06,191.55,563.59,0.8264,-1,-1,-1
206,2,833.12,434.79,143.10,377.57,0.8930,-1,-1,-1
206,4,995.50,447.71,102.91,315.54,0.8402,-1,-1,-1
206,33,576.85,446.66,62.28,170.38,0.8213,-1,-1,-1
206,23,1062.01,435.92,92.28,285.46,0.7894,-1,-1,-1
206,18,664.83,426.06,190.72,567.59,0.8579,-1,-1,-1
207,2,834.75,435.19,143.32,377.19,0.9020,-1,-1,-1
207,4,1002.48,448.16,102.43,314.74,0.8419,-1,-1,-1
207,33,580.29,452.52,60.54,164.41,0.8205,-1,-1,-1
207,23,1066.67,435.40,91.31,287.21,0.7441,-1,-1,-1
207,18,668.02,423.60,189.98,571.52,0.8582,-1,-1,-1
208,2,835.55,434.14,144.11,379.28,0.9099,-1,-1,-1
208,4,1006.80,449.24,101.30,313.64,0.6752,-1,-1,-1
208,33,582.14,454.17,60.24,162.70,0.8037,-1,-1,-1
208,23,1067.99,434.39,93.60,301.04,0.6302,-1,-1,-1
208,18,671.77,422.86,188.13,571.79,0.8709,-1,-1,-1
209,2,837.51,433.82,144.21,380.42,0.9083,-1,-1,-1
209,4,1017.16,447.17,103.90,316.11,0.6444,-1,-1,-1
209,33,584.81,456.76,59.76,159.51,0.8239,-1,-1,-1
209,23,1076.46,434.70,88.16,286.76,0.5646,-1,-1,-1
209,18,675.70,418.69,187.53,575.86,0.8688,-1,-1,-1
210,2,840.97,432.83,145.08,382.58,0.9089,-1,-1,-1
210,4,1031.46,445.01,109.18,319.23,0.8589,-1,-1,-1
210,33,587.38,457.42,59.89,157.95,0.8174,-1,-1,-1
210,18,678.64,416.30,186.70,578.29,0.8401,-1,-1,-1
210,38,1189.06,447.70,42.47,103.81,0.5537,-1,-1,-1
211,2,846.93,430.48,146.32,385.28,0.8964,-1,-1,-1
211,4,1038.78,445.51,113.85,319.65,0.8342,-1,-1,-1
211,33,589.68,455.21,61.19,159.33,0.8247,-1,-1,-1
211,18,680.47,418.28,185.25,576.83,0.8547,-1,-1,-1
211,38,1190.07,447.12,42.52,104.06,0.5290,-1,-1,-1
212,2,852.03,430.09,146.46,385.67,0.8914,-1,-1,-1
212,4,1041.81,446.06,118.86,320.40,0.7920,-1,-1,-1
212,33,590.46,452.72,62.29,161.02,0.8011,-1,-1,-1
212,18,681.91,415.99,184.78,579.06,0.8719,-1,-1,-1
212,38,1191.43,448.02,42.08,103.13,0.6063,-1,-1,-1
212,39,511.10,441.91,39.81,118.47,0.6045,-1,-1,-1
213,2,858.75,430.27,145.73,386.17,0.8923,-1,-1,-1
213,4,1041.46,447.82,122.83,319.47,0.8617,-1,-1,-1
213,33,591.84,453.80,62.25,159.53,0.7834,-1,-1,-1
213,18,683.83,414.38,184.47,580.10,0.8673,-1,-1,-1
213,38,1193.07,448.34,41.20,101.14,0.3709,-1,-1,-1
213,39,511.07,440.65,40.27,119.73,0.5881,-1,-1,-1
213,23,1094.76,435.34,88.50,290.91,0.5242,-1,-1,-1
214,2,865.54,430.37,144.57,385.94,0.8858,-1,-1,-1
214,4,1039.70,448.82,126.59,319.06,0.8333,-1,-1,-1
214,33,592.26,452.48,63.29,161.56,0.7508,-1,-1,-1
214,18,685.48,413.54,183.77,580.41,0.8683,-1,-1,-1
214,38,1194.44,446.36,41.60,102.20,0.4201,-1,-1,-1
214,39,511.23,440.35,40.29,119.54,0.6202,-1,-1,-1
214,23,1101.81,432.76,85.36,284.24,0.5838,-1,-1,-1
215,2,870.26,429.74,143.19,386.65,0.8798,-1,-1,-1
215,4,1037.54,447.06,130.66,321.11,0.8595,-1,-1,-1
215,33,593.56,454.76,62.56,158.43,0.5541,-1,-1,-1
215,18,688.70,412.04,183.59,582.44,0.8640,-1,-1,-1
215,39,511.09,439.62,40.60,120.17,0.6345,-1,-1,-1
215,23,1107.53,428.49,85.45,288.13,0.5484,-1,-1,-1
216,2,874.05,428.90,141.76,387.50,0.8828,-1,-1,-1
216,33,595.04,457.80,63.14,159.40,0.6841,-1,-1,-1
216,18,691.93,413.95,182.44,580.64,0.7989,-1,-1,-1
216,39,511.03,439.77,40.57,119.68,0.6462,-1,-1,-1
216,23,1115.36,429.88,83.14,286.67,0.3966,-1,-1,-1
217,2,877.83,428.50,141.54,390.72,0.8667,-1,-1,-1
217,33,596.57,459.74,63.26,158.97,0.7361,-1,-1,-1
217,18,693.62,413.34,182.88,581.47,0.7793,-1,-1,-1
217,39,510.84,440.01,40.63,119.35,0.6439,-1,-1,-1
217,4,1039.64,445.97,134.98,323.98,0.8223,-1,-1,-1
218,2,880.62,427.40,141.32,394.28,0.8875,-1,-1,-1
218,33,598.17,460.86,63.27,158.07,0.7137,-1,-1,-1
218,18,698.41,411.91,183.69,583.44,0.7215,-1,-1,-1
218,39,510.24,440.90,40.57,118.43,0.6439,-1,-1,-1
218,4,1039.10,444.69,137.74,325.38,0.8192,-1,-1,-1
219,2,883.47,426.23,141.24,397.88,0.9102,-1,-1,-1
219,33,596.63,460.85,64.82,162.26,0.7195,-1,-1,-1
219,18,702.93,411.93,184.03,583.32,0.5986,-1,-1,-1
219,39,510.01,440.68,41.04,119.08,0.6572,-1,-1,-1
219,4,1041.86,442.02,140.30,328.72,0.8298,-1,-1,-1
220,2,886.04,426.13,141.40,402.41,0.9123,-1,-1,-1
220,33,596.50,460.49,65.22,163.85,0.7319,-1,-1,-1
220,18,712.38,410.49,185.30,584.28,0.8191,-1,-1,-1
220,39,509.70,440.50,41.40,119.25,0.6911,-1,-1,-1
220,4,1047.19,441.34,140.67,328.68,0.8300,-1,-1,-1
221,2,889.38,425.40,141.38,406.43,0.9124,-1,-1,-1
221,33,597.29,459.02,64.82,163.67,0.7401,-1,-1,-1
221,18,724.29,410.24,188.37,585.20,0.8868,-1,-1,-1
221,39,509.68,440.77,41.85,119.91,0.6549,-1,-1,-1
221,4,1051.43,439.78,140.87,330.78,0.8322,-1,-1,-1
221,23,1142.27,436.22,82.65,293.14,0.6269,-1,-1,-1
222,2,891.90,425.42,140.81,407.96,0.9145,-1,-1,-1
222,33,598.74,459.60,64.07,163.04,0.7368,-1,-1,-1
222,18,731.74,410.23,191.99,585.15,0.8944,-1,-1,-1
222,39,509.42,440.53,42.32,120.77,0.6484,-1,-1,-1
222,4,1058.11,439.41,139.38,331.67,0.8475,-1,-1,-1
222,23,1151.31,434.48,81.84,293.81,0.6207,-1,-1,-1
223,2,894.73,426.84,140.36,409.84,0.9061,-1,-1,-1
223,33,599.31,456.49,65.44,168.34,0.7278,-1,-1,-1
223,18,740.19,408.16,197.65,586.34,0.8819,-1,-1,-1
223,39,509.22,441.60,42.20,119.54,0.6180,-1,-1,-1
223,4,1066.82,438.96,136.72,332.35,0.8257,-1,-1,-1
224,2,895.90,427.81,139.45,410.96,0.9043,-1,-1,-1
224,33,601.49,457.17,64.20,167.04,0.5615,-1,-1,-1
224,18,747.56,406.65,204.43,588.09,0.8837,-1,-1,-1
224,39,509.14,442.42,42.34,119.00,0.6480,-1,-1,-1
224,4,1081.13,439.95,134.65,333.35,0.8045,-1,-1,-1
225,2,898.14,428.40,138.93,412.53,0.8966,-1,-1,-1
225,33,602.53,458.38,63.97,168.03,0.6444,-1,-1,-1
225,18,754.82,408.31,210.35,586.78,0.8628,-1,-1,-1
225,39,509.44,442.54,42.44,118.68,0.6493,-1,-1,-1
225,4,1088.03,440.62,131.56,334.21,0.7788,-1,-1,-1
226,2,901.55,428.60,138.92,413.79,0.8984,-1,-1,-1
226,33,603.45,459.45,63.66,168.87,0.7146,-1,-1,-1
226,18,760.71,405.19,218.33,589.92,0.8903,-1,-1,-1
226,39,509.27,442.49,42.69,118.66,0.6414,-1,-1,-1
226,4,1094.00,439.64,129.67,337.89,0.7792,-1,-1,-1
226,23,1166.50,432.97,81.38,302.61,0.5330,-1,-1,-1
227,2,904.91,428.29,139.05,414.73,0.8943,-1,-1,-1
227,33,604.72,458.15,63.15,169.66,0.6517,-1,-1,-1
227,18,765.01,405.17,225.26,589.55,0.9029,-1,-1,-1
227,39,508.68,442.02,43.02,119.09,0.5574,-1,-1,-1
227,4,1099.41,438.95,128.40,342.23,0.8374,-1,-1,-1
227,23,1172.36,430.59,80.98,307.49,0.5301,-1,-1,-1
228,2,906.65,426.62,139.78,417.04,0.8837,-1,-1,-1
228,33,605.60,459.05,62.09,168.57,0.6757,-1,-1,-1
228,18,768.00,407.44,231.05,587.86,0.9043,-1,-1,-1
228,39,507.99,442.60,43.14,118.94,0.5555,-1,-1,-1
228,4,1103.41,439.15,127.84,348.12,0.8461,-1,-1,-1
228,23,1179.17,430.80,79.43,306.34,0.3507,-1,-1,-1
229,2,907.97,426.11,139.79,417.17,0.8688,-1,-1,-1
229,33,606.21,457.18,62.87,172.93,0.7604,-1,-1,-1
229,18,771.33,409.58,236.77,586.22,0.8940,-1,-1,-1
229,39,507.81,442.20,43.68,119.90,0.4876,-1,-1,-1
229,4,1106.57,440.77,125.58,348.20,0.8363,-1,-1,-1
229,23,1194.11,423.42,63.92,231.40,0.6059,-1,-1,-1
230,2,910.90,425.14,139.99,416.86,0.8518,-1,-1,-1
230,33,608.13,457.05,62.96,174.96,0.7686,-1,-1,-1
230,18,773.48,412.56,240.63,582.87,0.8552,-1,-1,-1
230,39,507.64,443.35,43.26,118.36,0.4301,-1,-1,-1
230,4,1111.50,442.33,124.33,348.46,0.8129,-1,-1,-1
230,23,1202.04,419.79,57.91,200.23,0.5997,-1,-1,-1
230,40,427.03,478.34,47.21,98.60,0.5954,-1,-1,-1
231,2,911.33,424.34,139.57,417.93,0.8365,-1,-1,-1
231,33,610.22,460.72,61.50,171.15,0.7664,-1,-1,-1
231,18,774.29,411.13,245.58,584.88,0.8809,-1,-1,-1
231,39,508.02,442.80,43.45,118.95,0.5819,-1,-1,-1
231,4,1123.43,440.25,125.61,350.85,0.8439,-1,-1,-1
231,23,1207.26,419.41,56.93,190.48,0.5601,-1,-1,-1
231,40,426.03,476.92,48.07,100.37,0.5896,-1,-1,-1
232,2,911.47,423.83,138.74,418.95,0.8607,-1,-1,-1
232,33,610.89,457.84,62.10,173.15,0.7866,-1,-1,-1
232,18,777.43,411.27,248.58,585.21,0.8495,-1,-1,-1
232,39,508.12,443.21,43.33,118.74,0.6460,-1,-1,-1
232,23,1211.74,419.86,57.12,186.13,0.3830,-1,-1,-1
232,40,426.11,477.09,47.95,100.03,0.6136,-1,-1,-1
233,2,914.02,424.36,138.07,420.35,0.8538,-1,-1,-1
233,33,611.85,455.64,62.76,174.84,0.7809,-1,-1,-1
233,18,780.68,412.16,250.34,584.26,0.8476,-1,-1,-1
233,39,508.15,443.27,42.88,118.14,0.5802,-1,-1,-1
233,23,1215.69,423.93,56.63,179.59,0.3572,-1,-1,-1
233,40,424.37,477.01,47.72,99.68,0.5438,-1,-1,-1
233,4,1135.00,438.82,127.43,353.97,0.8828,-1,-1,-1
234,2,920.89,424.53,137.51,420.73,0.8279,-1,-1,-1
234,33,613.41,455.89,62.47,173.25,0.7713,-1,-1,-1
234,18,786.00,416.69,250.31,580.42,0.7685,-1,-1,-1
234,39,508.11,442.96,42.76,118.27,0.6123,-1,-1,-1
234,40,422.24,476.09,47.83,100.24,0.5461,-1,-1,-1
234,4,1136.78,441.33,128.25,354.44,0.8921,-1,-1,-1
235,2,923.97,423.46,137.11,422.16,0.8539,-1,-1,-1
235,33,614.84,455.90,62.54,173.41,0.7377,-1,-1,-1
235,18,791.86,418.38,249.67,578.24,0.8660,-1,-1,-1
235,39,508.15,443.36,42.19,117.60,0.5172,-1,-1,-1
235,40,421.71,475.99,47.09,99.12,0.5857,-1,-1,-1
235,4,1139.09,445.10,129.01,353.68,0.8606,-1,-1,-1
236,2,928.10,423.12,135.61,422.23,0.8259,-1,-1,-1
236,33,616.65,456.71,62.07,172.61,0.7446,-1,-1,-1
236,18,792.78,413.04,251.65,583.37,0.7860,-1,-1,-1
236,39,508.05,443.61,41.58,116.72,0.4366,-1,-1,-1
236,40,420.97,475.78,46.57,99.17,0.5727,-1,-1,-1
236,4,1139.36,445.65,130.78,356.54,0.8758,-1,-1,-1
236,41,735.60,429.71,155.87,435.25,0.6384,-1,-1,-1
237,2,932.13,422.24,133.88,421.54,0.6429,-1,-1,-1
237,33,617.15,455.20,62.26,174.12,0.7248,-1,-1,-1
237,18,793.90,415.42,250.47,581.15,0.8438,-1,-1,-1
237,39,508.72,443.60,40.83,115.35,0.4376,-1,-1,-1
237,40,419.74,473.46,46.41,99.71,0.3341,-1,-1,-1
237,4,1141.80,443.89,132.93,361.13,0.8760,-1,-1,-1
237,41,739.91,431.88,154.35,432.35,0.6805,-1,-1,-1
238,2,937.19,421.33,129.85,411.82,0.6607,-1,-1,-1
238,33,618.28,455.03,62.65,177.54,0.7088,-1,-1,-1
238,18,792.17,411.86,251.91,584.62,0.8543,-1,-1,-1
238,40,419.92,473.73,45.99,99.58,0.3492,-1,-1,-1
238,4,1143.98,441.65,134.47,365.13,0.8420,-1,-1,-1
238,41,740.86,436.10,152.61,429.40,0.4562,-1,-1,-1
239,2,946.28,423.36,119.70,379.81,0.4158,-1,-1,-1
239,33,621.35,456.17,62.02,177.03,0.7207,-1,-1,-1
239,18,791.89,409.24,252.80,588.24,0.8768,-1,-1,-1
239,4,1146.23,440.02,134.18,367.12,0.7656,-1,-1,-1
239,41,723.17,437.75,153.44,431.32,0.6583,-1,-1,-1
240,2,948.55,424.77,126.93,408.56,0.6743,-1,-1,-1
240,33,623.56,456.40,61.16,175.97,0.6752,-1,-1,-1
240,18,794.08,411.03,251.58,587.23,0.8909,-1,-1,-1
240,4,1152.69,438.58,133.42,370.52,0.8374,-1,-1,-1
240,41,719.30,437.46,154.80,433.86,0.7637,-1,-1,-1
241,2,951.79,425.81,126.71,414.38,0.7738,-1,-1,-1
241,33,625.91,456.20,61.20,176.35,0.7074,-1,-1,-1
241,18,801.37,414.34,248.67,584.57,0.8765,-1,-1,-1
241,4,1160.55,438.29,131.22,371.21,0.8569,-1,-1,-1
241,41,720.56,436.17,155.32,434.02,0.7581,-1,-1,-1
242,2,953.80,426.35,125.46,415.09,0.6795,-1,-1,-1
242,33,627.35,458.04,60.27,173.18,0.7092,-1,-1,-1
242,18,809.32,420.43,244.18,580.80,0.8685,-1,-1,-1
242,4,1170.03,437.65,128.44,369.00,0.7933,-1,-1,-1
242,41,738.02,437.24,153.28,433.24,0.7374,-1,-1,-1
243,2,962.36,427.11,121.98,411.60,0.5856,-1,-1,-1
243,33,630.03,459.80,59.73,170.74,0.6811,-1,-1,-1
243,18,813.01,409.83,245.69,593.31,0.8359,-1,-1,-1
243,4,1177.41,435.99,126.08,368.39,0.6329,-1,-1,-1
243,41,742.35,437.16,152.59,434.70,0.5139,-1,-1,-1
244,2,968.64,427.61,119.28,411.46,0.5353,-1,-1,-1
244,33,632.90,461.03,60.38,170.65,0.7225,-1,-1,-1
244,18,820.30,401.62,245.74,604.74,0.7324,-1,-1,-1
244,4,1190.57,432.41,126.24,371.63,0.8559,-1,-1,-1
244,41,738.16,437.18,152.32,433.83,0.7231,-1,-1,-1
245,33,633.77,462.10,60.97,170.52,0.7153,-1,-1,-1
245,18,829.78,397.31,246.02,615.60,0.7690,-1,-1,-1
245,4,1198.65,431.95,125.82,372.78,0.8761,-1,-1,-1
245,41,746.40,437.92,151.10,434.27,0.6981,-1,-1,-1
246,33,634.23,461.17,61.52,170.90,0.7030,-1,-1,-1
246,18,836.57,406.25,242.22,616.97,0.8566,-1,-1,-1
246,4,1203.35,433.76,123.76,370.19,0.8596,-1,-1,-1
246,41,756.07,438.98,149.23,433.64,0.7098,-1,-1,-1
247,33,635.07,458.80,63.15,173.57,0.5944,-1,-1,-1
247,18,844.14,415.58,237.38,616.66,0.8485,-1,-1,-1
247,4,1208.75,433.78,122.72,368.47,0.8371,-1,-1,-1
247,41,764.08,435.82,150.10,438.89,0.6922,-1,-1,-1
248,33,634.67,457.96,63.64,174.06,0.6807,-1,-1,-1
248,18,853.14,418.13,233.59,619.94,0.7759,-1,-1,-1
248,4,1218.62,432.53,124.64,369.75,0.8536,-1,-1,-1
248,41,767.53,433.25,150.50,442.35,0.7113,-1,-1,-1
249,33,635.47,453.96,65.07,178.51,0.6566,-1,-1,-1
249,18,862.55,420.89,229.68,621.39,0.7326,-1,-1,-1
249,4,1227.10,432.87,127.08,369.52,0.6398,-1,-1,-1
249,41,773.24,431.03,151.02,446.25,0.8020,-1,-1,-1
250,33,640.72,450.84,66.60,182.49,0.6918,-1,-1,-1
250,18,880.74,422.12,228.84,621.78,0.7116,-1,-1,-1
250,4,1236.60,431.53,132.70,372.96,0.7148,-1,-1,-1
250,41,776.95,431.05,150.49,445.82,0.3950,-1,-1,-1
251,33,646.57,449.57,66.90,182.61,0.7538,-1,-1,-1
251,18,892.34,413.56,230.74,631.24,0.8244,-1,-1,-1
251,4,1242.27,430.01,138.91,375.36,0.9067,-1,-1,-1
251,41,778.73,431.04,150.08,446.38,0.8289,-1,-1,-1
252,33,649.23,447.94,67.45,184.20,0.8123,-1,-1,-1
252,18,900.98,406.60,231.56,638.12,0.8937,-1,-1,-1
252,4,1245.40,426.66,146.21,379.85,0.9133,-1,-1,-1
252,41,778.42,431.61,150.41,446.65,0.8272,-1,-1,-1
253,33,650.99,446.60,67.93,186.17,0.7971,-1,-1,-1
253,18,908.17,404.65,230.41,641.22,0.8991,-1,-1,-1
253,4,1246.41,425.21,152.75,382.73,0.9092,-1,-1,-1
253,41,780.54,433.12,149.43,444.72,0.8403,-1,-1,-1
254,33,653.20,447.11,67.18,185.52,0.8149,-1,-1,-1
254,18,912.13,407.43,226.94,638.53,0.8826,-1,-1,-1
254,4,1243.96,423.46,158.68,386.12,0.9104,-1,-1,-1
254,41,782.51,432.76,148.63,444.81,0.8414,-1,-1,-1
254,43,1835.17,407.70,89.95,373.92,0.6324,-1,-1,-1
255,33,655.69,447.95,66.81,185.27,0.7799,-1,-1,-1
255,18,912.97,406.05,224.16,639.95,0.8795,-1,-1,-1
255,4,1244.10,425.16,163.76,386.37,0.9075,-1,-1,-1
255,41,787.89,430.77,148.28,446.35,0.8043,-1,-1,-1
255,43,1823.54,393.87,93.19,386.42,0.7559,-1,-1,-1
256,33,658.58,449.02,66.93,185.10,0.8003,-1,-1,-1
256,18,916.58,407.20,220.84,637.95,0.8769,-1,-1,-1
256,4,1245.20,427.14,167.96,386.23,0.9196,-1,-1,-1
256,41,794.64,431.41,147.53,448.79,0.8292,-1,-1,-1
256,43,1816.63,395.18,93.51,385.21,0.7425,-1,-1,-1
256,39,510.27,443.22,41.69,118.26,0.5439,-1,-1,-1
257,33,660.17,450.80,67.06,184.26,0.7920,-1,-1,-1
257,18,919.60,407.06,217.81,637.14,0.8644,-1,-1,-1
257,4,1247.18,428.58,171.64,386.04,0.9238,-1,-1,-1
257,41,798.55,432.62,148.55,457.34,0.8083,-1,-1,-1
257,43,1816.01,392.37,94.76,388.26,0.8479,-1,-1,-1
257,39,510.16,443.11,41.51,118.03,0.5146,-1,-1,-1
258,33,660.76,448.56,69.19,189.76,0.8189,-1,-1,-1
258,18,922.15,401.21,216.28,641.71,0.8463,-1,-1,-1
258,4,1251.30,426.98,174.37,387.25,0.9096,-1,-1,-1
258,41,797.47,431.98,150.18,467.00,0.7285,-1,-1,-1
258,43,1815.09,392.99,95.56,388.66,0.8076,-1,-1,-1
259,33,661.87,449.29,69.22,188.89,0.8073,-1,-1,-1
259,18,922.55,396.27,214.58,645.93,0.7994,-1,-1,-1
259,4,1256.35,427.14,175.17,386.54,0.8698,-1,-1,-1
259,41,798.41,432.18,149.92,471.57,0.7732,-1,-1,-1
259,43,1805.23,397.81,95.83,380.30,0.8591,-1,-1,-1
260,33,663.53,450.82,68.68,186.97,0.7866,-1,-1,-1
260,18,922.47,395.80,211.11,645.93,0.8216,-1,-1,-1
260,4,1262.56,425.57,175.70,387.83,0.8508,-1,-1,-1
260,41,799.36,431.91,150.17,477.61,0.6919,-1,-1,-1
260,43,1787.96,396.47,100.11,380.24,0.8370,-1,-1,-1
261,33,664.10,450.46,69.34,188.70,0.8055,-1,-1,-1
261,18,924.75,398.76,207.14,643.20,0.8406,-1,-1,-1
261,4,1270.80,424.43,174.61,389.06,0.7968,-1,-1,-1
261,41,799.71,431.91,149.75,481.38,0.6560,-1,-1,-1
261,43,1766.24,393.42,107.35,382.23,0.8272,-1,-1,-1
262,33,664.45,450.07,69.73,189.86,0.7907,-1,-1,-1
262,18,926.76,397.55,204.52,644.45,0.8648,-1,-1,-1
262,4,1283.65,423.69,172.88,392.66,0.8427,-1,-1,-1
262,41,805.28,431.26,148.87,485.12,0.8025,-1,-1,-1
262,43,1747.06,407.19,113.36,370.02,0.8785,-1,-1,-1
263,33,665.69,451.35,69.36,188.04,0.7574,-1,-1,-1
263,18,930.38,397.02,201.84,645.01,0.8743,-1,-1,-1
263,4,1296.26,424.62,169.48,391.90,0.8736,-1,-1,-1
263,41,808.84,431.66,147.22,486.51,0.8158,-1,-1,-1
263,43,1733.01,414.68,121.45,362.60,0.8830,-1,-1,-1
264,33,667.46,451.50,69.72,187.96,0.7461,-1,-1,-1
264,18,936.06,399.39,198.93,641.88,0.8647,-1,-1,-1
264,4,1309.41,422.26,166.76,395.44,0.8896,-1,-1,-1
264,41,810.74,431.73,144.93,486.79,0.8007,-1,-1,-1
264,43,1722.50,418.35,130.45,358.85,0.8968,-1,-1,-1
265,33,670.14,451.74,70.06,187.75,0.7590,-1,-1,-1
265,18,940.51,402.02,196.70,639.09,0.8732,-1,-1,-1
265,4,1319.26,421.56,163.49,398.41,0.8909,-1,-1,-1
265,41,813.35,431.79,142.93,487.59,0.7584,-1,-1,-1
265,43,1713.70,423.42,138.13,353.55,0.8963,-1,-1,-1
266,33,673.73,452.51,69.93,186.97,0.7360,-1,-1,-1
266,18,942.31,403.58,194.22,637.28,0.8656,-1,-1,-1
266,4,1326.94,422.27,161.52,403.32,0.8891,-1,-1,-1
266,41,814.69,431.34,141.29,488.91,0.7935,-1,-1,-1
266,43,1701.54,417.58,147.19,357.21,0.8736,-1,-1,-1
267,33,675.66,453.08,69.67,185.63,0.7678,-1,-1,-1
267,18,944.19,404.04,191.98,636.06,0.8635,-1,-1,-1
267,4,1333.12,419.58,160.95,411.27,0.8710,-1,-1,-1
267,41,815.42,430.37,139.69,489.96,0.8499,-1,-1,-1
267,43,1691.37,420.02,150.21,348.68,0.8799,-1,-1,-1
268,33,676.90,453.54,69.28,184.50,0.8128,-1,-1,-1
268,18,944.09,403.97,190.31,636.64,0.6962,-1,-1,-1
268,4,1343.21,419.63,159.73,413.51,0.8680,-1,-1,-1
268,41,817.48,428.89,139.08,492.03,0.7690,-1,-1,-1
268,43,1679.10,418.75,150.57,340.83,0.8729,-1,-1,-1
269,33,677.74,453.23,69.09,184.26,0.7679,-1,-1,-1
269,18,946.93,404.85,188.99,635.30,0.8638,-1,-1,-1
269,4,1356.48,423.22,159.66,412.84,0.9165,-1,-1,-1
269,41,816.98,427.82,138.63,494.15,0.7457,-1,-1,-1
269,43,1665.86,419.66,150.40,337.01,0.8488,-1,-1,-1
269,39,507.15,439.34,43.35,121.49,0.5186,-1,-1,-1
270,33,679.09,452.46,69.52,186.22,0.7537,-1,-1,-1
270,18,948.06,405.92,187.41,634.59,0.8455,-1,-1,-1
270,4,1367.13,426.03,160.77,411.13,0.9190,-1,-1,-1
270,41,819.94,427.85,138.38,494.23,0.7631,-1,-1,-1
270,43,1652.62,414.57,150.31,340.36,0.8345,-1,-1,-1
270,39,507.00,439.26,43.77,121.69,0.4235,-1,-1,-1
271,33,681.35,451.20,69.80,188.13,0.6074,-1,-1,-1
271,18,948.89,406.94,185.21,633.34,0.8040,-1,-1,-1
271,4,1374.46,424.92,164.23,412.57,0.9205,-1,-1,-1
271,41,821.50,427.77,138.78,495.07,0.7667,-1,-1,-1
271,43,1641.18,415.68,145.66,337.70,0.8205,-1,-1,-1
271,39,507.92,440.24,43.62,120.54,0.3710,-1,-1,-1
272,33,682.98,448.23,71.20,193.51,0.6393,-1,-1,-1
272,18,950.48,406.57,182.80,633.23,0.8359,-1,-1,-1
272,4,1377.62,425.22,168.09,414.74,0.9267,-1,-1,-1
272,41,823.96,428.12,138.11,494.01,0.8085,-1,-1,-1
272,43,1625.65,418.00,139.73,334.10,0.7511,-1,-1,-1
272,39,508.56,442.30,43.50,118.60,0.4129,-1,-1,-1
273,33,683.98,446.27,71.85,196.44,0.6462,-1,-1,-1
273,18,953.15,405.91,180.70,633.52,0.8438,-1,-1,-1
273,4,1378.67,426.96,172.09,417.77,0.9281,-1,-1,-1
273,41,825.77,426.76,137.74,493.87,0.8181,-1,-1,-1
273,43,1617.86,430.86,129.82,320.24,0.7120,-1,-1,-1
274,33,685.18,445.99,71.43,196.45,0.5931,-1,-1,-1
274,18,954.42,405.44,178.77,634.74,0.8607,-1,-1,-1
274,4,1380.37,425.80,177.74,424.90,0.9282,-1,-1,-1
274,41,828.22,425.71,137.53,493.65,0.8329,-1,-1,-1
274,43,1609.89,439.27,123.40,310.87,0.8553,-1,-1,-1
275,33,691.06,447.52,71.58,195.53,0.6366,-1,-1,-1
275,18,956.04,406.19,176.65,635.25,0.8381,-1,-1,-1
275,4,1382.22,428.00,180.51,425.54,0.9078,-1,-1,-1
275,41,828.56,423.78,137.63,494.56,0.8296,-1,-1,-1
275,43,1594.70,442.32,123.16,308.24,0.8201,-1,-1,-1
276,33,695.61,448.16,70.98,194.35,0.5905,-1,-1,-1
276,18,958.34,404.34,175.35,637.68,0.8510,-1,-1,-1
276,4,1383.99,427.87,182.27,425.94,0.9143,-1,-1,-1
276,41,827.12,423.86,137.21,494.03,0.7781,-1,-1,-1
276,43,1579.72,442.15,125.96,308.63,0.8530,-1,-1,-1
277,33,695.53,450.20,70.14,192.74,0.3853,-1,-1,-1
277,18,961.60,403.14,174.13,639.49,0.8320,-1,-1,-1
277,4,1385.67,427.26,183.65,426.74,0.8820,-1,-1,-1
277,41,826.62,422.87,136.77,494.83,0.8225,-1,-1,-1
277,43,1565.18,426.84,135.01,323.99,0.8918,-1,-1,-1
278,33,702.32,450.93,70.67,193.31,0.5531,-1,-1,-1
278,18,963.38,401.19,173.73,642.72,0.8473,-1,-1,-1
278,4,1397.64,426.51,185.78,426.77,0.8493,-1,-1,-1
278,41,827.72,422.16,136.27,495.43,0.7879,-1,-1,-1
278,43,1560.10,450.99,130.14,298.36,0.8773,-1,-1,-1
279,33,708.48,451.71,71.31,193.02,0.4665,-1,-1,-1
279,18,966.58,400.27,172.71,644.23,0.8491,-1,-1,-1
279,4,1421.26,430.27,178.70,422.00,0.6554,-1,-1,-1
279,41,827.82,421.34,135.95,496.35,0.7876,-1,-1,-1
279,43,1550.43,431.53,141.33,316.78,0.8667,-1,-1,-1
280,33,712.95,452.42,71.82,192.28,0.5974,-1,-1,-1
280,18,971.37,402.00,172.06,643.24,0.8463,-1,-1,-1
280,4,1433.46,428.96,175.56,423.30,0.7995,-1,-1,-1
280,43,1558.10,449.64,134.24,298.54,0.6999,-1,-1,-1
281,33,716.29,455.46,71.64,189.60,0.6783,-1,-1,-1
281,18,975.51,401.29,172.20,644.44,0.8589,-1,-1,-1
281,4,1437.94,427.41,170.61,423.59,0.8515,-1,-1,-1
281,43,1551.09,428.21,143.40,320.72,0.6058,-1,-1,-1
281,41,830.70,420.54,137.11,497.78,0.8207,-1,-1,-1
282,33,718.48,459.82,70.83,184.02,0.5405,-1,-1,-1
282,18,978.70,402.39,172.13,643.91,0.8315,-1,-1,-1
282,4,1444.56,425.76,166.59,424.19,0.8106,-1,-1,-1
282,43,1541.89,424.25,141.10,319.12,0.6006,-1,-1,-1
282,41,833.31,419.85,138.49,497.18,0.8412,-1,-1,-1
283,33,720.00,460.04,71.53,183.47,0.6373,-1,-1,-1
283,18,982.19,402.27,171.82,643.32,0.8129,-1,-1,-1
283,4,1457.93,429.96,163.97,423.25,0.8574,-1,-1,-1
283,41,837.14,421.59,140.88,494.89,0.8399,-1,-1,-1
284,33,720.68,459.50,72.71,184.42,0.7287,-1,-1,-1
284,18,984.62,400.74,170.71,643.23,0.8060,-1,-1,-1
284,4,1468.92,426.57,163.73,427.64,0.8742,-1,-1,-1
284,41,840.77,422.41,144.52,494.41,0.8557,-1,-1,-1
285,33,720.28,457.65,74.43,186.37,0.7796,-1,-1,-1
285,18,987.13,402.18,169.42,642.26,0.8624,-1,-1,-1
285,4,1477.92,430.82,159.58,421.96,0.8338,-1,-1,-1
285,41,845.46,423.76,148.03,493.49,0.8718,-1,-1,-1
286,33,720.66,455.53,76.55,188.85,0.8160,-1,-1,-1
286,18,989.89,403.54,168.53,642.14,0.8725,-1,-1,-1
286,4,1491.22,432.38,159.19,421.70,0.8978,-1,-1,-1
286,41,846.84,422.85,152.59,495.08,0.8768,-1,-1,-1
287,33,721.47,455.47,77.32,188.63,0.7900,-1,-1,-1
287,18,991.88,404.13,167.97,641.61,0.8653,-1,-1,-1
287,4,1505.48,431.38,161.96,422.45,0.8806,-1,-1,-1
287,41,846.37,424.72,156.06,494.01,0.8887,-1,-1,-1
287,45,1350.13,444.43,35.86,103.03,0.6459,-1,-1,-1
288,33,721.94,450.24,79.33,192.95,0.7517,-1,-1,-1
288,18,992.71,405.40,166.76,639.97,0.8623,-1,-1,-1
288,4,1518.81,431.97,167.32,424.64,0.9117,-1,-1,-1
288,41,846.07,424.88,159.57,494.42,0.8884,-1,-1,-1
288,45,1352.39,444.63,35.89,102.94,0.3106,-1,-1,-1
289,33,725.10,447.62,80.77,196.82,0.7960,-1,-1,-1
289,18,996.08,407.00,165.77,638.26,0.8573,-1,-1,-1
289,4,1529.38,437.38,171.99,421.06,0.9315,-1,-1,-1
289,41,847.18,425.13,162.15,494.35,0.8828,-1,-1,-1
289,45,1355.40,443.24,36.81,105.23,0.4675,-1,-1,-1
290,33,729.00,448.24,80.64,196.71,0.7707,-1,-1,-1
290,18,997.40,405.74,164.95,639.28,0.8689,-1,-1,-1
290,4,1533.39,438.48,180.17,425.17,0.8841,-1,-1,-1
290,41,847.42,423.19,164.79,496.48,0.8796,-1,-1,-1
290,43,1436.72,415.42,137.34,309.72,0.5140,-1,-1,-1
291,33,732.54,450.05,80.85,197.05,0.7546,-1,-1,-1
291,18,998.80,403.16,164.51,640.68,0.8353,-1,-1,-1
291,4,1535.83,438.83,187.64,426.97,0.7202,-1,-1,-1
291,41,845.59,422.65,167.45,497.02,0.8846,-1,-1,-1
291,43,1424.89,421.62,135.75,297.75,0.6731,-1,-1,-1
292,33,736.99,451.34,79.89,196.52,0.7325,-1,-1,-1
292,18,1000.68,402.75,163.76,639.77,0.7978,-1,-1,-1
292,4,1533.57,439.85,194.05,427.19,0.8626,-1,-1,-1
292,41,844.99,423.44,169.23,496.24,0.8714,-1,-1,-1
292,43,1408.00,426.48,130.57,286.37,0.3635,-1,-1,-1
293,33,739.35,449.59,79.31,197.66,0.7919,-1,-1,-1
293,18,1003.13,403.10,163.07,639.51,0.8464,-1,-1,-1
293,4,1530.16,437.49,203.80,436.18,0.8107,-1,-1,-1
293,41,845.28,423.34,170.83,496.66,0.8638,-1,-1,-1
293,43,1401.09,430.27,127.77,279.13,0.7519,-1,-1,-1
294,33,741.74,451.21,77.30,195.30,0.7725,-1,-1,-1
294,18,1004.39,401.90,162.98,641.86,0.8731,-1,-1,-1
294,4,1528.04,435.31,212.08,442.67,0.8751,-1,-1,-1
294,41,846.12,422.28,172.41,498.56,0.8853,-1,-1,-1
294,43,1398.93,429.67,129.07,279.57,0.8328,-1,-1,-1
295,33,744.38,451.41,77.07,195.77,0.7100,-1,-1,-1
295,18,1005.03,401.69,162.08,642.26,0.8672,-1,-1,-1
295,4,1526.21,433.21,218.32,445.43,0.8458,-1,-1,-1
295,41,847.38,420.96,173.40,499.67,0.8656,-1,-1,-1
295,43,1398.85,430.66,131.54,278.90,0.8409,-1,-1,-1
296,33,749.64,450.72,77.35,196.15,0.7885,-1,-1,-1
296,18,1006.37,402.41,161.40,641.25,0.8755,-1,-1,-1
296,4,1530.63,431.16,221.43,446.61,0.7768,-1,-1,-1
296,41,849.54,421.40,173.56,499.69,0.8754,-1,-1,-1
296,43,1397.89,429.79,133.30,280.15,0.8067,-1,-1,-1
297,33,755.06,449.91,77.49,198.49,0.8466,-1,-1,-1
297,18,1008.61,403.38,160.53,639.54,0.8725,-1,-1,-1
297,4,1536.89,431.42,222.28,446.69,0.8597,-1,-1,-1
297,41,851.45,414.71,175.35,506.59,0.8231,-1,-1,-1
297,43,1398.46,433.62,132.03,276.99,0.8073,-1,-1,-1
298,33,755.98,449.20,77.14,199.10,0.8319,-1,-1,-1
298,18,1009.64,404.72,160.04,637.68,0.8551,-1,-1,-1
298,4,1544.97,430.36,222.30,447.23,0.8382,-1,-1,-1
298,41,852.98,417.51,173.87,503.92,0.8301,-1,-1,-1
298,43,1395.77,439.51,127.60,268.78,0.8374,-1,-1,-1
298,48,1007.17,406.72,156.34,628.61,0.6114,-1,-1,-1
299,33,759.92,451.28,76.30,198.35,0.8377,-1,-1,-1
299,18,1011.17,404.45,160.03,636.53,0.8605,-1,-1,-1
299,4,1551.60,426.13,222.96,452.86,0.8494,-1,-1,-1
299,41,858.30,418.24,173.09,508.41,0.6659,-1,-1,-1
299,43,1389.59,446.64,121.73,260.18,0.8128,-1,-1,-1
299,48,1010.57,405.11,156.07,627.06,0.5412,-1,-1,-1
300,33,762.90,451.34,75.76,198.23,0.8486,-1,-1,-1
300,18,1013.46,404.85,159.51,632.69,0.8226,-1,-1,-1
300,4,1559.26,424.85,220.09,454.09,0.7860,-1,-1,-1
300,41,863.75,419.83,171.09,511.37,0.8235,-1,-1,-1
300,43,1374.76,429.44,126.04,276.68,0.8737,-1,-1,-1
300,48,1015.13,402.07,155.98,625.85,0.4885,-1,-1,-1
301,33,765.77,450.36,75.31,199.30,0.8623,-1,-1,-1
301,18,1012.46,404.59,159.08,629.87,0.8178,-1,-1,-1
301,4,1582.37,421.59,217.41,458.35,0.8429,-1,-1,-1
301,41,868.00,420.07,169.96,519.31,0.8227,-1,-1,-1
301,43,1367.80,442.65,116.58,263.37,0.8771,-1,-1,-1
301,48,1013.22,403.67,155.24,621.78,0.6732,-1,-1,-1
302,33,769.17,454.48,74.16,196.40,0.8606,-1,-1,-1
302,18,1011.91,405.48,158.78,625.33,0.8446,-1,-1,-1
302,4,1601.27,417.82,213.73,462.72,0.8808,-1,-1,-1
302,41,871.14,420.22,168.45,526.30,0.8087,-1,-1,-1
302,43,1360.31,451.07,110.59,255.71,0.8772,-1,-1,-1
302,48,1013.05,405.23,155.11,618.79,0.5793,-1,-1,-1
303,33,770.24,454.25,74.36,197.54,0.8554,-1,-1,-1
303,18,1013.59,404.88,158.75,622.59,0.8407,-1,-1,-1
303,4,1615.36,413.27,213.12,475.66,0.9028,-1,-1,-1
303,41,869.52,419.59,167.52,531.15,0.7835,-1,-1,-1
303,43,1346.67,430.91,115.90,274.88,0.8694,-1,-1,-1
303,48,1015.21,405.27,155.19,616.90,0.5973,-1,-1,-1
303,50,-8.81,655.98,133.48,202.39,0.6458,-1,-1,-1
304,33,772.97,453.99,74.92,198.75,0.8306,-1,-1,-1
304,18,1016.48,404.28,160.15,622.87,0.8433,-1,-1,-1
304,4,1627.01,411.26,212.15,488.47,0.8854,-1,-1,-1
304,41,865.83,419.28,166.99,533.24,0.7896,-1,-1,-1
304,43,1335.96,423.22,117.04,282.29,0.8567,-1,-1,-1
304,48,1022.74,409.22,154.74,612.01,0.3192,-1,-1,-1
304,50,-31.08,583.62,179.75,274.73,0.7237,-1,-1,-1
304,39,505.14,458.23,38.07,102.83,0.5245,-1,-1,-1
305,33,773.80,451.24,76.66,203.44,0.8161,-1,-1,-1
305,18,1020.94,404.59,162.17,620.88,0.8212,-1,-1,-1
305,4,1637.21,413.68,207.67,493.62,0.8598,-1,-1,-1
305,41,866.95,418.91,165.57,534.33,0.8073,-1,-1,-1
305,43,1329.49,423.27,115.61,281.49,0.8459,-1,-1,-1
305,48,1018.79,407.77,151.05,593.61,0.6743,-1,-1,-1
305,50,-49.03,523.32,216.66,335.88,0.6088,-1,-1,-1
305,39,505.16,457.20,38.12,103.83,0.4787,-1,-1,-1
306,33,774.92,448.76,77.72,206.66,0.5188,-1,-1,-1
306,18,1027.89,405.08,164.82,616.56,0.8396,-1,-1,-1
306,4,1653.37,415.07,205.94,496.63,0.9002,-1,-1,-1
306,41,868.29,418.55,164.11,534.58,0.8232,-1,-1,-1
306,43,1322.62,432.42,112.80,271.24,0.8352,-1,-1,-1
306,48,1020.03,409.17,150.17,585.40,0.4009,-1,-1,-1
306,50,-61.91,472.61,244.65,386.82,0.7747,-1,-1,-1
306,39,504.58,456.93,38.60,104.29,0.5104,-1,-1,-1
307,33,777.35,447.85,78.33,208.68,0.8284,-1,-1,-1
307,18,1032.67,403.28,168.72,615.87,0.8422,-1,-1,-1
307,4,1675.36,421.67,205.84,493.61,0.8041,-1,-1,-1
307,41,868.56,418.46,162.77,533.90,0.8319,-1,-1,-1
307,43,1318.27,444.46,109.76,257.39,0.8621,-1,-1,-1
307,50,-72.90,424.54,268.20,435.10,0.7307,-1,-1,-1
307,39,504.31,458.88,38.01,102.50,0.5027,-1,-1,-1
307,51,1186.00,443.11,39.57,105.38,0.6900,-1,-1,-1
308,33,779.10,446.82,78.45,209.92,0.8393,-1,-1,-1
308,18,1036.06,402.54,172.91,614.06,0.8642,-1,-1,-1
308,4,1688.04,418.92,210.88,498.10,0.7653,-1,-1,-1
308,41,869.69,418.70,161.41,532.94,0.8332,-1,-1,-1
308,43,1309.47,434.94,115.27,265.66,0.8661,-1,-1,-1
308,50,-76.73,396.94,276.86,462.73,0.7608,-1,-1,-1
308,39,503.77,459.68,38.14,101.92,0.3491,-1,-1,-1
308,51,1187.39,440.92,40.66,108.15,0.3433,-1,-1,-1
308,52,1610.18,408.43,123.37,397.73,0.7515,-1,-1,-1
309,33,783.96,446.35,77.47,209.77,0.8320,-1,-1,-1
309,18,1038.50,400.74,177.93,614.26,0.8694,-1,-1,-1
309,4,1689.85,416.90,215.98,502.87,0.8973,-1,-1,-1
309,41,870.02,419.64,160.06,531.26,0.8556,-1,-1,-1
309,43,1302.90,431.73,118.77,269.29,0.8572,-1,-1,-1
309,50,-77.31,381.29,276.94,478.82,0.8705,-1,-1,-1
309,51,1189.66,443.40,39.53,105.12,0.5603,-1,-1,-1
309,52,1616.35,406.42,126.09,406.13,0.6377,-1,-1,-1
310,33,788.18,444.79,76.85,211.27,0.8247,-1,-1,-1
310,18,1040.26,400.52,182.80,613.28,0.8869,-1,-1,-1
310,4,1688.59,417.82,221.24,508.74,0.9241,-1,-1,-1
310,41,870.60,419.73,159.02,530.96,0.8367,-1,-1,-1
310,43,1297.15,429.18,121.32,271.22,0.8312,-1,-1,-1
310,50,-74.20,374.53,270.74,485.28,0.8875,-1,-1,-1
310,51,1190.75,445.13,39.01,103.47,0.6204,-1,-1,-1
310,52,1626.19,406.56,126.47,406.65,0.5465,-1,-1,-1
311,33,792.50,444.32,75.93,211.90,0.8351,-1,-1,-1
311,18,1039.27,402.43,187.01,610.66,0.8894,-1,-1,-1
311,4,1686.08,419.63,226.65,515.55,0.9098,-1,-1,-1
311,41,870.94,420.02,158.24,530.73,0.8337,-1,-1,-1
311,43,1291.60,430.81,119.76,265.85,0.8431,-1,-1,-1
311,50,-69.70,373.96,259.87,483.88,0.8929,-1,-1,-1
311,51,1191.80,446.96,38.31,101.22,0.6253,-1,-1,-1
311,52,1634.55,409.42,125.73,403.77,0.5107,-1,-1,-1
311,54,733.65,482.04,47.57,115.04,0.5882,-1,-1,-1
312,33,796.31,446.74,74.48,209.46,0.8240,-1,-1,-1
312,18,1038.74,404.08,190.46,608.43,0.8946,-1,-1,-1
312,4,1685.14,420.55,229.98,518.79,0.8824,-1,-1,-1
312,41,870.64,419.74,158.17,531.71,0.8512,-1,-1,-1
312,43,1280.01,429.43,118.45,262.24,0.8544,-1,-1,-1
312,50,-62.85,376.35,250.15,483.23,0.9024,-1,-1,-1
312,51,1192.16,444.85,39.81,105.17,0.6217,-1,-1,-1
312,52,1634.31,411.17,127.06,404.38,0.5703,-1,-1,-1
312,54,733.82,482.26,47.52,114.91,0.5554,-1,-1,-1
313,33,799.91,445.93,74.99,210.41,0.8003,-1,-1,-1
313,18,1037.19,404.04,194.19,608.28,0.8984,-1,-1,-1
313,4,1685.73,421.33,231.71,519.76,0.8841,-1,-1,-1
313,41,870.02,419.54,158.13,532.30,0.8278,-1,-1,-1
313,43,1270.29,429.63,116.42,259.32,0.8619,-1,-1,-1
313,50,-51.72,378.46,241.55,481.75,0.9288,-1,-1,-1
313,51,1191.84,439.70,42.32,112.02,0.3171,-1,-1,-1
313,52,1638.37,414.89,127.84,401.03,0.4322,-1,-1,-1
313,54,734.01,481.35,47.87,115.71,0.5758,-1,-1,-1
314,33,802.29,445.91,75.19,210.54,0.8086,-1,-1,-1
314,18,1036.05,404.08,197.12,607.52,0.8958,-1,-1,-1
314,4,1689.03,419.85,232.77,522.13,0.8954,-1,-1,-1
314,41,869.67,418.83,158.35,533.23,0.8230,-1,-1,-1
314,43,1263.64,426.81,114.66,260.92,0.8627,-1,-1,-1
314,50,-37.10,380.93,233.79,479.03,0.9057,-1,-1,-1
314,51,1191.95,436.94,43.78,116.25,0.4777,-1,-1,-1
314,54,736.49,484.45,46.50,112.57,0.3083,-1,-1,-1
315,33,805.20,444.38,76.13,212.68,0.8006,-1,-1,-1
315,18,1036.91,402.15,199.79,609.92,0.8869,-1,-1,-1
315,4,1724.52,421.11,223.19,519.80,0.7766,-1,-1,-1
315,41,869.65,417.89,158.72,533.85,0.8291,-1,-1,-1
315,43,1256.95,426.49,111.96,261.02,0.8514,-1,-1,-1
315,50,-14.32,384.74,227.75,473.83,0.9118,-1,-1,-1
315,51,1192.36,434.25,44.25,117.77,0.6071,-1,-1,-1
315,54,737.69,483.89,46.70,113.46,0.4773,-1,-1,-1
316,33,807.20,444.25,76.99,214.13,0.8022,-1,-1,-1
316,18,1038.47,403.05,200.30,607.75,0.8956,-1,-1,-1
316,4,1743.86,421.29,214.75,520.84,0.8537,-1,-1,-1
316,41,868.36,415.55,159.39,536.03,0.8257,-1,-1,-1
316,43,1253.36,427.35,108.36,261.11,0.8476,-1,-1,-1
316,50,8.06,388.89,226.01,469.88,0.4406,-1,-1,-1
316,51,1194.36,433.76,44.56,118.66,0.6584,-1,-1,-1
316,54,738.04,483.76,46.65,113.79,0.3697,-1,-1,-1
316,56,498.19,450.98,43.66,110.17,0.6048,-1,-1,-1
317,33,805.83,444.22,76.61,214.86,0.7943,-1,-1,-1
317,18,1039.25,402.48,201.32,608.34,0.8945,-1,-1,-1
317,4,1758.87,423.28,204.82,519.35,0.7725,-1,-1,-1
317,41,868.96,416.36,159.74,535.36,0.8372,-1,-1,-1
317,43,1248.83,423.45,106.14,263.15,0.8645,-1,-1,-1
317,50,23.82,390.49,228.79,470.02,0.9030,-1,-1,-1
317,51,1195.78,434.28,44.17,117.98,0.6216,-1,-1,-1
317,54,736.50,483.89,46.72,114.53,0.3001,-1,-1,-1
317,56,497.18,450.25,43.94,110.97,0.6255,-1,-1,-1
318,33,806.85,444.44,76.13,214.48,0.7795,-1,-1,-1
318,18,1040.97,402.56,201.61,607.54,0.8938,-1,-1,-1
318,4,1768.99,421.23,195.18,517.48,0.5688,-1,-1,-1
318,41,869.28,418.33,160.26,535.57,0.7673,-1,-1,-1
318,43,1245.71,427.33,102.25,258.64,0.8784,-1,-1,-1
318,50,34.68,392.59,232.92,469.21,0.9212,-1,-1,-1
318,51,1199.33,436.46,42.99,113.83,0.6290,-1,-1,-1
318,54,734.03,483.70,46.54,114.44,0.3250,-1,-1,-1
318,56,496.42,451.36,43.44,109.78,0.6516,-1,-1,-1
319,33,811.42,444.77,75.49,213.97,0.7879,-1,-1,-1
319,18,1042.80,402.87,201.68,606.55,0.8950,-1,-1,-1
319,4,1778.94,418.21,186.41,518.88,0.7187,-1,-1,-1
319,41,868.64,419.20,160.83,535.72,0.8204,-1,-1,-1
319,43,1240.00,427.58,101.45,258.66,0.8646,-1,-1,-1
319,50,40.00,393.12,237.89,469.48,0.9211,-1,-1,-1
319,51,1202.27,438.41,42.17,110.61,0.6497,-1,-1,-1
319,56,495.60,453.11,42.80,108.27,0.6350,-1,-1,-1
320,33,814.83,445.32,75.15,213.59,0.7368,-1,-1,-1
320,18,1044.62,403.54,201.41,605.85,0.8877,-1,-1,-1
320,4,1787.83,416.48,178.17,522.12,0.8198,-1,-1,-1
320,41,868.70,419.36,161.63,535.83,0.8421,-1,-1,-1
320,43,1234.70,433.22,100.07,252.85,0.8366,-1,-1,-1
320,50,44.55,395.89,241.21,465.83,0.9195,-1,-1,-1
320,51,1204.99,440.12,41.17,107.75,0.4186,-1,-1,-1
320,56,494.75,450.90,43.42,110.13,0.6052,-1,-1,-1
321,33,816.90,447.27,73.88,211.35,0.7501,-1,-1,-1
321,18,1045.87,403.14,201.40,606.25,0.8906,-1,-1,-1
321,4,1799.16,419.64,167.55,519.41,0.8007,-1,-1,-1
321,41,869.89,417.81,161.86,535.83,0.6969,-1,-1,-1
321,43,1234.29,434.94,99.53,250.19,0.8550,-1,-1,-1
321,50,46.45,397.40,244.87,463.40,0.9178,-1,-1,-1
321,51,1208.73,442.09,37.76,97.93,0.3528,-1,-1,-1
321,56,493.35,449.13,43.78,111.51,0.5623,-1,-1,-1
321,57,1438.19,434.67,41.67,115.37,0.6093,-1,-1,-1
321,52,1719.19,398.12,140.07,439.86,0.5435,-1,-1,-1
322,33,819.14,448.33,73.35,210.46,0.7623,-1,-1,-1
322,18,1048.11,405.41,201.33,606.41,0.8339,-1,-1,-1
322,4,1811.07,425.63,155.91,513.65,0.8001,-1,-1,-1
322,41,870.12,416.62,162.06,536.34,0.8841,-1,-1,-1
322,43,1233.69,439.39,98.30,244.85,0.7721,-1,-1,-1
322,50,50.56,399.27,246.23,455.45,0.9092,-1,-1,-1
322,56,491.85,447.77,44.23,112.88,0.6036,-1,-1,-1
322,57,1438.20,434.08,41.85,115.57,0.6544,-1,-1,-1
322,52,1731.32,395.89,141.27,442.81,0.5418,-1,-1,-1
323,33,821.54,451.34,72.45,207.28,0.6972,-1,-1,-1
323,18,1049.59,404.32,201.41,607.93,0.8870,-1,-1,-1
323,4,1823.39,454.93,138.35,483.12,0.7053,-1,-1,-1
323,41,872.15,416.17,162.40,536.54,0.8952,-1,-1,-1
323,43,1231.37,440.30,97.95,243.08,0.8400,-1,-1,-1
323,50,52.47,401.49,249.09,450.65,0.9175,-1,-1,-1
323,56,491.47,447.22,44.25,113.14,0.6454,-1,-1,-1
323,57,1441.91,437.39,40.79,111.72,0.4443,-1,-1,-1
323,52,1738.79,393.40,142.75,447.88,0.7663,-1,-1,-1
324,33,822.79,454.78,71.56,203.67,0.6439,-1,-1,-1
324,18,1051.25,400.96,201.56,611.03,0.8907,-1,-1,-1
324,4,1825.74,438.51,134.76,498.98,0.5447,-1,-1,-1
324,41,873.47,416.42,162.48,535.99,0.8837,-1,-1,-1
324,43,1224.94,438.76,99.21,245.40,0.8261,-1,-1,-1
324,50,55.33,403.07,250.76,445.25,0.9268,-1,-1,-1
324,56,490.71,447.54,44.08,112.87,0.6394,-1,-1,-1
324,57,1445.60,440.03,40.44,109.49,0.3017,-1,-1,-1
324,52,1748.63,394.91,143.46,451.51,0.6402,-1,-1,-1
325,33,825.64,456.23,72.03,203.76,0.3118,-1,-1,-1
325,18,1052.80,398.67,201.46,613.32,0.8915,-1,-1,-1
325,4,1827.58,410.99,132.30,519.62,0.5349,-1,-1,-1
325,41,874.43,416.18,162.54,536.03,0.8935,-1,-1,-1
325,43,1220.34,442.39,98.05,241.63,0.7770,-1,-1,-1
325,50,58.95,402.86,253.40,444.22,0.9279,-1,-1,-1
325,56,490.24,448.49,43.60,111.79,0.6146,-1,-1,-1
325,57,1449.57,439.08,40.83,109.53,0.6212,-1,-1,-1
325,52,1759.76,392.23,148.23,465.14,0.5740,-1,-1,-1
326,18,1053.81,397.62,201.10,614.79,0.9040,-1,-1,-1
326,41,875.15,416.41,162.43,535.80,0.8912,-1,-1,-1
326,43,1214.97,451.52,93.97,230.22,0.5604,-1,-1,-1
326,50,66.47,403.08,253.02,440.87,0.9168,-1,-1,-1
326,56,489.45,447.58,44.01,112.99,0.5752,-1,-1,-1
326,57,1452.20,440.04,40.90,108.77,0.5047,-1,-1,-1
326,52,1766.94,392.06,148.57,463.99,0.6081,-1,-1,-1
327,18,1053.79,397.34,201.04,618.26,0.8953,-1,-1,-1
327,41,876.57,416.56,161.94,535.52,0.8561,-1,-1,-1
327,50,76.44,392.16,254.97,446.84,0.8865,-1,-1,-1
327,56,488.70,447.45,43.87,112.95,0.6294,-1,-1,-1
327,57,1454.03,442.64,40.69,106.15,0.6401,-1,-1,-1
327,52,1769.21,391.55,150.75,469.40,0.6708,-1,-1,-1
327,4,1787.78,393.71,139.28,541.82,0.5453,-1,-1,-1
328,18,1054.05,397.50,200.61,620.28,0.8868,-1,-1,-1
328,41,877.83,416.92,161.59,535.59,0.8603,-1,-1,-1
328,50,90.77,391.92,248.63,439.84,0.9266,-1,-1,-1
328,56,488.59,450.02,42.49,109.79,0.4445,-1,-1,-1
328,57,1455.82,441.76,41.02,106.56,0.6363,-1,-1,-1
328,52,1768.25,388.23,155.75,486.21,0.6205,-1,-1,-1
328,4,1776.85,386.81,142.80,551.45,0.7150,-1,-1,-1
329,18,1054.94,396.95,199.78,619.89,0.9151,-1,-1,-1
329,41,878.05,416.08,161.79,537.20,0.8306,-1,-1,-1
329,50,104.72,391.75,241.57,434.61,0.9014,-1,-1,-1
329,56,489.29,453.39,41.16,106.19,0.3995,-1,-1,-1
329,57,1457.72,440.79,40.71,105.79,0.6450,-1,-1,-1
329,52,1763.27,390.81,166.97,527.48,0.5042,-1,-1,-1
329,4,1772.68,389.23,143.48,549.36,0.5464,-1,-1,-1
330,18,1055.15,395.62,199.39,620.85,0.9224,-1,-1,-1
330,41,875.76,417.42,162.29,535.80,0.8472,-1,-1,-1
330,50,120.10,395.64,232.10,428.41,0.8770,-1,-1,-1
330,56,488.62,453.31,41.55,107.19,0.4872,-1,-1,-1
330,57,1459.51,440.19,40.35,105.16,0.5617,-1,-1,-1
330,52,1765.72,391.58,162.77,516.53,0.5537,-1,-1,-1
330,4,1771.92,391.63,143.10,543.11,0.5234,-1,-1,-1
331,18,1056.29,395.26,199.02,621.04,0.9215,-1,-1,-1
331,41,876.07,419.33,162.24,533.59,0.8321,-1,-1,-1
331,50,136.37,393.30,225.27,430.32,0.8577,-1,-1,-1
331,56,488.36,454.03,41.09,105.82,0.4153,-1,-1,-1
331,57,1462.31,439.80,40.39,106.17,0.6205,-1,-1,-1
331,4,1777.96,391.76,131.27,485.94,0.7622,-1,-1,-1
332,18,1057.37,396.20,198.64,621.07,0.9167,-1,-1,-1
332,41,877.18,419.73,163.15,532.59,0.7403,-1,-1,-1
332,50,158.04,392.52,216.84,430.72,0.8682,-1,-1,-1
332,56,488.02,452.42,41.71,107.87,0.4349,-1,-1,-1
332,57,1466.41,439.94,40.11,105.95,0.7327,-1,-1,-1
332,4,1780.15,392.35,127.60,462.18,0.7959,-1,-1,-1
333,18,1058.80,397.66,197.98,619.38,0.9106,-1,-1,-1
333,41,876.02,418.44,165.13,534.62,0.8391,-1,-1,-1
333,50,177.93,394.94,208.27,428.01,0.8488,-1,-1,-1
333,56,488.68,452.36,41.56,107.97,0.4115,-1,-1,-1
333,57,1469.85,440.64,39.29,104.30,0.7214,-1,-1,-1
333,4,1780.19,392.96,127.97,455.00,0.7605,-1,-1,-1
334,18,1059.52,397.74,197.67,619.62,0.9214,-1,-1,-1
334,41,875.94,417.91,166.42,534.67,0.8354,-1,-1,-1
334,50,194.10,398.34,201.80,425.33,0.8237,-1,-1,-1
334,56,489.28,453.28,40.81,106.39,0.3208,-1,-1,-1
334,57,1471.46,439.88,40.17,107.14,0.5069,-1,-1,-1
334,4,1781.52,391.70,130.02,457.40,0.5144,-1,-1,-1
335,18,1059.82,397.74,196.90,618.57,0.9254,-1,-1,-1
335,41,877.44,417.08,167.65,535.08,0.8239,-1,-1,-1
335,50,199.01,413.41,194.66,409.48,0.7942,-1,-1,-1
335,56,488.83,450.33,42.15,110.64,0.4832,-1,-1,-1
335,57,1473.78,438.36,40.24,107.48,0.6052,-1,-1,-1
335,4,1785.25,403.17,128.42,448.43,0.4508,-1,-1,-1
335,63,5.09,466.43,129.77,318.36,0.7302,-1,-1,-1
336,18,1059.58,397.81,196.58,618.48,0.9248,-1,-1,-1
336,41,876.15,417.57,168.43,534.88,0.8676,-1,-1,-1
336,50,212.00,409.58,193.85,411.08,0.7512,-1,-1,-1
336,56,487.82,448.80,42.46,112.16,0.4694,-1,-1,-1
336,57,1474.99,437.07,40.20,108.08,0.5281,-1,-1,-1
336,4,1791.80,422.22,124.04,431.38,0.4601,-1,-1,-1
336,63,3.61,448.90,137.96,338.19,0.8455,-1,-1,-1
337,18,1060.64,398.38,196.47,618.21,0.9202,-1,-1,-1
337,41,875.82,417.65,169.03,534.58,0.8486,-1,-1,-1
337,50,227.01,423.35,188.49,397.74,0.8045,-1,-1,-1
337,57,1476.20,435.49,40.90,110.18,0.6488,-1,-1,-1
337,4,1800.36,427.60,121.72,427.83,0.4283,-1,-1,-1
337,63,4.02,441.51,140.93,344.87,0.8706,-1,-1,-1
338,18,1061.65,398.00,196.62,618.26,0.9203,-1,-1,-1
338,41,877.74,417.92,169.92,535.08,0.6874,-1,-1,-1
338,50,246.24,434.31,185.31,387.00,0.8109,-1,-1,-1
338,57,1478.72,435.42,40.80,109.57,0.7275,-1,-1,-1
338,63,5.05,443.09,140.48,342.81,0.8726,-1,-1,-1
339,18,1061.69,397.57,196.38,618.45,0.9283,-1,-1,-1
339,41,875.92,417.51,170.73,536.32,0.8110,-1,-1,-1
339,50,249.59,413.13,196.35,408.83,0.8626,-1,-1,-1
339,57,1481.54,436.37,40.71,108.81,0.5462,-1,-1,-1
339,63,5.10,442.11,141.14,343.31,0.8951,-1,-1,-1
340,18,1062.79,398.71,195.93,616.87,0.9266,-1,-1,-1
340,41,876.77,417.43,170.71,536.36,0.8418,-1,-1,-1
340,50,251.97,408.86,200.56,413.40,0.8302,-1,-1,-1
340,57,1483.69,436.16,40.93,109.25,0.4941,-1,-1,-1
340,63,3.88,439.06,142.90,346.70,0.8936,-1,-1,-1
341,18,1064.09,401.12,195.24,614.49,0.9252,-1,-1,-1
341,41,877.75,416.97,170.80,536.84,0.8277,-1,-1,-1
341,50,256.27,425.13,195.72,397.56,0.8924,-1,-1,-1
341,63,3.90,438.17,143.44,346.78,0.8973,-1,-1,-1
342,18,1066.48,400.57,195.70,614.80,0.9180,-1,-1,-1
342,41,879.98,418.22,170.97,536.60,0.7874,-1,-1,-1
342,50,258.02,432.88,194.65,388.96,0.8995,-1,-1,-1
342,63,4.40,438.34,143.71,345.85,0.8933,-1,-1,-1
343,18,1066.03,400.95,195.54,614.44,0.9210,-1,-1,-1
343,41,882.25,417.32,171.09,537.04,0.6172,-1,-1,-1
343,50,257.90,435.03,195.45,385.65,0.9046,-1,-1,-1
343,63,3.18,435.37,147.04,353.44,0.8537,-1,-1,-1
344,18,1066.65,400.51,195.82,615.19,0.9200,-1,-1,-1
344,41,883.94,416.90,171.09,537.16,0.8631,-1,-1,-1
344,50,255.13,420.95,202.66,397.91,0.8976,-1,-1,-1
344,63,6.57,436.37,145.80,351.50,0.8474,-1,-1,-1
344,54,737.87,483.39,46.50,116.62,0.5001,-1,-1,-1
345,18,1068.33,401.41,195.85,613.87,0.9198,-1,-1,-1
345,41,883.09,418.69,170.51,537.03,0.7410,-1,-1,-1
345,50,254.58,412.63,206.34,404.63,0.9204,-1,-1,-1
345,63,8.83,434.50,146.66,354.35,0.8769,-1,-1,-1
345,54,736.33,482.37,47.15,117.54,0.3208,-1,-1,-1
346,18,1068.48,401.37,196.09,614.10,0.9175,-1,-1,-1
346,41,884.73,419.38,170.83,537.99,0.8446,-1,-1,-1
346,50,257.56,403.90,208.66,411.78,0.9166,-1,-1,-1
346,63,22.43,435.34,143.45,350.81,0.8810,-1,-1,-1
346,54,735.61,481.19,47.92,118.75,0.4285,-1,-1,-1
347,18,1069.85,402.67,196.16,612.98,0.9126,-1,-1,-1
347,41,886.82,419.78,170.87,538.34,0.8620,-1,-1,-1
347,50,263.37,399.11,208.60,416.66,0.8987,-1,-1,-1
347,63,38.34,437.71,139.86,346.11,0.8743,-1,-1,-1
347,54,735.15,481.71,47.98,118.34,0.3160,-1,-1,-1
348,18,1070.18,401.08,197.08,614.50,0.9120,-1,-1,-1
348,41,887.92,419.82,169.51,536.88,0.7429,-1,-1,-1
348,50,274.37,399.52,204.67,415.41,0.8783,-1,-1,-1
348,63,48.00,436.84,139.53,347.80,0.7858,-1,-1,-1
348,54,734.54,481.65,48.34,118.44,0.5059,-1,-1,-1
349,18,1070.71,402.25,197.29,613.49,0.9136,-1,-1,-1
349,41,891.79,417.04,169.01,537.81,0.8512,-1,-1,-1
349,50,285.63,398.25,197.20,408.63,0.8462,-1,-1,-1
349,63,53.87,435.48,140.01,349.01,0.5926,-1,-1,-1
350,18,1070.28,401.00,197.92,614.18,0.9129,-1,-1,-1
350,41,894.83,416.24,168.79,537.70,0.6960,-1,-1,-1
350,50,295.87,391.66,192.84,411.49,0.8252,-1,-1,-1
350,63,69.28,435.78,139.58,347.61,0.8644,-1,-1,-1
351,18,1069.11,402.01,198.19,615.05,0.8926,-1,-1,-1
351,41,895.21,417.95,168.22,536.27,0.8334,-1,-1,-1
351,50,309.21,391.64,184.23,407.88,0.8583,-1,-1,-1
351,63,81.42,436.27,142.48,346.57,0.8762,-1,-1,-1
352,18,1068.97,402.42,198.47,615.09,0.9017,-1,-1,-1
352,41,897.22,417.24,167.85,535.56,0.8145,-1,-1,-1
352,50,324.55,396.10,175.51,403.14,0.8541,-1,-1,-1
352,63,91.49,438.10,145.94,343.77,0.9003,-1,-1,-1
352,64,3.61,503.29,55.17,353.58,0.6207,-1,-1,-1
353,18,1068.18,400.47,198.93,615.56,0.7734,-1,-1,-1
353,41,897.70,416.50,167.49,535.48,0.8532,-1,-1,-1
353,50,341.63,410.67,163.78,388.16,0.6297,-1,-1,-1
353,63,101.85,436.60,152.07,345.69,0.9102,-1,-1,-1
353,64,7.11,503.11,55.43,353.19,0.7238,-1,-1,-1
354,18,1068.05,398.61,199.59,616.83,0.9137,-1,-1,-1
354,41,899.77,416.53,167.51,535.10,0.8236,-1,-1,-1
354,50,341.53,402.58,164.71,396.77,0.6626,-1,-1,-1
354,63,108.59,436.59,157.32,345.58,0.8933,-1,-1,-1
354,64,12.00,499.74,56.32,354.13,0.7764,-1,-1,-1
355,18,1067.79,399.13,199.26,615.63,0.9173,-1,-1,-1
355,41,899.39,418.01,166.88,532.75,0.8394,-1,-1,-1
355,50,359.64,400.42,160.42,396.96,0.6284,-1,-1,-1
355,63,112.19,438.37,160.12,339.93,0.9002,-1,-1,-1
355,64,22.73,478.87,60.97,371.88,0.8094,-1,-1,-1
356,18,1067.52,400.16,199.12,615.13,0.8946,-1,-1,-1
356,41,900.58,418.41,165.03,528.61,0.8253,-1,-1,-1
356,50,354.73,398.26,161.65,398.78,0.6854,-1,-1,-1
356,63,117.78,437.60,161.89,336.20,0.8669,-1,-1,-1
356,64,37.31,455.91,68.48,394.07,0.8508,-1,-1,-1
357,18,1068.56,399.70,200.02,616.69,0.8929,-1,-1,-1
357,41,900.54,418.41,164.02,526.68,0.8459,-1,-1,-1
357,50,380.99,401.03,160.30,395.80,0.6257,-1,-1,-1
357,63,124.61,438.33,161.91,331.52,0.8625,-1,-1,-1
357,64,49.31,445.97,76.33,406.38,0.8661,-1,-1,-1
358,18,1069.20,399.66,200.55,617.31,0.8933,-1,-1,-1
358,41,900.55,416.85,163.94,528.40,0.8125,-1,-1,-1
358,50,396.27,400.37,161.74,395.89,0.7559,-1,-1,-1
358,63,132.27,441.61,160.88,327.70,0.8570,-1,-1,-1
358,64,58.37,443.37,84.40,409.51,0.8919,-1,-1,-1
358,43,1043.71,427.45,82.55,219.02,0.6394,-1,-1,-1
359,18,1070.00,398.84,201.25,618.37,0.8941,-1,-1,-1
359,41,903.15,415.40,163.37,530.00,0.5321,-1,-1,-1
359,50,406.21,404.33,162.62,392.26,0.8238,-1,-1,-1
359,63,137.93,440.92,160.92,327.96,0.8723,-1,-1,-1
359,64,60.13,441.99,92.82,411.43,0.8979,-1,-1,-1
359,43,1038.22,427.16,80.00,219.32,0.4478,-1,-1,-1
360,18,1070.83,399.97,201.66,617.70,0.8976,-1,-1,-1
360,50,412.51,410.40,163.14,385.77,0.8148,-1,-1,-1
360,63,145.42,440.67,158.52,324.61,0.8380,-1,-1,-1
360,64,60.38,442.20,101.44,411.29,0.9139,-1,-1,-1
361,18,1071.89,401.25,202.05,616.37,0.8961,-1,-1,-1
361,50,414.85,405.63,168.89,391.19,0.8699,-1,-1,-1
361,63,155.34,437.93,156.60,326.78,0.8240,-1,-1,-1
361,64,58.97,440.98,110.52,412.62,0.9172,-1,-1,-1
361,41,910.12,415.72,161.15,526.65,0.7768,-1,-1,-1
362,18,1072.82,402.45,202.30,615.05,0.9054,-1,-1,-1
362,50,414.97,405.00,172.63,392.64,0.8668,-1,-1,-1
362,63,159.89,437.40,154.08,327.87,0.7534,-1,-1,-1
362,64,57.84,440.07,119.88,412.66,0.9076,-1,-1,-1
362,41,911.45,414.89,160.24,525.65,0.8454,-1,-1,-1
363,18,1072.96,402.38,202.87,614.76,0.8947,-1,-1,-1
363,50,413.60,406.05,175.30,391.34,0.8628,-1,-1,-1
363,63,165.86,439.28,149.87,326.36,0.8156,-1,-1,-1
363,64,54.36,440.93,128.32,410.80,0.9038,-1,-1,-1
363,41,917.62,416.82,158.06,518.99,0.8498,-1,-1,-1
364,18,1073.01,402.53,203.55,614.57,0.8943,-1,-1,-1
364,50,412.77,408.83,176.82,388.81,0.8801,-1,-1,-1
364,63,175.63,442.91,143.63,322.11,0.7797,-1,-1,-1
364,64,50.52,440.53,136.62,409.82,0.9124,-1,-1,-1
364,41,917.78,416.38,157.56,517.09,0.8645,-1,-1,-1
364,54,733.16,482.47,47.51,117.31,0.5008,-1,-1,-1
365,18,1072.59,403.13,203.89,613.59,0.8961,-1,-1,-1
365,50,410.96,408.88,179.05,388.25,0.9009,-1,-1,-1
365,63,184.26,442.25,139.86,322.59,0.7392,-1,-1,-1
365,64,47.25,437.40,145.61,412.73,0.8987,-1,-1,-1
365,41,918.82,416.61,157.54,516.48,0.8652,-1,-1,-1
365,54,733.45,481.40,47.57,118.73,0.5001,-1,-1,-1
366,18,1071.90,401.51,204.99,615.42,0.8941,-1,-1,-1
366,50,410.96,407.09,180.38,386.82,0.8993,-1,-1,-1
366,63,192.82,440.13,136.97,324.52,0.8115,-1,-1,-1
366,64,45.27,436.76,152.51,411.48,0.9065,-1,-1,-1
366,41,919.60,416.04,158.10,517.62,0.8741,-1,-1,-1
366,54,733.22,481.73,46.64,117.76,0.4195,-1,-1,-1
367,18,1072.45,401.59,205.64,615.18,0.8719,-1,-1,-1
367,50,409.50,405.83,181.33,385.65,0.9049,-1,-1,-1
367,63,204.90,440.44,133.88,323.48,0.8052,-1,-1,-1
367,64,54.27,439.97,153.41,400.00,0.8606,-1,-1,-1
367,41,920.97,413.82,158.66,520.27,0.8838,-1,-1,-1
367,54,732.53,481.44,46.27,117.53,0.5167,-1,-1,-1
368,18,1074.21,399.89,207.38,616.87,0.8614,-1,-1,-1
368,50,407.55,400.26,183.10,387.57,0.9079,-1,-1,-1
368,63,218.17,437.95,133.76,326.13,0.8204,-1,-1,-1
368,64,65.38,439.43,152.84,391.19,0.8868,-1,-1,-1
368,41,922.55,413.60,158.02,519.90,0.8939,-1,-1,-1
368,54,732.12,481.32,46.12,117.46,0.5364,-1,-1,-1
369,18,1075.24,399.33,208.83,617.75,0.8392,-1,-1,-1
369,50,409.25,398.76,183.36,388.40,0.9138,-1,-1,-1
369,63,232.89,437.64,134.95,327.33,0.8789,-1,-1,-1
369,64,81.02,436.56,151.97,389.95,0.8605,-1,-1,-1
369,41,925.10,415.09,157.21,517.65,0.9003,-1,-1,-1
369,54,732.35,481.89,45.86,117.08,0.4850,-1,-1,-1
370,18,1075.02,397.42,210.36,619.53,0.8718,-1,-1,-1
370,50,413.61,405.12,180.78,383.79,0.8812,-1,-1,-1
370,63,245.74,435.51,137.72,329.37,0.8853,-1,-1,-1
370,64,97.00,436.99,148.32,386.84,0.8717,-1,-1,-1
370,41,928.11,414.39,157.28,517.94,0.8901,-1,-1,-1
370,54,731.74,481.14,45.92,117.51,0.4735,-1,-1,-1
371,18,1073.08,396.73,210.77,619.92,0.8099,-1,-1,-1
371,50,420.72,405.03,179.10,383.88,0.9018,-1,-1,-1
371,63,253.66,436.60,139.72,327.82,0.8690,-1,-1,-1
371,64,115.50,440.63,143.90,380.92,0.8720,-1,-1,-1
371,41,930.49,412.97,157.98,520.85,0.8805,-1,-1,-1
371,54,731.13,481.41,46.25,118.35,0.4647,-1,-1,-1
372,18,1073.69,397.18,211.29,619.24,0.8859,-1,-1,-1
372,50,433.17,422.07,167.10,360.61,0.8781,-1,-1,-1
372,63,257.59,439.72,140.92,323.64,0.8537,-1,-1,-1
372,64,125.98,440.02,142.28,381.92,0.8553,-1,-1,-1
372,41,932.68,411.50,157.95,521.85,0.8770,-1,-1,-1
372,54,731.16,482.29,45.55,116.98,0.3927,-1,-1,-1
373,18,1074.27,396.87,211.98,618.74,0.9009,-1,-1,-1
373,50,444.87,407.36,168.74,370.00,0.8564,-1,-1,-1
373,63,264.53,437.64,140.97,319.17,0.8245,-1,-1,-1
373,64,144.73,438.44,142.90,381.98,0.8695,-1,-1,-1
373,41,934.90,411.80,157.63,521.72,0.8753,-1,-1,-1
373,54,731.91,482.71,44.87,115.34,0.4179,-1,-1,-1
374,18,1074.24,398.02,212.39,617.67,0.8789,-1,-1,-1
374,50,457.27,403.46,165.94,369.81,0.8369,-1,-1,-1
374,63,273.27,438.50,139.38,311.92,0.8273,-1,-1,-1
374,64,156.10,437.00,143.51,381.68,0.8167,-1,-1,-1
374,41,937.40,411.49,157.51,522.37,0.8574,-1,-1,-1
374,54,732.86,480.99,45.62,117.46,0.4302,-1,-1,-1
374,67,4.14,492.56,42.09,318.63,0.7102,-1,-1,-1
375,18,1074.47,399.33,212.71,616.14,0.8684,-1,-1,-1
375,50,470.52,407.29,161.42,363.91,0.8153,-1,-1,-1
375,63,282.31,445.40,136.18,302.31,0.7628,-1,-1,-1
375,64,170.18,435.06,147.15,382.49,0.8013,-1,-1,-1
375,41,939.08,413.41,156.62,520.88,0.8634,-1,-1,-1
375,54,733.35,480.44,45.95,118.49,0.4366,-1,-1,-1
375,67,7.50,488.55,43.41,326.10,0.7035,-1,-1,-1
376,18,1075.02,399.65,213.40,615.31,0.8791,-1,-1,-1
376,50,477.36,404.12,160.37,365.37,0.4886,-1,-1,-1
376,63,283.17,440.81,139.02,307.18,0.7751,-1,-1,-1
376,64,178.12,439.74,150.08,377.19,0.3942,-1,-1,-1
376,41,939.93,413.63,155.93,521.19,0.8585,-1,-1,-1
376,54,732.43,479.99,46.27,119.25,0.4079,-1,-1,-1
376,67,13.25,482.22,44.94,331.18,0.8340,-1,-1,-1
377,18,1076.25,400.35,214.50,614.77,0.8792,-1,-1,-1
377,50,481.44,400.29,160.57,368.85,0.8364,-1,-1,-1
377,63,286.34,441.39,139.62,307.69,0.7415,-1,-1,-1
377,64,182.72,443.34,154.83,374.12,0.8607,-1,-1,-1
377,41,941.72,412.36,156.43,523.09,0.8489,-1,-1,-1
377,54,732.34,481.47,45.89,118.22,0.3673,-1,-1,-1
377,67,24.57,450.85,50.95,360.37,0.8413,-1,-1,-1
378,18,1075.81,399.10,215.84,616.29,0.8531,-1,-1,-1
378,63,291.17,440.74,139.53,309.30,0.7333,-1,-1,-1
378,64,183.98,443.41,160.11,373.36,0.8587,-1,-1,-1
378,41,944.48,412.46,156.09,522.41,0.8556,-1,-1,-1
378,54,732.47,482.54,45.01,115.79,0.3858,-1,-1,-1
378,67,37.97,433.46,57.17,376.47,0.8846,-1,-1,-1
379,18,1074.22,397.03,216.88,617.79,0.8921,-1,-1,-1
379,63,301.54,441.81,136.21,307.95,0.7618,-1,-1,-1
379,64,183.40,443.06,165.39,373.39,0.8709,-1,-1,-1
379,41,945.58,412.69,155.88,522.03,0.8627,-1,-1,-1
379,54,732.26,482.41,44.97,115.86,0.4911,-1,-1,-1
379,67,41.03,427.90,61.93,378.72,0.8857,-1,-1,-1
379,50,499.33,399.44,161.92,370.01,0.8130,-1,-1,-1
380,18,1073.72,395.40,217.75,619.27,0.8885,-1,-1,-1
380,63,308.42,445.78,131.59,305.59,0.6867,-1,-1,-1
380,64,186.30,445.23,169.36,370.02,0.9093,-1,-1,-1
380,41,946.89,409.69,156.47,523.75,0.8670,-1,-1,-1
380,54,731.91,481.23,45.70,117.75,0.4626,-1,-1,-1
380,67,47.64,428.65,67.73,376.95,0.8458,-1,-1,-1
380,50,513.61,399.39,161.21,370.04,0.6094,-1,-1,-1
381,18,1072.33,393.74,218.23,621.21,0.8658,-1,-1,-1
381,64,185.11,444.40,173.52,367.21,0.9204,-1,-1,-1
381,41,949.33,409.46,156.55,523.72,0.8475,-1,-1,-1
381,54,731.72,480.78,45.80,117.73,0.3268,-1,-1,-1
381,67,50.47,434.17,73.67,371.74,0.7919,-1,-1,-1
381,50,521.06,401.11,157.66,368.73,0.6491,-1,-1,-1
382,18,1074.80,396.53,217.90,618.73,0.8773,-1,-1,-1
382,64,186.48,444.52,176.82,365.69,0.8963,-1,-1,-1
382,41,951.69,412.94,156.27,521.76,0.8346,-1,-1,-1
382,54,732.01,479.74,46.80,119.98,0.4462,-1,-1,-1
382,67,51.15,436.14,80.60,369.25,0.8787,-1,-1,-1
382,50,527.75,403.27,154.94,366.05,0.7189,-1,-1,-1
382,63,320.01,442.80,128.24,306.38,0.7669,-1,-1,-1
383,18,1075.06,396.97,218.16,618.50,0.8875,-1,-1,-1
383,41,954.74,409.41,156.80,525.46,0.6358,-1,-1,-1
383,54,731.38,477.69,47.90,122.68,0.4337,-1,-1,-1
383,67,52.94,436.30,88.87,368.85,0.9210,-1,-1,-1
383,50,529.73,407.80,153.81,361.82,0.7633,-1,-1,-1
383,63,332.16,443.26,124.27,302.83,0.5800,-1,-1,-1
384,18,1075.09,396.80,218.53,618.79,0.8899,-1,-1,-1
384,41,956.72,406.76,156.56,528.72,0.5653,-1,-1,-1
384,54,730.85,476.19,48.83,125.14,0.5524,-1,-1,-1
384,67,52.72,435.03,97.78,370.42,0.9311,-1,-1,-1
384,50,532.15,406.24,154.90,363.50,0.8071,-1,-1,-1
384,63,347.94,455.83,116.51,288.99,0.6340,-1,-1,-1
384,64,198.90,440.11,179.54,370.25,0.8749,-1,-1,-1
385,18,1074.91,396.75,218.74,618.92,0.8566,-1,-1,-1
385,41,959.64,407.70,154.90,528.15,0.7386,-1,-1,-1
385,54,730.29,473.78,49.84,128.27,0.7002,-1,-1,-1
385,67,52.29,434.51,107.08,371.92,0.9200,-1,-1,-1
385,50,536.05,407.36,154.41,362.32,0.8282,-1,-1,-1
385,63,352.74,447.38,117.70,296.32,0.6702,-1,-1,-1
385,64,207.69,436.23,177.86,368.62,0.8847,-1,-1,-1
386,18,1074.70,397.04,218.81,619.08,0.8033,-1,-1,-1
386,41,960.14,406.68,154.65,528.94,0.7259,-1,-1,-1
386,54,730.19,471.80,50.09,129.67,0.6657,-1,-1,-1
386,67,48.78,433.48,116.14,374.58,0.9098,-1,-1,-1
386,50,540.54,406.96,154.34,362.25,0.8842,-1,-1,-1
386,63,363.95,440.68,120.49,303.52,0.8020,-1,-1,-1
386,64,219.46,436.94,173.04,364.86,0.8637,-1,-1,-1
387,18,1074.34,397.20,218.90,619.15,0.8398,-1,-1,-1
387,41,963.22,405.78,153.31,530.11,0.7051,-1,-1,-1
387,54,730.47,471.55,49.87,129.93,0.6758,-1,-1,-1
387,67,45.90,432.64,123.58,373.68,0.9097,-1,-1,-1
387,50,542.52,407.69,153.40,360.65,0.8765,-1,-1,-1
387,63,375.57,440.28,123.63,304.39,0.8651,-1,-1,-1
387,64,230.64,434.09,168.90,365.73,0.7158,-1,-1,-1
388,18,1072.58,396.63,222.68,619.64,0.8169,-1,-1,-1
388,41,964.79,407.46,150.97,528.20,0.6951,-1,-1,-1
388,54,730.39,470.64,50.19,131.77,0.6427,-1,-1,-1
388,67,47.40,431.36,129.58,373.71,0.8939,-1,-1,-1
388,50,544.89,408.74,151.16,356.55,0.8662,-1,-1,-1
388,63,382.45,440.86,127.35,304.75,0.8373,-1,-1,-1
388,64,246.25,436.43,160.65,361.50,0.8029,-1,-1,-1
389,18,1080.94,396.39,228.79,619.68,0.7724,-1,-1,-1
389,41,964.80,406.71,148.76,528.38,0.7424,-1,-1,-1
389,54,730.74,472.98,49.05,128.83,0.6473,-1,-1,-1
389,67,49.95,425.22,134.79,375.11,0.8747,-1,-1,-1
389,50,547.35,410.55,148.74,352.15,0.8598,-1,-1,-1
389,63,384.50,441.17,131.51,304.11,0.8446,-1,-1,-1
389,64,259.60,436.21,154.86,361.35,0.7543,-1,-1,-1
390,18,1086.62,396.41,235.00,620.08,0.8176,-1,-1,-1
390,41,966.55,405.52,146.64,530.01,0.7513,-1,-1,-1
390,54,730.50,475.42,48.81,128.16,0.5700,-1,-1,-1
390,67,54.82,428.51,136.51,369.33,0.8618,-1,-1,-1
390,50,551.59,411.94,146.45,348.51,0.8557,-1,-1,-1
390,63,388.03,441.56,135.02,302.92,0.8302,-1,-1,-1
390,64,271.83,439.26,148.09,356.98,0.5065,-1,-1,-1
391,18,1085.82,396.47,241.21,619.85,0.8182,-1,-1,-1
391,41,967.94,405.11,144.07,530.85,0.7608,-1,-1,-1
391,54,729.02,473.26,49.83,130.80,0.5421,-1,-1,-1
391,67,58.21,428.97,139.61,369.30,0.8286,-1,-1,-1
391,50,555.59,414.02,144.93,347.63,0.8561,-1,-1,-1
391,63,392.13,441.95,136.69,300.01,0.7915,-1,-1,-1
391,64,281.48,438.10,144.78,360.25,0.6345,-1,-1,-1
392,18,1082.93,397.16,246.70,619.79,0.8299,-1,-1,-1
392,41,969.95,405.67,141.94,531.01,0.7777,-1,-1,-1
392,54,728.24,470.32,50.71,133.44,0.5619,-1,-1,-1
392,67,64.93,431.25,139.77,364.63,0.8511,-1,-1,-1
392,50,560.04,411.09,144.92,352.61,0.8385,-1,-1,-1
392,63,398.95,441.09,137.10,298.26,0.7368,-1,-1,-1
392,64,295.24,436.60,143.51,362.54,0.7591,-1,-1,-1
393,18,1079.86,397.69,252.18,619.73,0.8521,-1,-1,-1
393,41,970.61,406.52,139.62,529.96,0.7477,-1,-1,-1
393,54,728.17,469.53,50.81,133.83,0.7028,-1,-1,-1
393,67,80.05,430.94,139.20,364.72,0.7409,-1,-1,-1
393,50,567.89,414.76,138.52,341.56,0.8480,-1,-1,-1
393,63,404.19,441.08,136.20,295.34,0.8088,-1,-1,-1
393,64,309.16,440.27,143.45,359.78,0.8837,-1,-1,-1
393,68,920.38,435.27,64.32,161.80,0.6038,-1,-1,-1
394,18,1067.35,397.78,253.09,619.67,0.7781,-1,-1,-1
394,41,972.60,408.48,136.81,527.66,0.7619,-1,-1,-1
394,54,728.02,474.87,49.57,129.76,0.7803,-1,-1,-1
394,67,79.28,428.94,142.60,367.51,0.8471,-1,-1,-1
394,50,572.62,412.42,135.85,340.67,0.8335,-1,-1,-1
394,63,411.19,442.94,134.54,291.80,0.7885,-1,-1,-1
394,64,314.87,442.75,144.21,358.76,0.8351,-1,-1,-1
394,68,918.06,435.75,64.90,163.64,0.3452,-1,-1,-1
395,18,1061.38,396.69,254.08,620.98,0.7913,-1,-1,-1
395,41,974.49,409.77,134.33,526.21,0.7225,-1,-1,-1
395,54,726.51,473.07,50.90,133.27,0.7809,-1,-1,-1
395,67,81.80,429.95,144.49,366.81,0.8529,-1,-1,-1
395,50,577.21,413.22,133.04,338.63,0.8450,-1,-1,-1
395,63,417.46,442.41,133.46,292.23,0.7790,-1,-1,-1
395,64,318.16,443.23,146.00,359.11,0.8233,-1,-1,-1
395,68,915.64,436.53,64.50,163.23,0.3263,-1,-1,-1
396,18,1069.62,397.00,257.15,621.35,0.8237,-1,-1,-1
396,41,974.47,411.50,132.22,523.24,0.6030,-1,-1,-1
396,54,723.88,466.59,54.04,141.91,0.7004,-1,-1,-1
396,67,95.06,439.80,140.69,356.49,0.7146,-1,-1,-1
396,50,584.56,422.75,126.83,324.78,0.8063,-1,-1,-1
396,63,425.95,445.05,129.30,288.21,0.7005,-1,-1,-1
396,64,321.50,441.58,148.74,359.19,0.8347,-1,-1,-1
396,68,912.63,440.99,66.04,168.67,0.5597,-1,-1,-1
397,18,1061.45,397.47,255.86,621.06,0.8549,-1,-1,-1
397,41,974.66,412.52,130.86,522.75,0.7173,-1,-1,-1
397,54,722.12,463.78,54.74,143.78,0.6849,-1,-1,-1
397,67,116.77,436.27,139.78,360.26,0.7699,-1,-1,-1
397,50,589.57,419.12,126.48,326.12,0.7947,-1,-1,-1
397,63,438.56,466.29,116.61,264.51,0.6800,-1,-1,-1
397,64,321.85,437.47,152.46,362.26,0.8498,-1,-1,-1
397,68,911.32,443.86,64.94,167.32,0.6136,-1,-1,-1
398,18,1059.17,398.04,254.51,621.17,0.8923,-1,-1,-1
398,41,973.97,413.64,129.66,521.40,0.7540,-1,-1,-1
398,54,720.88,461.21,55.61,146.32,0.5994,-1,-1,-1
398,67,129.47,436.16,138.39,359.73,0.8543,-1,-1,-1
398,50,597.00,424.22,123.47,318.21,0.8239,-1,-1,-1
398,63,437.42,446.75,122.40,284.88,0.7372,-1,-1,-1
398,64,325.14,439.31,153.70,358.07,0.8745,-1,-1,-1
398,68,911.49,452.09,61.14,158.15,0.4322,-1,-1,-1
399,18,1059.35,399.18,252.78,619.98,0.8945,-1,-1,-1
399,41,974.62,414.72,128.63,520.01,0.7631,-1,-1,-1
399,54,720.68,464.20,54.52,143.24,0.5299,-1,-1,-1
399,67,141.98,433.95,141.27,360.67,0.8463,-1,-1,-1
399,50,606.03,429.55,121.24,310.70,0.8028,-1,-1,-1
399,63,445.00,440.77,120.43,289.70,0.6301,-1,-1,-1
399,64,326.51,438.96,155.81,357.85,0.8816,-1,-1,-1
399,68,909.20,441.41,65.17,169.94,0.5740,-1,-1,-1
400,18,1060.29,399.23,251.47,620.38,0.9018,-1,-1,-1
400,41,975.00,414.91,127.72,519.52,0.7613,-1,-1,-1
400,54,719.76,470.46,52.12,135.66,0.4770,-1,-1,-1
400,67,152.62,434.00,144.55,359.20,0.8560,-1,-1,-1
400,50,610.91,426.39,123.76,314.42,0.7957,-1,-1,-1
400,63,453.20,440.03,116.62,289.16,0.7882,-1,-1,-1
400,64,326.15,436.23,158.72,359.57,0.8920,-1,-1,-1
400,68,907.06,439.55,64.74,170.20,0.5524,-1,-1,-1
401,18,1061.37,398.65,250.36,621.27,0.8957,-1,-1,-1
401,41,975.36,414.69,127.06,519.62,0.7529,-1,-1,-1
401,54,717.02,466.52,54.50,141.62,0.3722,-1,-1,-1
401,67,154.70,433.71,147.90,360.24,0.8825,-1,-1,-1
401,50,617.96,424.22,127.02,316.21,0.8372,-1,-1,-1
401,63,463.32,442.50,113.01,288.26,0.7819,-1,-1,-1
401,64,329.10,437.22,158.50,356.24,0.8612,-1,-1,-1
401,68,906.96,438.57,63.61,167.60,0.6084,-1,-1,-1
402,18,1062.40,398.36,248.82,621.87,0.8864,-1,-1,-1
402,41,975.56,415.51,126.28,519.44,0.7570,-1,-1,-1
402,54,715.43,463.49,55.33,144.29,0.5748,-1,-1,-1
402,67,156.43,435.33,149.43,357.78,0.8693,-1,-1,-1
402,50,624.53,415.25,132.96,325.97,0.8562,-1,-1,-1
402,63,473.29,451.69,106.85,276.80,0.7793,-1,-1,-1
402,64,336.73,441.11,155.63,350.30,0.8721,-1,-1,-1
402,68,905.81,438.51,64.78,169.66,0.6163,-1,-1,-1
403,18,1064.65,398.63,246.68,621.43,0.8886,-1,-1,-1
403,41,974.39,415.26,126.09,519.58,0.7076,-1,-1,-1
403,54,715.28,465.02,54.62,142.70,0.5366,-1,-1,-1
403,67,160.02,439.08,151.80,353.98,0.8877,-1,-1,-1
403,50,628.53,409.86,138.13,333.38,0.8779,-1,-1,-1
403,63,483.95,448.40,107.78,280.87,0.7133,-1,-1,-1
403,64,345.10,446.42,150.07,338.90,0.8123,-1,-1,-1
403,68,906.16,441.80,65.05,167.91,0.3472,-1,-1,-1
404,18,1066.55,398.85,245.09,622.09,0.8807,-1,-1,-1
404,41,972.86,415.97,125.92,518.82,0.6864,-1,-1,-1
404,54,714.52,464.97,54.63,143.82,0.4608,-1,-1,-1
404,67,164.13,438.44,154.45,353.34,0.8881,-1,-1,-1
404,50,634.62,407.86,141.56,336.07,0.8514,-1,-1,-1
404,63,495.43,444.99,110.20,283.20,0.7717,-1,-1,-1
404,64,351.66,443.25,149.15,339.81,0.7982,-1,-1,-1
404,68,897.70,448.14,61.53,161.37,0.6307,-1,-1,-1
405,18,1064.09,399.88,241.63,621.17,0.8836,-1,-1,-1
405,41,972.34,416.69,125.84,518.21,0.6780,-1,-1,-1
405,54,715.24,467.97,53.33,141.10,0.4112,-1,-1,-1
405,67,165.88,437.36,155.86,351.62,0.9057,-1,-1,-1
405,50,640.20,413.47,142.19,331.52,0.8388,-1,-1,-1
405,63,502.76,447.52,110.98,280.19,0.7838,-1,-1,-1
405,64,362.49,440.80,145.15,337.93,0.7939,-1,-1,-1
405,68,894.00,453.98,58.94,155.62,0.4757,-1,-1,-1
406,18,1062.20,398.39,239.21,622.75,0.8840,-1,-1,-1
406,41,970.26,416.64,126.24,518.21,0.6409,-1,-1,-1
406,67,167.95,436.35,156.82,351.43,0.8156,-1,-1,-1
406,50,645.13,421.66,141.28,322.94,0.8402,-1,-1,-1
406,63,506.58,450.56,111.16,276.78,0.7822,-1,-1,-1
406,64,376.67,438.44,140.24,336.44,0.8019,-1,-1,-1
406,68,890.89,454.37,58.26,154.31,0.3593,-1,-1,-1
407,18,1060.29,396.79,236.43,623.92,0.8869,-1,-1,-1
407,41,967.57,417.17,126.90,518.06,0.6734,-1,-1,-1
407,67,174.61,433.61,158.29,354.76,0.8827,-1,-1,-1
407,50,645.49,417.03,144.87,327.53,0.8678,-1,-1,-1
407,63,506.83,446.01,116.01,283.42,0.7972,-1,-1,-1
407,64,388.56,438.05,135.28,334.50,0.7525,-1,-1,-1
407,68,886.88,458.44,56.60,149.01,0.4083,-1,-1,-1
408,18,1058.23,396.91,233.05,623.59,0.8864,-1,-1,-1
408,41,968.18,416.91,127.22,518.45,0.6506,-1,-1,-1
408,67,183.91,435.15,155.13,349.85,0.8618,-1,-1,-1
408,50,648.36,419.58,144.73,324.82,0.8885,-1,-1,-1
408,63,513.17,446.31,117.57,281.37,0.8002,-1,-1,-1
408,64,396.22,437.51,131.64,333.69,0.6910,-1,-1,-1
408,68,882.47,457.36,56.92,149.17,0.5867,-1,-1,-1
409,18,1058.17,398.51,229.61,622.00,0.8816,-1,-1,-1
409,41,969.11,417.12,127.82,519.10,0.6563,-1,-1,-1
409,67,196.78,436.73,148.11,337.65,0.8298,-1,-1,-1
409,50,649.29,418.07,145.99,325.66,0.8948,-1,-1,-1
409,63,511.95,442.07,121.16,284.72,0.8281,-1,-1,-1
409,64,397.85,437.53,129.89,332.69,0.7478,-1,-1,-1
409,68,878.35,449.71,59.65,156.83,0.5156,-1,-1,-1
410,18,1056.40,399.11,226.45,621.49,0.8891,-1,-1,-1
410,41,967.87,418.71,128.01,517.14,0.7426,-1,-1,-1
410,67,211.74,434.39,144.81,336.98,0.8059,-1,-1,-1
410,50,649.25,412.30,148.97,331.40,0.8908,-1,-1,-1
410,63,516.93,440.10,121.11,283.18,0.8211,-1,-1,-1
410,64,410.06,438.49,128.49,331.65,0.7309,-1,-1,-1
411,18,1053.82,399.66,223.15,621.86,0.8937,-1,-1,-1
411,41,966.14,419.23,128.84,516.38,0.7635,-1,-1,-1
411,67,230.68,431.08,140.29,337.07,0.6340,-1,-1,-1
411,50,650.26,415.56,147.48,326.09,0.8848,-1,-1,-1
411,63,522.03,440.50,120.27,281.96,0.7870,-1,-1,-1
411,64,423.02,438.41,128.87,330.01,0.6112,-1,-1,-1
412,18,1054.72,400.89,219.03,618.61,0.9054,-1,-1,-1
412,41,967.10,419.79,129.35,516.26,0.7274,-1,-1,-1
412,67,244.45,429.15,137.16,339.38,0.8141,-1,-1,-1
412,50,648.54,408.08,151.06,333.45,0.8853,-1,-1,-1
412,63,526.97,438.83,119.71,283.56,0.7500,-1,-1,-1
412,64,425.58,437.96,131.69,329.71,0.7109,-1,-1,-1
412,69,431.47,435.60,136.47,333.41,0.6006,-1,-1,-1
413,18,1056.10,401.47,215.93,617.56,0.9037,-1,-1,-1
413,41,965.41,418.62,130.63,516.53,0.7800,-1,-1,-1
413,67,253.87,427.97,135.55,342.36,0.8361,-1,-1,-1
413,50,649.48,408.87,150.80,331.93,0.8735,-1,-1,-1
413,63,539.54,437.01,117.06,283.09,0.7092,-1,-1,-1
414,18,1055.13,402.66,213.52,616.57,0.9054,-1,-1,-1
414,41,967.05,419.13,131.08,515.66,0.6612,-1,-1,-1
414,67,260.85,425.90,134.81,346.49,0.8040,-1,-1,-1
414,50,654.24,420.60,145.64,320.07,0.8696,-1,-1,-1
414,63,547.43,438.08,114.56,282.30,0.7176,-1,-1,-1
414,68,866.87,442.92,60.65,164.33,0.5228,-1,-1,-1
414,64,447.01,437.76,134.74,329.41,0.7932,-1,-1,-1
415,18,1055.42,405.82,210.84,613.63,0.8997,-1,-1,-1
415,41,967.61,419.01,131.13,515.64,0.7363,-1,-1,-1
415,67,272.70,431.99,130.93,339.48,0.7770,-1,-1,-1
415,50,657.82,425.80,143.53,315.58,0.8589,-1,-1,-1
415,63,550.02,436.18,113.67,284.77,0.6703,-1,-1,-1
415,68,867.17,440.48,60.56,166.81,0.3083,-1,-1,-1
415,64,448.12,439.07,137.47,328.21,0.8206,-1,-1,-1
416,18,1055.86,409.70,208.58,609.76,0.9017,-1,-1,-1
416,41,967.50,418.38,131.05,515.87,0.7734,-1,-1,-1
416,67,281.46,435.68,127.69,334.48,0.8349,-1,-1,-1
416,50,665.07,431.84,139.00,307.53,0.8572,-1,-1,-1
416,63,557.08,434.62,111.55,286.38,0.7843,-1,-1,-1
416,68,866.62,439.52,59.84,167.17,0.3405,-1,-1,-1
416,64,447.37,440.76,139.67,326.94,0.8510,-1,-1,-1
417,18,1057.20,409.42,207.73,609.87,0.8833,-1,-1,-1
417,41,967.36,416.64,131.08,517.43,0.8231,-1,-1,-1
417,67,291.99,440.88,125.46,326.28,0.7245,-1,-1,-1
417,50,669.95,425.58,138.51,310.40,0.8656,-1,-1,-1
417,63,564.12,435.25,109.81,284.11,0.7287,-1,-1,-1
417,68,864.19,440.89,58.35,165.91,0.6706,-1,-1,-1
417,64,448.37,448.94,139.30,319.16,0.8537,-1,-1,-1
418,18,1056.50,406.74,207.87,612.16,0.8542,-1,-1,-1
418,41,968.79,416.08,130.86,518.69,0.7952,-1,-1,-1
418,67,297.86,440.51,127.84,327.35,0.7940,-1,-1,-1
418,50,673.21,413.17,140.33,319.92,0.8289,-1,-1,-1
418,63,575.26,435.22,108.07,282.66,0.7882,-1,-1,-1
418,68,862.29,444.44,55.35,160.39,0.5838,-1,-1,-1
418,64,447.11,445.71,141.53,321.32,0.8671,-1,-1,-1
419,18,1056.66,408.66,207.26,610.09,0.6380,-1,-1,-1
419,41,969.23,417.38,129.95,517.59,0.8082,-1,-1,-1
419,67,303.52,439.85,131.53,328.72,0.7706,-1,-1,-1
419,50,678.85,406.69,140.19,324.68,0.8620,-1,-1,-1
419,63,580.88,436.28,105.87,280.61,0.8110,-1,-1,-1
419,68,860.59,442.89,54.41,160.98,0.5796,-1,-1,-1
419,64,448.16,440.15,143.96,324.53,0.7972,-1,-1,-1
420,18,1058.20,410.08,207.83,608.77,0.8640,-1,-1,-1
420,41,968.17,415.24,129.51,519.92,0.6686,-1,-1,-1
420,67,307.00,443.26,133.04,325.20,0.8303,-1,-1,-1
420,50,684.68,405.40,137.90,324.79,0.8551,-1,-1,-1
420,63,583.76,436.92,105.27,280.20,0.8135,-1,-1,-1
420,64,450.23,438.70,145.31,327.22,0.8112,-1,-1,-1
421,18,1056.69,409.82,208.36,608.17,0.8536,-1,-1,-1
421,41,967.16,414.83,128.93,520.79,0.5713,-1,-1,-1
421,67,307.11,440.10,137.37,327.98,0.8426,-1,-1,-1
421,50,688.19,416.43,130.69,312.61,0.8050,-1,-1,-1
421,63,590.68,439.16,105.41,278.29,0.8079,-1,-1,-1
421,64,448.47,437.17,145.34,327.03,0.7970,-1,-1,-1
422,18,1051.98,406.37,209.98,612.14,0.8544,-1,-1,-1
422,41,967.54,419.93,127.16,515.42,0.4934,-1,-1,-1
422,67,312.89,440.39,141.71,326.57,0.8672,-1,-1,-1
422,50,694.82,432.28,121.97,295.11,0.7321,-1,-1,-1
422,63,599.27,440.57,106.23,276.96,0.8052,-1,-1,-1
422,64,453.84,436.03,143.91,327.23,0.7919,-1,-1,-1
423,18,1050.53,402.52,212.25,617.87,0.8535,-1,-1,-1
423,67,313.69,439.06,146.38,326.86,0.8671,-1,-1,-1
423,50,702.83,437.05,119.26,292.54,0.6801,-1,-1,-1
423,63,609.27,443.14,106.74,273.14,0.8003,-1,-1,-1
423,64,461.83,436.33,139.44,321.80,0.7970,-1,-1,-1
423,70,1157.77,416.13,164.35,493.70,0.6970,-1,-1,-1
424,18,1050.26,398.24,214.52,624.39,0.6371,-1,-1,-1
424,67,316.79,437.87,148.68,326.41,0.8657,-1,-1,-1
424,50,705.01,432.20,119.83,298.03,0.7472,-1,-1,-1
424,63,617.37,443.27,109.20,272.67,0.8013,-1,-1,-1
424,64,468.79,435.86,135.98,318.67,0.8054,-1,-1,-1
424,70,1156.15,412.54,166.13,498.67,0.3891,-1,-1,-1
424,68,850.43,444.84,53.08,158.22,0.5652,-1,-1,-1
425,18,1045.94,399.71,215.38,631.34,0.4860,-1,-1,-1
425,67,321.62,438.67,149.44,324.79,0.8480,-1,-1,-1
425,50,710.24,422.16,122.47,306.46,0.8199,-1,-1,-1
425,63,621.70,452.25,108.15,263.16,0.7743,-1,-1,-1
425,64,478.54,437.48,131.89,315.91,0.7591,-1,-1,-1
425,70,1158.83,415.13,165.93,497.97,0.5475,-1,-1,-1
425,68,848.81,447.70,51.25,153.84,0.6095,-1,-1,-1
426,67,325.92,435.41,151.17,328.83,0.8321,-1,-1,-1
426,50,711.68,413.20,124.85,314.68,0.8182,-1,-1,-1
426,63,622.41,451.60,111.06,264.06,0.7812,-1,-1,-1
426,64,496.04,438.19,127.67,313.87,0.7424,-1,-1,-1
426,70,1159.81,418.12,166.81,500.66,0.5854,-1,-1,-1
426,68,846.20,446.54,50.77,154.68,0.6207,-1,-1,-1
426,41,974.44,482.38,111.41,446.20,0.5277,-1,-1,-1
427,67,332.13,433.76,150.02,326.70,0.8304,-1,-1,-1
427,50,714.72,410.29,124.72,317.94,0.8118,-1,-1,-1
427,63,620.78,453.46,112.50,262.34,0.7959,-1,-1,-1
427,64,503.44,438.19,124.74,314.35,0.7471,-1,-1,-1
427,70,1159.77,415.09,167.79,503.19,0.3766,-1,-1,-1
427,68,843.10,447.25,50.23,154.51,0.4925,-1,-1,-1
427,41,972.19,451.66,118.41,475.45,0.4171,-1,-1,-1
428,67,342.19,435.06,145.42,319.74,0.8051,-1,-1,-1
428,50,720.62,417.44,121.54,310.85,0.7959,-1,-1,-1
428,63,616.89,448.18,116.08,267.05,0.7776,-1,-1,-1
428,64,500.70,437.19,124.85,317.30,0.7286,-1,-1,-1
428,70,1143.25,407.33,198.19,599.51,0.3568,-1,-1,-1
428,68,841.37,445.38,49.87,154.37,0.5194,-1,-1,-1
428,41,972.77,440.89,120.14,482.63,0.6122,-1,-1,-1
428,72,1707.58,330.13,196.28,620.97,0.6572,-1,-1,-1
428,18,1038.37,400.99,206.20,618.73,0.5156,-1,-1,-1
429,67,356.51,435.96,140.34,315.17,0.8131,-1,-1,-1
429,50,727.14,431.13,116.37,296.54,0.7800,-1,-1,-1
429,63,620.17,442.28,117.88,272.32,0.7959,-1,-1,-1
429,64,501.75,437.86,124.93,316.28,0.5771,-1,-1,-1
429,70,1136.92,404.12,209.93,640.93,0.3635,-1,-1,-1
429,41,974.46,455.75,117.39,470.47,0.4630,-1,-1,-1
429,72,1679.45,325.11,207.40,651.32,0.5627,-1,-1,-1
429,18,1039.41,401.42,201.32,615.65,0.5104,-1,-1,-1
430,67,365.10,438.72,134.58,308.83,0.8180,-1,-1,-1
430,50,730.15,431.99,116.66,295.67,0.7338,-1,-1,-1
430,63,629.56,441.81,116.16,272.11,0.6749,-1,-1,-1
430,64,512.21,438.28,128.04,316.82,0.5626,-1,-1,-1
430,41,974.74,449.20,118.73,475.95,0.6153,-1,-1,-1
430,72,1655.47,320.22,202.56,622.96,0.5005,-1,-1,-1
430,18,1041.55,400.00,198.12,616.81,0.4706,-1,-1,-1
430,73,542.80,440.75,102.58,314.47,0.5905,-1,-1,-1
431,67,372.99,439.89,130.21,304.82,0.8107,-1,-1,-1
431,50,730.89,434.07,116.77,294.29,0.7379,-1,-1,-1
431,63,636.22,441.55,113.62,270.50,0.5339,-1,-1,-1
431,41,975.59,442.65,120.09,481.46,0.6015,-1,-1,-1
431,72,1616.71,307.90,230.22,691.41,0.7357,-1,-1,-1
431,18,1045.37,400.79,194.56,616.09,0.5641,-1,-1,-1
431,73,551.66,443.06,102.21,311.73,0.7135,-1,-1,-1
432,67,377.23,441.52,128.74,306.25,0.7870,-1,-1,-1
432,50,730.49,427.54,118.75,298.84,0.6382,-1,-1,-1
432,63,646.44,445.82,107.21,260.53,0.4904,-1,-1,-1
432,41,976.90,445.48,120.12,481.12,0.6107,-1,-1,-1
432,72,1586.25,303.28,245.67,712.39,0.8177,-1,-1,-1
432,18,1052.18,400.88,197.30,635.07,0.5316,-1,-1,-1
432,73,558.88,441.73,104.12,314.47,0.7604,-1,-1,-1
432,68,834.65,448.35,47.34,145.24,0.5594,-1,-1,-1
432,70,1179.62,410.11,141.82,429.36,0.6393,-1,-1,-1
433,67,385.05,442.68,126.69,305.33,0.7641,-1,-1,-1
433,50,733.21,429.74,117.90,296.02,0.6680,-1,-1,-1
433,63,653.35,445.79,104.54,259.11,0.4077,-1,-1,-1
433,41,979.17,430.80,124.08,496.24,0.6283,-1,-1,-1
433,72,1554.77,303.43,259.72,717.97,0.7198,-1,-1,-1
433,18,1061.95,406.33,190.68,617.97,0.7435,-1,-1,-1
433,68,831.89,446.17,48.70,148.23,0.4519,-1,-1,-1
433,70,1193.56,411.46,131.21,392.09,0.7160,-1,-1,-1
433,64,546.75,441.42,129.71,314.75,0.7929,-1,-1,-1
434,67,392.63,442.64,125.22,305.48,0.7592,-1,-1,-1
434,50,735.22,421.58,121.21,305.57,0.6951,-1,-1,-1
434,41,984.48,423.40,128.05,511.70,0.7465,-1,-1,-1
434,72,1516.14,302.36,273.17,716.29,0.7258,-1,-1,-1
434,70,1201.86,409.73,114.44,335.39,0.5032,-1,-1,-1
434,64,551.66,442.43,130.78,313.52,0.8383,-1,-1,-1
435,50,739.48,424.84,118.82,301.19,0.7868,-1,-1,-1
435,41,989.46,418.96,124.93,493.39,0.8035,-1,-1,-1
435,72,1463.30,303.41,283.77,713.14,0.3780,-1,-1,-1
435,70,1206.47,407.13,106.06,304.46,0.6472,-1,-1,-1
435,64,553.26,442.35,133.00,315.58,0.8218,-1,-1,-1
435,18,1093.14,399.20,144.02,450.74,0.6494,-1,-1,-1
436,50,744.97,425.42,116.36,297.97,0.7345,-1,-1,-1
436,41,1002.55,418.81,110.46,419.73,0.7342,-1,-1,-1
436,72,1398.10,308.65,293.06,706.49,0.8270,-1,-1,-1
436,70,1196.98,409.59,127.45,367.29,0.6622,-1,-1,-1
436,64,553.00,441.93,134.63,314.82,0.8323,-1,-1,-1
436,18,1102.39,411.15,137.25,418.60,0.6716,-1,-1,-1
436,63,678.54,439.20,105.87,269.74,0.5196,-1,-1,-1
436,67,405.05,439.21,125.01,307.55,0.6535,-1,-1,-1
437,50,745.11,418.39,116.86,301.87,0.4492,-1,-1,-1
437,41,1009.77,420.67,109.06,401.95,0.7990,-1,-1,-1
437,72,1313.01,317.30,305.51,701.53,0.8318,-1,-1,-1
437,70,1208.80,408.18,114.87,323.54,0.5509,-1,-1,-1
437,64,553.62,441.48,136.35,315.40,0.8345,-1,-1,-1
437,18,1103.98,405.40,142.10,428.47,0.7446,-1,-1,-1
437,63,687.19,439.06,103.00,271.47,0.4691,-1,-1,-1
437,67,412.57,441.74,124.25,306.96,0.8252,-1,-1,-1
438,50,754.93,413.60,115.96,306.20,0.6524,-1,-1,-1
438,41,1011.89,422.61,112.32,404.95,0.8035,-1,-1,-1
438,72,1256.51,324.28,313.34,700.62,0.6951,-1,-1,-1
438,64,553.81,441.39,136.65,312.80,0.8376,-1,-1,-1
438,18,1104.31,396.96,148.07,444.86,0.8801,-1,-1,-1
438,63,694.54,437.95,101.92,273.71,0.5722,-1,-1,-1
438,67,417.69,437.34,125.38,311.40,0.8645,-1,-1,-1
439,50,763.47,428.86,108.42,289.49,0.6312,-1,-1,-1
439,41,1009.93,421.40,118.38,418.66,0.8074,-1,-1,-1
439,72,1199.35,334.13,319.45,699.49,0.7851,-1,-1,-1
439,64,555.02,441.15,137.08,311.69,0.8402,-1,-1,-1
439,18,1109.90,419.42,138.47,409.99,0.4653,-1,-1,-1
439,63,698.50,440.82,100.20,271.79,0.4633,-1,-1,-1
439,67,423.56,441.28,123.08,305.14,0.8420,-1,-1,-1
440,50,767.39,438.00,103.28,278.88,0.6764,-1,-1,-1
440,41,1009.16,422.15,125.24,434.54,0.4136,-1,-1,-1
440,72,1141.19,348.57,318.10,682.43,0.7694,-1,-1,-1
440,64,555.33,441.36,137.66,311.34,0.8434,-1,-1,-1
440,63,701.82,441.32,98.78,271.44,0.5343,-1,-1,-1
440,67,427.76,439.65,122.48,304.12,0.8074,-1,-1,-1
441,50,768.84,434.79,101.71,278.50,0.6583,-1,-1,-1
441,41,1008.78,427.22,121.55,415.73,0.3923,-1,-1,-1
441,72,1077.37,357.22,319.26,674.85,0.7547,-1,-1,-1
441,64,555.83,440.01,138.91,312.63,0.8440,-1,-1,-1
441,63,710.13,446.23,97.33,266.19,0.6319,-1,-1,-1
441,67,433.03,439.10,121.03,301.96,0.7790,-1,-1,-1
442,50,771.06,429.78,101.66,281.25,0.6539,-1,-1,-1
442,72,1024.57,364.05,316.10,660.82,0.7942,-1,-1,-1
442,64,561.06,439.46,137.71,310.65,0.8493,-1,-1,-1
442,63,717.32,448.42,98.82,264.74,0.5747,-1,-1,-1
442,67,435.80,437.59,121.61,306.85,0.7780,-1,-1,-1
442,74,1313.66,433.39,137.49,322.70,0.7804,-1,-1,-1
443,50,775.81,427.26,100.72,283.89,0.6641,-1,-1,-1
443,72,975.26,363.76,315.85,653.94,0.8492,-1,-1,-1
443,64,566.19,438.93,136.52,309.30,0.8566,-1,-1,-1
443,63,718.80,446.08,100.91,266.24,0.6038,-1,-1,-1
443,67,443.19,440.21,117.97,301.21,0.7762,-1,-1,-1
443,74,1316.76,434.14,138.36,324.34,0.7933,-1,-1,-1
443,70,1223.34,430.63,138.48,395.93,0.7179,-1,-1,-1
444,50,780.81,428.96,98.58,282.15,0.5714,-1,-1,-1
444,72,926.47,362.66,316.33,651.93,0.8397,-1,-1,-1
444,64,573.44,439.50,133.30,305.90,0.8153,-1,-1,-1
444,63,722.26,443.59,104.25,267.29,0.6833,-1,-1,-1
444,67,452.83,440.08,115.05,297.86,0.8110,-1,-1,-1
444,74,1317.11,433.61,140.51,329.35,0.7601,-1,-1,-1
444,70,1223.67,430.28,140.93,411.31,0.5217,-1,-1,-1
445,50,782.88,434.17,96.54,278.50,0.4937,-1,-1,-1
445,72,884.65,356.07,319.02,653.61,0.7663,-1,-1,-1
445,64,578.26,439.90,130.79,304.53,0.8085,-1,-1,-1
445,63,716.08,447.69,102.22,261.17,0.5462,-1,-1,-1
445,67,461.68,438.11,113.32,295.68,0.7887,-1,-1,-1
445,74,1322.11,433.26,139.70,328.03,0.7941,-1,-1,-1
445,70,1233.39,429.15,135.04,394.29,0.3853,-1,-1,-1
446,50,786.80,429.55,96.55,282.36,0.6155,-1,-1,-1
446,72,847.91,347.24,318.24,651.28,0.7744,-1,-1,-1
446,64,588.04,438.90,127.72,305.09,0.7376,-1,-1,-1
446,63,716.85,451.86,100.88,255.69,0.5349,-1,-1,-1
446,67,467.61,436.51,111.50,291.68,0.5894,-1,-1,-1
446,74,1326.77,432.31,139.37,328.89,0.7692,-1,-1,-1
446,70,1233.58,428.08,138.28,410.58,0.5530,-1,-1,-1
446,18,1123.34,418.83,211.49,636.67,0.7536,-1,-1,-1
447,50,788.77,429.51,93.07,276.32,0.3322,-1,-1,-1
447,72,807.43,337.77,320.36,652.63,0.7569,-1,-1,-1
447,64,594.77,436.30,125.68,306.64,0.7349,-1,-1,-1
447,63,717.51,452.89,100.18,253.72,0.3587,-1,-1,-1
447,67,472.59,433.65,111.18,292.36,0.7539,-1,-1,-1
447,74,1331.74,430.25,138.86,330.33,0.7344,-1,-1,-1
447,70,1232.50,422.94,139.59,419.86,0.3006,-1,-1,-1
447,18,1126.93,415.31,216.07,657.16,0.7912,-1,-1,-1
448,72,771.75,335.31,318.83,646.54,0.7911,-1,-1,-1
448,64,595.26,435.94,124.86,307.62,0.6891,-1,-1,-1
448,63,731.25,446.13,105.92,262.54,0.4574,-1,-1,-1
448,67,481.65,435.37,105.81,279.23,0.6939,-1,-1,-1
448,74,1334.70,423.75,140.57,338.00,0.8129,-1,-1,-1
448,70,1242.26,422.21,128.38,384.38,0.3223,-1,-1,-1
448,18,1132.46,417.18,215.92,661.57,0.7982,-1,-1,-1
448,73,613.58,437.52,101.42,304.94,0.5608,-1,-1,-1
449,72,737.26,333.85,318.79,643.08,0.7331,-1,-1,-1
449,67,484.27,437.50,106.05,280.16,0.8029,-1,-1,-1
449,74,1337.46,422.50,139.57,339.40,0.8276,-1,-1,-1
449,70,1249.59,418.85,117.33,348.35,0.5595,-1,-1,-1
449,18,1134.58,423.45,211.32,655.95,0.5741,-1,-1,-1
449,73,625.48,436.71,99.36,304.67,0.6910,-1,-1,-1
449,41,1030.94,418.82,153.82,527.55,0.8082,-1,-1,-1
450,72,703.13,336.51,317.22,636.03,0.7337,-1,-1,-1
450,67,486.44,435.55,108.31,286.28,0.7855,-1,-1,-1
450,74,1342.40,420.86,138.65,340.39,0.8367,-1,-1,-1
450,18,1144.25,420.06,212.64,655.62,0.8400,-1,-1,-1
450,73,632.29,435.55,96.07,300.90,0.7638,-1,-1,-1
450,41,1034.73,416.04,155.95,536.69,0.7072,-1,-1,-1
451,72,666.38,340.78,318.83,637.13,0.7367,-1,-1,-1
451,67,493.93,433.89,111.51,290.59,0.7019,-1,-1,-1
451,74,1343.93,418.68,139.65,344.19,0.7998,-1,-1,-1
451,18,1151.96,418.53,219.51,657.30,0.8607,-1,-1,-1
451,73,638.96,438.24,93.71,298.76,0.7216,-1,-1,-1
451,41,1038.27,415.43,156.77,540.24,0.7969,-1,-1,-1
452,72,639.42,348.75,315.66,631.22,0.6999,-1,-1,-1
452,67,497.83,433.29,113.73,290.78,0.7802,-1,-1,-1
452,74,1351.36,417.88,139.18,345.49,0.8534,-1,-1,-1
452,18,1137.43,415.01,232.11,662.70,0.7357,-1,-1,-1
452,41,1041.38,416.19,157.05,540.61,0.7331,-1,-1,-1
453,72,596.06,359.14,332.82,662.15,0.6096,-1,-1,-1
453,67,502.45,435.52,113.74,286.50,0.7679,-1,-1,-1
453,74,1358.44,419.14,137.72,345.06,0.8827,-1,-1,-1
453,18,1165.79,413.86,236.54,655.06,0.8605,-1,-1,-1
453,41,1044.92,414.89,157.14,541.85,0.7094,-1,-1,-1
454,72,558.29,368.01,334.12,656.81,0.6925,-1,-1,-1
454,67,504.49,436.94,111.62,282.62,0.8207,-1,-1,-1
454,74,1363.77,420.18,137.29,346.44,0.8869,-1,-1,-1
454,18,1174.47,409.99,245.86,661.92,0.8601,-1,-1,-1
454,41,1048.02,414.39,157.26,542.46,0.7911,-1,-1,-1
454,50,812.01,422.71,87.78,269.97,0.5017,-1,-1,-1
455,72,520.51,382.38,329.86,637.85,0.6694,-1,-1,-1
455,67,508.24,448.24,103.99,266.73,0.7185,-1,-1,-1
455,74,1368.74,421.31,136.69,346.63,0.8942,-1,-1,-1
455,18,1176.37,417.75,250.35,658.14,0.7937,-1,-1,-1
455,41,1055.79,414.95,160.47,545.52,0.7671,-1,-1,-1
455,50,810.15,419.56,90.89,284.05,0.5914,-1,-1,-1
456,72,478.36,390.68,341.29,653.49,0.7399,-1,-1,-1
456,74,1373.11,420.54,138.11,351.47,0.8909,-1,-1,-1
456,18,1177.32,421.52,255.59,656.35,0.8197,-1,-1,-1
456,41,1060.07,416.62,161.84,544.97,0.7349,-1,-1,-1
456,50,806.55,417.74,93.53,289.51,0.6471,-1,-1,-1
457,72,433.98,394.07,338.49,639.45,0.7518,-1,-1,-1
457,74,1377.00,420.77,139.58,355.97,0.8992,-1,-1,-1
457,18,1169.17,413.28,261.97,665.01,0.8782,-1,-1,-1
457,41,1063.09,418.04,162.58,546.81,0.6650,-1,-1,-1
457,50,806.27,414.72,95.32,294.01,0.6592,-1,-1,-1
458,72,394.21,393.81,353.74,661.61,0.8005,-1,-1,-1
458,74,1383.89,421.57,140.26,359.37,0.8817,-1,-1,-1
458,18,1170.17,413.53,266.45,664.65,0.8996,-1,-1,-1
458,41,1068.10,418.68,161.27,543.79,0.7655,-1,-1,-1
458,50,809.49,415.49,94.81,293.19,0.7511,-1,-1,-1
458,73,684.20,441.18,90.42,290.61,0.6108,-1,-1,-1
459,72,356.73,388.96,365.62,678.62,0.8570,-1,-1,-1
459,74,1393.51,422.97,141.74,360.84,0.8813,-1,-1,-1
459,18,1174.97,415.15,271.23,662.41,0.8951,-1,-1,-1
459,41,1074.14,416.81,160.93,545.70,0.8314,-1,-1,-1
459,50,814.06,418.84,92.49,288.56,0.5843,-1,-1,-1
459,73,690.86,442.96,93.95,289.67,0.5382,-1,-1,-1
460,72,320.86,384.15,372.86,686.22,0.7379,-1,-1,-1
460,74,1404.24,424.39,143.99,361.73,0.8441,-1,-1,-1
460,18,1173.22,409.29,277.28,668.25,0.8832,-1,-1,-1
460,41,1082.06,417.39,160.50,547.71,0.8269,-1,-1,-1
460,50,819.78,422.23,90.65,282.83,0.5889,-1,-1,-1
460,73,686.95,440.25,100.89,294.61,0.7737,-1,-1,-1
461,72,288.02,376.98,380.07,696.06,0.8219,-1,-1,-1
461,74,1410.44,426.53,145.98,362.16,0.8933,-1,-1,-1
461,18,1173.35,407.46,281.27,669.28,0.9110,-1,-1,-1
461,41,1091.14,416.92,160.71,551.91,0.7526,-1,-1,-1
461,50,820.70,416.61,93.10,286.91,0.6139,-1,-1,-1
461,64,662.20,439.11,127.33,299.14,0.8354,-1,-1,-1
462,72,257.46,370.56,385.36,703.20,0.7884,-1,-1,-1
462,74,1413.77,428.75,147.83,362.84,0.8846,-1,-1,-1
462,18,1172.39,404.18,285.75,672.56,0.9107,-1,-1,-1
462,41,1098.06,415.43,160.84,554.92,0.7496,-1,-1,-1
462,50,817.24,412.74,95.79,291.67,0.6763,-1,-1,-1
462,64,668.03,440.16,127.36,297.18,0.7994,-1,-1,-1
462,67,555.41,435.20,104.82,276.17,0.6070,-1,-1,-1
463,72,242.06,363.00,387.92,710.27,0.8128,-1,-1,-1
463,74,1415.59,430.20,150.61,364.71,0.8903,-1,-1,-1
463,18,1172.74,401.41,289.00,675.48,0.8452,-1,-1,-1
463,41,1102.03,411.49,161.04,558.72,0.7477,-1,-1,-1
463,50,816.05,410.89,98.20,293.27,0.6648,-1,-1,-1
463,64,671.90,439.97,125.26,295.48,0.7972,-1,-1,-1
463,67,560.79,433.12,103.65,276.59,0.7584,-1,-1,-1
464,72,219.61,358.51,389.97,714.68,0.8590,-1,-1,-1
464,74,1418.90,427.42,153.61,370.23,0.9096,-1,-1,-1
464,18,1174.88,400.04,290.15,676.03,0.8439,-1,-1,-1
464,41,1105.50,406.52,163.08,565.18,0.8092,-1,-1,-1
464,50,817.12,411.29,100.35,293.65,0.7194,-1,-1,-1
464,64,677.45,439.75,121.96,291.85,0.7903,-1,-1,-1
464,67,567.69,431.82,101.39,274.70,0.6280,-1,-1,-1
465,72,198.42,360.85,388.56,709.67,0.8265,-1,-1,-1
465,74,1423.05,425.39,155.31,374.93,0.8952,-1,-1,-1
465,18,1180.89,400.46,290.17,677.21,0.8733,-1,-1,-1
465,41,1110.26,411.48,160.82,557.58,0.7546,-1,-1,-1
465,50,821.46,412.24,100.63,293.06,0.7272,-1,-1,-1
465,64,683.01,439.51,120.14,291.11,0.7289,-1,-1,-1
465,67,567.29,430.43,102.29,276.13,0.5669,-1,-1,-1
466,72,166.16,366.46,387.36,704.07,0.7756,-1,-1,-1
466,74,1430.67,425.55,154.34,376.62,0.8786,-1,-1,-1
466,18,1189.33,401.08,287.82,676.45,0.8517,-1,-1,-1
466,41,1112.05,418.39,159.67,551.33,0.7867,-1,-1,-1
466,50,824.54,409.45,102.12,296.73,0.7740,-1,-1,-1
466,67,566.50,429.89,103.33,277.49,0.7729,-1,-1,-1
466,73,713.04,439.02,100.89,290.11,0.7226,-1,-1,-1
467,72,139.85,369.78,387.82,701.49,0.8828,-1,-1,-1
467,74,1438.14,423.00,153.35,379.94,0.8738,-1,-1,-1
467,18,1204.55,400.58,282.21,670.11,0.7759,-1,-1,-1
467,41,1116.73,422.65,160.80,549.82,0.7489,-1,-1,-1
467,50,826.40,407.18,102.63,299.69,0.7744,-1,-1,-1
467,67,570.11,427.92,102.72,278.55,0.8110,-1,-1,-1
467,73,719.74,439.62,99.84,290.96,0.7853,-1,-1,-1
468,72,117.45,372.79,387.11,700.49,0.8638,-1,-1,-1
468,74,1449.42,419.67,152.27,383.42,0.8921,-1,-1,-1
468,18,1223.79,401.57,277.25,667.36,0.6538,-1,-1,-1
468,41,1120.14,422.87,164.66,558.55,0.8303,-1,-1,-1
468,50,827.94,405.58,102.37,300.63,0.7754,-1,-1,-1
468,67,572.66,432.36,100.15,272.50,0.8301,-1,-1,-1
468,73,716.07,438.77,101.02,292.18,0.5939,-1,-1,-1
468,64,698.33,437.81,119.27,293.35,0.5404,-1,-1,-1
469,72,83.60,380.20,381.81,689.13,0.7677,-1,-1,-1
469,74,1457.60,415.53,150.92,387.73,0.8734,-1,-1,-1
469,18,1237.43,401.00,275.45,670.93,0.8517,-1,-1,-1
469,41,1120.69,421.66,166.71,564.92,0.8220,-1,-1,-1
469,50,829.83,406.55,101.14,299.35,0.7904,-1,-1,-1
469,67,575.87,434.66,98.61,269.28,0.8185,-1,-1,-1
469,64,705.03,436.89,118.59,294.65,0.7181,-1,-1,-1
470,72,58.48,387.45,379.06,680.89,0.8248,-1,-1,-1
470,74,1466.52,412.82,148.88,390.02,0.8975,-1,-1,-1
470,18,1251.93,403.69,271.56,670.15,0.7092,-1,-1,-1
470,41,1125.76,422.38,170.45,577.72,0.3794,-1,-1,-1
470,50,830.16,408.42,99.94,298.09,0.7871,-1,-1,-1
470,67,579.34,437.68,97.52,267.87,0.8257,-1,-1,-1
470,64,713.83,436.04,118.90,294.90,0.6963,-1,-1,-1
471,72,35.63,395.53,378.79,672.90,0.8604,-1,-1,-1
471,74,1474.20,410.38,146.76,392.51,0.8874,-1,-1,-1
471,18,1263.26,404.06,265.66,668.93,0.6494,-1,-1,-1
471,41,1129.35,421.76,172.32,583.86,0.7154,-1,-1,-1
471,50,832.81,413.41,97.69,292.53,0.7655,-1,-1,-1
471,67,582.41,445.50,95.53,262.50,0.8119,-1,-1,-1
471,64,724.50,435.75,120.63,296.72,0.6967,-1,-1,-1
472,72,10.49,401.43,377.74,667.68,0.8076,-1,-1,-1
472,74,1480.96,409.45,145.03,395.07,0.8876,-1,-1,-1
472,18,1264.19,400.27,260.86,669.97,0.6970,-1,-1,-1
472,41,1132.84,420.48,172.81,587.17,0.8034,-1,-1,-1
472,50,834.00,413.29,96.89,291.78,0.7572,-1,-1,-1
472,67,585.58,445.99,95.42,261.75,0.8346,-1,-1,-1
472,64,736.06,436.88,119.71,294.83,0.7296,-1,-1,-1
473,72,-1.83,403.38,378.85,667.32,0.6623,-1,-1,-1
473,74,1488.52,410.48,141.80,392.25,0.8800,-1,-1,-1
473,18,1289.47,398.89,256.72,672.23,0.6694,-1,-1,-1
473,41,1136.81,421.17,172.72,588.12,0.8401,-1,-1,-1
473,50,835.22,414.27,96.33,292.07,0.7148,-1,-1,-1
473,67,588.21,441.57,97.03,266.04,0.8157,-1,-1,-1
473,64,740.82,438.18,118.59,292.41,0.7580,-1,-1,-1
474,72,-21.33,401.74,377.19,671.33,0.6501,-1,-1,-1
474,74,1495.65,410.78,139.91,391.13,0.8649,-1,-1,-1
474,18,1303.87,398.24,252.31,672.71,0.7249,-1,-1,-1
474,41,1141.41,421.24,172.29,589.01,0.8518,-1,-1,-1
474,50,834.46,413.70,95.68,291.58,0.6971,-1,-1,-1
474,67,590.60,439.77,97.69,267.53,0.8221,-1,-1,-1
474,64,741.29,439.03,118.61,290.96,0.7744,-1,-1,-1
475,72,-27.50,399.75,374.76,673.86,0.7630,-1,-1,-1
475,74,1504.04,411.62,139.08,390.98,0.8606,-1,-1,-1
475,18,1309.73,398.58,248.81,673.27,0.7537,-1,-1,-1
475,41,1145.69,421.45,172.03,589.35,0.8770,-1,-1,-1
475,50,840.32,414.59,93.98,288.88,0.5522,-1,-1,-1
475,67,593.03,441.06,97.48,266.14,0.8257,-1,-1,-1
475,64,741.79,437.04,119.82,293.67,0.7739,-1,-1,-1
476,72,-44.32,395.57,366.46,675.26,0.5484,-1,-1,-1
476,74,1517.82,413.26,141.08,391.80,0.8517,-1,-1,-1
476,41,1148.41,420.84,171.76,589.76,0.8736,-1,-1,-1
476,50,839.80,415.94,91.55,287.32,0.6859,-1,-1,-1
476,67,597.67,443.73,96.77,262.16,0.8463,-1,-1,-1
476,64,742.56,437.10,120.17,294.33,0.7884,-1,-1,-1
477,72,-43.20,391.22,362.35,680.32,0.8209,-1,-1,-1
477,74,1527.63,411.67,146.32,398.25,0.8906,-1,-1,-1
477,41,1151.61,420.55,171.97,590.09,0.8777,-1,-1,-1
477,50,840.81,416.89,89.43,285.17,0.6947,-1,-1,-1
477,67,602.38,443.80,96.70,260.79,0.8185,-1,-1,-1
477,64,743.07,438.63,119.47,293.32,0.7677,-1,-1,-1
478,72,-47.83,384.65,356.50,685.97,0.5574,-1,-1,-1
478,74,1538.92,409.31,151.08,401.25,0.9012,-1,-1,-1
478,41,1156.38,420.65,171.78,589.96,0.8787,-1,-1,-1
478,50,841.88,416.06,88.08,285.62,0.6177,-1,-1,-1
478,67,611.04,444.51,95.17,258.05,0.7737,-1,-1,-1
478,64,743.21,438.47,119.39,294.34,0.6888,-1,-1,-1
478,18,1325.35,395.34,241.49,665.77,0.7112,-1,-1,-1
479,72,-50.79,382.51,347.70,687.22,0.7725,-1,-1,-1
479,74,1549.29,410.68,156.56,403.66,0.9166,-1,-1,-1
479,41,1160.56,421.23,171.51,589.99,0.8842,-1,-1,-1
479,50,843.77,415.97,86.18,284.65,0.6712,-1,-1,-1
479,67,614.85,444.09,95.42,257.41,0.3603,-1,-1,-1
479,18,1332.52,396.76,241.09,671.74,0.8296,-1,-1,-1
479,73,756.34,440.33,101.86,292.29,0.5439,-1,-1,-1
480,72,-51.76,389.60,334.40,680.32,0.4562,-1,-1,-1
480,74,1555.86,413.87,162.19,407.84,0.9072,-1,-1,-1
480,41,1163.38,415.95,171.80,594.45,0.7437,-1,-1,-1
480,50,845.54,414.38,85.07,285.54,0.7482,-1,-1,-1
480,67,616.87,439.49,95.91,260.73,0.6387,-1,-1,-1
480,18,1341.24,400.94,240.43,671.46,0.8800,-1,-1,-1
480,81,899.26,437.66,102.32,247.06,0.6761,-1,-1,-1
480,82,1319.04,412.85,95.43,541.86,0.5671,-1,-1,-1
480,73,761.95,436.78,101.76,293.79,0.6407,-1,-1,-1
481,72,-51.94,405.85,316.99,665.18,0.7631,-1,-1,-1
481,74,1561.56,419.14,165.49,405.78,0.8802,-1,-1,-1
481,41,1169.17,417.18,170.92,594.01,0.8270,-1,-1,-1
481,50,847.32,414.72,83.62,285.22,0.7474,-1,-1,-1
481,67,623.76,435.87,96.40,263.45,0.7418,-1,-1,-1
481,18,1349.06,396.56,244.02,678.34,0.8901,-1,-1,-1
481,81,901.83,440.29,100.54,242.52,0.7649,-1,-1,-1
481,82,1320.80,410.31,96.23,547.52,0.4474,-1,-1,-1
481,73,770.70,439.55,98.62,286.99,0.6944,-1,-1,-1
482,72,-45.97,453.08,286.47,618.41,0.7285,-1,-1,-1
482,74,1565.89,419.37,169.86,408.24,0.8830,-1,-1,-1
482,41,1170.74,412.56,171.15,599.16,0.6103,-1,-1,-1
482,50,849.38,414.86,82.04,283.84,0.7395,-1,-1,-1
482,67,627.93,434.23,96.28,265.72,0.7006,-1,-1,-1
482,18,1358.11,394.32,246.37,680.84,0.9079,-1,-1,-1
482,81,905.12,443.72,98.90,238.22,0.7848,-1,-1,-1
482,82,1324.28,408.57,97.36,555.20,0.3736,-1,-1,-1
482,73,778.31,439.25,96.42,283.75,0.6289,-1,-1,-1
483,72,-40.01,500.73,257.48,571.27,0.7343,-1,-1,-1
483,74,1567.42,418.81,173.31,412.18,0.8922,-1,-1,-1
483,41,1176.31,411.41,170.25,599.60,0.7580,-1,-1,-1
483,50,849.30,416.26,80.66,283.76,0.7026,-1,-1,-1
483,67,630.21,433.22,96.18,264.63,0.7405,-1,-1,-1
483,18,1365.43,392.66,248.68,681.80,0.8711,-1,-1,-1
483,81,907.06,445.43,98.12,236.40,0.7713,-1,-1,-1
483,82,1328.30,405.97,97.78,558.15,0.3826,-1,-1,-1
483,73,785.71,438.86,95.34,285.99,0.6978,-1,-1,-1
484,74,1571.13,416.96,176.77,418.72,0.8876,-1,-1,-1
484,41,1183.63,414.31,168.67,597.13,0.8156,-1,-1,-1
484,50,853.10,425.71,76.80,274.36,0.7528,-1,-1,-1
484,67,634.35,434.16,96.21,263.12,0.7633,-1,-1,-1
484,18,1369.99,392.20,251.56,682.74,0.9125,-1,-1,-1
484,81,908.48,444.32,98.91,238.76,0.7103,-1,-1,-1
484,82,1332.89,408.37,97.84,559.18,0.3646,-1,-1,-1
484,73,790.04,438.13,94.71,289.53,0.7466,-1,-1,-1
485,74,1577.53,414.72,178.52,423.62,0.8920,-1,-1,-1
485,41,1190.46,417.53,167.44,594.38,0.8338,-1,-1,-1
485,50,854.40,424.31,74.93,273.23,0.6319,-1,-1,-1
485,67,637.80,433.72,97.76,262.46,0.7638,-1,-1,-1
485,18,1372.32,393.94,253.54,680.32,0.9047,-1,-1,-1
485,81,908.70,440.86,100.05,242.20,0.3334,-1,-1,-1
485,82,1336.96,415.59,96.13,549.17,0.5363,-1,-1,-1
485,73,794.77,437.33,93.73,288.87,0.7344,-1,-1,-1
486,74,1583.79,414.97,178.58,425.00,0.8920,-1,-1,-1
486,41,1196.32,418.02,166.83,593.53,0.8392,-1,-1,-1
486,50,856.88,427.85,71.39,264.64,0.3526,-1,-1,-1
486,67,641.59,433.75,100.10,262.67,0.8089,-1,-1,-1
486,18,1373.23,394.96,256.27,678.84,0.8889,-1,-1,-1
486,81,909.45,440.91,99.04,240.33,0.7578,-1,-1,-1
486,82,1341.21,415.31,96.96,551.22,0.3249,-1,-1,-1
486,73,800.72,437.43,94.38,288.63,0.6473,-1,-1,-1
486,72,-36.82,566.56,186.16,431.23,0.6458,-1,-1,-1
487,74,1588.81,417.83,176.21,421.93,0.8643,-1,-1,-1
487,41,1204.75,417.35,168.46,594.50,0.8289,-1,-1,-1
487,50,859.12,430.50,70.58,265.41,0.4568,-1,-1,-1
487,67,644.70,433.86,102.48,261.96,0.7655,-1,-1,-1
487,18,1372.50,395.69,258.82,678.05,0.8949,-1,-1,-1
487,81,912.97,441.34,98.36,239.85,0.7338,-1,-1,-1
487,82,1350.83,420.20,92.28,518.04,0.6087,-1,-1,-1
487,73,802.70,437.56,93.56,286.21,0.5648,-1,-1,-1
488,74,1594.26,419.74,174.22,420.09,0.8637,-1,-1,-1
488,41,1208.88,418.26,169.48,592.91,0.8379,-1,-1,-1
488,50,852.05,434.89,75.99,282.68,0.3277,-1,-1,-1
488,67,646.57,433.53,104.60,261.83,0.7684,-1,-1,-1
488,18,1374.45,398.87,261.01,674.70,0.8677,-1,-1,-1
488,81,916.95,446.91,95.75,234.43,0.5862,-1,-1,-1
488,82,1356.45,422.41,90.66,503.03,0.5537,-1,-1,-1
488,73,811.31,438.53,97.68,287.68,0.5613,-1,-1,-1
489,74,1599.09,414.16,174.84,426.96,0.8597,-1,-1,-1
489,41,1211.26,418.92,170.66,592.16,0.8518,-1,-1,-1
489,50,850.38,436.38,79.28,289.63,0.4787,-1,-1,-1
489,67,649.70,435.26,105.94,260.37,0.7937,-1,-1,-1
489,18,1374.45,394.62,265.01,677.88,0.8517,-1,-1,-1
489,81,918.81,440.65,97.65,240.81,0.6349,-1,-1,-1
489,82,1361.72,424.46,87.96,477.90,0.6092,-1,-1,-1
489,73,814.81,439.13,102.27,288.12,0.4484,-1,-1,-1
490,74,1604.25,412.14,174.18,431.85,0.8538,-1,-1,-1
490,41,1212.67,418.57,172.33,592.62,0.8486,-1,-1,-1
490,67,650.61,435.56,108.04,261.52,0.8586,-1,-1,-1
490,18,1369.45,395.01,264.17,675.74,0.7938,-1,-1,-1
490,81,924.86,439.55,96.37,241.14,0.6003,-1,-1,-1
490,82,1366.62,422.60,88.72,471.61,0.5986,-1,-1,-1
490,73,828.85,441.31,102.14,286.30,0.6001,-1,-1,-1
491,74,1603.55,409.85,170.32,433.12,0.8185,-1,-1,-1
491,41,1213.25,418.77,173.74,592.80,0.8659,-1,-1,-1
491,67,652.12,435.65,109.90,263.09,0.8539,-1,-1,-1
491,18,1366.66,397.11,262.07,671.19,0.6751,-1,-1,-1
491,81,932.51,436.74,95.09,242.88,0.6174,-1,-1,-1
491,82,1372.87,420.97,90.22,469.42,0.5523,-1,-1,-1
491,73,836.79,441.81,102.68,286.94,0.5841,-1,-1,-1
492,74,1611.53,409.13,167.44,437.91,0.7921,-1,-1,-1
492,41,1214.68,418.36,175.85,593.30,0.8592,-1,-1,-1
492,67,652.87,435.80,111.76,264.42,0.8330,-1,-1,-1
492,18,1400.95,394.78,266.77,672.82,0.4672,-1,-1,-1
492,81,940.97,436.52,93.46,242.96,0.7024,-1,-1,-1
492,82,1381.31,414.13,92.50,465.73,0.3208,-1,-1,-1
492,73,830.65,443.85,105.08,282.94,0.7652,-1,-1,-1
492,86,309.79,485.37,111.09,201.04,0.6389,-1,-1,-1
493,74,1619.63,409.55,165.27,440.20,0.7194,-1,-1,-1
493,41,1215.09,420.74,177.08,591.00,0.8656,-1,-1,-1
493,67,655.99,438.80,111.27,262.00,0.7409,-1,-1,-1
493,18,1408.11,391.83,266.14,671.21,0.3575,-1,-1,-1
493,81,946.92,437.24,92.10,242.87,0.7793,-1,-1,-1
493,82,1386.67,412.29,95.70,469.26,0.5061,-1,-1,-1
493,73,828.13,444.74,107.89,280.66,0.7630,-1,-1,-1
493,86,305.01,488.11,108.59,196.68,0.5477,-1,-1,-1
494,74,1627.08,410.17,153.39,412.37,0.7683,-1,-1,-1
494,41,1218.73,421.79,179.24,589.09,0.8717,-1,-1,-1
494,67,657.92,439.91,111.27,260.82,0.8469,-1,-1,-1
494,18,1399.81,387.26,268.92,670.41,0.4977,-1,-1,-1
494,81,949.51,439.26,90.61,241.46,0.7427,-1,-1,-1
494,82,1389.95,411.83,99.08,475.19,0.6393,-1,-1,-1
494,73,827.09,445.63,111.22,280.38,0.7883,-1,-1,-1
495,74,1634.85,406.21,163.38,440.39,0.7897,-1,-1,-1
495,41,1221.90,421.79,182.26,589.40,0.8521,-1,-1,-1
495,67,657.77,439.09,112.34,261.61,0.8526,-1,-1,-1
495,18,1396.14,383.44,271.87,674.34,0.4860,-1,-1,-1
495,81,956.98,439.67,90.77,241.59,0.6752,-1,-1,-1
495,82,1390.98,410.98,103.52,489.34,0.5472,-1,-1,-1
495,73,829.28,444.04,113.87,281.75,0.7492,-1,-1,-1
496,74,1648.76,405.51,156.18,412.91,0.5802,-1,-1,-1
496,41,1223.80,420.22,185.96,591.33,0.8679,-1,-1,-1
496,67,658.29,438.15,112.91,263.23,0.8576,-1,-1,-1
496,18,1398.30,380.03,273.48,676.77,0.5526,-1,-1,-1
496,81,965.11,439.52,92.41,242.42,0.7729,-1,-1,-1
496,82,1388.73,413.84,112.26,528.48,0.6883,-1,-1,-1
496,73,830.44,442.10,116.88,285.03,0.7661,-1,-1,-1
497,74,1640.49,405.80,169.52,454.90,0.8697,-1,-1,-1
497,41,1225.95,419.71,189.35,591.44,0.8983,-1,-1,-1
497,67,660.97,435.02,113.52,267.40,0.8511,-1,-1,-1
497,18,1403.22,377.71,279.96,690.10,0.7415,-1,-1,-1
497,81,971.09,441.60,93.47,239.94,0.8028,-1,-1,-1
497,82,1400.87,418.64,106.01,485.12,0.7462,-1,-1,-1
497,73,832.90,443.27,117.87,285.29,0.8057,-1,-1,-1
497,86,251.88,472.20,122.72,222.89,0.5659,-1,-1,-1
498,74,1644.22,409.00,171.63,464.98,0.8161,-1,-1,-1
498,41,1228.13,417.46,192.83,593.70,0.8905,-1,-1,-1
498,67,664.27,433.10,112.88,269.90,0.8484,-1,-1,-1
498,18,1410.91,376.46,280.55,693.19,0.7062,-1,-1,-1
498,81,975.70,440.66,95.68,241.09,0.8055,-1,-1,-1
498,82,1402.35,414.93,114.12,514.60,0.6597,-1,-1,-1
498,73,837.09,444.00,117.23,283.63,0.7657,-1,-1,-1
498,86,248.71,475.83,122.62,223.97,0.5941,-1,-1,-1
499,74,1661.32,408.43,175.77,469.30,0.8934,-1,-1,-1
499,41,1230.74,414.95,195.25,596.54,0.8877,-1,-1,-1
499,67,667.82,435.51,110.12,266.74,0.8366,-1,-1,-1
499,18,1419.56,377.06,279.76,694.15,0.7372,-1,-1,-1
499,81,980.16,440.91,98.32,242.24,0.7795,-1,-1,-1
499,82,1404.15,409.98,119.72,530.58,0.6360,-1,-1,-1
499,73,846.24,443.50,115.98,284.38,0.7890,-1,-1,-1
499,86,237.88,480.18,121.08,222.41,0.6955,-1,-1,-1
500,74,1672.68,412.92,179.35,471.85,0.8845,-1,-1,-1
500,41,1234.99,415.84,196.09,596.08,0.8399,-1,-1,-1
500,67,669.87,434.17,109.13,268.04,0.8296,-1,-1,-1
500,18,1436.56,378.96,274.35,685.09,0.6692,-1,-1,-1
500,81,980.77,443.29,99.58,240.28,0.7926,-1,-1,-1
500,82,1407.91,410.37,124.17,538.12,0.7136,-1,-1,-1
500,73,850.01,440.54,115.09,284.92,0.7233,-1,-1,-1
500,86,228.59,480.32,120.23,223.76,0.7502,-1,-1,-1
501,74,1689.07,415.41,184.17,474.18,0.8907,-1,-1,-1
501,41,1243.50,415.48,197.22,598.53,0.8265,-1,-1,-1
501,67,674.02,433.66,107.35,268.02,0.7927,-1,-1,-1
501,18,1470.54,376.78,243.21,608.41,0.5827,-1,-1,-1
501,81,980.27,451.21,98.55,232.28,0.8153,-1,-1,-1
501,73,852.91,438.63,114.68,286.17,0.7525,-1,-1,-1
501,86,219.15,480.28,119.43,223.97,0.6804,-1,-1,-1
502,74,1698.84,414.05,188.22,477.25,0.9131,-1,-1,-1
502,41,1252.68,417.25,196.33,596.43,0.8566,-1,-1,-1
502,67,681.01,434.91,104.31,266.26,0.7638,-1,-1,-1
502,18,1477.50,378.33,259.52,659.92,0.6465,-1,-1,-1
502,81,979.98,451.42,99.81,231.85,0.8081,-1,-1,-1
502,73,856.50,439.11,114.23,286.54,0.7113,-1,-1,-1
502,86,212.71,482.76,118.37,223.40,0.6972,-1,-1,-1
502,82,1406.64,409.52,130.74,552.56,0.7187,-1,-1,-1
503,74,1704.81,412.98,192.60,483.10,0.9028,-1,-1,-1
503,41,1265.28,416.97,195.60,601.19,0.8255,-1,-1,-1
503,67,683.52,434.08,103.21,267.23,0.7813,-1,-1,-1
503,18,1485.62,375.67,262.12,679.82,0.7937,-1,-1,-1
503,81,982.19,447.86,101.66,235.40,0.7646,-1,-1,-1
503,73,861.52,439.32,113.90,287.23,0.7581,-1,-1,-1
503,86,202.67,483.69,121.95,232.04,0.6641,-1,-1,-1
503,82,1405.70,411.15,134.75,555.19,0.6125,-1,-1,-1
504,74,1709.97,412.34,197.96,493.25,0.8736,-1,-1,-1
504,41,1277.69,416.69,193.56,604.15,0.7681,-1,-1,-1
504,67,686.20,434.55,101.63,266.70,0.7798,-1,-1,-1
504,18,1495.80,372.75,262.13,690.93,0.8048,-1,-1,-1
504,81,985.50,445.89,101.69,238.05,0.6934,-1,-1,-1
504,73,870.26,440.15,112.28,285.26,0.5816,-1,-1,-1
504,86,188.12,481.74,123.47,236.38,0.7346,-1,-1,-1
504,82,1408.87,411.81,137.23,553.89,0.6953,-1,-1,-1
505,74,1715.11,410.46,200.84,499.58,0.8541,-1,-1,-1
505,41,1287.48,412.93,192.94,611.52,0.8163,-1,-1,-1
505,67,688.91,435.87,100.39,265.71,0.8496,-1,-1,-1
505,18,1504.43,372.34,261.36,698.39,0.8554,-1,-1,-1
505,81,993.98,454.60,96.64,228.93,0.7618,-1,-1,-1
505,73,883.55,442.04,111.12,280.57,0.6611,-1,-1,-1
505,86,175.32,481.49,124.33,240.04,0.7399,-1,-1,-1
505,82,1417.33,422.68,136.28,542.37,0.6530,-1,-1,-1
506,74,1721.12,405.71,202.89,506.51,0.9049,-1,-1,-1
506,41,1294.52,413.19,192.94,621.23,0.7059,-1,-1,-1
506,67,694.36,435.01,99.67,266.50,0.8059,-1,-1,-1
506,18,1509.68,371.96,258.68,701.15,0.8207,-1,-1,-1
506,81,1003.09,461.10,92.12,221.89,0.7542,-1,-1,-1
506,73,897.32,450.31,109.23,273.15,0.6877,-1,-1,-1
506,86,162.61,483.14,122.90,239.06,0.7447,-1,-1,-1
506,82,1432.49,423.85,133.63,535.51,0.7039,-1,-1,-1
506,50,865.01,414.52,76.87,287.12,0.6648,-1,-1,-1
507,74,1727.76,402.56,202.36,510.06,0.9083,-1,-1,-1
507,41,1299.95,414.13,192.09,628.60,0.7855,-1,-1,-1
507,67,700.04,434.85,99.22,265.95,0.8103,-1,-1,-1
507,18,1514.87,373.92,255.16,700.73,0.8069,-1,-1,-1
507,81,1010.42,454.59,93.34,228.03,0.4533,-1,-1,-1
507,73,904.72,452.48,109.02,269.60,0.7744,-1,-1,-1
507,86,148.25,481.82,124.00,242.54,0.7784,-1,-1,-1
507,82,1440.74,420.51,133.26,540.07,0.6954,-1,-1,-1
507,50,865.98,414.33,75.42,286.57,0.7109,-1,-1,-1
508,74,1732.16,399.69,200.92,513.28,0.8823,-1,-1,-1
508,41,1311.90,415.36,193.69,636.44,0.3889,-1,-1,-1
508,67,709.18,436.18,97.52,263.50,0.7985,-1,-1,-1
508,18,1519.00,373.96,253.07,700.39,0.8075,-1,-1,-1
508,81,1017.65,450.72,92.51,229.93,0.4461,-1,-1,-1
508,73,909.90,452.33,111.61,269.87,0.7822,-1,-1,-1
508,86,136.57,482.09,123.91,242.48,0.7611,-1,-1,-1
508,82,1448.01,416.03,131.43,537.66,0.7514,-1,-1,-1
508,50,867.71,414.65,74.31,284.18,0.6837,-1,-1,-1
509,74,1738.95,397.78,197.54,513.37,0.8557,-1,-1,-1
509,41,1325.61,415.16,196.85,642.77,0.4468,-1,-1,-1
509,67,714.79,439.34,96.53,260.32,0.6548,-1,-1,-1
509,18,1522.10,374.34,249.92,698.17,0.7537,-1,-1,-1
509,81,1023.08,461.55,86.27,218.23,0.5591,-1,-1,-1
509,73,910.64,446.28,116.67,277.44,0.8071,-1,-1,-1
509,86,123.74,478.84,125.74,247.23,0.7508,-1,-1,-1
509,82,1453.69,410.05,134.83,559.20,0.7320,-1,-1,-1
509,50,869.15,419.56,71.99,278.54,0.6159,-1,-1,-1
510,74,1750.11,394.61,190.08,505.30,0.8782,-1,-1,-1
510,41,1335.41,414.33,200.13,644.27,0.8686,-1,-1,-1
510,67,720.15,438.36,98.87,261.11,0.7709,-1,-1,-1
510,18,1539.01,378.97,248.53,695.16,0.6099,-1,-1,-1
510,81,1028.68,465.00,83.33,212.63,0.5754,-1,-1,-1
510,73,910.29,444.28,119.67,280.65,0.8002,-1,-1,-1
510,86,108.66,476.71,125.54,246.51,0.7159,-1,-1,-1
510,82,1462.40,407.35,136.52,572.20,0.6742,-1,-1,-1
510,50,870.29,416.11,72.04,281.60,0.6369,-1,-1,-1
511,74,1757.36,392.76,185.86,506.78,0.8511,-1,-1,-1
511,41,1340.68,414.78,204.35,646.01,0.8897,-1,-1,-1
511,67,721.66,439.35,100.35,260.30,0.8067,-1,-1,-1
511,18,1552.18,375.13,252.98,698.61,0.7469,-1,-1,-1
511,81,1030.08,456.99,86.31,221.48,0.5771,-1,-1,-1
511,73,913.56,444.37,122.99,281.34,0.8010,-1,-1,-1
511,86,96.58,475.97,127.33,250.47,0.5877,-1,-1,-1
511,82,1467.33,407.98,134.20,568.29,0.6672,-1,-1,-1
511,50,873.47,415.60,71.75,279.69,0.4451,-1,-1,-1
512,74,1763.02,394.00,181.18,507.14,0.8392,-1,-1,-1
512,41,1341.34,417.83,207.79,644.77,0.8945,-1,-1,-1
512,67,723.41,437.83,101.83,261.36,0.8261,-1,-1,-1
512,18,1547.15,375.19,250.75,696.60,0.6671,-1,-1,-1
512,81,1034.75,451.20,87.99,227.34,0.6652,-1,-1,-1
512,73,913.21,442.48,126.59,283.90,0.8076,-1,-1,-1
512,82,1471.53,411.21,129.97,552.81,0.7304,-1,-1,-1
512,50,874.95,411.59,73.10,282.98,0.5770,-1,-1,-1
513,74,1772.64,389.81,176.75,512.80,0.6959,-1,-1,-1
513,41,1341.36,421.07,211.98,645.33,0.8905,-1,-1,-1
513,67,725.72,437.44,103.48,261.62,0.8219,-1,-1,-1
513,18,1560.07,374.53,241.86,665.55,0.3843,-1,-1,-1
513,81,1039.75,445.34,90.06,232.46,0.6979,-1,-1,-1
513,73,912.85,441.72,129.46,284.85,0.8078,-1,-1,-1
513,82,1475.70,413.89,128.70,551.55,0.7490,-1,-1,-1
513,50,876.05,409.74,74.06,284.87,0.5059,-1,-1,-1
513,86,68.15,476.13,132.66,259.27,0.6758,-1,-1,-1
514,74,1778.72,387.96,171.80,516.53,0.8472,-1,-1,-1
514,41,1340.55,421.28,216.23,646.80,0.8826,-1,-1,-1
514,67,727.35,439.79,102.99,257.62,0.8369,-1,-1,-1
514,18,1567.74,374.06,224.05,610.85,0.3019,-1,-1,-1
514,81,1044.55,443.14,91.15,233.76,0.6858,-1,-1,-1
514,73,913.69,442.41,131.09,283.26,0.7451,-1,-1,-1
514,82,1481.95,416.57,124.88,537.90,0.6672,-1,-1,-1
514,50,877.21,408.75,74.95,287.15,0.5512,-1,-1,-1
514,86,54.71,476.29,132.52,256.24,0.7071,-1,-1,-1
515,74,1787.46,385.24,165.84,519.95,0.7947,-1,-1,-1
515,41,1339.91,419.79,220.35,648.80,0.8862,-1,-1,-1
515,67,729.25,438.94,103.49,257.17,0.8303,-1,-1,-1
515,18,1568.34,372.39,244.61,665.72,0.6116,-1,-1,-1
515,81,1050.06,447.28,90.60,228.74,0.6664,-1,-1,-1
515,73,914.71,442.76,133.03,282.21,0.7834,-1,-1,-1
515,82,1489.15,416.81,122.99,528.07,0.5760,-1,-1,-1
515,50,877.16,418.86,72.69,277.64,0.5870,-1,-1,-1
515,86,42.50,476.89,134.61,257.80,0.7637,-1,-1,-1
515,88,568.08,446.61,30.71,86.70,0.5193,-1,-1,-1
516,74,1792.96,384.75,161.17,527.34,0.7959,-1,-1,-1
516,41,1340.02,420.52,223.54,647.73,0.8756,-1,-1,-1
516,67,732.10,436.47,104.44,258.61,0.8280,-1,-1,-1
516,18,1576.25,373.74,254.04,685.21,0.6406,-1,-1,-1
516,81,1052.32,447.53,90.08,226.32,0.6286,-1,-1,-1
516,73,916.06,440.72,134.74,282.03,0.7722,-1,-1,-1
516,82,1496.01,417.10,122.47,522.20,0.4553,-1,-1,-1
516,50,882.29,418.73,74.80,282.12,0.5858,-1,-1,-1
516,86,27.79,477.89,136.48,258.87,0.7621,-1,-1,-1
516,88,567.77,446.31,31.23,88.10,0.5422,-1,-1,-1
516,89,692.31,449.50,37.99,126.56,0.6568,-1,-1,-1
517,74,1802.99,385.07,150.89,516.70,0.7796,-1,-1,-1
517,41,1341.33,421.87,226.72,646.02,0.8563,-1,-1,-1
517,67,735.48,438.56,103.67,255.78,0.8165,-1,-1,-1
517,18,1597.70,375.20,263.54,691.34,0.3281,-1,-1,-1
517,81,1055.13,452.31,89.86,222.66,0.4487,-1,-1,-1
517,73,917.14,439.75,135.80,282.45,0.7649,-1,-1,-1
517,50,883.99,422.48,75.82,281.83,0.6627,-1,-1,-1
517,86,20.08,487.82,132.65,248.59,0.6826,-1,-1,-1
517,88,567.02,445.50,31.85,89.83,0.5104,-1,-1,-1
517,89,688.95,449.65,37.96,126.28,0.6097,-1,-1,-1
518,74,1810.39,386.08,142.78,512.30,0.7535,-1,-1,-1
518,41,1343.88,420.51,230.80,647.44,0.8545,-1,-1,-1
518,67,738.02,434.08,104.69,259.44,0.8587,-1,-1,-1
518,18,1606.61,376.18,270.54,691.64,0.4351,-1,-1,-1
518,81,1058.06,467.20,86.58,209.19,0.6251,-1,-1,-1
518,73,918.57,437.78,137.45,284.88,0.7310,-1,-1,-1
518,50,882.58,418.33,77.40,286.93,0.6365,-1,-1,-1
518,86,8.15,482.21,138.10,256.91,0.7425,-1,-1,-1
518,88,568.40,446.95,31.01,87.45,0.4626,-1,-1,-1
518,89,686.15,449.46,37.89,125.90,0.5383,-1,-1,-1
519,74,1820.93,386.48,132.27,499.84,0.5426,-1,-1,-1
519,41,1345.53,420.33,233.97,647.68,0.7815,-1,-1,-1
519,67,741.01,432.98,104.53,259.84,0.8534,-1,-1,-1
519,18,1604.16,377.14,276.09,692.81,0.6616,-1,-1,-1
519,81,1057.83,465.49,88.80,211.61,0.5944,-1,-1,-1
519,73,921.33,439.43,136.07,281.25,0.6313,-1,-1,-1
519,50,883.09,428.14,74.46,273.96,0.7332,-1,-1,-1
519,86,2.39,487.54,136.96,252.50,0.6451,-1,-1,-1
519,88,569.56,449.96,29.99,84.50,0.4572,-1,-1,-1
519,89,683.12,448.64,38.10,125.86,0.6543,-1,-1,-1
520,74,1832.76,393.10,120.76,483.53,0.6018,-1,-1,-1
520,41,1345.91,418.09,236.81,650.32,0.8181,-1,-1,-1
520,67,744.20,431.30,103.60,259.78,0.8186,-1,-1,-1
520,18,1599.55,378.29,279.27,693.17,0.5109,-1,-1,-1
520,81,1056.70,463.62,90.88,213.98,0.6908,-1,-1,-1
520,73,928.50,445.38,132.88,274.40,0.3182,-1,-1,-1
520,50,884.05,434.51,72.77,265.76,0.7765,-1,-1,-1
520,86,-2.86,482.44,142.72,263.25,0.5843,-1,-1,-1
520,88,569.99,450.22,30.00,84.58,0.4400,-1,-1,-1
520,89,682.66,448.77,37.81,124.07,0.6817,-1,-1,-1
521,41,1346.08,417.71,238.07,650.15,0.8568,-1,-1,-1
521,67,748.52,431.91,102.19,259.62,0.7854,-1,-1,-1
521,18,1604.77,377.56,284.72,692.63,0.6760,-1,-1,-1
521,81,1054.37,447.31,97.53,230.28,0.6235,-1,-1,-1
521,73,938.72,445.06,131.58,274.47,0.6063,-1,-1,-1
521,50,884.87,433.77,73.71,266.58,0.7496,-1,-1,-1
521,86,-9.33,480.99,142.49,266.02,0.5358,-1,-1,-1
521,88,570.85,452.93,28.81,81.01,0.4574,-1,-1,-1
521,89,681.49,450.33,37.71,123.17,0.6254,-1,-1,-1
522,41,1350.36,414.82,240.62,653.54,0.8473,-1,-1,-1
522,67,755.56,432.85,98.66,255.60,0.8130,-1,-1,-1
522,18,1631.48,377.49,257.79,611.83,0.6193,-1,-1,-1
522,81,1054.66,444.62,98.43,232.94,0.7345,-1,-1,-1
522,73,946.11,442.00,131.47,276.83,0.7251,-1,-1,-1
522,50,884.65,433.73,74.86,266.76,0.7474,-1,-1,-1
522,86,-17.61,478.53,142.14,272.72,0.5736,-1,-1,-1
522,88,571.70,454.36,28.23,79.26,0.4104,-1,-1,-1
522,89,680.15,449.16,38.47,124.81,0.6903,-1,-1,-1
523,41,1355.11,412.70,241.49,655.33,0.8115,-1,-1,-1
523,67,758.86,432.83,97.90,255.99,0.5309,-1,-1,-1
523,18,1613.90,375.64,285.10,666.77,0.6793,-1,-1,-1
523,81,1056.92,451.27,95.99,226.33,0.7070,-1,-1,-1
523,73,946.59,440.53,130.97,279.97,0.7617,-1,-1,-1
523,50,885.84,424.15,78.60,276.82,0.7430,-1,-1,-1
523,86,-15.16,502.98,130.57,254.58,0.4745,-1,-1,-1
523,88,571.71,454.27,28.46,79.85,0.3987,-1,-1,-1
523,89,678.44,448.79,39.08,125.75,0.6897,-1,-1,-1
524,41,1363.31,411.64,240.60,654.64,0.7873,-1,-1,-1
524,67,762.94,430.93,97.71,258.04,0.8385,-1,-1,-1
524,18,1608.45,373.54,296.68,685.97,0.8363,-1,-1,-1
524,81,1059.99,453.61,94.84,223.96,0.7163,-1,-1,-1
524,73,955.27,442.26,126.76,276.71,0.6791,-1,-1,-1
524,50,887.12,420.56,81.19,281.77,0.7417,-1,-1,-1
524,88,572.54,454.27,28.98,81.18,0.4103,-1,-1,-1
524,89,677.34,449.29,38.92,123.99,0.7033,-1,-1,-1
525,41,1374.60,411.79,238.72,655.41,0.8001,-1,-1,-1
525,67,764.76,430.54,97.52,258.74,0.8543,-1,-1,-1
525,18,1605.48,369.14,304.51,698.45,0.7441,-1,-1,-1
525,81,1062.81,459.31,93.36,219.26,0.7315,-1,-1,-1
525,73,960.08,444.40,123.58,275.72,0.6726,-1,-1,-1
525,50,890.84,414.35,84.02,289.44,0.7257,-1,-1,-1
525,88,572.91,452.70,29.28,81.82,0.4286,-1,-1,-1
525,89,676.35,451.62,38.31,120.69,0.6869,-1,-1,-1
525,82,1552.85,412.47,138.68,572.04,0.6325,-1,-1,-1
526,41,1388.30,411.52,235.88,655.65,0.7696,-1,-1,-1
526,67,767.28,434.56,95.95,254.24,0.8363,-1,-1,-1
526,18,1604.50,361.57,310.07,708.38,0.8453,-1,-1,-1
526,81,1066.70,462.85,92.19,214.99,0.6770,-1,-1,-1
526,73,967.77,445.75,120.23,277.38,0.6764,-1,-1,-1
526,50,894.93,411.00,85.43,295.28,0.7303,-1,-1,-1
526,88,573.04,451.65,29.53,82.13,0.3963,-1,-1,-1
526,89,675.80,452.47,38.04,118.22,0.6593,-1,-1,-1
526,82,1556.77,410.96,143.35,581.12,0.6138,-1,-1,-1
527,41,1404.75,412.23,231.78,655.40,0.8152,-1,-1,-1
527,67,773.85,436.26,96.62,252.91,0.7902,-1,-1,-1
527,18,1603.76,363.04,311.07,707.50,0.7218,-1,-1,-1
527,81,1070.97,459.23,93.72,217.73,0.7041,-1,-1,-1
527,73,975.00,448.34,116.17,276.04,0.7432,-1,-1,-1
527,50,898.34,408.10,85.92,298.60,0.7859,-1,-1,-1
527,88,572.98,450.98,29.60,82.13,0.3913,-1,-1,-1
527,89,673.42,453.50,38.65,117.48,0.5740,-1,-1,-1
527,82,1566.10,410.88,145.10,583.88,0.7540,-1,-1,-1
528,41,1416.72,412.79,227.40,655.39,0.7767,-1,-1,-1
528,67,781.69,438.10,95.82,249.70,0.7183,-1,-1,-1
528,18,1608.00,380.28,306.16,691.76,0.7454,-1,-1,-1
528,81,1073.62,453.73,94.96,222.36,0.7193,-1,-1,-1
528,73,979.93,447.44,114.56,279.46,0.7213,-1,-1,-1
528,50,902.27,410.59,84.76,296.52,0.7430,-1,-1,-1
528,88,573.32,450.97,29.97,82.88,0.3612,-1,-1,-1
528,89,672.99,454.75,38.72,115.27,0.6435,-1,-1,-1
528,82,1575.57,412.03,147.69,585.05,0.7396,-1,-1,-1
529,41,1424.73,412.63,223.21,655.66,0.8403,-1,-1,-1
529,67,789.98,437.62,99.21,250.75,0.7405,-1,-1,-1
529,18,1660.67,381.54,265.35,604.97,0.5683,-1,-1,-1
529,81,1076.62,450.55,93.76,224.16,0.5991,-1,-1,-1
529,73,987.06,445.16,112.97,280.37,0.6562,-1,-1,-1
529,50,907.64,408.07,83.90,298.14,0.8020,-1,-1,-1
529,88,573.35,450.43,30.35,83.63,0.4295,-1,-1,-1
529,89,672.12,454.32,39.86,116.41,0.4798,-1,-1,-1
529,82,1583.05,412.47,150.52,589.16,0.7797,-1,-1,-1
530,41,1430.97,411.86,219.41,656.66,0.8376,-1,-1,-1
530,67,794.14,436.68,100.81,250.91,0.8004,-1,-1,-1
530,18,1682.70,369.77,250.64,578.76,0.5785,-1,-1,-1
530,81,1081.01,447.52,92.64,227.38,0.6545,-1,-1,-1
530,73,993.30,440.75,111.62,280.99,0.7758,-1,-1,-1
530,50,911.78,405.54,83.19,299.98,0.8274,-1,-1,-1
530,88,573.11,449.49,30.97,85.25,0.4318,-1,-1,-1
530,89,669.69,454.14,40.33,116.28,0.6671,-1,-1,-1
530,82,1584.58,412.24,153.51,594.40,0.7321,-1,-1,-1
531,41,1438.39,411.40,216.56,655.80,0.8500,-1,-1,-1
531,67,793.11,435.67,102.64,251.89,0.8270,-1,-1,-1
531,18,1692.05,364.10,245.46,575.39,0.4626,-1,-1,-1
531,81,1084.52,445.95,91.92,230.35,0.5931,-1,-1,-1
531,73,1001.64,444.92,108.81,275.16,0.7061,-1,-1,-1
531,50,915.19,405.03,82.23,300.22,0.8198,-1,-1,-1
531,88,572.71,448.87,31.62,86.96,0.4649,-1,-1,-1
531,89,668.81,453.79,40.15,115.15,0.6754,-1,-1,-1
531,82,1588.49,414.24,155.22,597.20,0.7009,-1,-1,-1
532,41,1448.07,410.82,215.88,656.16,0.8420,-1,-1,-1
532,67,795.08,435.92,104.05,251.86,0.8366,-1,-1,-1
532,18,1654.68,364.72,280.00,661.45,0.8220,-1,-1,-1
532,81,1089.02,448.16,89.29,229.30,0.4892,-1,-1,-1
532,73,1007.15,444.65,108.82,275.44,0.8285,-1,-1,-1
532,50,919.66,404.90,81.13,298.83,0.7670,-1,-1,-1
532,88,571.87,448.45,32.04,87.85,0.5181,-1,-1,-1
532,89,666.06,452.13,40.94,116.94,0.6992,-1,-1,-1
532,82,1591.57,413.11,157.46,604.75,0.6663,-1,-1,-1
533,41,1452.52,411.57,215.56,655.84,0.8847,-1,-1,-1
533,67,797.60,436.68,104.54,250.80,0.8403,-1,-1,-1
533,18,1649.58,365.38,289.45,693.53,0.8510,-1,-1,-1
533,81,1089.41,445.31,88.49,232.91,0.6659,-1,-1,-1
533,73,1007.71,445.30,109.05,274.08,0.7789,-1,-1,-1
533,50,922.73,404.60,80.93,298.06,0.7961,-1,-1,-1
533,88,572.34,447.17,32.69,89.40,0.4064,-1,-1,-1
533,89,663.63,451.82,41.28,118.14,0.6841,-1,-1,-1
533,82,1597.89,409.48,161.61,617.12,0.5369,-1,-1,-1
534,41,1454.78,410.91,215.65,656.64,0.9041,-1,-1,-1
534,67,804.05,437.11,105.15,249.21,0.8360,-1,-1,-1
534,18,1680.60,364.76,266.25,653.87,0.6864,-1,-1,-1
534,81,1090.10,443.82,87.95,235.24,0.6323,-1,-1,-1
534,73,1011.77,448.86,109.50,271.97,0.7935,-1,-1,-1
534,50,924.89,405.66,81.45,298.58,0.8008,-1,-1,-1
534,88,574.62,447.14,33.18,89.91,0.4244,-1,-1,-1
534,89,662.28,451.31,41.22,118.10,0.7365,-1,-1,-1
534,82,1604.30,410.28,163.71,616.96,0.3382,-1,-1,-1
535,41,1457.84,412.53,215.56,655.74,0.8317,-1,-1,-1
535,67,806.03,437.99,106.60,248.13,0.8329,-1,-1,-1
535,18,1681.29,367.00,272.85,688.64,0.6367,-1,-1,-1
535,81,1092.95,440.92,87.47,237.37,0.4780,-1,-1,-1
535,73,1013.20,443.44,113.82,279.38,0.7814,-1,-1,-1
535,50,928.64,422.86,78.72,281.96,0.7866,-1,-1,-1
535,88,575.20,445.73,33.94,91.40,0.4817,-1,-1,-1
535,89,661.04,450.82,41.51,118.73,0.7598,-1,-1,-1
535,82,1613.46,411.36,166.19,616.18,0.8495,-1,-1,-1
536,41,1459.23,413.50,215.53,654.39,0.8918,-1,-1,-1
536,67,807.12,437.21,107.82,248.14,0.8067,-1,-1,-1
536,18,1694.48,367.07,268.66,703.07,0.8682,-1,-1,-1
536,81,1098.10,438.31,86.11,238.34,0.3860,-1,-1,-1
536,73,1015.88,447.41,114.74,276.14,0.7878,-1,-1,-1
536,50,928.32,429.31,79.25,275.55,0.7718,-1,-1,-1
536,88,575.86,448.88,33.09,88.66,0.3809,-1,-1,-1
536,89,660.24,450.93,41.45,118.30,0.6792,-1,-1,-1
536,82,1614.26,409.29,166.00,613.43,0.3163,-1,-1,-1
537,41,1466.18,414.08,216.65,651.88,0.8582,-1,-1,-1
537,67,808.34,437.20,108.79,248.39,0.8256,-1,-1,-1
537,18,1708.53,368.75,259.91,708.06,0.8644,-1,-1,-1
537,81,1101.27,446.05,81.55,230.04,0.4460,-1,-1,-1
537,73,1017.95,454.17,114.54,269.61,0.7514,-1,-1,-1
537,50,929.13,435.90,79.67,268.59,0.7759,-1,-1,-1
537,88,577.37,453.94,31.24,83.31,0.3049,-1,-1,-1
537,89,659.42,451.13,41.46,117.77,0.7288,-1,-1,-1
538,41,1467.60,413.70,218.05,651.91,0.8711,-1,-1,-1
538,67,808.47,436.11,109.50,248.00,0.8268,-1,-1,-1
538,18,1718.58,369.54,250.57,711.06,0.8557,-1,-1,-1
538,81,1101.08,444.67,80.82,233.12,0.5655,-1,-1,-1
538,73,1018.23,449.24,117.32,273.67,0.7767,-1,-1,-1
538,50,927.73,430.44,83.52,274.83,0.7790,-1,-1,-1
538,88,578.14,455.99,30.71,81.25,0.3480,-1,-1,-1
538,89,658.38,452.07,41.54,116.87,0.7013,-1,-1,-1
539,41,1469.81,413.20,219.79,652.91,0.8760,-1,-1,-1
539,67,809.59,435.19,110.76,249.98,0.8181,-1,-1,-1
539,18,1729.55,382.17,236.29,697.28,0.8000,-1,-1,-1
539,73,1017.55,442.22,120.94,280.45,0.7676,-1,-1,-1
539,50,927.30,425.36,86.86,280.33,0.7754,-1,-1,-1
539,88,578.18,456.51,30.78,80.70,0.3558,-1,-1,-1
539,89,656.56,453.20,41.50,115.85,0.6979,-1,-1,-1
540,41,1472.45,414.05,221.03,653.53,0.8675,-1,-1,-1
540,67,813.00,434.48,110.42,249.57,0.7990,-1,-1,-1
540,18,1740.22,402.19,220.43,674.67,0.8278,-1,-1,-1
540,73,1021.28,440.70,122.35,283.43,0.6510,-1,-1,-1
540,50,928.65,425.77,88.94,280.87,0.7608,-1,-1,-1
540,88,577.43,456.43,31.27,80.93,0.3877,-1,-1,-1
540,89,654.16,454.34,40.87,114.00,0.7374,-1,-1,-1
540,82,1644.89,407.32,170.54,617.91,0.5276,-1,-1,-1
541,41,1477.13,412.28,223.77,658.01,0.8499,-1,-1,-1
541,67,815.24,433.58,111.07,251.01,0.7771,-1,-1,-1
541,18,1746.24,394.13,214.46,682.66,0.8396,-1,-1,-1
541,73,1022.45,437.48,123.86,287.33,0.6398,-1,-1,-1
541,50,932.40,421.34,93.16,285.57,0.7231,-1,-1,-1
541,88,576.91,456.69,31.51,80.95,0.3703,-1,-1,-1
541,89,653.27,455.34,40.69,113.34,0.6616,-1,-1,-1
541,82,1650.01,406.42,172.98,618.22,0.7676,-1,-1,-1
542,41,1489.95,410.76,227.99,659.34,0.8364,-1,-1,-1
542,67,819.32,435.50,110.16,249.30,0.7705,-1,-1,-1
542,18,1755.06,390.78,206.33,685.07,0.7716,-1,-1,-1
542,73,1025.38,435.43,123.72,288.12,0.5785,-1,-1,-1
542,50,932.06,416.38,97.22,291.74,0.7552,-1,-1,-1
542,88,577.19,457.37,31.64,80.41,0.4036,-1,-1,-1
542,89,653.24,455.97,40.85,113.65,0.6841,-1,-1,-1
542,82,1652.97,404.65,174.87,616.07,0.5055,-1,-1,-1
542,92,711.26,449.97,29.33,94.09,0.5220,-1,-1,-1
543,41,1501.18,410.02,231.73,658.38,0.7299,-1,-1,-1
543,67,822.97,434.68,109.64,249.58,0.7435,-1,-1,-1
543,18,1763.84,387.51,198.08,687.56,0.6506,-1,-1,-1
543,73,1032.11,436.56,121.40,285.62,0.4314,-1,-1,-1
543,50,931.70,422.60,97.07,283.85,0.7528,-1,-1,-1
543,88,577.00,456.79,32.00,80.91,0.4334,-1,-1,-1
543,89,653.57,456.44,40.93,113.74,0.7156,-1,-1,-1
543,82,1655.63,403.01,178.26,621.77,0.3125,-1,-1,-1
543,92,710.99,449.88,29.35,94.10,0.5186,-1,-1,-1
544,41,1533.31,408.13,242.04,657.65,0.6092,-1,-1,-1
544,67,828.79,435.70,107.54,247.85,0.7587,-1,-1,-1
544,18,1770.78,386.96,189.62,687.56,0.5757,-1,-1,-1
544,73,1038.77,437.32,118.80,282.68,0.3119,-1,-1,-1
544,50,934.10,433.32,96.57,272.10,0.7407,-1,-1,-1
544,88,576.70,456.04,32.55,81.95,0.4981,-1,-1,-1
544,89,653.43,456.17,41.01,113.72,0.7368,-1,-1,-1
544,92,710.87,449.32,29.21,93.55,0.4988,-1,-1,-1
545,41,1537.61,408.66,245.70,658.26,0.5047,-1,-1,-1
545,67,836.84,435.43,105.18,246.47,0.7433,-1,-1,-1
545,73,1053.88,436.22,116.16,281.84,0.4771,-1,-1,-1
545,50,937.32,435.30,99.28,270.85,0.6687,-1,-1,-1
545,88,576.97,454.43,33.30,83.72,0.3925,-1,-1,-1
545,89,653.98,454.47,41.54,114.35,0.7515,-1,-1,-1
545,92,711.27,448.71,29.65,94.60,0.5847,-1,-1,-1
545,82,1595.67,406.18,201.35,650.28,0.5336,-1,-1,-1
546,41,1557.05,406.44,251.39,658.18,0.5179,-1,-1,-1
546,67,847.33,433.65,102.43,246.90,0.7985,-1,-1,-1
546,73,1062.70,436.56,111.10,277.53,0.4726,-1,-1,-1
546,50,940.13,435.97,100.96,269.09,0.7074,-1,-1,-1
546,88,576.71,451.84,33.93,85.53,0.3879,-1,-1,-1
546,89,653.88,454.56,41.39,113.35,0.7414,-1,-1,-1
546,92,712.31,448.87,29.97,95.41,0.5943,-1,-1,-1
546,82,1565.43,407.31,206.79,656.14,0.4845,-1,-1,-1
546,18,1788.54,468.56,161.19,607.06,0.5509,-1,-1,-1
547,41,1617.91,404.70,235.89,629.29,0.6688,-1,-1,-1
547,67,854.43,435.74,98.48,244.12,0.7415,-1,-1,-1
547,73,1077.44,434.94,108.44,275.55,0.5348,-1,-1,-1
547,50,942.63,433.65,103.73,271.86,0.6723,-1,-1,-1
547,88,576.66,451.56,34.00,85.70,0.4173,-1,-1,-1
547,89,653.17,454.58,41.08,112.30,0.7360,-1,-1,-1
547,92,712.24,449.11,29.87,95.03,0.5421,-1,-1,-1
547,82,1548.05,407.12,206.52,658.11,0.6920,-1,-1,-1
547,18,1795.94,488.99,150.35,588.52,0.6513,-1,-1,-1
548,41,1645.01,406.31,227.89,616.27,0.7016,-1,-1,-1
548,67,859.10,435.87,95.22,241.94,0.6483,-1,-1,-1
548,73,1082.72,433.12,108.61,279.08,0.5460,-1,-1,-1
548,50,942.55,432.17,105.71,273.54,0.3351,-1,-1,-1
548,88,581.47,456.57,32.10,80.51,0.5156,-1,-1,-1
548,89,651.69,454.76,40.08,110.17,0.7218,-1,-1,-1
548,92,712.65,449.04,29.82,95.10,0.5148,-1,-1,-1
548,82,1541.12,407.86,206.20,662.80,0.7864,-1,-1,-1
548,18,1800.08,468.67,148.38,607.40,0.5438,-1,-1,-1
549,41,1662.49,406.25,223.63,613.46,0.7440,-1,-1,-1
549,67,864.95,434.35,93.93,244.47,0.4843,-1,-1,-1
549,73,1077.41,435.82,109.93,279.84,0.4223,-1,-1,-1
549,50,946.44,426.94,107.23,277.07,0.6391,-1,-1,-1
549,88,583.50,457.83,31.73,79.55,0.4373,-1,-1,-1
549,89,650.55,454.97,39.59,108.91,0.7625,-1,-1,-1
549,92,713.27,448.75,29.90,95.33,0.5930,-1,-1,-1
549,82,1541.66,407.80,204.67,661.20,0.8188,-1,-1,-1
550,41,1674.37,405.15,221.34,615.34,0.8001,-1,-1,-1
550,67,869.91,435.76,92.20,244.24,0.7726,-1,-1,-1
550,73,1079.89,434.93,111.25,283.79,0.5130,-1,-1,-1
550,50,953.59,420.89,108.67,281.47,0.7321,-1,-1,-1
550,88,584.32,459.10,31.20,78.03,0.4219,-1,-1,-1
550,89,650.45,455.28,39.28,108.36,0.7682,-1,-1,-1
550,92,714.10,449.11,30.19,95.90,0.5630,-1,-1,-1
550,82,1545.92,408.05,203.19,658.78,0.8303,-1,-1,-1
551,41,1683.66,404.00,217.72,613.02,0.7729,-1,-1,-1
551,67,871.71,434.66,91.59,246.89,0.7953,-1,-1,-1
551,73,1077.83,437.11,112.29,282.45,0.4868,-1,-1,-1
551,50,957.73,414.21,109.42,286.71,0.7204,-1,-1,-1
551,88,583.80,458.68,31.56,78.65,0.4551,-1,-1,-1
551,89,650.01,455.92,38.94,107.48,0.7406,-1,-1,-1
551,92,714.02,448.91,30.50,96.76,0.6047,-1,-1,-1
551,82,1551.10,408.60,203.87,661.57,0.8238,-1,-1,-1
552,41,1690.20,404.18,214.46,611.41,0.8148,-1,-1,-1
552,67,876.55,433.12,91.11,250.09,0.7965,-1,-1,-1
552,73,1078.69,437.27,114.07,282.45,0.4817,-1,-1,-1
552,50,964.32,415.47,106.02,283.50,0.6579,-1,-1,-1
552,88,583.00,457.17,32.33,80.63,0.4989,-1,-1,-1
552,89,649.53,456.07,39.25,107.78,0.7001,-1,-1,-1
552,92,714.48,448.65,30.69,97.06,0.6714,-1,-1,-1
552,82,1556.86,408.47,205.83,666.34,0.9053,-1,-1,-1
553,67,881.81,433.12,90.39,249.71,0.8139,-1,-1,-1
553,73,1079.07,436.63,115.50,283.81,0.4886,-1,-1,-1
553,50,973.34,417.83,101.55,277.74,0.7498,-1,-1,-1
553,88,582.74,456.33,32.60,81.23,0.4291,-1,-1,-1
553,89,648.71,455.23,39.81,108.68,0.7132,-1,-1,-1
553,92,715.73,448.33,30.84,96.97,0.6469,-1,-1,-1
553,82,1561.93,409.66,206.80,665.94,0.8624,-1,-1,-1
554,67,885.49,432.26,90.44,250.55,0.8102,-1,-1,-1
554,73,1078.33,435.93,117.77,285.27,0.4626,-1,-1,-1
554,50,977.27,413.69,102.57,285.81,0.7169,-1,-1,-1
554,88,582.66,453.91,33.38,83.74,0.4810,-1,-1,-1
554,89,647.05,454.27,40.22,108.85,0.6636,-1,-1,-1
554,92,715.74,448.12,30.82,96.39,0.6977,-1,-1,-1
554,82,1579.96,410.56,213.15,663.43,0.6937,-1,-1,-1
555,67,886.78,432.30,90.19,250.58,0.7960,-1,-1,-1
555,73,1079.56,436.23,119.47,285.74,0.5150,-1,-1,-1
555,50,982.85,411.15,101.45,288.34,0.6859,-1,-1,-1
555,88,582.56,451.84,34.12,86.35,0.6474,-1,-1,-1
555,89,645.90,455.44,40.04,107.74,0.6905,-1,-1,-1
555,92,715.41,447.77,30.99,96.40,0.7084,-1,-1,-1
555,82,1578.47,409.97,217.24,663.78,0.7058,-1,-1,-1
556,67,887.42,433.37,89.81,249.63,0.8416,-1,-1,-1
556,50,990.29,411.16,100.15,288.39,0.7553,-1,-1,-1
556,88,582.86,451.02,34.20,87.49,0.6636,-1,-1,-1
556,89,644.57,456.12,40.33,107.99,0.7127,-1,-1,-1
556,92,715.37,448.18,31.34,96.88,0.7004,-1,-1,-1
556,82,1579.55,407.84,221.75,663.45,0.6756,-1,-1,-1
557,67,890.14,434.84,89.53,248.82,0.8325,-1,-1,-1
557,50,991.51,419.93,96.53,277.38,0.6942,-1,-1,-1
557,88,582.94,451.17,33.98,87.37,0.6169,-1,-1,-1
557,89,643.80,456.76,40.47,108.07,0.7318,-1,-1,-1
557,92,714.93,448.33,32.07,98.25,0.7203,-1,-1,-1
557,82,1576.27,407.77,224.98,662.94,0.7832,-1,-1,-1
557,73,1088.41,438.98,119.18,284.38,0.7394,-1,-1,-1
558,67,890.90,435.33,89.39,248.47,0.8197,-1,-1,-1
558,50,990.98,430.55,94.45,266.41,0.7372,-1,-1,-1
558,88,583.44,452.42,33.41,86.19,0.6635,-1,-1,-1
558,89,643.88,459.22,39.50,105.09,0.6878,-1,-1,-1
558,92,714.26,447.60,32.91,99.59,0.7272,-1,-1,-1
558,82,1585.63,406.29,232.87,665.50,0.8710,-1,-1,-1
558,73,1091.11,438.45,119.29,285.24,0.8114,-1,-1,-1
559,67,891.94,436.83,89.15,247.06,0.8175,-1,-1,-1
559,50,993.70,431.23,95.50,266.07,0.6775,-1,-1,-1
559,88,583.97,453.54,32.82,84.88,0.6588,-1,-1,-1
559,89,644.29,460.91,38.74,102.77,0.6733,-1,-1,-1
559,92,714.12,447.17,33.32,99.58,0.7376,-1,-1,-1
559,82,1586.47,405.51,239.20,666.34,0.8668,-1,-1,-1
559,73,1092.76,435.81,120.10,287.02,0.8051,-1,-1,-1
559,93,545.11,444.47,35.25,92.03,0.6089,-1,-1,-1
560,67,892.41,435.60,89.72,247.41,0.8198,-1,-1,-1
560,50,1002.61,424.41,98.45,271.07,0.7374,-1,-1,-1
560,88,584.43,454.24,32.41,84.01,0.6010,-1,-1,-1
560,89,643.56,460.12,38.46,102.49,0.7075,-1,-1,-1
560,92,714.58,447.58,33.34,98.93,0.7429,-1,-1,-1
560,82,1589.75,403.29,246.40,668.56,0.9023,-1,-1,-1
560,73,1096.29,435.92,119.60,286.38,0.7472,-1,-1,-1
560,93,546.14,446.26,34.59,90.40,0.5693,-1,-1,-1
561,67,899.70,435.67,89.16,246.67,0.7516,-1,-1,-1
561,50,1007.77,425.18,99.59,270.11,0.7544,-1,-1,-1
561,88,584.81,453.34,32.53,84.44,0.5373,-1,-1,-1
561,89,642.01,458.02,38.81,104.37,0.6822,-1,-1,-1
561,92,714.33,448.33,33.70,98.87,0.7257,-1,-1,-1
561,82,1587.32,403.22,250.10,668.09,0.8065,-1,-1,-1
561,73,1099.82,438.28,117.10,281.58,0.7430,-1,-1,-1
561,93,546.36,444.16,35.17,92.20,0.4969,-1,-1,-1
562,67,906.56,435.40,88.19,245.66,0.7768,-1,-1,-1
562,50,1008.52,419.99,102.46,275.21,0.7428,-1,-1,-1
562,88,584.67,452.65,32.96,85.72,0.5584,-1,-1,-1
562,89,641.87,457.88,38.46,104.19,0.6421,-1,-1,-1
562,92,714.73,448.77,33.74,98.18,0.6752,-1,-1,-1
562,82,1592.99,402.05,255.55,669.01,0.8615,-1,-1,-1
562,73,1104.29,438.39,115.99,279.93,0.7881,-1,-1,-1
562,93,546.17,439.05,37.67,99.19,0.4050,-1,-1,-1
563,67,909.77,435.00,88.27,247.32,0.7856,-1,-1,-1
563,50,1009.20,419.00,104.27,276.39,0.7417,-1,-1,-1
563,88,584.99,452.98,32.93,85.42,0.4942,-1,-1,-1
563,89,640.86,457.61,38.03,104.04,0.6609,-1,-1,-1
563,92,716.19,449.02,33.99,97.93,0.6270,-1,-1,-1
563,82,1600.48,401.86,261.36,668.36,0.8629,-1,-1,-1
563,73,1108.55,439.69,113.90,275.87,0.7570,-1,-1,-1
563,93,546.61,438.30,37.68,99.38,0.4104,-1,-1,-1
564,67,912.75,432.97,88.11,248.14,0.6876,-1,-1,-1
564,50,1012.05,425.04,102.86,268.96,0.7163,-1,-1,-1
564,88,585.50,454.25,32.21,83.22,0.4273,-1,-1,-1
564,89,640.76,456.58,38.16,105.31,0.6053,-1,-1,-1
564,92,716.59,448.70,34.27,98.19,0.6010,-1,-1,-1
564,82,1609.31,400.48,268.18,668.97,0.8587,-1,-1,-1
564,73,1111.80,435.80,114.21,277.20,0.7513,-1,-1,-1
564,93,547.22,438.76,37.43,98.84,0.3585,-1,-1,-1
565,67,917.53,433.54,86.17,244.45,0.7263,-1,-1,-1
565,50,1013.07,430.67,102.81,263.94,0.6839,-1,-1,-1
565,88,585.95,455.78,31.70,81.43,0.4257,-1,-1,-1
565,89,641.06,456.19,37.97,105.47,0.6584,-1,-1,-1
565,92,716.69,448.54,34.43,97.90,0.6240,-1,-1,-1
565,82,1605.44,400.85,270.00,668.73,0.7488,-1,-1,-1
565,73,1115.10,433.50,114.36,278.45,0.7038,-1,-1,-1
565,93,547.16,439.06,37.29,98.71,0.4031,-1,-1,-1
566,67,926.62,433.25,85.09,240.59,0.6818,-1,-1,-1
566,50,1013.68,432.26,104.22,263.50,0.7376,-1,-1,-1
566,88,586.12,456.34,31.78,81.23,0.4513,-1,-1,-1
566,89,640.49,454.54,38.36,107.42,0.6510,-1,-1,-1
566,92,717.72,448.82,34.45,97.43,0.6421,-1,-1,-1
566,82,1616.11,399.84,273.66,671.04,0.8264,-1,-1,-1
566,73,1119.28,437.53,113.37,276.99,0.5654,-1,-1,-1
566,93,547.17,438.99,37.14,98.58,0.3573,-1,-1,-1
567,67,931.84,431.63,84.94,240.12,0.6644,-1,-1,-1
567,50,1014.96,436.67,105.00,260.42,0.7712,-1,-1,-1
567,88,586.35,456.63,31.73,80.61,0.4759,-1,-1,-1
567,89,639.93,453.98,38.11,107.95,0.5994,-1,-1,-1
567,92,718.40,448.29,34.86,98.29,0.6160,-1,-1,-1
567,82,1629.37,398.91,274.87,671.87,0.8925,-1,-1,-1
567,73,1121.40,433.66,114.31,280.23,0.6840,-1,-1,-1
567,93,547.28,438.61,37.15,99.05,0.3951,-1,-1,-1
568,67,938.54,431.50,84.28,240.95,0.6651,-1,-1,-1
568,50,1016.98,430.85,111.04,268.46,0.7663,-1,-1,-1
568,88,586.49,456.80,32.31,82.04,0.5117,-1,-1,-1
568,89,639.47,455.22,37.00,106.15,0.6158,-1,-1,-1
568,92,719.11,447.65,35.39,99.42,0.6127,-1,-1,-1
568,82,1641.16,399.65,273.46,671.55,0.8865,-1,-1,-1
568,73,1125.22,432.67,113.51,279.77,0.7098,-1,-1,-1
568,93,546.84,437.00,37.95,101.50,0.4268,-1,-1,-1
569,67,942.41,433.96,82.78,238.37,0.7561,-1,-1,-1
569,50,1018.67,432.33,113.46,267.93,0.7926,-1,-1,-1
569,88,586.41,456.49,32.82,83.39,0.5577,-1,-1,-1
569,89,639.72,455.44,36.51,105.48,0.6948,-1,-1,-1
569,92,719.30,447.55,35.73,99.93,0.6154,-1,-1,-1
569,82,1643.32,400.37,270.00,672.53,0.8851,-1,-1,-1
569,73,1131.08,432.59,113.11,278.50,0.6233,-1,-1,-1
569,93,547.04,437.29,38.01,102.07,0.3972,-1,-1,-1
570,67,944.92,434.59,82.64,238.60,0.7489,-1,-1,-1
570,50,1018.07,434.13,115.47,267.30,0.7772,-1,-1,-1
570,88,586.49,456.24,32.97,83.95,0.5576,-1,-1,-1
570,89,638.16,455.21,36.09,105.30,0.6764,-1,-1,-1
570,92,718.69,446.28,36.63,101.91,0.6917,-1,-1,-1
570,82,1648.64,401.79,266.20,670.58,0.8550,-1,-1,-1
570,73,1138.24,432.89,114.70,280.80,0.7514,-1,-1,-1
570,93,547.33,437.59,38.08,102.67,0.3877,-1,-1,-1
571,67,947.04,435.25,82.91,240.08,0.7325,-1,-1,-1
571,50,1017.66,428.51,118.66,271.90,0.7619,-1,-1,-1
571,88,586.60,456.01,33.19,84.80,0.5425,-1,-1,-1
571,89,637.97,456.22,35.63,104.45,0.6357,-1,-1,-1
571,92,718.24,444.39,37.48,103.45,0.7457,-1,-1,-1
571,82,1658.67,401.14,265.43,671.95,0.8906,-1,-1,-1
571,73,1148.04,431.11,116.94,282.77,0.6787,-1,-1,-1
571,93,549.77,446.65,34.52,92.62,0.4352,-1,-1,-1
572,67,948.34,435.60,82.70,239.66,0.7273,-1,-1,-1
572,50,1018.22,431.10,118.75,269.59,0.7565,-1,-1,-1
572,88,586.18,452.45,34.35,88.37,0.5344,-1,-1,-1
572,89,636.69,456.46,35.24,103.70,0.6900,-1,-1,-1
572,92,717.94,443.05,38.49,105.57,0.7914,-1,-1,-1
572,82,1664.69,401.88,263.29,670.49,0.8932,-1,-1,-1
572,73,1152.73,431.04,118.94,284.09,0.8262,-1,-1,-1
572,93,548.43,440.08,37.40,100.53,0.4272,-1,-1,-1
573,67,949.33,434.84,84.39,241.48,0.6916,-1,-1,-1
573,50,1019.53,430.89,118.39,267.21,0.6741,-1,-1,-1
573,88,585.37,453.03,33.94,87.81,0.5318,-1,-1,-1
573,89,636.05,456.58,34.85,102.88,0.7460,-1,-1,-1
573,92,718.32,443.61,38.68,105.41,0.7206,-1,-1,-1
573,82,1668.29,401.99,261.14,669.29,0.9134,-1,-1,-1
573,73,1158.52,433.81,119.83,281.46,0.7874,-1,-1,-1
573,93,550.07,448.47,34.18,91.63,0.4012,-1,-1,-1
573,96,1110.23,430.71,46.48,145.95,0.5315,-1,-1,-1
574,67,957.21,435.00,88.02,247.12,0.6979,-1,-1,-1
574,50,1026.12,431.47,116.71,265.12,0.5982,-1,-1,-1
574,88,585.13,453.96,33.70,87.34,0.3444,-1,-1,-1
574,89,635.57,457.03,34.30,101.61,0.7268,-1,-1,-1
574,92,718.33,443.27,39.21,106.70,0.5536,-1,-1,-1
574,82,1669.49,399.89,260.79,673.01,0.9129,-1,-1,-1
574,73,1161.11,435.84,121.21,279.70,0.7973,-1,-1,-1
574,93,550.66,451.94,32.60,86.91,0.3239,-1,-1,-1
574,96,1111.17,430.55,46.32,145.54,0.4611,-1,-1,-1
575,67,961.14,435.32,89.17,246.45,0.6494,-1,-1,-1
575,50,1028.97,427.96,116.96,268.28,0.5908,-1,-1,-1
575,88,584.95,453.62,33.73,87.64,0.4440,-1,-1,-1
575,89,634.81,456.11,34.43,102.47,0.7539,-1,-1,-1
575,92,718.18,443.36,39.35,106.80,0.6624,-1,-1,-1
575,82,1670.35,398.85,259.73,674.65,0.9113,-1,-1,-1
575,73,1162.59,437.71,122.49,278.34,0.7664,-1,-1,-1
575,93,550.58,445.36,35.30,94.23,0.3100,-1,-1,-1
576,67,963.87,435.35,91.06,246.24,0.6554,-1,-1,-1
576,50,1032.59,427.54,115.55,268.23,0.6702,-1,-1,-1
576,88,585.41,453.96,33.46,87.30,0.4416,-1,-1,-1
576,89,634.28,455.43,34.32,102.59,0.6938,-1,-1,-1
576,92,718.54,444.16,39.32,106.66,0.6820,-1,-1,-1
576,82,1670.44,398.66,258.48,675.00,0.9056,-1,-1,-1
576,73,1164.54,438.10,123.69,277.51,0.7622,-1,-1,-1
577,67,966.38,435.53,92.81,245.49,0.6943,-1,-1,-1
577,50,1037.26,427.64,112.99,267.00,0.7125,-1,-1,-1
577,88,585.17,452.57,33.91,88.94,0.4154,-1,-1,-1
577,89,633.63,453.14,35.29,105.46,0.7228,-1,-1,-1
577,92,718.74,445.25,39.13,106.18,0.6644,-1,-1,-1
577,82,1670.51,399.30,257.22,674.82,0.9100,-1,-1,-1
577,73,1163.62,437.31,125.68,278.52,0.7771,-1,-1,-1
578,67,964.24,439.41,90.07,235.96,0.7294,-1,-1,-1
578,50,1040.89,429.44,109.71,263.45,0.6585,-1,-1,-1
578,88,584.74,450.45,34.59,91.33,0.4206,-1,-1,-1
578,89,632.93,450.61,35.71,107.51,0.8310,-1,-1,-1
578,92,718.85,445.29,39.30,106.33,0.7605,-1,-1,-1
578,82,1669.81,398.98,256.65,675.83,0.9055,-1,-1,-1
578,73,1162.42,436.07,126.63,278.94,0.7536,-1,-1,-1
579,67,964.87,440.46,89.77,232.17,0.8166,-1,-1,-1
579,50,1044.82,430.44,108.00,264.89,0.7020,-1,-1,-1
579,88,584.30,448.47,35.26,93.53,0.3573,-1,-1,-1
579,89,632.16,448.97,35.92,108.99,0.7970,-1,-1,-1
579,92,719.13,445.61,39.20,105.92,0.7214,-1,-1,-1
579,82,1669.95,400.11,255.56,675.21,0.8986,-1,-1,-1
579,73,1161.67,436.92,126.08,276.73,0.6371,-1,-1,-1
580,67,964.07,438.05,91.75,235.05,0.8328,-1,-1,-1
580,50,1047.20,435.05,105.16,261.63,0.7653,-1,-1,-1
580,88,584.24,447.91,35.10,93.53,0.3897,-1,-1,-1
580,89,632.20,449.36,36.02,108.54,0.7651,-1,-1,-1
580,92,719.30,445.48,39.37,106.52,0.6619,-1,-1,-1
580,82,1670.62,401.23,254.55,674.86,0.9071,-1,-1,-1
580,73,1162.54,440.69,125.52,273.42,0.7353,-1,-1,-1
581,67,963.62,436.02,93.23,236.43,0.8372,-1,-1,-1
581,50,1051.59,438.44,103.53,259.88,0.8136,-1,-1,-1
581,88,584.18,447.03,35.27,94.68,0.4622,-1,-1,-1
581,89,632.75,452.87,35.18,104.94,0.7295,-1,-1,-1
581,92,719.48,445.73,39.00,105.88,0.5424,-1,-1,-1
581,82,1670.39,402.86,253.53,673.59,0.9074,-1,-1,-1
581,73,1163.92,440.36,126.48,274.02,0.6794,-1,-1,-1
582,67,964.77,436.32,94.84,235.87,0.8106,-1,-1,-1
582,50,1057.18,436.63,102.71,261.85,0.7635,-1,-1,-1
582,88,584.10,446.44,35.23,95.20,0.4928,-1,-1,-1
582,89,632.74,453.80,34.75,103.53,0.6704,-1,-1,-1
582,92,719.70,446.01,38.64,105.34,0.4852,-1,-1,-1
582,82,1670.38,403.35,253.15,674.11,0.9087,-1,-1,-1
582,73,1177.33,439.56,124.50,274.32,0.7764,-1,-1,-1
583,67,968.52,436.77,95.72,235.05,0.7782,-1,-1,-1
583,50,1064.49,433.15,100.91,263.58,0.7670,-1,-1,-1
583,88,584.34,447.35,34.74,94.27,0.5312,-1,-1,-1
583,89,632.61,454.47,34.55,102.64,0.6002,-1,-1,-1
583,92,720.11,445.72,38.73,105.98,0.4983,-1,-1,-1
583,82,1670.15,400.66,253.56,677.08,0.9073,-1,-1,-1
583,73,1185.37,440.13,122.14,273.48,0.8053,-1,-1,-1
584,67,971.01,437.52,96.72,235.42,0.7843,-1,-1,-1
584,50,1070.53,433.63,97.94,262.28,0.7249,-1,-1,-1
584,88,584.58,447.41,34.61,94.45,0.5481,-1,-1,-1
584,89,632.06,455.10,34.47,102.10,0.5372,-1,-1,-1
584,92,720.19,445.50,38.56,105.94,0.5335,-1,-1,-1
584,82,1670.34,396.15,254.13,681.09,0.9063,-1,-1,-1
584,73,1190.57,440.98,118.98,271.05,0.7814,-1,-1,-1
585,67,972.73,436.55,97.64,235.99,0.7979,-1,-1,-1
585,50,1075.30,436.79,94.28,258.40,0.7133,-1,-1,-1
585,88,585.16,447.64,34.18,93.64,0.5300,-1,-1,-1
585,89,631.98,456.29,34.05,100.97,0.4173,-1,-1,-1
585,92,722.34,445.28,38.23,105.90,0.6259,-1,-1,-1
585,82,1671.38,394.88,253.48,681.98,0.8925,-1,-1,-1
585,73,1196.02,441.08,116.52,269.05,0.8013,-1,-1,-1
586,67,977.83,440.50,96.84,233.61,0.8174,-1,-1,-1
586,50,1077.52,435.62,93.10,260.85,0.7339,-1,-1,-1
586,88,584.90,445.32,35.06,96.35,0.5149,-1,-1,-1
586,89,631.57,457.31,33.85,100.07,0.3982,-1,-1,-1
586,92,723.95,444.76,38.01,106.07,0.6926,-1,-1,-1
586,82,1673.40,393.26,252.46,682.69,0.8942,-1,-1,-1
586,73,1202.20,440.14,115.15,268.46,0.8175,-1,-1,-1
587,67,982.14,443.64,94.76,228.20,0.7903,-1,-1,-1
587,50,1078.57,429.88,93.58,267.24,0.7310,-1,-1,-1
587,88,584.69,444.61,35.13,96.77,0.4483,-1,-1,-1
587,89,630.56,457.02,34.32,100.59,0.3276,-1,-1,-1
587,92,724.53,444.23,38.01,106.70,0.6995,-1,-1,-1
587,82,1675.54,390.35,251.68,685.00,0.4340,-1,-1,-1
587,73,1206.18,437.46,114.85,271.56,0.6172,-1,-1,-1
587,93,549.74,442.94,35.53,95.30,0.5008,-1,-1,-1
588,67,986.77,446.02,92.62,223.66,0.7762,-1,-1,-1
588,50,1082.03,422.55,94.90,274.24,0.7655,-1,-1,-1
588,88,584.59,445.67,34.95,96.39,0.4744,-1,-1,-1
588,89,626.75,454.60,35.04,102.51,0.5318,-1,-1,-1
588,92,724.76,444.27,37.86,106.94,0.7044,-1,-1,-1
588,82,1680.08,387.53,249.68,685.96,0.8864,-1,-1,-1
588,73,1209.11,435.93,114.96,274.89,0.8386,-1,-1,-1
588,93,550.85,445.76,34.54,92.88,0.4951,-1,-1,-1
589,67,992.51,446.51,91.28,222.58,0.7921,-1,-1,-1
589,50,1087.01,421.01,94.83,275.40,0.7509,-1,-1,-1
589,88,584.45,446.56,35.20,97.01,0.4429,-1,-1,-1
589,89,625.05,452.71,35.75,104.60,0.6333,-1,-1,-1
589,92,724.66,443.63,38.00,107.93,0.6798,-1,-1,-1
589,82,1686.48,387.97,245.86,683.46,0.7696,-1,-1,-1
589,73,1211.77,435.83,113.76,274.85,0.8434,-1,-1,-1
589,93,551.12,446.05,34.71,93.43,0.5069,-1,-1,-1
590,67,999.87,446.71,89.51,221.45,0.8170,-1,-1,-1
590,50,1090.70,428.38,92.37,267.54,0.7197,-1,-1,-1
590,88,584.76,447.71,34.99,96.87,0.4164,-1,-1,-1
590,89,623.95,450.98,36.22,106.27,0.6211,-1,-1,-1
590,92,725.12,444.17,37.57,107.45,0.6669,-1,-1,-1
590,82,1695.77,397.77,238.93,673.65,0.7241,-1,-1,-1
590,73,1214.72,434.51,113.23,276.31,0.8472,-1,-1,-1
590,93,551.46,446.36,34.81,93.40,0.4703,-1,-1,-1
591,67,1005.47,444.25,88.93,222.85,0.7857,-1,-1,-1
591,50,1091.84,420.01,95.68,276.22,0.7771,-1,-1,-1
591,88,584.72,449.21,34.53,95.79,0.3814,-1,-1,-1
591,89,623.25,449.87,36.31,107.11,0.6732,-1,-1,-1
591,92,725.65,444.59,37.16,107.17,0.6991,-1,-1,-1
591,82,1717.59,457.37,215.37,614.73,0.6006,-1,-1,-1
591,73,1218.83,434.66,112.47,276.23,0.8362,-1,-1,-1
591,93,551.36,447.29,34.32,91.83,0.3399,-1,-1,-1
592,67,1008.30,443.48,87.46,221.68,0.8065,-1,-1,-1
592,50,1093.88,416.44,97.54,279.04,0.7776,-1,-1,-1
592,88,584.91,450.06,34.45,95.40,0.3540,-1,-1,-1
592,89,623.37,449.09,36.51,108.06,0.6310,-1,-1,-1
592,92,726.18,445.55,36.61,106.29,0.6773,-1,-1,-1
592,82,1736.67,487.52,200.58,584.55,0.6485,-1,-1,-1
592,73,1224.67,436.52,111.71,274.62,0.7322,-1,-1,-1
592,98,662.24,452.03,35.93,108.54,0.6017,-1,-1,-1
593,67,1011.23,440.06,87.87,225.16,0.7683,-1,-1,-1
593,50,1094.66,414.63,98.75,281.29,0.7901,-1,-1,-1
593,89,623.29,448.92,36.48,108.06,0.6250,-1,-1,-1
593,92,726.53,446.19,36.33,105.70,0.6444,-1,-1,-1
593,73,1230.45,438.14,111.76,275.15,0.8361,-1,-1,-1
593,98,661.56,452.09,35.92,108.41,0.5780,-1,-1,-1
594,67,1015.68,436.88,87.65,228.19,0.7869,-1,-1,-1
594,50,1093.92,412.34,99.87,283.85,0.7625,-1,-1,-1
594,89,623.20,448.21,36.36,107.75,0.6238,-1,-1,-1
594,92,726.97,446.06,36.29,105.83,0.6074,-1,-1,-1
594,73,1235.34,439.80,111.40,273.93,0.8526,-1,-1,-1
594,98,660.26,451.43,36.37,109.65,0.5590,-1,-1,-1
595,67,1018.14,436.39,86.38,227.94,0.8247,-1,-1,-1
595,50,1096.63,417.08,98.62,279.09,0.4335,-1,-1,-1
595,89,623.63,448.97,36.02,106.43,0.6798,-1,-1,-1
595,92,727.13,446.51,35.94,105.08,0.6433,-1,-1,-1
595,73,1239.62,438.17,111.82,275.44,0.8685,-1,-1,-1
595,98,660.54,451.91,36.35,109.44,0.4803,-1,-1,-1
595,99,1188.16,434.57,72.57,244.33,0.5434,-1,-1,-1
596,67,1020.85,440.31,84.01,223.67,0.8413,-1,-1,-1
596,50,1097.88,420.46,97.33,274.88,0.7771,-1,-1,-1
596,89,624.37,450.12,35.47,104.34,0.6812,-1,-1,-1
596,92,727.12,446.29,35.92,105.25,0.6783,-1,-1,-1
596,73,1242.57,436.33,112.45,277.47,0.8630,-1,-1,-1
596,98,661.37,452.82,36.12,108.46,0.4686,-1,-1,-1
596,99,1189.60,433.73,73.27,246.46,0.6005,-1,-1,-1
597,67,1022.62,442.03,82.89,222.73,0.8576,-1,-1,-1
597,50,1098.41,421.63,96.46,272.93,0.3705,-1,-1,-1
597,89,624.62,451.11,35.14,103.57,0.5795,-1,-1,-1
597,92,726.81,445.71,36.39,106.71,0.7232,-1,-1,-1
597,73,1245.02,437.28,111.91,276.49,0.8669,-1,-1,-1
597,98,660.87,453.52,36.10,108.04,0.4186,-1,-1,-1
597,99,1193.27,455.95,67.19,224.43,0.5068,-1,-1,-1
598,67,1023.97,442.09,82.79,223.51,0.8580,-1,-1,-1
598,50,1100.01,423.77,96.51,273.35,0.7788,-1,-1,-1
598,89,624.86,451.48,34.82,103.39,0.5296,-1,-1,-1
598,92,726.81,445.98,36.71,107.53,0.6904,-1,-1,-1
598,73,1247.85,437.39,111.48,276.24,0.8525,-1,-1,-1
598,98,659.85,453.90,36.18,107.86,0.4307,-1,-1,-1
598,99,1192.67,445.62,71.11,236.63,0.5912,-1,-1,-1
599,67,1026.25,442.21,83.22,223.89,0.8544,-1,-1,-1
599,50,1102.60,426.02,95.27,270.60,0.7859,-1,-1,-1
599,89,625.22,452.15,34.47,102.83,0.5180,-1,-1,-1
599,92,727.23,446.44,36.31,106.53,0.6734,-1,-1,-1
599,73,1250.87,437.62,110.56,275.12,0.7126,-1,-1,-1
599,98,659.35,454.48,36.22,107.30,0.3958,-1,-1,-1
599,99,1191.83,440.38,73.40,242.73,0.7036,-1,-1,-1
600,67,1028.57,441.80,83.35,223.03,0.8525,-1,-1,-1
600,50,1106.50,426.63,93.88,268.25,0.8070,-1,-1,-1
600,89,625.45,453.26,34.18,102.44,0.5765,-1,-1,-1
600,92,726.70,445.03,36.68,107.97,0.7000,-1,-1,-1
600,73,1253.29,437.62,110.08,275.15,0.8470,-1,-1,-1
600,98,658.92,455.51,36.03,106.27,0.3227,-1,-1,-1
600,99,1196.05,442.30,72.27,238.46,0.7450,-1,-1,-1
