1,2,16.80,148.37,73.86,190.83,0.8132,-1,-1,-1
1,1,117.91,157.61,80.09,170.96,0.8931,-1,-1,-1
2,2,18.51,146.13,73.42,193.01,0.7934,-1,-1,-1
2,1,119.30,156.23,81.46,172.70,0.8692,-1,-1,-1
3,2,22.21,140.34,73.75,199.93,0.7482,-1,-1,-1
3,1,124.32,154.08,67.32,176.37,0.8562,-1,-1,-1
4,3,252.17,192.72,25.67,68.50,0.5392,-1,-1,-1
4,2,28.21,144.71,71.97,197.85,0.6891,-1,-1,-1
4,1,129.85,154.12,81.50,179.54,0.9197,-1,-1,-1
5,3,264.05,199.06,23.08,64.73,0.5755,-1,-1,-1
5,2,34.84,147.49,73.64,199.89,0.8333,-1,-1,-1
5,1,134.86,155.82,88.41,179.96,0.7052,-1,-1,-1
6,4,222.40,196.66,24.81,68.48,0.7612,-1,-1,-1
6,3,268.47,197.48,25.81,67.26,0.7103,-1,-1,-1
6,2,33.82,144.80,80.26,204.94,0.8901,-1,-1,-1
6,1,141.18,154.54,86.79,184.48,0.8363,-1,-1,-1
7,5,257.11,195.85,21.45,63.03,0.6548,-1,-1,-1
7,4,226.14,197.98,24.99,66.31,0.7098,-1,-1,-1
7,3,274.32,199.24,26.05,62.39,0.7255,-1,-1,-1
7,2,38.92,139.71,76.72,210.01,0.8830,-1,-1,-1
7,1,144.46,151.74,87.72,187.63,0.8701,-1,-1,-1
8,5,265.87,197.40,18.78,63.38,0.3067,-1,-1,-1
8,4,234.66,200.71,24.65,65.15,0.8102,-1,-1,-1
8,3,281.98,200.59,25.34,64.99,0.6818,-1,-1,-1
8,2,42.89,139.64,78.11,214.04,0.8726,-1,-1,-1
8,1,152.37,152.61,88.62,190.66,0.9030,-1,-1,-1
9,8,270.27,198.29,21.74,67.22,0.7778,-1,-1,-1
9,4,240.44,202.50,25.61,63.55,0.6301,-1,-1,-1
9,3,288.13,199.02,25.48,66.62,0.8157,-1,-1,-1
9,2,48.43,139.00,77.46,214.80,0.8664,-1,-1,-1
9,1,156.83,151.43,87.47,194.16,0.8665,-1,-1,-1
10,6,250.77,195.91,25.49,69.75,0.7223,-1,-1,-1
10,5,278.23,196.43,23.16,68.72,0.4013,-1,-1,-1
10,3,297.09,201.50,25.10,63.88,0.6806,-1,-1,-1
10,2,48.06,134.39,86.50,221.80,0.8782,-1,-1,-1
10,1,164.75,147.51,88.81,198.48,0.8871,-1,-1,-1
11,11,142.05,195.25,29.77,69.93,0.5960,-1,-1,-1
11,8,285.55,197.53,22.45,68.18,0.7745,-1,-1,-1
11,6,256.33,199.26,24.13,66.49,0.5478,-1,-1,-1
11,4,257.80,201.38,19.09,63.83,0.3295,-1,-1,-1
11,3,304.33,200.21,22.97,65.52,0.7654,-1,-1,-1
11,2,54.64,135.09,85.41,222.15,0.9049,-1,-1,-1
11,1,171.20,147.05,88.76,200.93,0.8926,-1,-1,-1
12,11,153.77,198.13,30.40,69.07,0.6499,-1,-1,-1
12,4,269.58,199.27,24.96,69.36,0.7283,-1,-1,-1
12,3,315.87,206.87,23.34,62.10,0.4843,-1,-1,-1
12,2,64.45,129.70,84.00,234.25,0.9134,-1,-1,-1
12,1,182.14,147.70,92.26,205.66,0.8933,-1,-1,-1
13,11,159.69,196.06,30.18,71.99,0.6080,-1,-1,-1
13,5,303.48,203.68,21.95,64.51,0.4326,-1,-1,-1
13,4,275.24,198.87,24.51,69.46,0.5274,-1,-1,-1
13,3,320.63,190.62,25.15,77.27,0.3189,-1,-1,-1
13,2,67.28,143.01,86.25,222.23,0.8994,-1,-1,-1
13,1,183.65,147.69,97.34,207.83,0.8821,-1,-1,-1
14,11,170.76,195.73,29.88,71.50,0.7029,-1,-1,-1
14,5,315.79,201.42,23.75,65.54,0.6468,-1,-1,-1
14,4,287.19,203.93,23.25,63.12,0.7016,-1,-1,-1
14,3,333.95,206.52,25.13,61.62,0.4103,-1,-1,-1
14,2,83.35,127.53,80.87,239.59,0.8948,-1,-1,-1
14,1,198.28,144.82,93.84,212.29,0.8631,-1,-1,-1
15,11,182.37,197.95,28.92,70.73,0.7542,-1,-1,-1
15,5,324.57,199.59,24.04,68.57,0.5497,-1,-1,-1
15,4,297.29,202.33,23.07,66.98,0.6418,-1,-1,-1
15,3,346.55,205.01,26.51,64.70,0.7174,-1,-1,-1
15,2,85.02,138.47,86.57,232.28,0.8871,-1,-1,-1
15,1,210.04,144.72,94.77,216.85,0.5243,-1,-1,-1
16,16,0.09,145.54,47.51,151.98,0.4158,-1,-1,-1
16,11,185.75,193.10,30.29,71.90,0.7350,-1,-1,-1
16,5,330.79,194.59,24.39,71.70,0.6744,-1,-1,-1
16,4,301.60,195.74,23.57,70.48,0.7708,-1,-1,-1
16,3,350.55,197.03,28.46,70.01,0.5134,-1,-1,-1
16,2,77.89,122.93,97.29,247.19,0.8971,-1,-1,-1
16,1,212.27,141.99,98.52,218.84,0.8150,-1,-1,-1
17,11,189.26,192.92,28.55,71.44,0.7247,-1,-1,-1
17,8,335.78,195.77,22.74,69.64,0.5022,-1,-1,-1
17,4,306.11,194.99,23.97,70.38,0.6515,-1,-1,-1
17,3,354.11,193.39,25.41,71.89,0.4407,-1,-1,-1
17,2,85.11,123.86,92.94,247.91,0.8999,-1,-1,-1
17,1,213.52,139.77,107.26,223.97,0.7433,-1,-1,-1
18,16,0.16,140.46,48.36,156.54,0.5347,-1,-1,-1
18,11,193.68,194.92,27.53,69.75,0.3802,-1,-1,-1
18,4,311.76,194.46,22.27,71.65,0.8204,-1,-1,-1
18,2,83.57,124.70,96.77,252.76,0.9189,-1,-1,-1
18,1,216.17,137.79,109.77,230.42,0.8903,-1,-1,-1
19,11,194.22,192.66,28.90,70.14,0.6005,-1,-1,-1
19,4,310.40,192.35,26.21,70.98,0.7405,-1,-1,-1
19,2,81.32,118.58,98.18,257.48,0.9159,-1,-1,-1
19,1,218.04,132.97,110.98,235.00,0.9011,-1,-1,-1
20,11,192.34,187.07,28.54,73.14,0.4138,-1,-1,-1
20,2,76.63,112.84,99.20,265.20,0.9092,-1,-1,-1
20,1,214.47,128.81,113.23,240.70,0.9119,-1,-1,-1
21,18,42.64,186.24,24.94,69.40,0.6927,-1,-1,-1
21,16,0.03,130.49,39.61,159.58,0.5603,-1,-1,-1
21,11,192.50,186.20,27.82,74.44,0.6844,-1,-1,-1
21,2,72.86,106.95,102.35,275.09,0.9107,-1,-1,-1
21,1,214.04,126.66,116.16,247.75,0.9159,-1,-1,-1
22,18,41.14,182.89,29.14,71.29,0.4642,-1,-1,-1
22,16,0.06,127.53,38.19,165.51,0.3605,-1,-1,-1
22,11,194.83,185.57,27.02,73.68,0.3369,-1,-1,-1
22,2,67.82,103.34,106.42,280.72,0.8978,-1,-1,-1
22,1,214.74,122.76,117.48,253.34,0.9189,-1,-1,-1
23,19,0.16,132.92,39.31,227.90,0.3613,-1,-1,-1
23,18,48.39,191.35,24.91,67.79,0.4062,-1,-1,-1
23,16,0.04,134.97,38.76,159.73,0.3567,-1,-1,-1
23,11,198.29,190.65,26.09,73.01,0.6591,-1,-1,-1
23,2,67.92,104.91,107.17,291.23,0.9072,-1,-1,-1
23,1,216.03,124.43,117.44,259.97,0.9161,-1,-1,-1
24,16,0.08,131.52,40.43,165.94,0.5219,-1,-1,-1
24,2,64.53,104.14,112.79,294.70,0.8876,-1,-1,-1
24,1,219.70,122.14,116.91,265.94,0.8473,-1,-1,-1
25,2,60.99,102.87,116.88,304.51,0.9111,-1,-1,-1
25,1,230.87,120.26,109.75,274.78,0.9163,-1,-1,-1
26,16,0.00,135.02,38.63,166.86,0.3110,-1,-1,-1
26,2,58.17,100.25,118.42,310.66,0.9048,-1,-1,-1
26,1,230.01,116.47,111.57,281.69,0.9049,-1,-1,-1
27,16,0.00,128.32,38.81,170.62,0.5363,-1,-1,-1
27,2,55.55,95.19,121.82,319.61,0.9231,-1,-1,-1
27,1,236.54,112.57,110.87,288.94,0.9150,-1,-1,-1
28,16,0.00,128.04,38.64,170.19,0.3022,-1,-1,-1
28,2,54.52,93.56,123.65,326.07,0.9216,-1,-1,-1
28,1,240.45,110.27,110.60,295.47,0.9314,-1,-1,-1
29,2,51.00,85.59,128.58,339.14,0.9162,-1,-1,-1
29,1,232.43,104.62,125.25,300.65,0.9184,-1,-1,-1
30,2,48.25,83.18,131.89,346.40,0.9210,-1,-1,-1
30,1,233.99,103.08,125.19,309.22,0.9156,-1,-1,-1
31,20,143.10,79.79,47.59,172.58,0.4800,-1,-1,-1
31,19,0.04,121.12,36.47,261.80,0.3199,-1,-1,-1
31,2,42.31,79.65,139.75,354.90,0.9317,-1,-1,-1
31,1,246.02,97.88,119.71,321.68,0.9225,-1,-1,-1
32,20,147.53,81.50,47.03,174.66,0.6186,-1,-1,-1
32,4,408.34,190.63,25.70,75.55,0.7642,-1,-1,-1
32,2,44.46,77.43,140.38,364.51,0.9201,-1,-1,-1
32,1,254.30,95.29,121.19,331.06,0.9177,-1,-1,-1
33,20,153.11,76.54,46.09,181.27,0.4069,-1,-1,-1
33,17,360.95,186.57,26.94,75.34,0.7452,-1,-1,-1
33,4,418.41,188.94,26.47,75.12,0.7427,-1,-1,-1
33,2,53.71,70.36,137.49,374.37,0.9197,-1,-1,-1
33,1,259.53,89.12,127.20,341.94,0.8917,-1,-1,-1
34,20,159.06,79.34,54.18,174.16,0.5208,-1,-1,-1
34,17,368.39,187.29,29.72,76.53,0.7491,-1,-1,-1
34,16,0.00,116.38,29.59,100.77,0.4269,-1,-1,-1
34,4,425.69,187.24,26.98,79.37,0.7574,-1,-1,-1
34,2,60.41,70.51,140.31,380.63,0.9132,-1,-1,-1
34,1,269.82,88.53,131.37,351.99,0.9065,-1,-1,-1
35,17,377.27,189.53,27.73,76.99,0.8198,-1,-1,-1
35,16,0.00,119.53,38.40,104.54,0.6738,-1,-1,-1
35,4,434.81,190.37,28.55,78.46,0.7621,-1,-1,-1
35,2,65.66,70.59,140.17,387.21,0.9383,-1,-1,-1
35,1,269.94,87.95,147.55,361.45,0.8971,-1,-1,-1
36,20,175.12,73.02,54.83,179.51,0.5898,-1,-1,-1
36,17,387.70,188.86,27.74,76.25,0.6949,-1,-1,-1
36,12,420.90,181.28,26.15,83.81,0.6667,-1,-1,-1
36,4,447.38,189.35,27.89,78.22,0.7823,-1,-1,-1
36,2,71.76,62.36,146.50,399.58,0.9291,-1,-1,-1
36,1,270.98,80.58,163.18,371.35,0.9296,-1,-1,-1
37,20,177.14,73.97,52.85,183.57,0.4743,-1,-1,-1
37,17,391.48,189.37,28.27,76.13,0.7744,-1,-1,-1
37,4,452.07,190.28,26.77,78.66,0.7022,-1,-1,-1
37,2,72.03,61.38,148.96,404.81,0.9335,-1,-1,-1
37,1,272.57,78.73,167.08,379.18,0.9145,-1,-1,-1
38,20,180.90,85.30,56.44,184.91,0.4267,-1,-1,-1
38,17,397.77,194.66,29.34,72.65,0.5219,-1,-1,-1
38,12,429.80,189.67,27.13,78.92,0.6323,-1,-1,-1
38,8,515.95,201.01,17.78,43.14,0.3609,-1,-1,-1
38,4,457.17,189.77,28.21,80.88,0.8303,-1,-1,-1
38,2,70.60,58.08,154.11,416.98,0.9170,-1,-1,-1
38,1,279.30,75.87,176.44,390.46,0.9273,-1,-1,-1
39,20,181.56,70.67,58.30,187.88,0.5298,-1,-1,-1
39,17,403.64,195.54,26.82,70.31,0.6320,-1,-1,-1
39,12,434.68,186.67,26.86,78.67,0.5631,-1,-1,-1
39,4,459.95,187.21,33.28,82.21,0.7587,-1,-1,-1
39,2,69.20,53.55,158.47,424.37,0.9206,-1,-1,-1
39,1,284.78,69.56,178.98,401.20,0.9232,-1,-1,-1
40,20,184.97,62.66,56.39,200.17,0.7802,-1,-1,-1
40,17,409.02,199.44,23.92,70.33,0.5029,-1,-1,-1
40,12,438.64,185.62,26.74,82.57,0.6458,-1,-1,-1
40,4,465.07,188.41,31.41,83.43,0.7983,-1,-1,-1
40,2,67.46,52.61,162.83,427.33,0.9300,-1,-1,-1
40,1,285.21,65.49,187.60,412.73,0.9288,-1,-1,-1
41,20,182.25,62.08,59.13,201.65,0.6067,-1,-1,-1
41,12,439.89,188.59,25.29,79.55,0.6449,-1,-1,-1
41,11,271.84,192.18,23.12,72.48,0.3141,-1,-1,-1
41,4,468.59,189.01,32.39,47.22,0.6592,-1,-1,-1
41,2,63.99,48.51,166.26,431.49,0.9321,-1,-1,-1
41,1,290.17,62.77,191.54,417.23,0.9222,-1,-1,-1
42,20,177.00,54.08,59.63,204.10,0.4263,-1,-1,-1
42,19,0.15,108.30,52.92,307.25,0.3327,-1,-1,-1
42,4,464.55,188.08,34.43,38.04,0.5080,-1,-1,-1
42,2,50.00,41.50,173.56,438.50,0.9313,-1,-1,-1
42,1,282.73,55.84,199.92,424.16,0.9304,-1,-1,-1
43,26,171.43,50.04,63.37,351.86,0.3280,-1,-1,-1
43,25,465.00,190.08,28.99,32.13,0.5661,-1,-1,-1
43,24,174.17,54.37,61.90,207.42,0.4249,-1,-1,-1
43,20,175.04,51.27,60.25,205.00,0.4758,-1,-1,-1
43,11,265.92,185.88,27.50,78.24,0.3987,-1,-1,-1
43,2,46.85,35.93,174.60,443.59,0.9320,-1,-1,-1
43,1,281.21,53.02,206.63,426.98,0.9342,-1,-1,-1
44,26,171.95,47.22,63.12,355.14,0.3305,-1,-1,-1
44,20,175.13,48.61,60.82,205.98,0.5448,-1,-1,-1
44,19,0.10,103.35,45.23,317.40,0.3284,-1,-1,-1
44,11,266.23,186.33,27.97,78.59,0.3769,-1,-1,-1
44,2,42.99,30.66,178.56,448.59,0.9267,-1,-1,-1
44,1,280.99,50.04,210.61,429.88,0.9305,-1,-1,-1
45,26,172.03,44.64,63.90,357.85,0.3372,-1,-1,-1
45,24,175.65,48.11,62.23,214.91,0.5383,-1,-1,-1
45,20,175.81,46.89,61.25,205.55,0.5319,-1,-1,-1
45,19,0.17,99.13,40.24,321.72,0.4537,-1,-1,-1
45,11,267.41,185.35,28.39,78.40,0.5128,-1,-1,-1
45,2,41.69,27.49,179.21,450.53,0.9293,-1,-1,-1
45,1,283.78,46.82,214.14,432.67,0.9161,-1,-1,-1
46,24,173.98,45.43,63.43,217.26,0.4120,-1,-1,-1
46,20,174.62,44.75,62.13,209.02,0.6312,-1,-1,-1
46,19,0.18,97.29,37.20,329.91,0.5856,-1,-1,-1
46,2,35.49,19.71,185.52,459.48,0.9216,-1,-1,-1
46,1,277.09,43.06,225.13,436.94,0.9208,-1,-1,-1
47,24,174.38,42.55,63.73,220.27,0.3730,-1,-1,-1
47,20,174.56,41.46,62.50,211.94,0.6182,-1,-1,-1
47,19,0.12,94.04,37.44,334.39,0.4314,-1,-1,-1
47,11,269.44,183.03,27.28,79.63,0.4077,-1,-1,-1
47,2,32.51,14.95,187.22,463.92,0.9207,-1,-1,-1
47,1,284.19,38.11,222.58,441.89,0.9275,-1,-1,-1
48,20,176.72,39.24,63.52,212.76,0.5887,-1,-1,-1
48,19,0.00,93.31,41.02,341.40,0.4265,-1,-1,-1
48,2,29.56,11.60,194.15,468.40,0.9023,-1,-1,-1
48,1,286.78,31.55,226.03,448.45,0.9082,-1,-1,-1
49,20,176.23,37.86,64.69,215.87,0.6033,-1,-1,-1
49,16,0.13,93.25,31.39,113.30,0.3225,-1,-1,-1
49,2,27.23,10.48,199.10,468.85,0.9091,-1,-1,-1
49,1,285.43,29.11,232.46,447.57,0.9225,-1,-1,-1
50,24,174.09,34.38,66.57,236.82,0.7070,-1,-1,-1
50,16,0.00,90.38,30.56,119.93,0.4439,-1,-1,-1
50,2,19.52,5.75,205.54,473.98,0.9118,-1,-1,-1
50,1,284.71,23.60,235.89,455.84,0.9236,-1,-1,-1
51,24,174.57,32.79,70.26,239.77,0.7630,-1,-1,-1
51,16,0.00,89.23,32.83,121.27,0.3398,-1,-1,-1
51,2,21.83,2.12,202.61,476.82,0.9107,-1,-1,-1
51,1,285.70,21.22,239.23,457.83,0.9226,-1,-1,-1
52,24,174.50,30.31,69.13,231.83,0.6299,-1,-1,-1
52,16,0.08,89.78,31.02,159.65,0.5150,-1,-1,-1
52,2,16.99,1.10,205.38,476.00,0.9056,-1,-1,-1
52,1,289.62,17.22,243.28,460.94,0.9270,-1,-1,-1
53,24,173.80,28.77,70.17,232.39,0.6814,-1,-1,-1
53,16,0.00,87.97,38.53,117.12,0.3638,-1,-1,-1
53,2,13.24,0.20,211.64,479.51,0.8845,-1,-1,-1
53,1,287.60,14.48,249.43,463.92,0.9226,-1,-1,-1
54,24,173.65,28.24,70.98,239.54,0.6494,-1,-1,-1
54,16,0.00,88.17,36.87,115.54,0.3675,-1,-1,-1
54,2,12.84,0.00,211.42,479.38,0.8519,-1,-1,-1
54,1,290.23,12.50,250.10,467.19,0.9225,-1,-1,-1
55,24,175.38,25.82,71.21,249.49,0.5580,-1,-1,-1
55,16,0.00,86.45,37.60,121.33,0.3389,-1,-1,-1
55,2,10.30,0.00,214.75,480.00,0.8761,-1,-1,-1
55,1,294.65,8.43,256.14,469.09,0.8977,-1,-1,-1
56,24,176.24,25.03,71.22,254.05,0.6282,-1,-1,-1
56,16,0.00,85.31,36.40,118.50,0.3555,-1,-1,-1
56,2,11.61,0.00,215.12,478.87,0.8570,-1,-1,-1
56,1,295.28,5.97,258.75,474.03,0.8927,-1,-1,-1
57,24,175.97,23.10,74.21,286.52,0.6426,-1,-1,-1
57,2,7.91,0.00,219.91,478.12,0.8378,-1,-1,-1
57,1,300.82,3.20,262.42,475.84,0.9234,-1,-1,-1
58,20,177.61,21.56,73.45,248.46,0.4425,-1,-1,-1
58,19,0.01,85.74,34.29,161.87,0.5094,-1,-1,-1
58,16,0.00,84.27,35.21,120.52,0.3359,-1,-1,-1
58,2,8.04,0.10,218.46,478.52,0.8521,-1,-1,-1
58,1,301.87,2.86,264.92,477.14,0.9069,-1,-1,-1
59,24,177.17,20.53,76.29,332.20,0.6681,-1,-1,-1
59,19,0.00,85.17,32.15,165.98,0.4169,-1,-1,-1
59,2,5.93,0.00,223.15,479.01,0.8218,-1,-1,-1
59,1,302.76,1.75,274.23,476.99,0.9040,-1,-1,-1
60,26,175.34,18.42,79.23,410.47,0.4471,-1,-1,-1
60,24,177.11,19.30,76.89,317.27,0.3927,-1,-1,-1
60,2,4.18,0.02,225.52,479.28,0.7968,-1,-1,-1
60,1,303.28,0.16,281.14,476.56,0.9051,-1,-1,-1
61,20,177.41,18.32,76.54,297.81,0.5181,-1,-1,-1
61,19,0.00,82.17,28.18,183.08,0.3180,-1,-1,-1
61,2,2.62,0.39,225.04,479.32,0.8533,-1,-1,-1
61,1,307.36,0.00,284.15,478.40,0.9042,-1,-1,-1
62,26,178.17,16.26,78.71,414.02,0.8014,-1,-1,-1
62,19,0.19,79.35,28.49,225.07,0.3360,-1,-1,-1
62,16,0.00,81.08,27.23,183.05,0.3838,-1,-1,-1
62,2,1.77,0.93,225.65,475.48,0.8776,-1,-1,-1
62,1,312.20,0.00,286.79,477.29,0.8548,-1,-1,-1
63,26,177.56,14.59,79.47,412.73,0.7628,-1,-1,-1
63,19,0.18,77.98,35.97,354.46,0.4098,-1,-1,-1
63,2,0.84,1.49,226.52,475.15,0.8131,-1,-1,-1
63,1,312.73,0.00,289.79,480.00,0.8747,-1,-1,-1
64,24,177.55,14.53,81.29,365.58,0.5492,-1,-1,-1
64,19,0.19,77.60,32.73,373.38,0.3610,-1,-1,-1
64,17,500.78,191.53,26.66,77.34,0.7037,-1,-1,-1
64,16,0.04,79.72,26.77,174.74,0.3009,-1,-1,-1
64,2,1.38,1.31,228.38,477.77,0.7974,-1,-1,-1
64,1,317.68,0.00,287.65,480.00,0.8821,-1,-1,-1
65,20,178.12,13.02,82.98,352.15,0.5042,-1,-1,-1
65,19,0.22,77.00,34.06,348.36,0.3495,-1,-1,-1
65,17,501.45,192.80,26.24,76.37,0.7315,-1,-1,-1
65,2,0.96,1.51,235.19,476.78,0.8016,-1,-1,-1
65,1,317.25,0.00,289.62,480.00,0.8860,-1,-1,-1
66,26,178.20,12.18,84.18,338.04,0.6749,-1,-1,-1
66,19,0.22,77.49,33.01,363.61,0.3359,-1,-1,-1
66,17,502.04,191.87,26.42,76.75,0.7846,-1,-1,-1
66,2,0.35,1.33,230.94,472.62,0.8586,-1,-1,-1
66,1,312.25,0.00,296.57,480.00,0.8955,-1,-1,-1
67,24,180.16,11.61,83.52,410.60,0.8309,-1,-1,-1
67,19,0.18,74.89,28.95,365.35,0.3822,-1,-1,-1
67,17,503.46,192.44,24.51,76.40,0.7519,-1,-1,-1
67,2,0.38,1.20,226.81,476.57,0.8333,-1,-1,-1
67,1,310.79,0.00,300.79,480.00,0.8910,-1,-1,-1
68,20,181.06,10.72,82.82,404.86,0.7371,-1,-1,-1
68,19,0.16,76.35,32.17,331.46,0.4002,-1,-1,-1
68,17,505.91,192.54,22.98,76.93,0.7158,-1,-1,-1
68,2,0.15,1.75,226.80,476.72,0.7547,-1,-1,-1
68,1,316.27,0.00,297.58,480.00,0.9032,-1,-1,-1
69,26,181.79,8.51,83.01,365.27,0.5125,-1,-1,-1
69,19,0.20,76.24,32.05,355.69,0.4009,-1,-1,-1
69,17,505.81,193.30,21.99,75.47,0.7432,-1,-1,-1
69,2,0.06,1.45,226.73,476.83,0.4757,-1,-1,-1
69,1,317.31,0.00,296.02,480.00,0.8891,-1,-1,-1
70,29,295.81,176.65,26.43,85.30,0.6207,-1,-1,-1
70,24,183.39,8.90,84.08,427.25,0.8536,-1,-1,-1
70,19,0.19,76.56,32.86,350.36,0.3835,-1,-1,-1
70,17,506.24,192.80,22.80,76.11,0.7301,-1,-1,-1
70,2,0.00,1.32,223.73,478.18,0.8347,-1,-1,-1
70,1,317.07,0.00,296.73,480.00,0.8848,-1,-1,-1
71,30,0.21,1.28,222.24,478.72,0.4841,-1,-1,-1
71,29,292.59,176.47,28.92,85.08,0.7349,-1,-1,-1
71,24,183.99,7.85,85.11,429.51,0.8577,-1,-1,-1
71,19,0.16,76.56,31.15,354.81,0.3564,-1,-1,-1
71,17,506.42,193.03,22.60,74.98,0.6992,-1,-1,-1
71,16,0.05,77.81,23.23,126.23,0.3147,-1,-1,-1
71,2,0.04,1.26,222.98,478.74,0.4747,-1,-1,-1
71,1,317.05,0.00,296.18,478.72,0.8448,-1,-1,-1
72,30,0.00,1.00,223.51,478.73,0.8605,-1,-1,-1
72,29,290.64,176.64,31.40,85.11,0.7353,-1,-1,-1
72,20,184.61,7.48,85.55,428.96,0.8596,-1,-1,-1
72,19,0.18,77.09,31.30,356.61,0.4935,-1,-1,-1
72,17,506.64,192.51,22.65,76.56,0.7154,-1,-1,-1
72,1,315.10,0.00,299.40,479.09,0.8557,-1,-1,-1
73,32,585.86,195.99,23.48,52.07,0.5952,-1,-1,-1
73,30,0.00,1.12,223.57,478.36,0.8602,-1,-1,-1
73,29,290.25,176.96,30.51,83.74,0.6860,-1,-1,-1
73,20,184.71,10.01,88.41,424.13,0.8663,-1,-1,-1
73,17,505.34,191.80,23.33,78.40,0.6290,-1,-1,-1
73,1,312.86,0.00,301.10,480.00,0.8782,-1,-1,-1
74,30,0.10,1.08,223.87,477.22,0.7655,-1,-1,-1
74,29,290.80,177.06,29.99,83.15,0.6012,-1,-1,-1
74,20,184.84,8.49,89.92,424.71,0.8773,-1,-1,-1
74,19,0.15,76.49,30.95,344.37,0.3014,-1,-1,-1
74,17,504.96,192.98,22.61,75.97,0.6719,-1,-1,-1
74,16,0.05,78.00,23.21,125.89,0.3436,-1,-1,-1
74,1,312.59,0.00,298.70,479.12,0.8380,-1,-1,-1
75,30,0.19,1.27,224.15,477.78,0.8235,-1,-1,-1
75,29,290.56,177.19,30.92,83.18,0.6519,-1,-1,-1
75,20,186.49,9.10,89.56,423.84,0.8806,-1,-1,-1
75,19,0.12,76.80,31.38,342.62,0.3051,-1,-1,-1
75,1,306.46,0.00,297.27,476.63,0.8512,-1,-1,-1
76,30,0.33,1.19,223.92,477.86,0.8048,-1,-1,-1
76,29,290.58,177.04,30.04,81.75,0.7047,-1,-1,-1
76,20,186.63,9.43,89.99,423.93,0.8937,-1,-1,-1
76,1,305.24,0.00,298.20,478.33,0.8903,-1,-1,-1
77,30,0.83,1.08,224.02,477.56,0.7983,-1,-1,-1
77,29,290.16,176.82,32.20,81.95,0.7221,-1,-1,-1
77,20,187.17,8.85,89.64,421.19,0.8812,-1,-1,-1
77,1,303.47,0.00,295.73,477.25,0.8999,-1,-1,-1
78,30,1.02,0.89,223.59,479.11,0.8030,-1,-1,-1
78,29,289.95,177.35,30.66,81.06,0.5205,-1,-1,-1
78,20,188.86,8.13,86.97,422.39,0.8795,-1,-1,-1
78,16,0.06,78.70,23.50,110.53,0.3683,-1,-1,-1
78,1,301.47,0.00,297.97,476.85,0.9044,-1,-1,-1
79,30,0.89,1.02,224.40,478.98,0.8159,-1,-1,-1
79,29,288.93,177.90,33.09,80.56,0.4654,-1,-1,-1
79,20,188.42,9.26,85.45,421.79,0.8722,-1,-1,-1
79,16,0.04,78.87,23.50,121.34,0.3135,-1,-1,-1
79,1,301.49,0.00,291.81,480.00,0.8901,-1,-1,-1
80,30,0.79,1.11,224.77,478.89,0.8553,-1,-1,-1
80,20,188.41,10.23,85.24,420.35,0.8560,-1,-1,-1
80,19,0.07,78.05,29.82,335.70,0.3043,-1,-1,-1
80,16,0.06,79.32,23.73,114.64,0.3010,-1,-1,-1
80,1,311.70,0.01,278.79,479.85,0.8856,-1,-1,-1
81,30,0.77,1.10,227.61,478.26,0.8428,-1,-1,-1
81,26,189.30,11.11,82.95,405.44,0.7015,-1,-1,-1
81,1,310.56,0.22,277.52,479.53,0.9019,-1,-1,-1
82,30,0.63,1.22,231.35,476.25,0.8289,-1,-1,-1
82,26,189.06,11.80,82.11,384.55,0.7110,-1,-1,-1
82,19,0.10,78.17,30.55,342.82,0.3459,-1,-1,-1
82,16,0.06,79.40,23.82,112.90,0.3057,-1,-1,-1
82,1,314.29,0.38,274.34,479.62,0.8945,-1,-1,-1
83,30,0.42,1.43,225.97,477.62,0.8149,-1,-1,-1
83,20,187.18,13.22,84.22,421.56,0.8411,-1,-1,-1
83,19,0.10,77.53,30.24,353.79,0.3092,-1,-1,-1
83,16,0.02,78.92,23.43,119.32,0.3828,-1,-1,-1
83,1,309.37,0.24,279.78,476.96,0.9114,-1,-1,-1
84,30,0.06,1.08,225.43,476.42,0.7867,-1,-1,-1
84,20,183.21,11.27,86.73,423.61,0.8266,-1,-1,-1
84,19,0.12,77.15,27.88,345.89,0.3253,-1,-1,-1
84,16,0.02,79.09,21.35,123.31,0.4309,-1,-1,-1
84,1,304.89,0.23,282.87,476.55,0.9096,-1,-1,-1
85,30,0.43,1.91,230.86,471.19,0.7864,-1,-1,-1
85,20,181.90,14.40,84.31,417.18,0.8020,-1,-1,-1
85,1,307.49,0.52,281.11,476.81,0.9113,-1,-1,-1
86,34,615.73,193.52,23.99,56.96,0.5184,-1,-1,-1
86,30,0.51,1.36,229.44,476.47,0.7611,-1,-1,-1
86,20,177.65,17.29,84.64,418.73,0.7842,-1,-1,-1
86,16,0.00,79.57,22.76,125.29,0.3282,-1,-1,-1
86,1,307.53,0.53,279.65,477.92,0.9021,-1,-1,-1
87,34,615.50,193.31,24.23,56.33,0.4652,-1,-1,-1
87,30,0.00,1.21,232.10,475.10,0.7340,-1,-1,-1
87,20,173.12,16.79,85.79,415.82,0.4854,-1,-1,-1
87,19,0.09,77.41,28.46,354.09,0.3664,-1,-1,-1
87,17,503.47,192.93,23.80,75.88,0.7473,-1,-1,-1
87,1,309.43,0.00,279.85,480.00,0.9065,-1,-1,-1
88,30,0.09,1.57,227.33,475.72,0.8298,-1,-1,-1
88,20,174.32,21.92,82.29,408.86,0.8163,-1,-1,-1
88,17,505.27,192.73,23.33,77.64,0.6211,-1,-1,-1
88,16,0.04,80.46,22.70,122.56,0.3348,-1,-1,-1
88,1,306.72,0.10,282.54,479.64,0.9078,-1,-1,-1
89,30,0.00,1.53,227.30,476.86,0.8238,-1,-1,-1
89,20,171.85,22.79,84.38,404.76,0.7897,-1,-1,-1
89,19,0.11,79.79,29.40,336.16,0.3399,-1,-1,-1
89,17,505.92,192.32,21.97,77.45,0.5925,-1,-1,-1
89,1,311.55,0.00,277.68,479.63,0.9054,-1,-1,-1
90,30,0.00,1.28,224.29,477.54,0.7926,-1,-1,-1
90,20,168.51,23.21,87.99,403.63,0.7821,-1,-1,-1
90,19,0.11,81.10,30.12,345.44,0.4231,-1,-1,-1
90,17,505.87,192.27,21.05,77.75,0.4867,-1,-1,-1
90,1,308.47,0.00,280.44,478.78,0.9049,-1,-1,-1
91,30,0.00,1.22,223.63,477.37,0.8135,-1,-1,-1
91,20,167.72,23.21,90.27,394.37,0.7813,-1,-1,-1
91,19,0.15,82.61,29.52,360.19,0.3689,-1,-1,-1
91,17,505.66,191.90,20.97,77.43,0.3654,-1,-1,-1
91,1,308.41,0.03,279.81,478.40,0.8898,-1,-1,-1
92,34,595.28,171.83,44.68,92.51,0.4677,-1,-1,-1
92,30,0.36,1.36,233.89,475.83,0.7979,-1,-1,-1
92,29,298.82,180.80,26.51,73.34,0.5280,-1,-1,-1
92,20,167.03,24.15,93.76,399.54,0.7067,-1,-1,-1
92,19,0.17,83.22,31.29,339.65,0.4072,-1,-1,-1
92,17,506.62,192.04,20.83,77.78,0.3948,-1,-1,-1
92,1,304.93,0.13,283.30,476.11,0.9152,-1,-1,-1
93,34,551.50,171.43,71.97,91.68,0.4406,-1,-1,-1
93,30,0.00,1.37,223.67,474.90,0.8680,-1,-1,-1
93,29,299.72,180.71,26.45,77.83,0.4985,-1,-1,-1
93,20,167.48,23.88,104.51,408.96,0.7992,-1,-1,-1
93,1,305.93,0.00,278.48,476.66,0.8963,-1,-1,-1
94,30,0.30,1.24,222.23,477.42,0.8626,-1,-1,-1
94,29,299.94,179.06,26.50,79.02,0.5380,-1,-1,-1
94,20,168.26,23.96,105.30,408.94,0.8200,-1,-1,-1
94,19,0.15,83.63,30.43,353.52,0.3072,-1,-1,-1
94,1,306.58,0.00,279.85,476.01,0.9019,-1,-1,-1
95,36,281.94,180.06,23.58,78.19,0.3681,-1,-1,-1
95,35,267.27,193.34,15.31,53.97,0.6416,-1,-1,-1
95,30,0.23,1.46,223.50,474.87,0.8803,-1,-1,-1
95,29,300.59,179.45,26.69,78.68,0.5581,-1,-1,-1
95,20,171.15,21.82,103.20,412.27,0.3390,-1,-1,-1
95,19,0.16,81.21,32.38,356.98,0.4327,-1,-1,-1
95,17,506.70,191.66,44.55,71.97,0.3457,-1,-1,-1
95,1,307.20,0.11,276.94,477.14,0.9210,-1,-1,-1
96,36,280.12,178.91,27.62,78.64,0.3876,-1,-1,-1
96,35,266.00,192.05,15.61,55.96,0.5858,-1,-1,-1
96,30,0.32,1.72,223.40,474.26,0.8454,-1,-1,-1
96,29,301.27,178.00,25.01,78.80,0.5767,-1,-1,-1
96,20,173.54,22.16,99.12,410.79,0.8022,-1,-1,-1
96,19,0.16,82.22,34.45,361.50,0.4364,-1,-1,-1
96,1,306.53,0.17,276.50,476.33,0.9211,-1,-1,-1
97,36,280.36,179.61,25.13,78.25,0.4754,-1,-1,-1
97,35,261.70,192.59,17.34,57.88,0.4795,-1,-1,-1
97,30,0.32,1.56,222.94,472.16,0.8758,-1,-1,-1
97,29,300.89,179.95,25.90,77.68,0.6700,-1,-1,-1
97,20,176.48,20.47,96.12,413.83,0.8381,-1,-1,-1
97,19,0.10,83.22,33.58,310.78,0.3955,-1,-1,-1
97,17,505.35,192.17,23.01,82.06,0.4093,-1,-1,-1
97,1,307.79,0.00,277.31,476.63,0.9169,-1,-1,-1
98,30,0.38,1.13,223.04,473.32,0.8654,-1,-1,-1
98,29,301.12,178.14,24.83,79.88,0.6892,-1,-1,-1
98,20,182.40,19.67,91.47,412.20,0.8576,-1,-1,-1
98,19,0.12,79.67,31.37,348.05,0.3940,-1,-1,-1
98,17,506.53,192.12,21.46,77.01,0.5993,-1,-1,-1
98,1,308.75,0.00,276.71,477.68,0.9196,-1,-1,-1
99,36,279.50,179.71,26.12,79.10,0.4840,-1,-1,-1
99,30,0.40,0.89,222.90,475.13,0.8716,-1,-1,-1
99,29,300.63,177.58,25.46,80.91,0.6274,-1,-1,-1
99,20,184.86,20.38,91.26,411.87,0.8705,-1,-1,-1
99,19,0.15,80.78,34.40,359.14,0.5023,-1,-1,-1
99,17,506.93,192.09,21.44,77.49,0.4582,-1,-1,-1
99,1,309.19,0.00,276.37,477.29,0.9194,-1,-1,-1
100,36,279.36,178.26,26.57,80.25,0.6880,-1,-1,-1
100,30,0.39,0.94,221.95,475.84,0.8743,-1,-1,-1
100,29,300.65,178.59,26.43,79.79,0.7093,-1,-1,-1
100,20,186.85,17.50,90.93,413.88,0.8743,-1,-1,-1
100,19,0.09,80.69,34.53,336.11,0.4497,-1,-1,-1
100,17,505.72,192.13,22.01,76.16,0.6259,-1,-1,-1
100,1,309.84,0.00,274.99,476.60,0.9202,-1,-1,-1
101,36,279.54,179.02,26.44,79.73,0.5285,-1,-1,-1
101,30,0.38,0.74,222.16,475.71,0.8609,-1,-1,-1
101,29,300.19,177.78,25.42,82.37,0.5643,-1,-1,-1
101,20,189.35,17.14,92.40,413.32,0.8645,-1,-1,-1
101,19,0.18,78.79,31.28,358.37,0.3577,-1,-1,-1
101,17,507.20,192.13,21.73,76.92,0.4530,-1,-1,-1
101,1,310.18,0.00,275.67,476.54,0.9206,-1,-1,-1
102,37,540.76,201.43,12.57,38.53,0.3092,-1,-1,-1
102,30,0.24,0.67,222.26,476.22,0.8546,-1,-1,-1
102,20,189.29,16.76,94.11,414.67,0.8588,-1,-1,-1
102,19,0.09,80.43,33.88,344.92,0.4175,-1,-1,-1
102,1,313.15,0.00,272.18,477.38,0.9112,-1,-1,-1
103,37,540.64,203.07,12.72,37.06,0.4968,-1,-1,-1
103,30,0.18,0.85,222.37,476.82,0.8546,-1,-1,-1
103,20,190.48,17.12,93.94,413.15,0.8642,-1,-1,-1
103,19,0.06,81.04,33.79,320.49,0.3909,-1,-1,-1
103,17,508.49,192.04,19.19,77.38,0.3128,-1,-1,-1
103,1,313.47,0.00,273.11,477.48,0.9155,-1,-1,-1
104,37,540.95,202.96,11.59,36.28,0.4120,-1,-1,-1
104,30,0.00,0.62,223.10,477.34,0.8754,-1,-1,-1
104,20,191.52,17.39,90.32,412.13,0.8615,-1,-1,-1
104,19,0.11,81.02,32.28,338.24,0.3818,-1,-1,-1
104,1,314.42,0.00,275.01,477.07,0.9179,-1,-1,-1
105,37,540.63,204.08,12.94,35.63,0.4568,-1,-1,-1
105,30,0.00,0.34,223.44,477.26,0.8365,-1,-1,-1
105,29,300.65,178.12,26.64,82.45,0.3403,-1,-1,-1
105,20,191.67,17.28,89.04,411.94,0.8605,-1,-1,-1
105,1,314.14,0.00,274.87,477.12,0.9081,-1,-1,-1
106,37,540.26,203.55,12.99,36.52,0.4751,-1,-1,-1
106,36,279.05,178.84,25.59,82.01,0.6599,-1,-1,-1
106,30,0.03,0.30,223.88,477.95,0.8648,-1,-1,-1
106,29,300.48,178.57,24.69,82.78,0.7463,-1,-1,-1
106,20,191.93,17.08,86.23,414.54,0.8547,-1,-1,-1
106,19,0.11,81.02,32.44,360.24,0.4049,-1,-1,-1
106,1,314.43,0.00,276.67,477.09,0.9029,-1,-1,-1
107,37,541.25,204.48,12.30,35.37,0.4280,-1,-1,-1
107,36,279.64,179.57,25.60,79.54,0.6720,-1,-1,-1
107,30,0.00,0.13,225.26,478.43,0.8758,-1,-1,-1
107,29,300.53,178.23,24.96,82.32,0.7029,-1,-1,-1
107,20,191.29,17.53,86.65,413.19,0.8503,-1,-1,-1
107,19,0.13,81.13,31.09,359.88,0.3877,-1,-1,-1
107,1,313.15,0.00,280.53,478.05,0.8977,-1,-1,-1
108,37,540.85,202.23,12.65,37.81,0.5089,-1,-1,-1
108,36,279.42,181.33,24.62,77.53,0.6275,-1,-1,-1
108,30,0.00,0.00,225.94,477.66,0.8822,-1,-1,-1
108,29,300.74,178.55,24.60,81.33,0.7136,-1,-1,-1
108,20,190.43,16.68,87.01,413.88,0.8542,-1,-1,-1
108,1,311.66,0.00,285.38,476.48,0.9059,-1,-1,-1
109,36,278.99,180.50,26.18,78.50,0.6197,-1,-1,-1
109,30,0.00,0.00,224.68,478.85,0.8833,-1,-1,-1
109,29,300.63,178.01,24.21,82.66,0.6737,-1,-1,-1
109,20,189.09,17.22,89.05,415.25,0.8585,-1,-1,-1
109,1,314.00,0.00,284.44,473.56,0.8610,-1,-1,-1
110,36,279.77,179.68,25.04,79.26,0.3054,-1,-1,-1
110,30,0.00,0.01,223.54,478.11,0.9180,-1,-1,-1
110,29,299.80,177.65,25.19,82.74,0.5467,-1,-1,-1
110,20,187.61,17.22,92.01,414.51,0.8635,-1,-1,-1
110,1,312.61,0.00,288.95,478.15,0.8165,-1,-1,-1
111,30,0.00,0.00,222.84,479.11,0.9040,-1,-1,-1
111,29,298.99,177.58,26.07,82.77,0.3308,-1,-1,-1
111,20,187.17,17.48,93.86,414.17,0.8685,-1,-1,-1
111,1,311.95,0.00,289.48,476.04,0.8354,-1,-1,-1
112,30,0.00,0.00,223.10,479.04,0.9144,-1,-1,-1
112,29,296.98,177.81,28.89,82.11,0.3655,-1,-1,-1
112,20,187.08,17.39,96.39,413.79,0.8669,-1,-1,-1
112,1,313.45,0.00,286.81,480.00,0.8428,-1,-1,-1
113,30,0.00,0.00,223.00,478.76,0.9081,-1,-1,-1
113,20,186.40,18.53,95.19,417.83,0.8602,-1,-1,-1
113,1,309.83,0.28,286.69,479.41,0.8537,-1,-1,-1
114,30,0.00,0.00,222.29,478.41,0.8918,-1,-1,-1
114,20,186.09,19.96,95.98,415.65,0.8560,-1,-1,-1
114,1,309.55,0.00,287.55,477.80,0.9028,-1,-1,-1
115,30,0.00,0.00,222.58,478.86,0.8989,-1,-1,-1
115,20,187.57,19.77,95.76,414.39,0.8697,-1,-1,-1
115,1,308.57,0.00,285.23,477.17,0.8971,-1,-1,-1
116,30,0.00,0.00,221.81,478.36,0.8762,-1,-1,-1
116,20,190.88,20.31,93.76,413.21,0.8710,-1,-1,-1
116,1,304.55,0.00,286.51,475.95,0.9344,-1,-1,-1
117,30,0.00,0.14,223.34,478.15,0.8561,-1,-1,-1
117,20,191.80,19.93,96.03,414.13,0.8531,-1,-1,-1
117,1,306.21,0.13,281.41,474.55,0.8906,-1,-1,-1
118,30,0.00,0.32,225.18,478.76,0.8546,-1,-1,-1
118,20,193.47,20.03,93.80,414.00,0.8593,-1,-1,-1
118,1,302.73,0.35,280.52,471.91,0.9212,-1,-1,-1
119,30,0.00,0.33,229.03,479.67,0.8888,-1,-1,-1
119,20,197.39,20.46,91.19,412.08,0.8337,-1,-1,-1
119,19,0.06,76.95,29.75,342.91,0.3804,-1,-1,-1
119,17,498.96,193.30,29.42,78.20,0.7954,-1,-1,-1
119,16,0.01,79.52,23.36,107.54,0.3412,-1,-1,-1
119,1,301.73,0.00,281.22,478.60,0.9292,-1,-1,-1
120,30,0.00,0.56,232.12,479.44,0.8938,-1,-1,-1
120,20,200.14,20.98,88.62,412.68,0.8172,-1,-1,-1
120,17,498.95,193.11,29.04,78.95,0.8097,-1,-1,-1
120,16,0.01,78.84,23.46,112.44,0.3407,-1,-1,-1
120,1,301.35,0.00,281.81,478.72,0.9283,-1,-1,-1
121,30,0.00,0.53,236.72,479.47,0.9012,-1,-1,-1
121,20,199.88,20.99,88.53,415.32,0.8550,-1,-1,-1
121,17,498.76,192.67,29.75,79.70,0.7686,-1,-1,-1
121,1,303.27,0.00,281.00,476.36,0.8910,-1,-1,-1
122,30,0.58,0.16,240.59,479.84,0.8837,-1,-1,-1
122,20,201.89,22.25,83.73,409.81,0.6498,-1,-1,-1
122,19,0.11,77.64,35.12,384.02,0.3249,-1,-1,-1
122,17,499.09,193.93,29.16,77.98,0.7653,-1,-1,-1
122,1,306.37,0.00,279.12,477.18,0.8971,-1,-1,-1
123,38,562.24,202.30,15.04,37.65,0.3566,-1,-1,-1
123,30,0.64,1.21,243.97,478.79,0.9020,-1,-1,-1
123,20,201.23,21.99,85.41,409.14,0.8421,-1,-1,-1
123,19,0.01,78.04,37.88,393.10,0.4633,-1,-1,-1
123,17,499.33,194.06,30.18,77.85,0.7780,-1,-1,-1
123,1,302.52,0.00,282.97,476.59,0.9144,-1,-1,-1
124,38,561.12,200.76,16.15,39.58,0.5569,-1,-1,-1
124,30,0.77,0.97,246.60,477.86,0.9004,-1,-1,-1
124,29,294.53,178.41,31.71,79.87,0.3026,-1,-1,-1
124,20,202.64,22.63,82.66,407.19,0.8626,-1,-1,-1
124,19,0.08,78.01,38.46,393.35,0.4490,-1,-1,-1
124,17,499.85,194.09,29.39,77.96,0.7539,-1,-1,-1
124,1,304.90,0.00,280.18,475.84,0.9202,-1,-1,-1
125,38,561.49,202.06,16.57,37.91,0.6048,-1,-1,-1
125,36,285.89,183.71,27.55,74.47,0.3050,-1,-1,-1
125,30,0.48,0.85,249.04,477.73,0.8895,-1,-1,-1
125,29,294.14,178.98,30.54,79.05,0.3274,-1,-1,-1
125,20,203.01,22.85,81.54,405.20,0.8634,-1,-1,-1
125,19,0.00,78.34,41.14,391.34,0.4713,-1,-1,-1
125,17,500.73,193.49,28.17,77.72,0.7384,-1,-1,-1
125,1,304.53,0.39,278.38,475.50,0.8085,-1,-1,-1
126,38,561.27,202.00,16.82,37.71,0.6021,-1,-1,-1
126,30,0.23,0.66,251.02,470.09,0.8263,-1,-1,-1
126,29,285.66,180.47,29.01,77.85,0.3353,-1,-1,-1
126,20,203.78,22.59,80.44,405.28,0.8243,-1,-1,-1
126,19,0.00,78.71,42.70,391.58,0.3914,-1,-1,-1
126,17,501.01,193.92,27.52,77.91,0.7285,-1,-1,-1
126,1,304.79,0.56,277.41,476.15,0.8992,-1,-1,-1
127,39,549.34,198.94,13.17,41.40,0.5179,-1,-1,-1
127,38,561.88,203.00,16.10,37.19,0.6307,-1,-1,-1
127,37,532.71,201.47,16.62,40.00,0.3539,-1,-1,-1
127,30,1.34,0.94,247.93,478.96,0.8652,-1,-1,-1
127,20,205.50,22.87,78.78,405.42,0.8396,-1,-1,-1
127,19,0.16,78.60,46.05,397.67,0.3626,-1,-1,-1
127,17,502.57,193.02,26.75,77.68,0.7020,-1,-1,-1
127,1,307.10,0.00,277.12,474.63,0.9026,-1,-1,-1
128,38,561.13,202.88,17.13,37.72,0.5210,-1,-1,-1
128,36,294.13,178.38,32.51,79.56,0.3491,-1,-1,-1
128,30,0.81,0.87,251.75,476.37,0.8591,-1,-1,-1
128,20,205.44,22.47,79.67,404.21,0.7616,-1,-1,-1
128,19,0.17,78.70,47.03,393.71,0.4865,-1,-1,-1
128,17,502.78,194.00,26.22,76.65,0.7017,-1,-1,-1
128,1,306.09,0.00,278.72,474.40,0.9018,-1,-1,-1
129,38,561.09,202.87,16.74,38.39,0.4730,-1,-1,-1
129,30,0.89,0.83,251.22,475.62,0.8799,-1,-1,-1
129,20,205.19,22.76,80.12,404.25,0.7758,-1,-1,-1
129,19,0.07,80.15,47.59,391.12,0.3869,-1,-1,-1
129,17,502.79,193.85,26.27,77.23,0.6934,-1,-1,-1
129,1,307.49,0.00,276.57,475.00,0.8979,-1,-1,-1
130,38,560.81,202.31,17.25,38.95,0.5592,-1,-1,-1
130,30,2.80,0.86,246.72,475.69,0.8622,-1,-1,-1
130,20,205.19,23.67,79.59,404.25,0.8165,-1,-1,-1
130,19,0.19,79.67,49.57,397.76,0.6787,-1,-1,-1
130,17,503.83,193.42,26.30,77.11,0.6857,-1,-1,-1
130,1,305.77,0.08,277.41,475.12,0.9226,-1,-1,-1
131,40,0.00,80.01,49.35,233.11,0.3800,-1,-1,-1
131,38,559.47,202.64,17.83,37.83,0.5587,-1,-1,-1
131,37,530.10,198.15,17.16,47.28,0.3423,-1,-1,-1
131,30,12.98,0.79,235.52,473.78,0.8498,-1,-1,-1
131,20,204.03,23.23,80.50,404.27,0.8302,-1,-1,-1
131,17,501.83,193.44,27.62,77.77,0.7409,-1,-1,-1
131,16,0.16,80.64,37.08,122.25,0.3021,-1,-1,-1
131,1,306.15,0.00,277.52,475.12,0.9040,-1,-1,-1
132,36,295.25,177.79,28.83,80.90,0.5204,-1,-1,-1
132,30,11.12,0.52,236.15,471.36,0.8460,-1,-1,-1
132,20,201.55,22.21,81.91,407.32,0.7851,-1,-1,-1
132,17,502.03,192.54,27.22,77.82,0.7435,-1,-1,-1
132,1,307.07,0.00,274.59,475.47,0.9097,-1,-1,-1
133,36,294.12,178.03,31.25,80.50,0.5805,-1,-1,-1
133,30,8.72,0.48,237.04,475.07,0.8779,-1,-1,-1
133,20,200.92,23.30,83.19,406.11,0.8370,-1,-1,-1
133,17,501.88,192.70,27.94,78.61,0.6978,-1,-1,-1
133,16,0.17,81.38,36.82,121.41,0.3198,-1,-1,-1
133,1,306.04,0.18,273.56,476.04,0.9226,-1,-1,-1
134,38,557.93,200.48,19.62,39.96,0.4252,-1,-1,-1
134,37,536.54,190.69,20.96,57.11,0.3221,-1,-1,-1
134,36,294.67,178.63,31.19,79.95,0.6281,-1,-1,-1
134,30,9.88,0.55,234.30,477.46,0.8922,-1,-1,-1
134,20,200.49,23.61,82.46,405.64,0.8679,-1,-1,-1
134,19,0.01,80.24,47.29,394.12,0.3402,-1,-1,-1
134,17,500.93,192.48,28.57,79.51,0.7441,-1,-1,-1
134,16,0.23,81.25,39.64,114.84,0.3321,-1,-1,-1
134,1,304.91,0.54,271.41,475.98,0.9181,-1,-1,-1
135,37,538.64,193.35,17.89,54.36,0.3026,-1,-1,-1
135,36,294.59,177.50,30.96,81.60,0.5471,-1,-1,-1
135,30,7.21,0.76,234.84,477.75,0.9200,-1,-1,-1
135,20,201.41,23.02,82.27,407.92,0.8777,-1,-1,-1
135,19,0.00,80.38,43.07,393.56,0.3263,-1,-1,-1
135,17,500.62,192.65,27.69,79.05,0.7344,-1,-1,-1
135,1,306.40,0.00,270.30,476.22,0.9009,-1,-1,-1
136,36,296.79,178.58,28.32,80.66,0.4226,-1,-1,-1
136,30,5.35,0.88,231.48,477.42,0.8847,-1,-1,-1
136,20,199.04,23.54,84.42,407.11,0.8681,-1,-1,-1
136,19,0.00,80.02,42.55,389.84,0.3447,-1,-1,-1
136,17,500.44,192.35,28.11,79.60,0.7413,-1,-1,-1
136,1,305.37,0.00,271.23,475.81,0.9044,-1,-1,-1
137,37,533.17,190.43,23.69,57.96,0.4833,-1,-1,-1
137,36,297.32,178.30,27.96,80.61,0.5340,-1,-1,-1
137,30,6.20,0.80,225.42,478.30,0.8901,-1,-1,-1
137,20,194.43,23.28,89.01,405.30,0.8702,-1,-1,-1
137,19,0.00,80.55,40.48,385.93,0.3835,-1,-1,-1
137,17,500.82,193.03,27.73,78.72,0.7104,-1,-1,-1
137,1,305.48,0.00,271.52,476.11,0.9031,-1,-1,-1
138,37,532.52,190.02,24.90,58.25,0.4211,-1,-1,-1
138,36,292.01,178.28,34.72,81.00,0.6594,-1,-1,-1
138,30,5.09,0.38,222.69,478.04,0.8852,-1,-1,-1
138,20,190.79,22.85,92.73,408.32,0.8726,-1,-1,-1
138,17,501.91,192.62,27.32,78.99,0.6819,-1,-1,-1
138,1,303.60,0.00,273.34,475.60,0.6930,-1,-1,-1
139,38,555.80,201.46,18.17,40.06,0.5136,-1,-1,-1
139,36,290.83,177.96,35.95,81.16,0.7243,-1,-1,-1
139,30,3.46,0.42,223.44,477.60,0.8928,-1,-1,-1
139,20,189.72,22.49,94.01,408.00,0.8713,-1,-1,-1
139,17,501.99,193.33,27.36,77.91,0.6660,-1,-1,-1
139,1,304.33,0.00,273.98,476.39,0.9257,-1,-1,-1
140,38,556.23,203.26,16.50,38.88,0.4025,-1,-1,-1
140,36,292.00,176.75,33.07,82.37,0.6816,-1,-1,-1
140,30,2.47,0.19,220.95,477.67,0.8825,-1,-1,-1
140,20,188.90,22.40,95.21,407.70,0.8767,-1,-1,-1
140,17,502.62,192.46,27.64,78.58,0.6554,-1,-1,-1
140,1,304.55,0.12,275.62,474.91,0.9209,-1,-1,-1
141,38,554.78,203.53,17.20,38.89,0.3741,-1,-1,-1
141,36,292.84,178.51,33.09,80.23,0.5365,-1,-1,-1
141,30,1.97,0.34,218.35,478.12,0.8801,-1,-1,-1
141,20,187.22,20.92,97.19,409.66,0.8798,-1,-1,-1
141,17,502.09,192.65,27.10,77.77,0.6965,-1,-1,-1
141,1,303.75,0.00,277.20,474.47,0.9249,-1,-1,-1
142,38,556.25,202.58,17.04,40.38,0.3831,-1,-1,-1
142,36,294.13,178.15,29.16,80.38,0.5050,-1,-1,-1
142,30,1.26,0.50,216.70,479.50,0.9030,-1,-1,-1
142,20,187.12,20.80,97.11,411.17,0.8777,-1,-1,-1
142,17,502.54,191.97,26.89,79.13,0.6714,-1,-1,-1
142,1,303.38,0.09,279.08,474.62,0.9277,-1,-1,-1
143,38,554.91,206.24,14.70,36.28,0.5134,-1,-1,-1
143,36,291.12,177.96,33.54,81.57,0.6589,-1,-1,-1
143,30,0.32,0.50,217.32,479.50,0.9146,-1,-1,-1
143,20,184.68,20.46,99.81,412.88,0.8814,-1,-1,-1
143,17,504.20,191.72,24.18,78.34,0.6973,-1,-1,-1
143,1,304.61,0.00,280.12,474.07,0.9248,-1,-1,-1
144,38,553.62,202.13,18.60,40.51,0.5114,-1,-1,-1
144,36,292.28,178.06,30.58,80.46,0.6706,-1,-1,-1
144,30,0.00,0.67,217.73,478.46,0.9195,-1,-1,-1
144,20,184.36,20.56,100.02,412.96,0.8843,-1,-1,-1
144,17,504.49,190.94,23.34,78.87,0.6536,-1,-1,-1
144,1,303.83,0.00,284.66,476.00,0.9227,-1,-1,-1
145,38,554.91,201.79,21.45,58.48,0.4085,-1,-1,-1
145,36,293.77,178.44,28.99,80.44,0.6694,-1,-1,-1
145,30,0.05,0.68,216.12,477.21,0.9232,-1,-1,-1
145,20,181.85,20.36,102.51,412.32,0.8810,-1,-1,-1
145,17,505.71,191.84,22.74,77.92,0.6302,-1,-1,-1
145,1,306.93,0.00,290.11,475.46,0.9045,-1,-1,-1
146,36,293.35,177.85,28.65,81.62,0.6529,-1,-1,-1
146,30,0.03,1.10,216.27,476.99,0.9146,-1,-1,-1
146,20,181.90,20.58,102.55,412.65,0.8760,-1,-1,-1
146,1,309.01,0.00,286.47,475.20,0.8524,-1,-1,-1
147,36,295.89,177.48,24.96,83.44,0.3876,-1,-1,-1
147,30,0.14,0.92,217.06,476.72,0.9104,-1,-1,-1
147,20,182.93,20.42,101.26,412.90,0.8716,-1,-1,-1
147,1,323.75,0.00,282.55,476.86,0.8518,-1,-1,-1
148,42,185.75,20.43,98.40,411.60,0.8707,-1,-1,-1
148,36,298.55,177.90,23.87,83.70,0.4766,-1,-1,-1
148,30,1.22,0.88,217.95,477.16,0.8743,-1,-1,-1
148,1,315.25,0.00,294.10,476.40,0.8647,-1,-1,-1
149,42,188.99,20.81,94.99,410.04,0.8749,-1,-1,-1
149,36,300.17,178.37,22.31,85.02,0.5017,-1,-1,-1
149,30,1.80,1.20,222.41,476.77,0.8903,-1,-1,-1
149,29,289.45,201.65,18.84,57.34,0.4206,-1,-1,-1
149,1,315.47,0.00,296.65,477.17,0.8927,-1,-1,-1
150,42,190.36,21.13,94.01,409.75,0.8777,-1,-1,-1
150,30,2.49,1.19,224.79,476.93,0.8832,-1,-1,-1
150,29,288.55,201.86,19.31,43.38,0.3638,-1,-1,-1
150,1,315.04,0.00,298.83,478.74,0.8820,-1,-1,-1
151,42,192.27,21.31,91.50,413.60,0.8717,-1,-1,-1
151,30,4.66,0.60,224.66,476.97,0.8766,-1,-1,-1
151,1,316.42,0.00,295.01,478.98,0.8486,-1,-1,-1
152,42,192.92,21.09,90.47,410.88,0.8740,-1,-1,-1
152,30,8.12,0.82,223.34,476.05,0.9023,-1,-1,-1
152,1,316.62,0.21,287.67,477.71,0.8277,-1,-1,-1
153,42,192.33,20.95,91.49,405.07,0.7873,-1,-1,-1
153,30,9.05,0.92,225.40,474.45,0.8818,-1,-1,-1
153,1,311.67,0.00,291.23,475.14,0.8434,-1,-1,-1
154,43,554.43,206.69,14.34,36.12,0.5948,-1,-1,-1
154,42,192.30,20.89,91.36,410.77,0.8734,-1,-1,-1
154,30,6.21,0.69,227.84,476.01,0.8892,-1,-1,-1
154,19,0.11,81.64,42.89,381.18,0.3715,-1,-1,-1
154,17,502.76,188.65,26.06,79.47,0.7872,-1,-1,-1
154,1,306.07,0.00,293.18,479.72,0.8600,-1,-1,-1
155,43,554.23,204.02,17.60,39.18,0.3827,-1,-1,-1
155,42,192.06,21.43,90.79,412.00,0.8497,-1,-1,-1
155,30,8.49,0.96,225.50,476.71,0.8965,-1,-1,-1
155,19,0.16,80.89,41.37,385.41,0.3418,-1,-1,-1
155,17,500.56,192.57,27.56,76.14,0.7313,-1,-1,-1
155,16,0.13,80.45,36.54,121.46,0.3059,-1,-1,-1
155,1,305.51,0.00,286.99,478.81,0.8843,-1,-1,-1
156,43,553.46,208.48,14.36,34.15,0.4093,-1,-1,-1
156,42,191.02,21.24,91.49,409.71,0.3951,-1,-1,-1
156,30,6.71,0.73,228.30,476.18,0.9130,-1,-1,-1
156,17,499.30,194.91,28.05,74.12,0.6690,-1,-1,-1
156,16,0.16,80.45,37.40,119.00,0.3187,-1,-1,-1
156,1,305.01,0.00,278.08,479.44,0.9221,-1,-1,-1
157,43,554.72,209.48,14.62,33.18,0.4653,-1,-1,-1
157,42,190.01,20.24,91.07,408.87,0.7590,-1,-1,-1
157,30,7.56,0.62,226.51,475.22,0.8889,-1,-1,-1
157,17,498.15,194.40,29.31,76.48,0.6716,-1,-1,-1
157,1,303.03,0.00,262.95,479.98,0.9326,-1,-1,-1
158,44,589.37,0.57,50.49,253.64,0.5535,-1,-1,-1
158,43,552.95,208.25,16.34,34.54,0.5820,-1,-1,-1
158,42,190.38,18.86,90.22,419.50,0.8783,-1,-1,-1
158,41,525.56,194.13,21.72,58.08,0.3925,-1,-1,-1
158,40,0.04,81.71,34.20,170.60,0.3119,-1,-1,-1
158,30,6.52,0.47,225.02,476.24,0.8865,-1,-1,-1
158,17,497.94,196.03,29.73,74.45,0.6028,-1,-1,-1
158,16,0.17,79.48,35.29,117.35,0.3279,-1,-1,-1
158,1,304.31,0.00,232.09,477.55,0.9352,-1,-1,-1
159,43,552.85,206.55,16.60,36.34,0.3389,-1,-1,-1
159,42,190.02,18.22,92.54,416.70,0.8724,-1,-1,-1
159,30,4.51,0.36,226.78,476.52,0.8487,-1,-1,-1
159,19,0.02,78.76,38.66,386.00,0.3647,-1,-1,-1
159,17,496.71,184.10,31.29,87.96,0.7924,-1,-1,-1
159,1,300.21,0.38,218.66,475.51,0.9295,-1,-1,-1
160,44,585.04,0.15,54.83,252.11,0.3254,-1,-1,-1
160,43,548.51,207.34,16.22,37.69,0.3067,-1,-1,-1
160,42,189.06,18.39,92.30,414.42,0.8786,-1,-1,-1
160,30,0.54,1.04,229.83,477.19,0.8638,-1,-1,-1
160,29,281.39,181.40,23.84,76.65,0.3233,-1,-1,-1
160,17,496.30,185.00,32.21,86.84,0.8018,-1,-1,-1
160,1,302.52,0.72,200.54,474.17,0.9376,-1,-1,-1
161,44,585.45,0.39,54.42,249.95,0.4712,-1,-1,-1
161,42,188.06,17.46,92.56,416.84,0.8799,-1,-1,-1
161,30,0.00,0.76,227.51,479.15,0.4598,-1,-1,-1
161,19,0.08,77.46,33.28,371.00,0.3126,-1,-1,-1
161,17,495.69,186.19,32.27,85.77,0.7828,-1,-1,-1
161,1,294.79,0.32,207.19,478.23,0.9137,-1,-1,-1
162,44,588.75,0.44,51.13,248.52,0.3912,-1,-1,-1
162,42,186.91,15.35,95.47,421.14,0.8719,-1,-1,-1
162,30,0.46,0.79,229.21,477.33,0.8010,-1,-1,-1
162,17,496.70,184.32,32.05,87.92,0.8090,-1,-1,-1
162,1,289.70,0.64,213.08,474.66,0.9151,-1,-1,-1
163,44,589.46,0.49,50.42,248.57,0.4322,-1,-1,-1
163,42,186.73,15.04,94.78,424.12,0.8715,-1,-1,-1
163,30,0.30,0.16,228.39,477.56,0.8404,-1,-1,-1
163,17,496.81,183.90,33.54,88.08,0.8043,-1,-1,-1
163,1,287.62,0.38,215.06,477.07,0.8908,-1,-1,-1
164,43,547.91,207.93,13.69,35.98,0.3022,-1,-1,-1
164,42,185.01,13.27,95.73,427.20,0.8571,-1,-1,-1
164,30,0.28,0.02,225.46,478.93,0.8009,-1,-1,-1
164,19,0.09,75.81,32.42,354.66,0.3410,-1,-1,-1
164,17,495.93,182.81,32.43,89.54,0.8067,-1,-1,-1
164,1,288.82,0.53,212.99,477.25,0.8805,-1,-1,-1
165,43,547.90,208.93,13.13,35.50,0.3852,-1,-1,-1
165,42,186.04,13.04,94.57,427.59,0.8660,-1,-1,-1
165,30,0.00,0.38,224.21,475.05,0.8250,-1,-1,-1
165,19,0.01,76.74,29.57,346.17,0.3303,-1,-1,-1
165,17,496.31,183.41,33.05,89.06,0.7997,-1,-1,-1
165,1,295.16,0.58,207.32,477.47,0.9090,-1,-1,-1
166,43,549.37,206.45,21.56,36.22,0.3085,-1,-1,-1
166,42,184.05,11.60,96.49,430.50,0.8586,-1,-1,-1
166,30,0.00,0.16,223.42,476.28,0.7894,-1,-1,-1
166,17,496.49,182.90,32.74,89.18,0.8115,-1,-1,-1
166,1,296.20,0.65,207.08,477.30,0.9182,-1,-1,-1
167,43,547.14,202.44,18.97,43.31,0.3882,-1,-1,-1
167,42,182.66,10.32,96.87,436.04,0.8387,-1,-1,-1
167,30,0.00,0.56,221.65,472.37,0.7613,-1,-1,-1
167,17,496.02,183.82,33.75,88.46,0.8020,-1,-1,-1
167,1,295.07,0.74,207.65,476.79,0.9098,-1,-1,-1
168,43,547.01,200.58,19.21,45.52,0.4250,-1,-1,-1
168,42,182.94,10.10,95.88,435.03,0.8741,-1,-1,-1
168,30,0.00,0.51,221.20,474.31,0.8045,-1,-1,-1
168,17,495.93,182.89,33.92,89.35,0.7981,-1,-1,-1
168,1,293.83,1.30,208.19,476.19,0.8992,-1,-1,-1
169,44,588.15,0.49,51.73,244.81,0.3240,-1,-1,-1
169,42,182.73,10.13,96.61,436.24,0.8671,-1,-1,-1
169,30,0.00,0.38,221.01,473.94,0.7536,-1,-1,-1
169,17,496.36,184.06,33.12,88.87,0.8172,-1,-1,-1
169,1,285.44,1.37,216.40,475.76,0.8739,-1,-1,-1
170,42,182.41,9.73,96.97,438.53,0.8702,-1,-1,-1
170,30,0.00,0.19,220.30,471.54,0.7749,-1,-1,-1
170,17,496.33,182.90,33.52,89.66,0.7997,-1,-1,-1
170,1,279.46,1.20,222.00,475.30,0.8680,-1,-1,-1
171,42,181.90,9.55,97.49,439.91,0.8840,-1,-1,-1
171,30,0.00,0.04,219.47,473.89,0.8009,-1,-1,-1
171,1,279.99,0.92,221.45,474.58,0.8852,-1,-1,-1
172,42,182.14,9.54,97.19,439.96,0.8774,-1,-1,-1
172,30,0.00,0.32,219.19,475.73,0.8606,-1,-1,-1
172,1,281.96,1.16,219.52,475.53,0.8794,-1,-1,-1
173,42,181.37,9.61,98.22,438.55,0.3548,-1,-1,-1
173,30,0.00,0.23,219.12,476.93,0.8298,-1,-1,-1
173,1,283.59,1.02,216.75,476.73,0.8742,-1,-1,-1
174,42,181.03,9.78,98.04,436.30,0.8863,-1,-1,-1
174,30,0.00,0.15,218.82,476.14,0.8534,-1,-1,-1
174,1,283.23,1.16,216.50,477.80,0.8748,-1,-1,-1
175,42,179.78,10.52,99.97,444.60,0.8855,-1,-1,-1
175,30,0.00,0.20,218.74,477.05,0.8614,-1,-1,-1
175,1,273.73,1.42,225.37,478.58,0.8469,-1,-1,-1
176,42,180.43,11.60,100.18,439.08,0.8781,-1,-1,-1
176,30,0.03,0.00,218.90,477.69,0.8222,-1,-1,-1
176,1,283.86,1.18,216.12,477.82,0.8877,-1,-1,-1
177,42,180.87,11.23,98.26,442.00,0.8687,-1,-1,-1
177,30,0.00,0.00,218.49,477.66,0.8393,-1,-1,-1
177,1,282.97,0.94,216.78,475.49,0.8837,-1,-1,-1
178,43,546.87,203.39,18.56,42.55,0.5500,-1,-1,-1
178,42,180.13,10.51,99.97,438.58,0.8799,-1,-1,-1
178,30,0.00,0.13,218.42,477.60,0.8391,-1,-1,-1
178,17,495.75,183.53,34.53,89.31,0.8075,-1,-1,-1
178,1,281.63,1.37,220.53,476.05,0.8986,-1,-1,-1
179,43,548.11,204.83,16.80,41.55,0.3538,-1,-1,-1
179,42,180.92,11.03,98.39,441.54,0.8783,-1,-1,-1
179,30,0.12,0.00,217.97,477.33,0.8252,-1,-1,-1
179,17,496.26,183.40,33.74,89.44,0.8246,-1,-1,-1
179,1,259.53,1.17,240.69,478.63,0.7982,-1,-1,-1
180,46,0.00,0.14,218.59,477.58,0.3384,-1,-1,-1
180,43,549.30,206.62,15.07,39.45,0.3944,-1,-1,-1
180,42,180.52,10.93,99.01,438.26,0.8698,-1,-1,-1
180,30,0.00,0.00,218.16,477.99,0.4087,-1,-1,-1
180,17,496.32,183.36,33.22,89.24,0.8054,-1,-1,-1
180,1,283.91,1.35,217.80,475.08,0.8824,-1,-1,-1
181,46,0.00,0.02,218.41,476.64,0.8160,-1,-1,-1
181,43,549.24,206.85,15.46,39.81,0.4177,-1,-1,-1
181,42,181.89,12.12,97.52,437.57,0.8940,-1,-1,-1
181,17,496.53,183.59,32.71,89.06,0.8056,-1,-1,-1
181,1,281.49,1.37,221.04,476.34,0.8880,-1,-1,-1
182,46,0.00,0.00,217.81,476.99,0.8566,-1,-1,-1
182,43,548.40,206.37,15.46,40.30,0.4203,-1,-1,-1
182,42,181.03,11.45,97.87,435.47,0.8841,-1,-1,-1
182,17,496.51,183.85,32.31,88.24,0.8047,-1,-1,-1
182,1,282.06,1.34,222.11,475.34,0.8650,-1,-1,-1
183,46,0.00,0.44,219.00,475.91,0.8607,-1,-1,-1
183,42,181.72,12.10,97.02,435.62,0.7096,-1,-1,-1
183,41,523.08,188.09,24.24,69.45,0.5138,-1,-1,-1
183,17,496.91,184.65,31.05,87.56,0.8147,-1,-1,-1
183,1,283.08,0.57,221.58,476.23,0.9017,-1,-1,-1
184,46,0.00,0.50,218.73,474.76,0.8483,-1,-1,-1
184,45,570.64,201.99,15.07,38.40,0.3587,-1,-1,-1
184,43,548.52,205.55,17.04,41.10,0.3068,-1,-1,-1
184,42,180.87,11.89,97.85,435.30,0.8915,-1,-1,-1
184,41,523.42,187.30,26.45,70.23,0.5934,-1,-1,-1
184,17,497.93,184.23,29.56,87.56,0.7005,-1,-1,-1
184,1,285.36,0.99,221.04,475.47,0.9047,-1,-1,-1
185,46,0.00,0.31,218.69,475.28,0.8638,-1,-1,-1
185,43,546.32,201.90,18.28,45.52,0.3067,-1,-1,-1
185,42,180.39,11.80,98.12,435.44,0.8932,-1,-1,-1
185,41,522.42,188.83,26.34,67.58,0.3101,-1,-1,-1
185,17,498.44,184.51,29.24,87.39,0.7636,-1,-1,-1
185,1,289.15,2.78,218.90,476.70,0.8621,-1,-1,-1
186,46,0.00,0.34,218.89,476.53,0.8640,-1,-1,-1
186,43,547.90,204.94,17.54,42.11,0.4086,-1,-1,-1
186,42,180.93,11.71,97.83,435.93,0.8845,-1,-1,-1
186,41,522.67,186.81,24.40,70.11,0.3866,-1,-1,-1
186,17,498.62,185.53,28.38,85.25,0.7365,-1,-1,-1
186,1,294.82,1.32,214.95,474.26,0.9218,-1,-1,-1
187,46,0.00,0.36,218.91,475.81,0.8719,-1,-1,-1
187,43,547.95,204.30,16.59,42.52,0.3551,-1,-1,-1
187,42,182.01,11.67,96.62,435.89,0.8928,-1,-1,-1
187,41,522.79,191.25,21.63,66.08,0.4103,-1,-1,-1
187,17,499.45,185.73,27.37,84.58,0.7367,-1,-1,-1
187,1,294.78,1.25,215.81,474.75,0.9225,-1,-1,-1
188,46,0.05,0.03,218.49,477.51,0.8646,-1,-1,-1
188,43,548.69,206.11,16.61,40.91,0.4117,-1,-1,-1
188,42,180.76,11.63,97.91,435.59,0.8819,-1,-1,-1
188,17,499.72,185.21,27.83,85.69,0.7343,-1,-1,-1
188,1,295.91,1.18,214.61,474.13,0.9225,-1,-1,-1
189,46,0.08,0.00,218.42,477.35,0.8544,-1,-1,-1
189,42,181.03,11.17,97.31,435.96,0.8951,-1,-1,-1
189,41,523.72,188.82,20.37,70.65,0.3474,-1,-1,-1
189,17,499.23,184.50,28.49,86.62,0.7551,-1,-1,-1
189,1,296.56,1.09,213.69,474.07,0.9200,-1,-1,-1
190,46,0.00,0.34,218.73,475.38,0.8688,-1,-1,-1
190,42,181.44,11.19,96.84,434.90,0.8622,-1,-1,-1
190,41,523.55,189.43,20.36,70.05,0.3233,-1,-1,-1
190,29,288.88,178.99,26.71,79.53,0.3295,-1,-1,-1
190,17,498.96,185.53,28.95,85.86,0.7141,-1,-1,-1
190,1,296.37,1.05,213.98,474.84,0.9200,-1,-1,-1
191,46,0.09,0.00,218.12,477.40,0.8610,-1,-1,-1
191,42,181.24,11.09,97.14,436.00,0.8676,-1,-1,-1
191,17,498.85,184.88,29.13,86.79,0.7555,-1,-1,-1
191,1,296.53,1.11,213.41,474.74,0.9239,-1,-1,-1
192,46,0.06,0.00,218.05,476.94,0.8516,-1,-1,-1
192,42,180.50,11.35,98.11,435.79,0.8961,-1,-1,-1
192,29,288.24,178.94,28.48,78.52,0.3281,-1,-1,-1
192,17,498.97,184.47,28.92,86.77,0.7609,-1,-1,-1
192,1,295.37,1.12,214.69,474.56,0.9193,-1,-1,-1
193,46,0.12,0.00,217.69,476.92,0.8394,-1,-1,-1
193,42,181.19,11.42,97.39,436.50,0.8968,-1,-1,-1
193,17,499.09,184.79,28.84,87.16,0.7791,-1,-1,-1
193,1,294.29,0.86,215.82,474.93,0.9161,-1,-1,-1
194,46,0.22,0.00,217.12,477.83,0.8460,-1,-1,-1
194,42,180.04,11.28,98.36,436.95,0.8954,-1,-1,-1
194,17,499.40,184.69,28.60,87.30,0.7760,-1,-1,-1
194,1,289.96,0.61,219.81,475.74,0.9082,-1,-1,-1
195,46,0.09,0.57,217.46,475.90,0.8312,-1,-1,-1
195,42,179.86,11.40,98.02,436.56,0.8896,-1,-1,-1
195,17,499.12,184.40,28.11,88.14,0.7632,-1,-1,-1
195,1,285.23,0.57,224.16,475.90,0.8871,-1,-1,-1
196,46,0.48,0.00,216.33,476.74,0.8081,-1,-1,-1
196,42,178.66,11.38,99.41,436.56,0.8823,-1,-1,-1
196,41,525.04,189.48,29.66,72.82,0.3179,-1,-1,-1
196,17,499.66,183.69,28.49,89.04,0.7052,-1,-1,-1
196,1,282.42,0.62,226.86,476.15,0.8938,-1,-1,-1
197,46,0.17,0.40,217.44,474.54,0.8600,-1,-1,-1
197,42,177.80,10.66,99.91,437.19,0.8817,-1,-1,-1
197,17,499.29,184.74,28.69,87.31,0.7343,-1,-1,-1
197,1,281.04,0.62,229.22,476.60,0.8989,-1,-1,-1
198,42,176.98,10.71,99.39,438.20,0.8715,-1,-1,-1
198,30,0.21,0.00,216.35,477.03,0.5545,-1,-1,-1
198,17,499.36,184.96,29.55,87.14,0.7605,-1,-1,-1
198,1,281.10,0.78,228.50,476.40,0.9139,-1,-1,-1
199,46,0.43,0.97,216.14,475.35,0.8161,-1,-1,-1
199,42,175.59,11.57,99.09,437.26,0.8668,-1,-1,-1
199,17,498.20,184.84,30.30,86.22,0.7735,-1,-1,-1
199,1,279.62,0.68,229.92,477.90,0.8732,-1,-1,-1
200,46,0.37,5.91,215.84,469.50,0.8049,-1,-1,-1
200,42,174.38,12.23,96.80,436.85,0.8722,-1,-1,-1
200,41,531.59,185.67,33.29,75.15,0.4108,-1,-1,-1
200,17,498.16,185.24,30.42,87.33,0.7827,-1,-1,-1
200,1,276.19,0.00,232.87,479.31,0.8589,-1,-1,-1
201,46,0.29,3.43,215.89,472.19,0.7883,-1,-1,-1
201,42,169.26,13.33,99.54,437.46,0.8511,-1,-1,-1
201,17,497.50,185.34,29.83,87.64,0.7730,-1,-1,-1
201,1,274.09,0.90,234.21,475.85,0.8951,-1,-1,-1
202,46,0.22,6.87,216.53,469.39,0.7666,-1,-1,-1
202,42,164.07,15.55,100.69,434.14,0.8315,-1,-1,-1
202,29,291.91,178.89,19.78,42.69,0.3302,-1,-1,-1
202,17,497.13,185.39,29.78,87.37,0.7553,-1,-1,-1
202,1,273.43,1.21,234.17,475.37,0.8896,-1,-1,-1
203,47,523.53,187.94,28.26,77.22,0.5437,-1,-1,-1
203,46,0.20,14.56,215.86,461.53,0.6756,-1,-1,-1
203,42,156.55,17.32,106.45,430.16,0.7965,-1,-1,-1
203,29,291.86,178.44,19.12,43.24,0.3068,-1,-1,-1
203,17,496.72,184.86,29.65,88.26,0.7546,-1,-1,-1
203,1,273.43,0.18,233.03,478.20,0.8257,-1,-1,-1
204,47,519.60,189.20,31.39,77.37,0.6256,-1,-1,-1
204,43,547.38,204.57,16.68,45.26,0.3369,-1,-1,-1
204,42,156.82,19.80,102.17,415.86,0.8107,-1,-1,-1
204,30,0.13,0.00,214.66,474.53,0.7216,-1,-1,-1
204,17,495.29,186.54,29.58,89.09,0.7951,-1,-1,-1
204,1,270.70,0.39,235.30,475.58,0.8744,-1,-1,-1
205,47,521.50,187.53,30.56,79.07,0.6242,-1,-1,-1
205,43,546.85,206.12,15.17,44.45,0.4241,-1,-1,-1
205,42,152.48,20.97,98.64,410.30,0.8215,-1,-1,-1
205,30,0.09,0.00,214.65,475.57,0.6961,-1,-1,-1
205,17,496.42,186.51,28.77,88.06,0.7623,-1,-1,-1
205,1,270.12,0.49,236.51,479.25,0.8793,-1,-1,-1
206,47,522.92,186.43,30.50,78.42,0.4664,-1,-1,-1
206,42,151.40,23.42,97.39,404.94,0.7874,-1,-1,-1
206,30,0.07,0.23,214.26,476.16,0.6644,-1,-1,-1
206,17,495.46,186.50,29.52,87.43,0.7545,-1,-1,-1
206,1,270.21,0.00,236.19,479.80,0.8780,-1,-1,-1
207,47,519.62,186.12,30.94,80.05,0.5362,-1,-1,-1
207,43,547.89,201.44,14.87,48.87,0.3905,-1,-1,-1
207,42,154.87,25.48,93.66,395.06,0.7508,-1,-1,-1
207,30,0.16,0.86,218.96,474.11,0.6449,-1,-1,-1
207,17,495.55,186.39,28.70,88.33,0.7816,-1,-1,-1
207,1,268.28,0.73,238.28,475.82,0.8877,-1,-1,-1
208,47,519.45,187.44,33.57,78.55,0.4997,-1,-1,-1
208,42,166.60,30.37,84.74,373.78,0.8399,-1,-1,-1
208,30,0.00,0.01,210.95,478.56,0.8018,-1,-1,-1
208,17,493.79,186.45,29.79,87.89,0.7880,-1,-1,-1
208,1,263.94,0.80,242.91,479.20,0.8886,-1,-1,-1
209,47,520.63,185.69,33.56,81.83,0.5354,-1,-1,-1
209,42,169.91,34.01,80.76,364.74,0.8570,-1,-1,-1
209,30,0.00,0.42,209.86,474.64,0.7685,-1,-1,-1
209,17,494.49,186.15,29.27,88.25,0.7993,-1,-1,-1
209,1,261.47,1.12,245.35,478.88,0.8843,-1,-1,-1
210,47,518.75,186.37,27.56,80.29,0.4406,-1,-1,-1
210,42,173.30,45.04,79.50,350.63,0.8853,-1,-1,-1
210,30,0.00,0.98,204.48,474.71,0.8741,-1,-1,-1
210,17,492.63,185.80,30.68,88.11,0.7940,-1,-1,-1
210,1,256.51,0.93,249.35,476.88,0.8773,-1,-1,-1
211,47,522.64,185.32,24.70,81.26,0.3943,-1,-1,-1
211,43,547.02,199.94,16.75,50.93,0.3105,-1,-1,-1
211,42,171.99,48.02,84.76,347.47,0.8954,-1,-1,-1
211,30,0.00,1.32,201.29,475.64,0.8776,-1,-1,-1
211,17,491.77,183.76,31.67,89.48,0.8152,-1,-1,-1
211,1,264.53,1.53,240.23,478.40,0.8253,-1,-1,-1
212,42,169.78,54.07,93.48,344.08,0.9044,-1,-1,-1
212,30,0.18,0.57,197.70,471.32,0.8174,-1,-1,-1
212,17,491.14,186.09,30.06,89.42,0.7902,-1,-1,-1
212,1,265.20,1.15,239.94,476.93,0.8698,-1,-1,-1
213,47,520.75,185.46,26.52,80.49,0.4687,-1,-1,-1
213,42,167.73,54.07,103.55,347.23,0.8967,-1,-1,-1
213,30,0.10,1.50,189.45,477.53,0.8126,-1,-1,-1
213,17,489.85,183.95,29.41,90.39,0.7435,-1,-1,-1
213,1,253.46,1.38,249.55,478.62,0.8610,-1,-1,-1
214,47,516.80,185.01,28.27,83.20,0.6058,-1,-1,-1
214,42,154.68,56.44,122.12,353.49,0.9048,-1,-1,-1
214,30,0.18,0.77,183.92,477.63,0.8312,-1,-1,-1
214,17,489.55,184.66,29.09,89.83,0.8219,-1,-1,-1
214,1,254.82,1.06,245.38,476.93,0.8788,-1,-1,-1
215,47,516.22,184.49,26.75,83.69,0.5844,-1,-1,-1
215,42,160.70,56.09,119.11,344.16,0.9133,-1,-1,-1
215,30,0.39,0.23,182.84,477.03,0.7785,-1,-1,-1
215,17,485.07,184.83,32.89,90.03,0.7934,-1,-1,-1
215,1,256.28,1.12,241.77,475.28,0.8941,-1,-1,-1
216,47,521.91,186.82,19.24,79.76,0.4449,-1,-1,-1
216,43,536.70,197.28,21.20,54.11,0.4064,-1,-1,-1
216,42,167.89,58.82,114.75,341.10,0.8887,-1,-1,-1
216,30,0.39,0.36,179.25,474.31,0.7387,-1,-1,-1
216,17,486.45,183.93,30.01,90.28,0.8249,-1,-1,-1
216,1,256.41,0.55,239.14,476.43,0.8822,-1,-1,-1
217,47,521.54,183.80,19.19,81.98,0.4666,-1,-1,-1
217,43,537.82,195.94,19.84,55.20,0.3921,-1,-1,-1
217,42,170.37,61.61,115.31,339.60,0.9085,-1,-1,-1
217,30,0.52,0.34,179.09,477.42,0.8245,-1,-1,-1
217,17,485.51,182.37,30.95,91.88,0.8213,-1,-1,-1
217,1,288.91,0.98,205.61,479.02,0.8332,-1,-1,-1
218,47,521.25,188.68,20.06,78.45,0.3562,-1,-1,-1
218,42,173.41,69.02,114.49,334.26,0.9063,-1,-1,-1
218,30,0.41,0.54,181.19,478.84,0.8072,-1,-1,-1
218,17,481.91,182.07,31.63,93.02,0.7992,-1,-1,-1
218,1,268.47,0.39,222.23,479.61,0.8387,-1,-1,-1
219,47,505.90,184.54,30.64,83.33,0.4422,-1,-1,-1
219,43,535.42,199.75,21.04,52.10,0.3961,-1,-1,-1
219,42,181.35,74.41,110.64,326.03,0.8998,-1,-1,-1
219,30,0.32,0.36,183.01,476.60,0.8391,-1,-1,-1
219,17,481.16,180.24,30.91,94.53,0.7706,-1,-1,-1
219,1,295.51,0.00,192.43,480.00,0.8713,-1,-1,-1
220,47,508.92,184.39,28.33,84.47,0.6660,-1,-1,-1
220,42,186.56,79.91,104.98,317.76,0.8989,-1,-1,-1
220,30,0.19,0.23,187.21,476.70,0.7696,-1,-1,-1
220,17,480.06,179.98,31.32,96.31,0.8542,-1,-1,-1
220,1,285.65,9.86,198.62,470.14,0.8114,-1,-1,-1
221,47,506.02,183.92,30.33,84.60,0.7100,-1,-1,-1
221,42,189.51,87.66,103.89,302.34,0.8906,-1,-1,-1
221,30,0.05,1.04,193.62,476.91,0.7616,-1,-1,-1
221,17,483.95,181.38,25.69,96.05,0.5886,-1,-1,-1
221,1,268.14,22.41,218.92,456.48,0.8924,-1,-1,-1
222,47,506.23,182.50,31.17,86.80,0.7896,-1,-1,-1
222,43,538.82,201.30,19.77,51.58,0.4057,-1,-1,-1
222,42,197.25,90.68,101.24,290.35,0.8929,-1,-1,-1
222,30,0.00,0.61,200.58,340.92,0.6018,-1,-1,-1
222,17,486.98,183.10,23.50,91.80,0.7451,-1,-1,-1
222,1,282.47,28.51,210.04,450.34,0.9286,-1,-1,-1
223,47,505.85,183.74,29.87,88.56,0.4908,-1,-1,-1
223,43,538.07,201.86,21.05,51.19,0.3124,-1,-1,-1
223,42,203.48,92.60,96.07,273.52,0.9092,-1,-1,-1
223,41,537.66,203.60,22.63,50.57,0.4774,-1,-1,-1
223,30,0.00,0.52,212.50,472.72,0.7898,-1,-1,-1
223,17,488.47,183.52,24.98,95.85,0.3674,-1,-1,-1
223,1,290.15,32.57,206.64,447.43,0.9119,-1,-1,-1
224,47,507.74,185.66,26.57,87.00,0.3455,-1,-1,-1
224,46,0.00,0.28,216.16,477.49,0.7350,-1,-1,-1
224,43,537.93,200.91,19.11,52.77,0.3717,-1,-1,-1
224,42,208.59,94.51,92.42,272.01,0.9106,-1,-1,-1
224,41,537.91,202.38,22.75,52.06,0.4887,-1,-1,-1
224,17,488.09,182.82,25.99,95.48,0.5755,-1,-1,-1
224,1,291.51,35.01,205.90,444.81,0.9331,-1,-1,-1
225,48,561.42,204.62,15.33,39.82,0.4004,-1,-1,-1
225,46,0.00,1.00,220.48,474.50,0.8409,-1,-1,-1
225,43,538.52,200.62,19.17,53.33,0.3846,-1,-1,-1
225,42,214.14,101.61,89.06,266.82,0.9105,-1,-1,-1
225,41,538.37,200.39,23.23,54.53,0.4902,-1,-1,-1
225,17,486.01,184.25,29.04,94.93,0.7099,-1,-1,-1
225,1,292.48,38.02,202.88,441.98,0.9381,-1,-1,-1
226,48,561.77,205.86,16.74,38.86,0.4249,-1,-1,-1
226,46,0.00,1.21,226.18,475.18,0.8348,-1,-1,-1
226,42,219.11,107.85,86.63,260.57,0.9085,-1,-1,-1
226,41,538.86,201.54,23.76,54.50,0.5031,-1,-1,-1
226,17,484.37,180.30,30.37,98.81,0.7765,-1,-1,-1
226,1,295.19,43.00,193.65,437.00,0.9294,-1,-1,-1
227,48,562.64,204.71,15.34,40.37,0.3868,-1,-1,-1
227,46,0.00,1.10,227.54,473.29,0.8270,-1,-1,-1
227,42,222.02,110.85,87.49,250.05,0.9059,-1,-1,-1
227,41,539.93,200.55,22.41,54.87,0.5494,-1,-1,-1
227,17,480.93,180.48,33.62,100.51,0.7998,-1,-1,-1
227,1,298.95,49.35,183.58,430.65,0.9310,-1,-1,-1
228,48,562.75,201.46,15.82,44.16,0.3397,-1,-1,-1
228,46,0.00,1.51,231.60,476.40,0.9248,-1,-1,-1
228,42,230.61,111.24,84.77,246.27,0.8661,-1,-1,-1
228,41,541.94,201.35,21.73,55.66,0.5897,-1,-1,-1
228,17,481.84,180.31,34.45,102.49,0.8146,-1,-1,-1
228,1,302.49,54.57,173.09,424.34,0.9398,-1,-1,-1
229,46,0.57,1.26,225.68,474.96,0.9133,-1,-1,-1
229,42,236.97,108.53,85.78,234.38,0.8754,-1,-1,-1
229,41,542.90,199.23,23.86,59.08,0.6637,-1,-1,-1
229,17,484.37,183.61,32.78,99.58,0.7797,-1,-1,-1
229,1,306.13,61.08,158.33,418.92,0.9348,-1,-1,-1
230,49,454.30,168.97,33.13,123.10,0.7840,-1,-1,-1
230,48,568.68,204.83,15.66,41.13,0.3403,-1,-1,-1
230,46,0.00,1.44,223.84,476.37,0.9024,-1,-1,-1
230,43,533.05,196.69,15.35,49.40,0.4187,-1,-1,-1
230,42,239.19,108.02,85.51,234.68,0.8686,-1,-1,-1
230,41,545.33,199.03,21.67,59.65,0.7118,-1,-1,-1
230,17,486.01,183.47,31.93,102.56,0.7829,-1,-1,-1
230,1,309.55,65.92,151.04,414.08,0.9232,-1,-1,-1
231,49,452.87,164.41,39.38,127.56,0.8426,-1,-1,-1
231,46,0.28,4.76,222.80,472.33,0.7291,-1,-1,-1
231,42,245.30,109.64,84.58,232.13,0.8834,-1,-1,-1
231,41,551.71,199.19,22.28,59.47,0.7582,-1,-1,-1
231,17,488.92,182.76,29.07,104.58,0.7671,-1,-1,-1
231,1,308.25,65.84,148.50,414.16,0.9206,-1,-1,-1
232,50,574.12,156.59,65.80,200.03,0.6276,-1,-1,-1
232,49,455.93,163.36,43.41,129.83,0.8407,-1,-1,-1
232,47,514.50,184.03,24.70,92.90,0.4579,-1,-1,-1
232,46,0.30,6.43,221.76,472.78,0.8137,-1,-1,-1
232,42,251.94,113.48,81.37,227.88,0.9054,-1,-1,-1
232,41,552.96,199.11,26.49,60.75,0.6014,-1,-1,-1
232,17,493.83,182.81,25.19,101.57,0.6542,-1,-1,-1
232,1,325.72,66.65,134.57,413.35,0.9192,-1,-1,-1
233,50,576.08,163.70,63.84,191.46,0.3575,-1,-1,-1
233,49,466.77,159.47,39.35,135.00,0.7317,-1,-1,-1
233,47,522.20,183.96,21.90,93.89,0.6643,-1,-1,-1
233,46,0.00,1.65,220.80,324.58,0.3075,-1,-1,-1
233,42,257.75,119.03,79.75,223.00,0.8827,-1,-1,-1
233,41,557.36,198.87,25.56,61.36,0.7010,-1,-1,-1
233,30,0.17,2.28,220.77,471.30,0.6007,-1,-1,-1
233,17,501.25,182.31,23.64,98.63,0.3821,-1,-1,-1
233,1,330.38,67.81,134.40,412.19,0.9153,-1,-1,-1
234,50,587.11,166.71,52.74,217.75,0.4969,-1,-1,-1
234,49,477.36,159.85,40.32,132.72,0.6062,-1,-1,-1
234,47,520.20,184.09,27.13,93.89,0.5143,-1,-1,-1
234,46,0.26,1.61,222.31,322.49,0.3119,-1,-1,-1
234,42,266.35,120.87,76.15,217.09,0.8726,-1,-1,-1
234,41,564.58,200.47,25.41,59.19,0.5157,-1,-1,-1
234,30,0.61,1.31,222.03,474.84,0.6652,-1,-1,-1
234,1,322.51,70.10,165.27,409.90,0.9269,-1,-1,-1
235,49,484.76,159.24,36.69,130.93,0.4173,-1,-1,-1
235,47,524.93,184.32,24.64,96.60,0.3581,-1,-1,-1
235,42,270.70,119.37,78.27,215.43,0.8745,-1,-1,-1
235,41,570.08,197.69,28.07,63.88,0.5668,-1,-1,-1
235,30,5.03,1.78,221.35,478.07,0.8762,-1,-1,-1
235,17,505.44,179.57,23.45,106.90,0.3408,-1,-1,-1
235,1,334.24,76.03,168.81,401.65,0.9197,-1,-1,-1
236,52,0.09,115.37,44.25,181.50,0.3152,-1,-1,-1
236,50,609.20,169.19,30.80,269.41,0.5347,-1,-1,-1
236,47,530.12,191.66,26.18,86.11,0.4829,-1,-1,-1
236,42,279.31,116.59,76.71,207.71,0.6222,-1,-1,-1
236,41,574.93,190.67,28.69,70.32,0.7106,-1,-1,-1
236,30,6.50,2.58,224.41,477.13,0.9210,-1,-1,-1
236,1,343.58,79.54,170.00,400.46,0.9279,-1,-1,-1
237,52,0.72,118.30,57.31,153.84,0.6034,-1,-1,-1
237,50,609.07,202.56,30.93,274.35,0.3409,-1,-1,-1
237,49,491.43,168.09,43.84,151.72,0.3603,-1,-1,-1
237,47,540.46,181.96,22.93,98.89,0.5100,-1,-1,-1
237,42,286.74,118.86,74.60,204.47,0.8844,-1,-1,-1
237,41,585.62,194.21,19.28,65.89,0.4327,-1,-1,-1
237,30,8.09,6.59,231.78,472.76,0.9176,-1,-1,-1
237,1,362.00,87.92,165.29,391.66,0.9327,-1,-1,-1
238,54,241.73,170.50,30.49,102.71,0.6024,-1,-1,-1
238,52,0.25,116.77,66.74,155.85,0.4903,-1,-1,-1
238,50,607.98,209.44,32.01,268.14,0.3175,-1,-1,-1
238,47,545.29,183.73,21.03,100.17,0.3520,-1,-1,-1
238,42,289.96,120.11,77.50,203.16,0.8648,-1,-1,-1
238,41,589.27,195.14,29.25,68.22,0.6645,-1,-1,-1
238,30,9.53,8.85,237.14,470.88,0.9172,-1,-1,-1
238,1,374.19,87.21,162.88,390.56,0.9382,-1,-1,-1
239,55,365.07,175.72,23.25,87.42,0.6645,-1,-1,-1
239,54,247.20,163.46,33.48,114.44,0.5957,-1,-1,-1
239,52,0.65,115.41,80.55,347.72,0.3767,-1,-1,-1
239,50,597.12,219.02,42.77,260.98,0.3319,-1,-1,-1
239,42,305.68,123.26,66.26,201.36,0.5164,-1,-1,-1
239,41,595.87,201.83,28.86,62.56,0.3412,-1,-1,-1
239,30,2.33,14.15,250.16,465.40,0.8826,-1,-1,-1
239,1,391.57,87.89,156.66,391.46,0.9314,-1,-1,-1
240,56,304.02,124.11,71.42,195.26,0.6876,-1,-1,-1
240,55,366.19,180.58,24.47,80.09,0.4667,-1,-1,-1
240,54,252.53,159.28,37.58,112.53,0.7639,-1,-1,-1
240,42,304.52,124.77,69.39,194.21,0.5213,-1,-1,-1
240,41,596.42,189.46,31.39,72.54,0.6321,-1,-1,-1
240,30,24.28,15.70,237.29,464.30,0.8630,-1,-1,-1
240,1,398.40,84.90,161.05,373.40,0.9215,-1,-1,-1
241,55,366.33,181.49,24.19,79.72,0.3319,-1,-1,-1
241,42,308.61,123.68,78.15,194.88,0.7858,-1,-1,-1
241,30,5.39,14.42,260.84,465.58,0.7980,-1,-1,-1
241,1,410.41,83.09,154.88,375.69,0.9184,-1,-1,-1
242,58,392.66,180.63,25.61,80.51,0.5690,-1,-1,-1
242,56,289.51,122.08,95.46,192.64,0.8585,-1,-1,-1
242,52,3.60,116.83,103.80,322.97,0.3524,-1,-1,-1
242,50,591.65,170.84,48.26,307.08,0.4847,-1,-1,-1
242,30,52.23,12.02,221.23,467.98,0.9023,-1,-1,-1
242,1,413.83,86.72,149.89,378.38,0.9031,-1,-1,-1
243,58,390.78,180.83,27.12,80.94,0.6940,-1,-1,-1
243,57,18.57,167.09,45.42,85.41,0.6243,-1,-1,-1
243,56,304.08,121.33,79.29,190.82,0.8443,-1,-1,-1
243,52,9.55,115.61,101.88,325.25,0.3443,-1,-1,-1
243,50,575.78,66.21,64.09,411.02,0.7018,-1,-1,-1
243,49,530.27,139.49,37.05,178.63,0.4240,-1,-1,-1
243,30,57.62,9.83,220.15,470.17,0.8832,-1,-1,-1
243,1,414.78,88.37,146.70,381.45,0.9393,-1,-1,-1
244,58,393.56,178.91,25.48,83.39,0.6945,-1,-1,-1
244,57,9.70,168.64,57.43,85.78,0.7911,-1,-1,-1
244,56,316.70,119.59,66.40,190.11,0.7526,-1,-1,-1
244,50,543.26,2.12,96.61,477.30,0.8442,-1,-1,-1
244,30,68.09,8.42,213.77,465.42,0.8252,-1,-1,-1
244,1,425.08,91.12,140.11,378.35,0.9276,-1,-1,-1
245,59,412.29,171.73,32.11,107.75,0.5965,-1,-1,-1
245,58,392.15,178.52,24.87,83.93,0.7438,-1,-1,-1
245,56,310.34,121.37,73.30,190.70,0.8125,-1,-1,-1
245,50,531.66,1.14,108.25,478.86,0.8088,-1,-1,-1
245,30,69.44,9.83,214.75,449.71,0.8461,-1,-1,-1
245,1,430.14,91.41,130.75,380.59,0.8931,-1,-1,-1
246,59,411.71,169.70,39.35,109.89,0.7988,-1,-1,-1
246,58,388.55,175.06,27.40,86.51,0.7682,-1,-1,-1
246,57,0.01,162.56,34.18,90.96,0.8182,-1,-1,-1
246,56,309.95,121.70,71.82,189.81,0.5747,-1,-1,-1
246,50,540.89,0.55,99.08,479.29,0.8109,-1,-1,-1
246,30,73.70,11.96,212.99,468.04,0.9245,-1,-1,-1
246,1,434.28,88.05,118.76,380.95,0.8975,-1,-1,-1
247,60,28.62,195.22,18.81,38.47,0.6374,-1,-1,-1
247,59,408.65,171.89,33.21,106.59,0.8596,-1,-1,-1
247,58,385.01,176.54,26.92,85.30,0.6117,-1,-1,-1
247,57,0.17,165.66,16.27,89.18,0.7178,-1,-1,-1
247,56,307.16,122.61,72.95,190.56,0.8395,-1,-1,-1
247,50,505.53,1.28,134.26,474.61,0.8544,-1,-1,-1
247,30,80.57,12.31,206.95,466.04,0.9232,-1,-1,-1
247,1,436.96,85.08,116.84,362.21,0.8822,-1,-1,-1
248,61,285.67,168.54,28.08,94.04,0.5388,-1,-1,-1
248,60,27.56,194.82,18.41,38.80,0.6695,-1,-1,-1
248,59,407.70,172.10,34.29,107.75,0.8666,-1,-1,-1
248,58,383.45,174.89,28.82,87.79,0.6823,-1,-1,-1
248,56,306.43,122.16,74.09,190.34,0.8492,-1,-1,-1
248,50,524.97,0.78,114.96,479.22,0.8847,-1,-1,-1
248,30,86.72,10.90,202.52,469.10,0.8747,-1,-1,-1
248,1,436.21,87.17,130.68,356.69,0.8878,-1,-1,-1
249,61,289.88,168.76,24.61,92.79,0.6868,-1,-1,-1
249,60,29.41,195.43,16.94,37.87,0.5794,-1,-1,-1
249,59,410.24,169.58,35.38,111.23,0.8080,-1,-1,-1
249,58,385.87,174.11,29.32,87.55,0.8123,-1,-1,-1
249,54,311.90,121.84,73.17,187.27,0.8606,-1,-1,-1
249,50,497.28,0.66,142.37,477.90,0.8779,-1,-1,-1
249,30,98.05,8.96,196.94,471.04,0.9273,-1,-1,-1
249,1,447.14,89.31,108.11,357.12,0.8376,-1,-1,-1
250,61,297.60,172.86,21.33,91.35,0.7238,-1,-1,-1
250,60,33.28,197.54,17.92,38.65,0.6374,-1,-1,-1
250,59,413.99,171.64,35.43,113.71,0.8763,-1,-1,-1
250,58,389.32,175.08,31.52,91.57,0.7797,-1,-1,-1
250,54,319.06,122.84,71.44,182.46,0.8865,-1,-1,-1
250,50,502.56,1.07,137.13,471.18,0.8601,-1,-1,-1
250,30,109.73,8.93,194.82,471.07,0.9477,-1,-1,-1
250,1,459.83,93.03,105.17,362.02,0.6950,-1,-1,-1
251,63,82.97,177.00,37.07,89.75,0.5295,-1,-1,-1
251,60,35.57,197.21,16.27,40.38,0.6403,-1,-1,-1
251,59,414.85,170.12,36.74,117.08,0.8466,-1,-1,-1
251,58,395.08,175.14,27.17,91.68,0.7098,-1,-1,-1
251,54,324.66,123.58,67.29,182.74,0.8898,-1,-1,-1
251,50,510.27,0.77,129.51,473.71,0.8662,-1,-1,-1
251,30,120.59,9.31,189.50,470.69,0.9449,-1,-1,-1
252,63,65.83,179.63,51.42,91.02,0.3772,-1,-1,-1
252,60,37.33,200.23,16.17,39.57,0.5297,-1,-1,-1
252,59,416.71,173.28,36.19,118.30,0.8001,-1,-1,-1
252,58,397.31,177.50,27.18,92.09,0.5724,-1,-1,-1
252,54,327.61,128.45,65.51,180.50,0.4437,-1,-1,-1
252,50,519.53,3.97,120.24,470.24,0.9015,-1,-1,-1
252,30,126.93,17.31,189.94,462.69,0.9257,-1,-1,-1
253,65,461.02,142.76,57.69,177.04,0.7361,-1,-1,-1
253,63,65.28,180.28,50.14,93.64,0.7393,-1,-1,-1
253,60,43.19,202.35,14.67,39.58,0.6219,-1,-1,-1
253,59,420.39,173.56,38.92,121.02,0.7079,-1,-1,-1
253,58,401.07,173.87,27.29,95.59,0.5291,-1,-1,-1
253,54,334.12,131.64,69.67,182.22,0.8914,-1,-1,-1
253,50,523.08,5.19,116.79,469.10,0.8868,-1,-1,-1
253,30,137.89,28.40,186.18,451.17,0.9295,-1,-1,-1
254,65,458.44,139.77,58.17,182.62,0.4798,-1,-1,-1
254,63,67.35,180.04,44.71,93.91,0.7179,-1,-1,-1
254,60,44.40,203.02,14.55,39.72,0.4837,-1,-1,-1
254,59,421.65,172.54,38.67,122.80,0.7305,-1,-1,-1
254,58,404.53,175.60,26.43,95.55,0.3500,-1,-1,-1
254,54,338.88,132.83,64.32,181.68,0.8971,-1,-1,-1
254,50,528.97,3.42,110.85,473.97,0.8984,-1,-1,-1
254,30,143.46,30.14,187.56,448.50,0.9263,-1,-1,-1
255,67,112.51,143.01,55.60,161.86,0.7676,-1,-1,-1
255,65,440.86,143.02,74.96,186.67,0.8930,-1,-1,-1
255,63,58.93,180.55,41.81,97.97,0.7349,-1,-1,-1
255,60,42.74,207.32,14.36,37.59,0.3164,-1,-1,-1
255,59,417.83,172.69,40.33,126.05,0.6773,-1,-1,-1
255,54,341.99,137.25,60.41,178.47,0.8814,-1,-1,-1
255,50,528.17,3.79,111.58,476.21,0.9133,-1,-1,-1
255,30,129.90,37.79,211.29,442.21,0.9031,-1,-1,-1
256,67,81.72,135.16,72.84,168.82,0.6410,-1,-1,-1
256,65,427.12,141.43,87.54,190.43,0.8239,-1,-1,-1
256,63,38.67,178.08,47.30,100.56,0.6625,-1,-1,-1
256,54,344.00,134.40,58.80,176.18,0.8626,-1,-1,-1
256,50,525.52,0.63,114.34,478.04,0.9275,-1,-1,-1
256,42,414.48,167.80,37.38,131.40,0.5763,-1,-1,-1
256,30,163.95,34.89,189.13,445.11,0.9257,-1,-1,-1
256,17,495.03,168.14,48.53,134.87,0.6503,-1,-1,-1
257,67,58.35,131.95,85.06,175.78,0.8452,-1,-1,-1
257,65,426.59,139.26,84.40,196.40,0.9066,-1,-1,-1
257,63,14.16,178.54,65.97,101.93,0.6589,-1,-1,-1
257,54,346.03,133.20,52.10,176.10,0.8477,-1,-1,-1
257,50,524.14,0.55,115.67,479.25,0.9226,-1,-1,-1
257,30,168.43,35.95,186.39,441.97,0.9196,-1,-1,-1
257,17,489.21,166.94,52.19,144.09,0.7577,-1,-1,-1
258,67,32.21,132.34,98.94,178.61,0.8770,-1,-1,-1
258,65,414.09,132.20,77.46,207.04,0.8553,-1,-1,-1
258,63,0.88,184.70,52.36,95.59,0.4578,-1,-1,-1
258,54,342.75,133.13,55.74,181.09,0.8604,-1,-1,-1
258,50,481.08,0.06,158.92,479.09,0.8872,-1,-1,-1
258,30,153.47,27.52,201.49,452.48,0.9069,-1,-1,-1
258,17,483.74,164.19,54.17,148.68,0.7817,-1,-1,-1
259,67,11.99,129.95,111.12,183.88,0.9215,-1,-1,-1
259,65,398.29,128.33,72.41,213.03,0.9230,-1,-1,-1
259,63,0.94,176.74,44.21,98.56,0.4896,-1,-1,-1
259,54,344.60,136.49,51.03,176.16,0.8701,-1,-1,-1
259,50,471.53,0.00,168.39,479.53,0.8909,-1,-1,-1
259,30,151.52,28.61,199.94,450.93,0.9061,-1,-1,-1
259,17,480.80,162.98,59.10,149.74,0.6917,-1,-1,-1
260,67,0.00,127.12,104.61,192.80,0.9183,-1,-1,-1
260,65,393.03,126.46,71.50,227.82,0.8002,-1,-1,-1
260,54,336.11,141.13,52.76,175.07,0.8626,-1,-1,-1
260,50,498.70,1.01,141.23,478.99,0.9181,-1,-1,-1
260,30,143.36,27.22,198.34,452.78,0.9284,-1,-1,-1
260,17,473.98,141.65,56.26,171.66,0.7827,-1,-1,-1
261,67,0.13,124.20,79.41,195.51,0.8683,-1,-1,-1
261,65,359.28,127.84,99.24,234.40,0.8693,-1,-1,-1
261,54,323.32,146.04,58.76,172.04,0.8514,-1,-1,-1
261,50,491.02,1.02,148.84,477.21,0.9319,-1,-1,-1
261,30,134.39,26.05,193.11,453.95,0.9379,-1,-1,-1
261,17,467.92,147.49,44.28,176.86,0.6255,-1,-1,-1
262,65,332.62,126.45,111.50,241.65,0.8702,-1,-1,-1
262,54,320.47,145.51,56.02,172.00,0.4442,-1,-1,-1
262,50,458.34,1.35,181.43,474.08,0.9133,-1,-1,-1
262,30,117.39,22.36,196.05,457.64,0.8530,-1,-1,-1
263,65,320.98,121.65,103.04,256.69,0.8965,-1,-1,-1
263,58,388.07,166.15,58.13,148.78,0.3801,-1,-1,-1
263,55,385.30,165.44,44.85,149.93,0.3907,-1,-1,-1
263,50,442.86,0.76,197.07,477.84,0.9382,-1,-1,-1
263,30,108.97,11.68,196.28,468.32,0.9211,-1,-1,-1
264,65,318.08,116.87,106.75,264.49,0.8889,-1,-1,-1
264,50,438.42,0.68,201.41,479.32,0.9292,-1,-1,-1
264,30,97.69,11.33,199.98,467.43,0.8812,-1,-1,-1
265,65,291.66,106.04,73.95,279.77,0.8185,-1,-1,-1
265,55,373.86,160.04,47.89,157.23,0.8921,-1,-1,-1
265,50,430.82,0.77,209.13,478.52,0.9246,-1,-1,-1
265,30,73.89,8.35,218.61,471.34,0.9006,-1,-1,-1
266,65,284.45,99.71,63.95,287.35,0.7941,-1,-1,-1
266,55,370.52,155.46,48.30,161.18,0.8241,-1,-1,-1
266,54,335.81,146.37,42.11,158.30,0.7932,-1,-1,-1
266,50,426.06,0.68,213.94,478.21,0.8887,-1,-1,-1
266,30,79.59,9.27,213.72,470.24,0.8762,-1,-1,-1
267,65,256.70,87.51,82.45,295.00,0.8505,-1,-1,-1
267,56,315.33,140.93,51.46,156.63,0.8804,-1,-1,-1
267,55,359.90,147.26,58.10,165.19,0.8576,-1,-1,-1
267,50,422.51,1.06,217.49,475.90,0.9284,-1,-1,-1
267,30,56.60,7.03,229.55,472.50,0.8543,-1,-1,-1
268,65,242.95,78.80,90.71,296.94,0.5083,-1,-1,-1
268,61,285.61,159.52,29.54,102.41,0.3611,-1,-1,-1
268,56,307.43,134.28,56.50,160.83,0.9115,-1,-1,-1
268,55,354.86,140.65,67.50,167.91,0.8600,-1,-1,-1
268,50,422.32,1.19,217.68,473.05,0.9337,-1,-1,-1
268,30,37.97,2.63,249.24,477.37,0.8193,-1,-1,-1
269,61,275.80,145.36,33.90,126.21,0.4276,-1,-1,-1
269,56,307.84,130.66,53.68,157.96,0.8691,-1,-1,-1
269,55,346.77,135.85,60.11,169.52,0.5789,-1,-1,-1
269,50,419.61,0.32,220.39,478.53,0.9226,-1,-1,-1
269,30,34.57,2.05,263.68,477.95,0.8389,-1,-1,-1
269,1,592.37,144.11,47.57,290.27,0.3456,-1,-1,-1
270,56,310.77,110.51,41.00,160.30,0.8000,-1,-1,-1
270,54,337.37,116.66,57.21,174.71,0.8639,-1,-1,-1
270,50,404.77,0.33,235.23,477.21,0.9254,-1,-1,-1
270,30,31.62,1.02,261.66,478.98,0.9000,-1,-1,-1
270,1,589.64,179.24,50.36,228.70,0.5621,-1,-1,-1
271,56,314.78,84.70,35.15,160.14,0.5949,-1,-1,-1
271,54,328.45,86.03,59.45,182.29,0.7938,-1,-1,-1
271,50,400.16,0.17,239.84,479.83,0.9408,-1,-1,-1
271,30,29.45,1.17,262.02,478.42,0.9312,-1,-1,-1
271,1,592.99,84.12,47.01,284.27,0.4171,-1,-1,-1
272,54,314.97,46.98,66.90,193.12,0.7579,-1,-1,-1
272,52,20.12,0.16,121.72,378.36,0.3190,-1,-1,-1
272,50,396.82,0.15,243.02,479.85,0.9375,-1,-1,-1
272,30,32.55,0.28,245.79,454.24,0.8751,-1,-1,-1
272,1,590.99,40.95,48.97,290.12,0.4159,-1,-1,-1
273,71,252.13,60.65,61.93,147.69,0.8127,-1,-1,-1
273,54,311.45,41.75,65.61,193.47,0.8059,-1,-1,-1
273,52,0.83,16.47,101.81,360.22,0.3380,-1,-1,-1
273,50,397.45,0.35,242.55,479.65,0.9386,-1,-1,-1
273,30,28.74,0.56,243.92,457.21,0.7808,-1,-1,-1
274,71,258.92,80.86,51.02,142.22,0.8172,-1,-1,-1
274,54,306.05,54.55,69.23,199.19,0.8209,-1,-1,-1
274,52,0.34,0.38,65.22,265.50,0.4994,-1,-1,-1
274,50,397.12,0.32,242.08,476.06,0.9369,-1,-1,-1
274,30,70.51,0.78,192.12,475.58,0.7922,-1,-1,-1
274,1,586.89,61.61,53.11,261.16,0.4788,-1,-1,-1
275,71,265.11,100.27,39.64,140.09,0.7443,-1,-1,-1
275,54,297.36,73.38,66.11,202.70,0.8029,-1,-1,-1
275,52,0.00,82.86,53.88,238.57,0.6433,-1,-1,-1
275,50,392.54,0.08,244.55,478.66,0.9180,-1,-1,-1
275,30,32.74,0.25,222.29,478.89,0.8866,-1,-1,-1
275,1,601.28,3.75,38.70,332.54,0.4933,-1,-1,-1
276,71,264.93,131.50,43.36,135.34,0.5446,-1,-1,-1
276,63,0.09,170.09,28.14,98.89,0.4636,-1,-1,-1
276,54,292.52,102.06,71.76,204.36,0.8335,-1,-1,-1
276,50,404.05,0.02,235.03,478.49,0.9320,-1,-1,-1
276,30,38.01,0.34,211.59,470.54,0.8509,-1,-1,-1
277,71,247.14,142.63,37.99,130.48,0.5749,-1,-1,-1
277,54,283.70,111.81,71.62,210.62,0.7368,-1,-1,-1
277,50,404.82,0.12,234.62,479.88,0.9442,-1,-1,-1
277,30,45.66,0.00,199.44,435.51,0.8569,-1,-1,-1
277,1,596.53,46.81,43.44,323.85,0.4312,-1,-1,-1
278,71,238.89,148.22,37.46,126.98,0.5965,-1,-1,-1
278,55,326.11,132.17,44.30,143.60,0.6866,-1,-1,-1
278,54,270.04,112.92,72.30,219.18,0.7701,-1,-1,-1
278,50,401.11,1.08,220.94,478.92,0.9322,-1,-1,-1
278,30,24.73,0.24,209.37,478.61,0.8707,-1,-1,-1
278,1,590.49,116.16,49.51,250.32,0.4137,-1,-1,-1
279,73,190.23,144.27,63.53,183.51,0.5897,-1,-1,-1
279,55,315.11,148.93,54.77,142.78,0.7439,-1,-1,-1
279,54,254.67,129.23,73.26,222.81,0.8102,-1,-1,-1
279,50,381.69,0.00,218.77,480.00,0.9296,-1,-1,-1
279,30,8.80,22.22,205.39,454.25,0.9067,-1,-1,-1
279,1,578.23,62.15,61.71,312.91,0.8510,-1,-1,-1
280,73,169.23,144.95,72.10,202.03,0.8646,-1,-1,-1
280,55,298.11,149.99,54.57,146.28,0.8502,-1,-1,-1
280,54,232.08,126.21,74.98,228.45,0.8152,-1,-1,-1
280,50,358.77,0.24,222.79,479.76,0.9118,-1,-1,-1
280,30,0.23,19.89,186.29,455.59,0.8985,-1,-1,-1
280,1,565.61,61.98,74.32,314.27,0.8427,-1,-1,-1
281,73,141.10,131.51,73.23,202.34,0.8378,-1,-1,-1
281,61,269.02,137.66,52.01,145.20,0.8896,-1,-1,-1
281,55,317.23,104.46,57.59,216.30,0.6786,-1,-1,-1
281,54,193.81,105.83,78.12,243.90,0.8073,-1,-1,-1
281,50,330.67,1.12,233.71,478.88,0.4772,-1,-1,-1
281,30,0.24,2.91,147.38,477.09,0.9318,-1,-1,-1
281,1,542.99,58.27,84.43,308.11,0.8839,-1,-1,-1
282,73,138.62,130.57,37.20,198.71,0.3597,-1,-1,-1
282,61,259.39,145.05,42.97,143.87,0.8761,-1,-1,-1
282,55,292.16,74.42,77.76,295.40,0.5028,-1,-1,-1
282,54,162.35,106.72,83.26,255.95,0.8444,-1,-1,-1
282,50,329.03,1.00,238.71,479.00,0.9276,-1,-1,-1
282,30,0.27,10.99,117.37,467.80,0.9320,-1,-1,-1
282,1,531.40,99.82,80.87,290.56,0.5213,-1,-1,-1
283,74,349.91,0.62,232.68,479.38,0.9215,-1,-1,-1
283,73,110.85,166.99,43.52,150.00,0.6824,-1,-1,-1
283,61,262.88,158.84,37.27,142.81,0.7907,-1,-1,-1
283,56,290.49,87.91,63.70,191.18,0.5237,-1,-1,-1
283,55,307.59,135.28,73.72,274.13,0.6775,-1,-1,-1
283,54,147.16,114.96,93.68,265.77,0.8612,-1,-1,-1
283,30,0.31,22.57,118.27,457.43,0.9034,-1,-1,-1
283,1,530.62,135.76,82.55,280.26,0.3600,-1,-1,-1
284,75,117.41,165.00,43.43,152.01,0.7657,-1,-1,-1
284,74,380.38,0.58,227.32,479.42,0.9305,-1,-1,-1
284,73,117.64,164.37,46.73,153.10,0.6682,-1,-1,-1
284,61,274.75,160.07,40.83,145.46,0.7950,-1,-1,-1
284,56,297.64,85.41,68.96,229.85,0.6049,-1,-1,-1
284,55,317.92,128.27,83.04,289.99,0.7651,-1,-1,-1
284,54,149.14,112.81,95.18,272.17,0.8837,-1,-1,-1
284,30,0.21,17.32,127.30,462.57,0.8886,-1,-1,-1
285,75,121.79,160.81,47.40,158.77,0.7760,-1,-1,-1
285,74,412.03,0.54,226.13,479.46,0.9495,-1,-1,-1
285,71,241.89,171.00,32.19,128.53,0.5426,-1,-1,-1
285,61,290.11,159.92,37.27,140.73,0.7286,-1,-1,-1
285,56,309.86,75.00,70.20,288.86,0.8038,-1,-1,-1
285,55,338.26,85.18,88.82,332.10,0.8677,-1,-1,-1
285,54,159.99,105.36,89.62,277.70,0.8896,-1,-1,-1
285,30,0.26,17.79,134.49,461.66,0.9162,-1,-1,-1
286,75,129.20,163.86,42.49,161.18,0.7285,-1,-1,-1
286,74,442.33,0.80,197.67,478.26,0.9388,-1,-1,-1
286,71,251.77,173.36,34.06,126.19,0.4994,-1,-1,-1
286,56,317.79,72.77,77.19,266.04,0.7414,-1,-1,-1
286,55,353.74,78.12,104.43,358.88,0.8829,-1,-1,-1
286,54,165.08,105.38,92.06,284.47,0.8929,-1,-1,-1
286,30,0.21,29.44,141.89,450.56,0.9272,-1,-1,-1
287,75,137.00,162.73,40.66,164.06,0.6521,-1,-1,-1
287,74,472.28,0.00,167.72,478.67,0.9162,-1,-1,-1
287,71,264.23,173.66,34.22,127.93,0.4463,-1,-1,-1
287,56,328.68,71.95,80.11,293.04,0.8345,-1,-1,-1
287,55,368.11,66.52,121.28,383.14,0.9027,-1,-1,-1
287,54,168.57,104.82,101.33,290.11,0.8570,-1,-1,-1
287,30,0.28,37.58,146.13,442.42,0.9226,-1,-1,-1
288,75,138.18,159.67,47.02,166.61,0.7112,-1,-1,-1
288,74,501.45,0.00,138.48,480.00,0.8951,-1,-1,-1
288,71,253.49,158.33,38.44,172.72,0.6137,-1,-1,-1
288,61,277.98,170.01,31.81,131.93,0.4754,-1,-1,-1
288,56,339.94,64.54,87.00,307.33,0.8409,-1,-1,-1
288,55,384.03,56.70,142.35,403.30,0.9170,-1,-1,-1
288,54,173.68,99.72,96.99,304.00,0.8742,-1,-1,-1
288,30,0.12,39.68,150.07,440.32,0.9291,-1,-1,-1
289,75,147.60,158.59,61.78,167.50,0.6004,-1,-1,-1
289,74,557.42,5.50,82.55,472.97,0.8088,-1,-1,-1
289,61,263.44,158.22,47.56,176.71,0.6907,-1,-1,-1
289,56,357.27,60.26,85.35,319.76,0.4483,-1,-1,-1
289,55,406.06,51.94,150.68,422.22,0.8966,-1,-1,-1
289,54,184.87,101.01,99.99,317.54,0.8437,-1,-1,-1
289,30,0.19,51.66,160.69,428.34,0.8946,-1,-1,-1
289,1,525.87,74.93,55.87,365.12,0.6030,-1,-1,-1
290,77,288.67,158.87,42.61,182.11,0.5751,-1,-1,-1
290,75,160.45,156.43,47.10,177.49,0.8008,-1,-1,-1
290,74,559.99,63.41,71.63,370.35,0.5110,-1,-1,-1
290,56,375.45,51.58,91.39,332.26,0.8744,-1,-1,-1
290,55,430.93,38.28,163.90,441.72,0.8990,-1,-1,-1
290,54,196.67,98.31,103.33,329.09,0.8100,-1,-1,-1
290,30,0.66,59.23,174.10,420.27,0.9182,-1,-1,-1
291,77,307.94,161.17,43.56,177.76,0.5753,-1,-1,-1
291,75,166.61,152.00,49.58,179.25,0.7795,-1,-1,-1
291,74,588.04,50.85,51.89,401.00,0.3549,-1,-1,-1
291,56,391.11,42.35,107.26,347.37,0.8751,-1,-1,-1
291,55,450.39,23.54,178.50,456.04,0.9247,-1,-1,-1
291,54,211.20,91.29,104.79,344.82,0.8632,-1,-1,-1
291,30,3.66,56.42,178.03,423.58,0.9073,-1,-1,-1
292,77,323.45,169.28,57.57,170.79,0.8372,-1,-1,-1
292,75,171.42,156.38,54.96,177.58,0.7711,-1,-1,-1
292,56,406.98,36.64,112.55,372.48,0.9219,-1,-1,-1
292,55,471.50,11.90,168.50,467.31,0.9204,-1,-1,-1
292,54,222.32,87.56,113.35,365.82,0.8509,-1,-1,-1
292,30,10.68,54.09,180.29,424.46,0.9103,-1,-1,-1
293,77,331.17,167.73,64.60,175.29,0.8259,-1,-1,-1
293,75,180.13,155.91,49.17,175.96,0.5808,-1,-1,-1
293,56,417.50,25.25,122.50,401.63,0.8800,-1,-1,-1
293,55,488.51,0.00,151.49,479.67,0.9168,-1,-1,-1
293,54,231.19,76.38,111.75,373.83,0.8875,-1,-1,-1
293,30,12.74,45.32,181.42,434.68,0.9347,-1,-1,-1
294,77,349.38,166.18,65.34,175.47,0.4630,-1,-1,-1
294,56,430.46,17.51,133.33,425.53,0.8992,-1,-1,-1
294,55,514.04,2.17,125.72,474.11,0.8391,-1,-1,-1
294,54,238.54,67.65,118.50,397.49,0.8959,-1,-1,-1
294,30,24.84,45.78,179.06,434.22,0.8552,-1,-1,-1
295,77,371.09,165.59,57.20,167.57,0.8254,-1,-1,-1
295,75,213.58,192.38,38.50,115.38,0.8308,-1,-1,-1
295,56,442.94,8.83,143.27,440.79,0.9135,-1,-1,-1
295,55,536.10,69.11,103.83,410.87,0.8679,-1,-1,-1
295,54,244.88,57.54,122.82,414.42,0.9243,-1,-1,-1
295,52,1.61,129.74,65.02,292.15,0.3432,-1,-1,-1
295,30,39.69,47.74,182.14,431.25,0.8760,-1,-1,-1
296,77,386.27,164.16,55.85,172.20,0.8433,-1,-1,-1
296,75,219.74,194.78,39.93,114.11,0.8349,-1,-1,-1
296,56,452.14,1.57,153.69,458.75,0.9074,-1,-1,-1
296,55,556.60,65.71,83.34,414.29,0.7061,-1,-1,-1
296,54,250.61,49.94,124.96,426.24,0.9252,-1,-1,-1
296,52,11.64,131.72,60.41,179.37,0.5154,-1,-1,-1
296,30,1.10,55.05,219.02,423.42,0.8789,-1,-1,-1
297,77,386.56,163.08,68.64,173.81,0.5869,-1,-1,-1
297,75,223.19,195.20,37.51,111.86,0.5896,-1,-1,-1
297,56,460.08,0.15,165.83,464.49,0.9122,-1,-1,-1
297,54,248.20,34.38,130.86,443.94,0.9256,-1,-1,-1
297,52,0.12,124.97,70.49,214.63,0.7661,-1,-1,-1
297,30,3.50,54.16,224.33,423.98,0.9080,-1,-1,-1
298,77,399.09,165.85,84.75,171.76,0.8950,-1,-1,-1
298,56,467.29,0.11,172.71,478.12,0.9316,-1,-1,-1
298,54,236.82,18.98,145.56,461.02,0.9255,-1,-1,-1
298,52,0.10,120.85,54.85,194.57,0.8483,-1,-1,-1
298,30,16.70,55.64,219.28,424.03,0.8149,-1,-1,-1
299,56,472.38,0.34,167.62,479.66,0.9190,-1,-1,-1
299,54,239.06,9.72,139.31,470.28,0.9233,-1,-1,-1
299,52,0.26,116.63,52.21,202.87,0.8792,-1,-1,-1
299,30,61.86,53.52,181.69,424.49,0.8927,-1,-1,-1
300,80,369.35,167.49,49.69,138.25,0.8089,-1,-1,-1
300,77,411.81,167.15,84.06,170.37,0.8870,-1,-1,-1
300,56,487.12,0.40,152.82,479.60,0.9259,-1,-1,-1
300,54,225.13,0.00,146.86,478.39,0.9114,-1,-1,-1
300,52,0.32,136.45,58.66,198.39,0.8063,-1,-1,-1
300,30,78.68,53.48,163.73,425.98,0.8545,-1,-1,-1
301,81,403.92,193.03,34.89,103.16,0.4232,-1,-1,-1
301,80,364.57,165.82,54.99,139.69,0.8243,-1,-1,-1
301,77,419.48,163.12,78.42,172.60,0.8789,-1,-1,-1
301,56,497.52,0.20,142.42,479.80,0.9421,-1,-1,-1
301,54,208.82,0.00,160.42,480.00,0.9356,-1,-1,-1
301,52,0.11,149.86,61.56,176.42,0.5764,-1,-1,-1
301,30,87.87,47.95,150.65,430.42,0.8874,-1,-1,-1
302,80,359.93,163.91,65.67,143.46,0.7881,-1,-1,-1
302,77,442.15,159.79,58.37,173.49,0.6948,-1,-1,-1
302,56,511.05,0.16,128.95,479.84,0.9258,-1,-1,-1
302,54,177.16,0.00,173.31,477.92,0.9019,-1,-1,-1
302,52,0.59,144.49,53.83,170.72,0.6689,-1,-1,-1
302,30,96.10,40.80,138.04,434.47,0.7922,-1,-1,-1
303,83,337.29,192.61,31.49,118.93,0.7818,-1,-1,-1
303,82,48.45,102.91,92.20,304.48,0.7688,-1,-1,-1
303,80,381.37,162.44,57.57,143.07,0.6930,-1,-1,-1
303,79,307.88,161.68,39.84,157.50,0.7226,-1,-1,-1
303,77,450.47,159.00,69.68,174.30,0.7064,-1,-1,-1
303,56,526.15,0.00,113.68,480.00,0.9169,-1,-1,-1
303,54,102.30,0.00,223.35,476.47,0.5743,-1,-1,-1
303,52,10.01,146.06,51.48,169.90,0.6926,-1,-1,-1
303,30,101.44,0.80,221.24,475.35,0.7327,-1,-1,-1
304,83,336.01,191.19,51.29,122.42,0.6943,-1,-1,-1
304,82,1.23,93.74,118.24,296.40,0.8352,-1,-1,-1
304,80,384.37,160.09,53.64,141.24,0.6848,-1,-1,-1
304,79,286.47,158.60,60.84,156.76,0.4768,-1,-1,-1
304,77,460.82,158.46,63.51,172.35,0.8058,-1,-1,-1
304,75,276.55,153.73,38.26,146.06,0.6961,-1,-1,-1
304,56,539.99,0.94,99.72,479.06,0.8524,-1,-1,-1
304,30,106.14,0.00,190.45,469.45,0.8170,-1,-1,-1
305,83,335.79,189.89,57.84,126.26,0.7856,-1,-1,-1
305,82,0.28,91.14,144.23,300.33,0.8799,-1,-1,-1
305,80,385.54,160.17,51.05,147.85,0.7703,-1,-1,-1
305,79,278.41,157.75,37.70,151.34,0.6558,-1,-1,-1
305,77,463.76,161.69,65.93,172.08,0.7444,-1,-1,-1
305,76,525.25,141.54,71.70,234.42,0.8365,-1,-1,-1
305,71,244.68,184.82,40.31,125.92,0.3437,-1,-1,-1
305,56,557.00,1.18,83.00,478.82,0.4501,-1,-1,-1
305,54,84.42,0.92,187.28,468.68,0.4303,-1,-1,-1
306,84,303.42,153.05,52.96,164.95,0.7901,-1,-1,-1
306,83,348.05,188.25,41.35,125.50,0.6058,-1,-1,-1
306,82,0.34,86.31,87.50,237.45,0.3195,-1,-1,-1
306,80,383.82,159.99,56.57,147.72,0.7962,-1,-1,-1
306,79,270.73,160.72,38.85,149.84,0.6329,-1,-1,-1
306,77,464.81,161.83,71.19,170.14,0.5181,-1,-1,-1
306,76,511.36,133.94,94.09,242.92,0.8655,-1,-1,-1
306,54,4.44,0.77,238.60,467.58,0.3187,-1,-1,-1
307,84,304.46,152.36,53.99,166.92,0.7220,-1,-1,-1
307,83,344.90,186.07,43.93,129.16,0.5935,-1,-1,-1
307,80,384.39,159.18,67.18,147.21,0.7644,-1,-1,-1
307,79,266.99,152.44,41.20,151.28,0.5085,-1,-1,-1
307,77,467.68,162.13,63.41,169.24,0.4582,-1,-1,-1
307,76,507.94,129.27,110.78,247.33,0.8450,-1,-1,-1
307,54,0.33,0.25,215.14,479.75,0.4634,-1,-1,-1
307,30,176.96,101.80,105.12,328.29,0.6566,-1,-1,-1
308,84,307.82,151.84,51.81,167.90,0.8384,-1,-1,-1
308,83,354.80,185.94,35.53,129.26,0.7761,-1,-1,-1
308,80,384.62,159.61,72.51,146.78,0.6611,-1,-1,-1
308,79,273.48,179.66,33.07,111.86,0.3923,-1,-1,-1
308,77,467.70,168.83,28.28,118.27,0.3682,-1,-1,-1
308,76,497.05,123.26,121.77,259.48,0.8504,-1,-1,-1
308,30,149.80,58.71,137.61,416.84,0.9062,-1,-1,-1
309,84,309.17,150.57,70.18,169.77,0.8944,-1,-1,-1
309,83,363.96,185.03,36.26,128.57,0.7123,-1,-1,-1
309,80,392.59,157.63,67.76,150.20,0.7082,-1,-1,-1
309,77,467.46,169.53,34.36,120.28,0.6816,-1,-1,-1
309,76,490.92,118.42,135.60,282.76,0.9058,-1,-1,-1
309,54,0.43,0.91,106.95,477.83,0.5346,-1,-1,-1
309,30,115.43,57.83,180.69,422.17,0.9048,-1,-1,-1
310,84,305.25,152.09,80.29,172.75,0.9109,-1,-1,-1
310,83,364.58,186.77,53.67,130.94,0.7532,-1,-1,-1
310,82,39.19,122.55,52.25,199.09,0.3323,-1,-1,-1
310,80,394.95,159.87,62.12,152.94,0.7952,-1,-1,-1
310,77,464.08,175.18,37.92,117.03,0.7348,-1,-1,-1
310,76,496.64,119.19,138.35,293.29,0.8969,-1,-1,-1
310,30,104.95,86.28,187.61,393.72,0.9118,-1,-1,-1
311,85,37.64,71.52,112.29,371.83,0.8443,-1,-1,-1
311,84,298.05,152.75,84.32,174.07,0.8921,-1,-1,-1
311,83,364.35,188.80,56.88,131.77,0.7547,-1,-1,-1
311,80,397.23,159.52,59.48,156.65,0.7882,-1,-1,-1
311,77,459.85,176.77,37.80,116.13,0.8281,-1,-1,-1
311,76,494.42,114.87,144.04,313.71,0.9266,-1,-1,-1
311,52,0.17,150.82,43.47,158.54,0.5148,-1,-1,-1
311,30,118.42,82.56,169.59,397.44,0.8747,-1,-1,-1
312,85,0.00,60.28,125.85,390.90,0.9105,-1,-1,-1
312,84,293.50,150.79,86.22,178.86,0.9151,-1,-1,-1
312,83,363.09,189.10,55.95,133.58,0.6095,-1,-1,-1
312,81,396.44,153.09,60.18,165.17,0.4087,-1,-1,-1
312,80,406.94,154.65,50.48,162.92,0.4496,-1,-1,-1
312,77,452.37,177.40,38.34,115.29,0.8033,-1,-1,-1
312,76,489.53,105.15,144.97,332.20,0.9338,-1,-1,-1
312,30,113.04,63.45,168.44,413.71,0.9135,-1,-1,-1
313,85,0.06,50.84,99.07,412.81,0.9168,-1,-1,-1
313,84,295.69,150.00,82.23,180.94,0.8718,-1,-1,-1
313,83,359.10,187.86,53.80,138.87,0.7417,-1,-1,-1
313,80,397.84,155.76,54.22,163.13,0.7139,-1,-1,-1
313,79,272.14,177.20,37.10,139.58,0.4232,-1,-1,-1
313,77,446.02,177.86,37.89,113.00,0.7724,-1,-1,-1
313,76,483.40,95.40,145.25,348.68,0.9215,-1,-1,-1
313,30,108.36,68.64,169.22,410.10,0.9209,-1,-1,-1
314,85,0.10,49.32,83.44,424.65,0.8591,-1,-1,-1
314,84,300.48,148.68,80.84,183.96,0.8775,-1,-1,-1
314,83,364.44,185.14,47.66,140.57,0.7856,-1,-1,-1
314,81,399.52,158.14,59.59,160.58,0.7224,-1,-1,-1
314,77,443.33,177.21,35.57,113.56,0.7187,-1,-1,-1
314,76,479.40,85.39,150.02,362.97,0.9166,-1,-1,-1
314,30,103.29,66.54,177.00,412.82,0.9205,-1,-1,-1
315,84,314.62,151.15,64.51,185.78,0.6853,-1,-1,-1
315,83,375.98,189.33,47.58,143.81,0.6925,-1,-1,-1
315,81,406.24,159.85,67.55,161.78,0.7037,-1,-1,-1
315,76,479.14,78.81,160.05,394.41,0.9260,-1,-1,-1
315,30,112.59,68.69,176.57,411.31,0.9249,-1,-1,-1
316,84,318.82,145.63,68.04,195.08,0.3335,-1,-1,-1
316,83,374.50,187.96,73.61,146.24,0.8651,-1,-1,-1
316,82,19.66,144.73,64.92,179.96,0.8458,-1,-1,-1
316,81,416.52,157.98,61.20,160.95,0.6555,-1,-1,-1
316,76,480.73,66.61,158.89,413.39,0.9247,-1,-1,-1
316,52,0.00,111.16,21.52,191.95,0.5644,-1,-1,-1
316,30,118.64,64.59,178.34,415.41,0.9192,-1,-1,-1
317,84,324.49,143.41,79.93,198.31,0.8681,-1,-1,-1
317,83,396.09,189.30,68.69,145.84,0.5977,-1,-1,-1
317,82,31.22,145.07,55.50,176.90,0.8052,-1,-1,-1
317,81,426.40,155.78,63.29,166.23,0.6690,-1,-1,-1
317,76,487.98,51.53,152.02,428.47,0.9406,-1,-1,-1
317,30,124.68,65.56,179.16,413.22,0.9094,-1,-1,-1
318,84,326.66,141.71,84.45,200.75,0.8876,-1,-1,-1
318,83,399.40,187.83,71.66,148.61,0.7308,-1,-1,-1
318,82,32.58,146.12,58.22,178.47,0.8448,-1,-1,-1
318,81,435.04,158.55,59.36,164.65,0.6851,-1,-1,-1
318,76,492.26,41.08,147.73,438.92,0.9497,-1,-1,-1
318,30,129.22,66.92,184.69,413.08,0.8381,-1,-1,-1
319,84,330.43,126.83,96.12,215.78,0.9220,-1,-1,-1
319,83,408.28,183.58,70.02,150.54,0.4887,-1,-1,-1
319,82,36.80,144.99,62.58,179.95,0.8657,-1,-1,-1
319,81,442.78,151.09,59.86,170.08,0.3537,-1,-1,-1
319,76,503.44,14.38,136.55,463.78,0.9400,-1,-1,-1
319,30,138.17,72.58,178.55,407.42,0.8835,-1,-1,-1
320,84,332.91,131.65,103.13,209.14,0.3678,-1,-1,-1
320,83,421.73,174.89,65.56,159.92,0.7731,-1,-1,-1
320,82,33.11,142.79,73.15,177.55,0.8723,-1,-1,-1
320,81,457.52,146.02,60.90,174.88,0.3389,-1,-1,-1
320,76,518.53,0.00,121.47,480.00,0.9070,-1,-1,-1
320,30,150.14,74.84,176.69,402.86,0.8634,-1,-1,-1
321,84,343.22,126.05,102.89,214.68,0.9195,-1,-1,-1
321,83,459.15,171.43,39.22,161.75,0.5974,-1,-1,-1
321,82,44.37,135.77,71.10,179.17,0.8952,-1,-1,-1
321,30,170.83,52.81,168.58,426.93,0.9079,-1,-1,-1
322,89,144.68,111.14,69.12,199.16,0.6443,-1,-1,-1
322,84,356.91,117.26,103.43,218.15,0.8672,-1,-1,-1
322,83,459.56,164.62,29.57,107.77,0.4979,-1,-1,-1
322,81,472.26,162.12,63.06,167.18,0.6826,-1,-1,-1
322,78,593.04,59.12,46.95,264.42,0.6653,-1,-1,-1
322,30,185.12,42.97,169.85,437.03,0.9108,-1,-1,-1
323,92,542.45,151.12,58.13,144.88,0.5841,-1,-1,-1
323,89,140.93,102.97,79.40,218.69,0.8749,-1,-1,-1
323,84,383.57,114.08,95.04,225.65,0.9100,-1,-1,-1
323,83,467.10,164.77,38.92,108.82,0.7745,-1,-1,-1
323,82,74.02,125.76,60.28,174.93,0.8489,-1,-1,-1
323,81,482.22,162.09,63.73,169.22,0.6428,-1,-1,-1
323,30,198.00,40.45,173.45,439.55,0.9364,-1,-1,-1
324,94,371.61,148.87,50.37,170.16,0.4145,-1,-1,-1
324,89,136.50,97.45,83.89,224.19,0.8508,-1,-1,-1
324,84,403.53,107.94,82.09,230.22,0.8614,-1,-1,-1
324,83,474.04,162.64,34.86,108.82,0.6822,-1,-1,-1
324,82,79.14,122.59,60.67,176.14,0.8698,-1,-1,-1
324,81,490.17,156.74,101.43,174.63,0.8106,-1,-1,-1
324,30,205.28,32.40,178.72,447.60,0.9365,-1,-1,-1
325,94,381.46,144.60,52.20,175.31,0.6946,-1,-1,-1
325,92,569.99,164.49,41.92,151.60,0.3074,-1,-1,-1
325,89,125.45,91.91,87.85,242.72,0.8731,-1,-1,-1
325,84,421.27,100.59,76.74,239.51,0.8198,-1,-1,-1
325,82,67.35,122.54,77.20,176.97,0.8661,-1,-1,-1
325,81,512.03,152.25,90.60,178.56,0.7691,-1,-1,-1
325,30,216.23,32.70,180.77,447.30,0.9330,-1,-1,-1
326,94,387.48,140.19,51.13,181.95,0.5726,-1,-1,-1
326,93,514.40,122.28,75.10,194.95,0.4941,-1,-1,-1
326,92,583.47,166.25,38.04,148.82,0.4428,-1,-1,-1
326,89,116.15,89.45,91.12,249.22,0.8437,-1,-1,-1
326,84,431.78,99.30,74.99,242.99,0.8876,-1,-1,-1
326,82,64.47,124.81,86.86,176.99,0.4705,-1,-1,-1
326,81,531.13,155.48,79.49,175.74,0.6353,-1,-1,-1
326,30,218.16,35.48,181.90,443.24,0.9338,-1,-1,-1
327,94,395.41,140.09,50.95,177.29,0.8319,-1,-1,-1
327,93,515.21,113.75,85.48,200.60,0.7143,-1,-1,-1
327,89,99.74,81.99,95.44,259.97,0.8931,-1,-1,-1
327,84,433.60,95.15,86.66,247.94,0.9190,-1,-1,-1
327,82,76.04,126.37,68.17,173.72,0.3342,-1,-1,-1
327,81,563.14,144.12,68.15,183.57,0.8430,-1,-1,-1
327,52,0.08,123.36,28.79,161.72,0.8504,-1,-1,-1
327,30,218.47,40.11,188.02,438.66,0.9140,-1,-1,-1
328,93,520.05,111.20,87.62,203.69,0.4448,-1,-1,-1
328,89,88.07,78.03,93.15,278.09,0.8450,-1,-1,-1
328,84,429.55,94.80,101.43,250.53,0.8944,-1,-1,-1
328,83,513.68,138.02,45.43,151.25,0.3918,-1,-1,-1
328,81,568.44,143.13,71.51,192.50,0.8358,-1,-1,-1
328,52,0.05,124.70,31.28,159.83,0.8293,-1,-1,-1
328,30,207.98,43.29,207.07,430.72,0.9005,-1,-1,-1
329,94,407.80,137.74,45.79,136.79,0.4191,-1,-1,-1
329,89,53.44,67.49,111.91,292.72,0.8986,-1,-1,-1
329,84,424.14,94.21,106.86,252.69,0.9054,-1,-1,-1
329,83,511.83,137.33,53.98,154.48,0.5620,-1,-1,-1
329,81,563.87,145.41,76.12,190.19,0.8289,-1,-1,-1
329,52,0.18,125.26,45.07,158.23,0.5586,-1,-1,-1
329,30,223.85,40.13,193.50,439.87,0.8799,-1,-1,-1
330,94,410.48,140.18,47.61,150.37,0.5867,-1,-1,-1
330,93,553.64,111.60,59.39,219.86,0.7296,-1,-1,-1
330,89,44.02,61.81,107.99,307.69,0.8697,-1,-1,-1
330,84,421.67,96.24,106.47,257.37,0.9070,-1,-1,-1
330,83,504.80,137.70,59.52,162.49,0.7264,-1,-1,-1
330,81,584.56,151.52,55.15,173.43,0.3767,-1,-1,-1
330,78,559.63,149.86,80.37,190.31,0.7686,-1,-1,-1
330,52,0.18,147.79,46.79,138.52,0.4842,-1,-1,-1
330,30,237.70,36.06,184.27,443.94,0.8991,-1,-1,-1
331,94,391.09,139.24,74.08,194.09,0.4156,-1,-1,-1
331,93,561.76,110.77,57.74,226.78,0.7966,-1,-1,-1
331,89,23.59,53.81,114.45,319.81,0.8827,-1,-1,-1
331,84,426.85,94.96,102.17,264.52,0.9017,-1,-1,-1
331,83,499.34,139.03,61.86,161.30,0.5538,-1,-1,-1
331,80,394.30,139.90,71.59,192.91,0.5275,-1,-1,-1
331,78,564.17,151.94,75.83,190.75,0.6906,-1,-1,-1
331,52,0.35,149.15,46.21,140.17,0.3887,-1,-1,-1
331,30,242.01,32.82,182.18,447.18,0.8993,-1,-1,-1
332,93,561.00,106.87,71.98,219.02,0.8694,-1,-1,-1
332,89,3.93,41.38,110.56,338.69,0.9039,-1,-1,-1
332,84,446.39,88.24,95.22,265.07,0.9038,-1,-1,-1
332,81,597.42,149.83,42.29,177.38,0.3682,-1,-1,-1
332,80,412.49,136.72,56.15,197.14,0.6287,-1,-1,-1
332,30,240.24,27.57,185.64,452.09,0.9233,-1,-1,-1
333,93,558.72,109.11,81.18,224.06,0.9063,-1,-1,-1
333,89,0.00,33.98,99.78,351.94,0.9348,-1,-1,-1
333,84,454.85,87.57,87.88,265.76,0.8635,-1,-1,-1
333,80,422.89,131.90,53.17,204.87,0.8676,-1,-1,-1
333,30,243.41,25.26,182.66,454.74,0.9125,-1,-1,-1
334,93,552.52,109.15,87.37,221.55,0.9206,-1,-1,-1
334,89,0.37,24.76,67.63,368.66,0.9037,-1,-1,-1
334,84,461.92,82.26,92.84,273.44,0.9283,-1,-1,-1
334,80,418.47,128.31,60.54,213.59,0.7595,-1,-1,-1
334,30,240.28,29.72,181.71,450.28,0.9058,-1,-1,-1
335,98,29.33,122.04,72.19,177.11,0.4815,-1,-1,-1
335,93,548.94,110.59,90.96,220.83,0.9177,-1,-1,-1
335,89,0.02,43.06,48.76,354.85,0.8290,-1,-1,-1
335,84,463.60,84.28,91.08,272.28,0.9055,-1,-1,-1
335,80,416.06,132.35,58.85,213.22,0.4062,-1,-1,-1
335,30,240.30,29.24,180.14,450.39,0.9189,-1,-1,-1
336,93,552.93,104.79,86.92,224.59,0.9125,-1,-1,-1
336,84,464.24,78.51,100.39,273.02,0.8987,-1,-1,-1
336,80,409.80,126.93,90.14,221.64,0.6164,-1,-1,-1
336,52,0.00,121.26,40.12,177.69,0.3083,-1,-1,-1
336,30,240.79,23.27,178.15,456.73,0.9174,-1,-1,-1
337,98,28.93,110.86,56.22,174.47,0.8794,-1,-1,-1
337,93,572.46,96.80,67.46,223.83,0.8966,-1,-1,-1
337,84,466.07,69.61,113.72,276.99,0.8848,-1,-1,-1
337,80,410.49,119.69,95.42,228.61,0.8342,-1,-1,-1
337,30,240.53,14.59,182.89,465.41,0.9325,-1,-1,-1
338,93,594.26,96.02,45.74,225.61,0.7994,-1,-1,-1
338,84,466.61,70.06,116.84,285.16,0.8854,-1,-1,-1
338,81,594.28,96.67,45.46,214.41,0.6732,-1,-1,-1
338,80,425.90,116.68,70.63,226.38,0.8314,-1,-1,-1
338,52,0.06,165.75,37.05,125.47,0.6416,-1,-1,-1
338,30,240.59,19.88,187.01,459.73,0.9327,-1,-1,-1
339,98,22.73,112.83,63.74,182.13,0.8485,-1,-1,-1
339,93,594.52,93.58,45.22,227.60,0.6402,-1,-1,-1
339,84,465.33,69.12,118.65,289.29,0.8982,-1,-1,-1
339,81,595.03,93.90,44.97,230.75,0.5993,-1,-1,-1
339,80,431.83,116.27,71.26,220.25,0.7850,-1,-1,-1
339,52,0.00,157.94,26.58,132.20,0.4509,-1,-1,-1
339,30,240.53,16.84,187.32,463.16,0.9313,-1,-1,-1
340,102,188.30,199.51,14.97,38.60,0.5270,-1,-1,-1
340,98,12.80,112.60,95.16,182.17,0.8472,-1,-1,-1
340,94,429.04,110.27,53.51,194.77,0.8170,-1,-1,-1
340,93,603.30,93.60,36.49,231.76,0.7453,-1,-1,-1
340,84,467.50,67.49,130.71,290.08,0.9081,-1,-1,-1
340,81,603.01,104.12,36.74,219.42,0.4267,-1,-1,-1
340,80,459.91,115.08,54.13,213.62,0.5466,-1,-1,-1
340,52,0.16,114.73,22.81,173.70,0.5762,-1,-1,-1
340,30,242.18,12.27,192.21,467.73,0.9222,-1,-1,-1
341,103,229.82,172.98,27.71,84.80,0.7075,-1,-1,-1
341,98,1.95,116.94,112.54,181.94,0.8775,-1,-1,-1
341,94,434.39,109.00,52.85,206.02,0.6322,-1,-1,-1
341,84,495.73,65.16,119.07,295.79,0.8942,-1,-1,-1
341,81,610.33,122.72,29.40,203.57,0.5260,-1,-1,-1
341,80,475.21,119.99,54.53,223.41,0.5512,-1,-1,-1
341,52,0.08,114.85,27.11,175.47,0.6245,-1,-1,-1
341,30,248.76,14.05,188.18,465.95,0.8969,-1,-1,-1
342,103,228.32,170.40,35.90,86.57,0.7810,-1,-1,-1
342,98,0.00,116.93,113.55,181.64,0.9116,-1,-1,-1
342,94,431.91,103.49,66.15,216.62,0.7628,-1,-1,-1
342,84,515.41,57.99,115.26,302.78,0.8667,-1,-1,-1
342,83,486.07,112.69,61.18,237.24,0.4849,-1,-1,-1
342,81,616.93,116.67,22.81,209.43,0.3534,-1,-1,-1
342,80,485.94,111.97,60.11,237.50,0.7212,-1,-1,-1
342,52,0.06,112.91,34.04,176.58,0.7403,-1,-1,-1
342,30,245.48,14.55,201.86,465.45,0.7940,-1,-1,-1
343,103,223.43,173.60,37.42,88.77,0.8264,-1,-1,-1
343,98,24.79,120.16,87.88,174.36,0.8999,-1,-1,-1
343,94,452.35,103.95,58.57,216.72,0.7726,-1,-1,-1
343,84,546.53,58.76,92.92,310.20,0.8918,-1,-1,-1
343,80,496.72,116.73,72.41,239.72,0.7972,-1,-1,-1
343,52,0.13,119.27,52.19,182.49,0.8108,-1,-1,-1
343,30,248.42,17.31,216.57,462.69,0.8950,-1,-1,-1
344,103,219.52,173.57,37.51,90.36,0.8391,-1,-1,-1
344,102,186.52,201.62,15.49,42.30,0.4127,-1,-1,-1
344,98,36.83,119.89,72.78,178.36,0.8448,-1,-1,-1
344,94,464.25,106.04,52.57,221.54,0.3009,-1,-1,-1
344,87,460.85,104.06,54.63,229.56,0.7196,-1,-1,-1
344,84,557.62,58.70,82.30,316.38,0.9022,-1,-1,-1
344,80,500.29,119.98,81.21,239.56,0.3762,-1,-1,-1
344,52,0.00,122.15,53.07,176.14,0.8244,-1,-1,-1
344,30,258.19,14.78,214.54,465.22,0.8722,-1,-1,-1
345,103,208.17,169.20,45.10,94.60,0.7421,-1,-1,-1
345,102,186.31,200.10,15.91,41.69,0.3614,-1,-1,-1
345,98,61.23,116.09,51.27,179.59,0.8398,-1,-1,-1
345,94,465.13,97.85,51.89,235.32,0.5003,-1,-1,-1
345,84,575.33,55.36,64.67,321.94,0.9056,-1,-1,-1
345,80,514.61,116.92,80.34,242.28,0.8932,-1,-1,-1
345,52,0.00,122.65,67.78,169.23,0.8228,-1,-1,-1
345,30,272.90,5.62,215.14,474.38,0.8649,-1,-1,-1
346,103,208.89,176.26,47.45,94.80,0.8147,-1,-1,-1
346,98,72.80,125.02,49.20,179.55,0.8367,-1,-1,-1
346,94,461.31,102.73,57.95,248.13,0.3605,-1,-1,-1
346,84,595.32,58.91,44.68,326.94,0.7963,-1,-1,-1
346,80,543.22,115.19,83.71,253.07,0.7624,-1,-1,-1
346,52,0.39,132.30,77.53,170.57,0.8489,-1,-1,-1
346,30,296.21,7.03,197.39,472.97,0.8570,-1,-1,-1
347,103,213.99,176.17,44.68,96.60,0.8075,-1,-1,-1
347,98,83.85,129.57,63.26,176.66,0.8521,-1,-1,-1
347,94,489.50,96.21,57.79,246.71,0.4877,-1,-1,-1
347,80,570.67,113.63,69.18,264.23,0.8535,-1,-1,-1
347,52,9.66,130.79,75.95,174.63,0.8569,-1,-1,-1
347,30,304.60,1.66,207.31,478.34,0.8645,-1,-1,-1
348,103,214.41,170.62,40.95,100.20,0.7556,-1,-1,-1
348,98,84.54,128.80,78.03,175.00,0.8156,-1,-1,-1
348,80,583.14,106.95,56.80,259.11,0.8729,-1,-1,-1
348,52,26.52,126.38,63.39,172.18,0.4513,-1,-1,-1
348,30,313.35,1.55,204.84,478.45,0.8446,-1,-1,-1
349,103,208.00,170.82,43.21,102.19,0.6339,-1,-1,-1
349,98,85.67,132.39,86.30,171.29,0.7418,-1,-1,-1
349,94,500.89,82.47,91.95,280.09,0.3933,-1,-1,-1
349,80,597.44,112.43,42.56,258.43,0.7578,-1,-1,-1
349,52,26.41,157.60,32.88,118.78,0.5894,-1,-1,-1
349,30,317.53,1.83,209.34,476.51,0.8619,-1,-1,-1
350,104,52.42,130.23,55.32,171.04,0.8673,-1,-1,-1
350,103,203.69,170.11,43.48,104.04,0.7568,-1,-1,-1
350,98,86.14,130.64,84.74,174.44,0.8968,-1,-1,-1
350,94,507.86,76.14,58.17,302.21,0.8270,-1,-1,-1
350,80,607.28,134.53,32.72,240.83,0.4892,-1,-1,-1
350,52,25.83,157.64,36.08,117.72,0.5563,-1,-1,-1
350,30,318.88,1.12,208.24,478.88,0.9057,-1,-1,-1
351,103,198.71,168.60,44.70,103.22,0.7020,-1,-1,-1
351,98,119.39,127.44,52.07,169.75,0.8317,-1,-1,-1
351,94,512.90,63.26,67.04,329.08,0.8445,-1,-1,-1
351,92,565.16,154.42,55.06,103.24,0.4061,-1,-1,-1
351,52,23.41,153.80,41.99,120.32,0.5897,-1,-1,-1
351,30,321.01,0.87,212.59,479.13,0.8719,-1,-1,-1
352,104,53.08,130.66,97.48,165.28,0.9309,-1,-1,-1
352,103,194.10,164.91,46.52,108.13,0.8183,-1,-1,-1
352,98,132.96,125.11,51.04,169.42,0.9075,-1,-1,-1
352,94,510.63,59.88,92.89,347.64,0.7022,-1,-1,-1
352,89,0.00,108.23,48.18,246.65,0.4608,-1,-1,-1
352,52,25.83,151.45,48.05,120.10,0.3604,-1,-1,-1
352,30,324.60,1.09,197.44,476.53,0.8549,-1,-1,-1
353,104,57.75,131.24,92.76,162.14,0.9213,-1,-1,-1
353,103,196.29,160.77,41.18,108.42,0.5980,-1,-1,-1
353,98,143.96,121.03,54.39,171.46,0.3698,-1,-1,-1
353,94,515.21,49.62,105.27,369.65,0.9053,-1,-1,-1
353,89,0.34,86.78,35.12,259.85,0.8044,-1,-1,-1
353,52,27.17,143.18,43.58,125.92,0.3017,-1,-1,-1
353,30,328.79,0.99,205.19,479.01,0.8230,-1,-1,-1
354,106,530.30,56.65,40.73,71.78,0.5170,-1,-1,-1
354,105,151.81,127.20,63.97,170.47,0.7423,-1,-1,-1
354,104,66.01,133.93,87.37,163.58,0.8868,-1,-1,-1
354,103,197.04,164.43,38.24,106.71,0.7099,-1,-1,-1
354,98,150.73,127.24,66.38,169.80,0.4757,-1,-1,-1
354,94,524.79,43.65,114.07,384.51,0.9324,-1,-1,-1
354,89,0.32,87.73,43.63,264.93,0.7866,-1,-1,-1
354,30,330.17,1.10,210.83,477.07,0.8479,-1,-1,-1
355,106,537.30,47.85,48.26,110.21,0.5223,-1,-1,-1
355,104,96.62,134.37,73.79,162.21,0.8309,-1,-1,-1
355,98,152.04,134.62,87.94,167.24,0.8936,-1,-1,-1
355,94,548.87,32.86,91.05,406.84,0.9172,-1,-1,-1
355,89,0.20,73.73,70.76,295.37,0.8681,-1,-1,-1
355,30,327.70,0.43,227.70,476.35,0.7672,-1,-1,-1
356,106,540.01,33.74,52.23,129.71,0.3303,-1,-1,-1
356,105,148.08,130.46,90.89,166.56,0.9016,-1,-1,-1
356,104,113.40,127.91,59.46,163.43,0.8245,-1,-1,-1
356,94,558.68,14.00,81.23,421.67,0.5604,-1,-1,-1
356,89,0.08,41.88,78.17,318.88,0.8885,-1,-1,-1
356,84,559.01,13.89,80.94,425.47,0.5313,-1,-1,-1
356,30,325.29,0.72,236.06,476.06,0.7169,-1,-1,-1
357,105,157.00,127.92,79.22,166.50,0.8959,-1,-1,-1
357,104,125.36,125.88,55.58,163.46,0.8637,-1,-1,-1
357,94,575.12,11.59,64.51,465.60,0.8208,-1,-1,-1
357,89,0.13,39.26,104.22,309.68,0.9326,-1,-1,-1
357,84,535.65,19.13,67.38,360.64,0.6491,-1,-1,-1
357,30,325.08,0.64,235.39,479.36,0.8011,-1,-1,-1
358,106,537.78,21.77,77.24,382.98,0.8948,-1,-1,-1
358,104,127.25,132.58,58.47,161.81,0.8769,-1,-1,-1
358,103,177.17,131.10,57.03,161.37,0.6478,-1,-1,-1
358,94,585.01,64.89,54.85,375.36,0.7657,-1,-1,-1
358,89,0.20,45.17,107.34,307.71,0.9306,-1,-1,-1
358,84,535.55,21.47,79.63,375.15,0.6155,-1,-1,-1
358,30,327.52,0.77,238.19,479.23,0.8429,-1,-1,-1
359,104,116.78,160.02,77.29,157.34,0.8378,-1,-1,-1
359,98,186.93,154.15,46.34,163.97,0.8236,-1,-1,-1
359,89,0.13,79.09,99.04,304.90,0.9122,-1,-1,-1
359,84,531.67,42.25,83.91,389.45,0.9246,-1,-1,-1
359,30,327.61,16.60,234.38,463.40,0.8608,-1,-1,-1
360,106,534.74,41.24,100.27,406.36,0.8917,-1,-1,-1
360,104,117.44,162.20,77.03,164.96,0.5390,-1,-1,-1
360,98,193.50,161.06,42.22,165.44,0.8680,-1,-1,-1
360,89,0.10,85.27,94.24,307.01,0.9256,-1,-1,-1
360,81,613.97,107.96,25.76,209.69,0.3634,-1,-1,-1
360,30,331.35,27.49,231.23,450.72,0.8603,-1,-1,-1
361,106,526.58,19.98,113.39,423.50,0.9126,-1,-1,-1
361,104,114.88,162.01,72.11,157.73,0.8326,-1,-1,-1
361,98,188.36,156.98,47.97,165.70,0.8959,-1,-1,-1
361,89,0.09,74.73,87.14,315.57,0.9278,-1,-1,-1
361,30,335.09,18.38,224.98,460.11,0.8410,-1,-1,-1
362,107,135.09,153.91,48.12,155.62,0.8184,-1,-1,-1
362,106,526.23,0.00,113.77,444.24,0.9106,-1,-1,-1
362,98,181.28,153.76,55.37,162.85,0.9179,-1,-1,-1
362,89,0.30,65.51,89.98,321.96,0.9174,-1,-1,-1
362,30,336.62,12.11,221.54,467.35,0.8221,-1,-1,-1
363,108,97.37,173.97,48.50,135.00,0.8119,-1,-1,-1
363,107,139.39,154.73,47.57,156.08,0.8544,-1,-1,-1
363,106,534.34,0.00,105.66,453.66,0.8805,-1,-1,-1
363,98,179.00,157.32,62.02,161.98,0.8746,-1,-1,-1
363,89,0.14,67.01,98.00,326.34,0.9278,-1,-1,-1
363,30,340.71,12.73,220.45,463.75,0.8928,-1,-1,-1
364,108,93.45,180.05,46.68,137.89,0.8151,-1,-1,-1
364,107,146.55,163.93,47.17,156.89,0.8512,-1,-1,-1
364,106,546.58,2.21,93.31,477.47,0.8183,-1,-1,-1
364,98,182.72,163.62,59.38,164.17,0.8980,-1,-1,-1
364,89,0.02,76.01,104.68,326.94,0.9135,-1,-1,-1
364,30,351.26,18.16,208.89,459.57,0.8488,-1,-1,-1
365,108,85.34,178.49,47.76,132.08,0.4496,-1,-1,-1
365,107,142.82,168.77,53.12,157.36,0.7588,-1,-1,-1
365,106,548.55,37.21,91.40,441.17,0.8422,-1,-1,-1
365,98,191.65,169.27,50.14,159.33,0.8749,-1,-1,-1
365,89,0.10,84.52,103.49,323.18,0.9175,-1,-1,-1
365,30,351.98,21.01,202.89,458.99,0.8909,-1,-1,-1
366,107,129.19,160.21,83.21,153.70,0.7719,-1,-1,-1
366,106,570.62,29.46,69.33,445.96,0.8819,-1,-1,-1
366,98,193.24,155.22,48.64,159.81,0.8855,-1,-1,-1
366,89,0.21,72.03,102.11,320.76,0.9162,-1,-1,-1
366,30,351.27,17.30,199.48,462.70,0.8296,-1,-1,-1
367,107,132.48,151.18,76.00,152.47,0.8189,-1,-1,-1
367,106,595.37,34.93,44.56,444.94,0.3981,-1,-1,-1
367,98,201.33,147.63,49.83,158.01,0.8721,-1,-1,-1
367,89,0.00,63.55,115.85,322.12,0.7563,-1,-1,-1
367,81,601.43,33.72,38.57,261.35,0.6413,-1,-1,-1
367,30,357.28,12.87,203.32,467.13,0.7322,-1,-1,-1
368,107,142.76,154.59,72.30,151.53,0.8754,-1,-1,-1
368,98,212.72,148.77,55.78,158.78,0.8951,-1,-1,-1
368,89,0.00,65.87,122.55,323.15,0.9345,-1,-1,-1
368,30,370.24,14.58,206.28,465.42,0.7987,-1,-1,-1
369,107,161.45,159.43,67.09,153.16,0.8924,-1,-1,-1
369,89,0.00,77.03,135.28,310.11,0.9089,-1,-1,-1
369,30,377.63,14.85,212.72,465.15,0.7801,-1,-1,-1
370,107,176.05,160.40,57.07,150.47,0.8575,-1,-1,-1
370,98,219.38,161.90,69.11,156.42,0.8958,-1,-1,-1
370,89,0.00,76.95,135.42,306.09,0.9231,-1,-1,-1
370,30,403.92,12.62,192.74,467.38,0.7475,-1,-1,-1
371,107,187.17,156.52,50.22,152.42,0.8686,-1,-1,-1
371,98,220.86,160.75,66.89,156.02,0.8743,-1,-1,-1
371,89,0.02,74.53,135.10,308.50,0.9145,-1,-1,-1
371,30,381.83,7.23,228.30,472.77,0.7617,-1,-1,-1
372,107,195.37,158.26,51.17,151.85,0.8632,-1,-1,-1
372,98,231.17,158.85,61.27,155.92,0.8703,-1,-1,-1
372,89,8.03,73.59,132.09,307.92,0.9166,-1,-1,-1
372,30,385.07,0.00,245.47,480.00,0.8324,-1,-1,-1
373,110,183.17,220.48,19.48,46.88,0.5757,-1,-1,-1
373,107,206.07,159.33,54.99,150.48,0.8444,-1,-1,-1
373,98,249.64,156.88,55.55,157.94,0.8751,-1,-1,-1
373,89,21.96,78.99,131.40,307.55,0.8962,-1,-1,-1
373,30,397.23,0.00,242.45,475.71,0.8133,-1,-1,-1
374,112,0.08,105.94,47.99,276.16,0.8160,-1,-1,-1
374,110,186.99,220.79,20.58,49.31,0.6365,-1,-1,-1
374,107,211.70,163.90,61.02,148.33,0.8792,-1,-1,-1
374,98,267.02,157.96,45.10,157.93,0.8898,-1,-1,-1
374,89,26.87,85.12,133.29,310.77,0.9243,-1,-1,-1
374,30,403.31,0.83,236.69,479.17,0.8321,-1,-1,-1
375,112,0.09,102.15,51.24,281.68,0.8638,-1,-1,-1
375,110,188.34,221.36,17.08,46.21,0.3485,-1,-1,-1
375,107,214.93,164.70,59.64,146.63,0.9000,-1,-1,-1
375,98,273.42,157.73,44.98,156.86,0.8855,-1,-1,-1
375,89,29.62,79.30,128.02,319.72,0.9247,-1,-1,-1
375,30,415.01,0.91,224.86,478.34,0.8738,-1,-1,-1
376,112,0.20,99.75,60.43,281.42,0.8657,-1,-1,-1
376,110,187.79,218.40,18.31,47.58,0.4566,-1,-1,-1
376,107,220.43,162.80,56.85,149.17,0.8909,-1,-1,-1
376,98,278.07,159.02,45.26,155.50,0.8772,-1,-1,-1
376,89,34.40,79.60,130.18,312.96,0.9301,-1,-1,-1
376,30,427.90,0.89,212.08,478.89,0.8945,-1,-1,-1
377,113,445.75,192.03,40.82,91.11,0.7345,-1,-1,-1
377,112,0.25,96.81,65.49,289.82,0.8891,-1,-1,-1
377,107,229.20,159.92,48.73,145.97,0.8905,-1,-1,-1
377,98,278.89,160.31,47.81,155.08,0.8693,-1,-1,-1
377,89,35.48,73.44,136.92,315.04,0.9385,-1,-1,-1
377,30,454.07,19.06,185.57,459.64,0.8685,-1,-1,-1
378,113,447.60,192.55,40.40,92.03,0.7997,-1,-1,-1
378,112,0.25,96.34,66.68,291.15,0.8569,-1,-1,-1
378,110,184.75,218.42,20.11,48.08,0.3168,-1,-1,-1
378,107,233.94,159.18,45.36,148.10,0.8755,-1,-1,-1
378,98,281.55,159.91,48.82,155.99,0.8830,-1,-1,-1
378,89,44.16,72.07,131.05,306.42,0.9364,-1,-1,-1
378,30,479.63,27.00,160.05,450.50,0.7875,-1,-1,-1
379,113,446.91,191.02,41.70,90.00,0.7941,-1,-1,-1
379,108,0.26,95.41,55.34,276.56,0.8434,-1,-1,-1
379,107,237.87,158.21,43.98,148.01,0.8248,-1,-1,-1
379,98,288.02,156.30,47.43,153.19,0.8755,-1,-1,-1
379,89,44.78,69.79,129.45,311.88,0.9376,-1,-1,-1
379,30,504.32,42.24,135.67,434.86,0.8452,-1,-1,-1
380,113,444.38,192.82,41.53,91.99,0.8083,-1,-1,-1
380,108,0.28,100.37,55.34,279.39,0.8442,-1,-1,-1
380,107,238.32,161.07,54.67,148.57,0.8339,-1,-1,-1
380,98,291.92,158.14,45.74,155.60,0.9043,-1,-1,-1
380,89,41.03,72.17,129.48,318.03,0.9393,-1,-1,-1
380,30,530.71,55.47,109.17,422.33,0.8468,-1,-1,-1
381,114,509.10,164.66,65.63,169.04,0.8766,-1,-1,-1
381,113,442.83,195.85,42.22,91.71,0.6720,-1,-1,-1
381,111,172.12,219.11,21.91,53.38,0.3143,-1,-1,-1
381,108,0.22,111.91,49.34,271.90,0.8230,-1,-1,-1
381,107,234.18,169.53,60.81,144.22,0.8505,-1,-1,-1
381,98,293.05,161.25,46.39,156.49,0.8927,-1,-1,-1
381,89,37.61,75.71,126.86,324.49,0.9348,-1,-1,-1
381,30,551.62,78.33,88.29,400.48,0.8750,-1,-1,-1
382,114,508.99,164.38,77.20,172.11,0.7996,-1,-1,-1
382,113,446.74,194.97,39.40,90.39,0.6306,-1,-1,-1
382,108,0.06,128.36,39.46,205.70,0.7189,-1,-1,-1
382,107,230.80,169.40,59.98,144.68,0.8566,-1,-1,-1
382,98,292.27,159.88,51.94,156.27,0.8916,-1,-1,-1
382,89,32.47,75.89,124.64,330.85,0.9223,-1,-1,-1
382,30,574.46,119.13,65.46,358.23,0.8527,-1,-1,-1
383,114,503.72,163.47,88.93,179.38,0.8966,-1,-1,-1
383,113,449.13,199.26,31.20,87.74,0.6157,-1,-1,-1
383,108,0.13,133.08,38.94,201.46,0.5844,-1,-1,-1
383,107,227.90,171.47,59.09,145.34,0.8826,-1,-1,-1
383,106,592.50,232.66,47.38,246.08,0.6917,-1,-1,-1
383,98,289.63,162.79,58.93,158.30,0.9127,-1,-1,-1
383,89,20.88,75.58,126.54,338.57,0.9189,-1,-1,-1
384,114,509.15,153.06,82.65,188.18,0.8817,-1,-1,-1
384,113,432.68,195.96,44.08,87.94,0.5783,-1,-1,-1
384,109,0.08,178.12,23.44,141.19,0.5730,-1,-1,-1
384,107,229.71,166.42,58.74,144.64,0.8908,-1,-1,-1
384,98,283.58,162.31,56.37,156.68,0.9242,-1,-1,-1
384,89,5.33,71.30,127.12,337.03,0.9252,-1,-1,-1
385,114,512.40,147.89,78.78,193.39,0.8761,-1,-1,-1
385,113,432.00,193.81,43.07,86.84,0.7518,-1,-1,-1
385,107,235.48,162.51,51.72,146.30,0.8780,-1,-1,-1
385,98,282.66,160.75,55.74,156.73,0.8633,-1,-1,-1
385,89,0.15,66.44,126.55,332.07,0.9332,-1,-1,-1
386,114,523.39,143.52,58.81,204.94,0.7544,-1,-1,-1
386,113,428.22,191.00,43.51,87.71,0.7804,-1,-1,-1
386,107,238.66,159.20,50.25,150.00,0.8620,-1,-1,-1
386,98,284.82,157.68,53.35,157.40,0.9243,-1,-1,-1
386,89,0.00,62.33,121.37,337.66,0.9259,-1,-1,-1
387,114,523.19,136.82,68.84,221.78,0.9010,-1,-1,-1
387,113,421.46,190.37,42.14,88.01,0.7774,-1,-1,-1
387,107,234.89,158.03,54.63,150.69,0.8926,-1,-1,-1
387,98,288.49,153.72,46.80,157.93,0.8847,-1,-1,-1
387,89,0.12,57.63,117.97,351.62,0.9350,-1,-1,-1
388,116,382.16,219.93,12.63,31.40,0.3941,-1,-1,-1
388,114,521.64,135.64,70.24,230.69,0.8849,-1,-1,-1
388,113,417.44,190.99,40.56,88.93,0.5650,-1,-1,-1
388,107,234.11,163.07,52.45,148.35,0.8967,-1,-1,-1
388,98,288.46,155.62,44.75,159.63,0.8622,-1,-1,-1
388,89,0.18,57.26,111.35,359.31,0.9170,-1,-1,-1
389,114,522.99,136.07,73.30,244.47,0.9070,-1,-1,-1
389,113,417.71,196.99,33.75,87.93,0.4985,-1,-1,-1
389,107,228.39,172.11,53.20,145.12,0.9206,-1,-1,-1
389,98,284.21,163.41,44.60,158.84,0.8436,-1,-1,-1
389,89,0.13,59.55,106.01,360.00,0.9208,-1,-1,-1
390,114,518.98,125.15,76.27,254.00,0.9000,-1,-1,-1
390,113,403.51,194.66,39.52,85.56,0.7894,-1,-1,-1
390,107,222.50,166.99,52.99,149.95,0.9070,-1,-1,-1
390,98,275.90,162.58,51.66,152.84,0.8818,-1,-1,-1
390,89,0.24,59.44,95.11,339.29,0.9089,-1,-1,-1
391,114,505.50,114.27,99.25,266.70,0.9146,-1,-1,-1
391,113,396.07,191.61,35.53,84.76,0.7787,-1,-1,-1
391,107,215.67,163.74,49.45,146.25,0.9027,-1,-1,-1
391,98,267.96,162.78,48.97,154.02,0.8310,-1,-1,-1
391,89,0.26,93.65,78.31,312.23,0.8872,-1,-1,-1
392,114,498.72,107.34,120.98,275.95,0.9081,-1,-1,-1
392,113,388.47,192.19,37.07,79.18,0.8214,-1,-1,-1
392,107,213.21,160.86,48.38,147.25,0.9006,-1,-1,-1
392,98,264.00,157.53,50.91,157.77,0.8358,-1,-1,-1
392,89,0.23,96.38,64.29,314.02,0.8234,-1,-1,-1
393,120,364.82,219.12,13.05,33.47,0.3147,-1,-1,-1
393,114,489.86,106.78,150.12,302.76,0.9313,-1,-1,-1
393,113,382.84,196.52,36.90,82.95,0.7999,-1,-1,-1
393,107,209.72,163.30,46.13,150.36,0.8714,-1,-1,-1
393,98,258.94,163.05,53.07,154.01,0.8759,-1,-1,-1
393,89,0.24,103.43,51.95,312.16,0.7977,-1,-1,-1
394,123,342.62,221.08,12.13,33.41,0.4415,-1,-1,-1
394,114,492.44,103.29,147.56,313.53,0.9361,-1,-1,-1
394,113,383.01,195.51,37.79,83.73,0.7929,-1,-1,-1
394,107,211.53,165.51,46.82,149.39,0.8546,-1,-1,-1
394,98,260.13,161.74,51.97,154.84,0.8570,-1,-1,-1
394,89,0.30,104.24,66.36,315.82,0.7475,-1,-1,-1
395,114,487.71,93.84,152.29,337.60,0.9440,-1,-1,-1
395,113,377.86,192.08,37.25,84.74,0.8236,-1,-1,-1
395,109,0.16,103.08,37.51,226.40,0.6418,-1,-1,-1
395,107,207.66,161.27,53.10,150.56,0.8926,-1,-1,-1
395,98,255.60,159.57,50.65,153.73,0.8943,-1,-1,-1
396,114,488.28,87.20,151.72,363.48,0.9455,-1,-1,-1
396,113,373.18,196.84,35.74,82.53,0.8043,-1,-1,-1
396,109,0.04,109.58,26.13,222.08,0.6468,-1,-1,-1
396,107,202.99,165.44,56.76,149.87,0.9153,-1,-1,-1
396,98,253.18,160.65,48.88,156.02,0.8810,-1,-1,-1
397,124,326.61,217.40,12.93,39.38,0.3723,-1,-1,-1
397,114,493.14,75.79,146.77,388.53,0.9414,-1,-1,-1
397,113,371.00,199.17,33.53,83.06,0.5829,-1,-1,-1
397,107,198.63,169.57,55.95,147.04,0.9175,-1,-1,-1
397,98,253.68,166.32,48.09,154.53,0.9010,-1,-1,-1
398,124,323.97,219.41,13.87,38.52,0.5747,-1,-1,-1
398,114,511.82,60.42,128.18,411.46,0.9061,-1,-1,-1
398,113,369.59,202.33,33.07,80.44,0.5384,-1,-1,-1
398,107,199.02,172.13,52.38,147.23,0.9167,-1,-1,-1
398,98,253.46,169.31,47.25,154.45,0.8948,-1,-1,-1
399,124,322.24,219.78,14.16,35.58,0.4207,-1,-1,-1
399,114,522.71,38.99,117.29,439.56,0.9007,-1,-1,-1
399,113,368.28,196.44,36.01,83.56,0.6908,-1,-1,-1
399,107,200.57,168.99,51.24,147.46,0.8727,-1,-1,-1
399,98,252.57,166.24,49.57,155.06,0.8891,-1,-1,-1
400,124,316.16,218.37,13.71,35.21,0.4814,-1,-1,-1
400,114,539.66,23.45,100.26,455.56,0.8938,-1,-1,-1
400,113,364.21,194.24,33.70,84.75,0.7751,-1,-1,-1
400,107,205.92,164.75,44.24,147.60,0.8835,-1,-1,-1
400,98,250.53,164.27,49.74,152.39,0.9014,-1,-1,-1
401,114,564.21,27.45,75.74,452.55,0.8903,-1,-1,-1
401,113,359.50,198.55,32.81,81.49,0.5825,-1,-1,-1
401,107,199.69,164.10,52.05,147.40,0.9002,-1,-1,-1
401,98,248.12,163.95,49.67,150.90,0.8911,-1,-1,-1
402,114,582.95,82.22,56.96,397.78,0.8565,-1,-1,-1
402,113,352.79,200.24,34.96,76.34,0.3250,-1,-1,-1
402,107,196.46,161.13,50.34,147.62,0.9068,-1,-1,-1
402,98,245.92,160.40,45.92,151.32,0.9008,-1,-1,-1
403,114,598.85,103.57,41.03,375.15,0.3711,-1,-1,-1
403,113,352.14,193.56,34.40,85.13,0.5199,-1,-1,-1
403,107,196.59,165.93,50.40,147.65,0.9077,-1,-1,-1
403,98,244.24,167.02,50.75,148.25,0.8909,-1,-1,-1
404,113,350.66,193.79,34.57,81.94,0.6126,-1,-1,-1
404,107,196.98,167.99,49.31,145.24,0.8998,-1,-1,-1
404,98,243.32,167.34,52.81,148.64,0.8465,-1,-1,-1
405,113,348.49,192.60,31.38,79.95,0.7008,-1,-1,-1
405,107,194.58,167.79,52.35,143.45,0.9046,-1,-1,-1
405,98,243.53,164.91,52.67,148.33,0.8636,-1,-1,-1
406,113,347.39,191.55,32.78,81.87,0.7833,-1,-1,-1
406,107,194.55,166.20,52.10,140.72,0.9033,-1,-1,-1
406,98,243.87,164.73,49.37,144.64,0.8701,-1,-1,-1
407,113,347.06,192.19,31.68,79.00,0.7736,-1,-1,-1
407,107,195.11,159.62,51.43,143.27,0.9003,-1,-1,-1
407,98,248.91,160.51,46.76,143.78,0.8469,-1,-1,-1
408,113,345.82,191.07,32.30,78.39,0.8439,-1,-1,-1
408,107,197.01,155.36,47.43,146.71,0.8678,-1,-1,-1
408,98,249.70,159.67,46.20,143.91,0.8707,-1,-1,-1
409,113,345.12,187.99,33.61,80.11,0.8372,-1,-1,-1
409,107,196.11,155.94,45.80,146.00,0.8889,-1,-1,-1
409,98,248.84,157.35,46.20,145.09,0.8736,-1,-1,-1
410,113,339.32,184.46,35.13,81.06,0.6565,-1,-1,-1
410,107,191.27,157.65,49.40,143.56,0.8788,-1,-1,-1
410,98,246.77,157.06,46.91,145.85,0.8959,-1,-1,-1
411,113,335.20,189.29,33.93,75.31,0.4551,-1,-1,-1
411,107,182.76,159.02,53.09,140.74,0.9005,-1,-1,-1
411,98,242.62,158.44,45.31,145.25,0.8771,-1,-1,-1
412,113,327.97,189.05,33.54,78.01,0.7420,-1,-1,-1
412,107,183.72,162.74,44.33,140.79,0.8920,-1,-1,-1
412,98,238.29,162.43,46.03,142.59,0.8457,-1,-1,-1
413,113,325.36,187.32,34.36,77.08,0.6535,-1,-1,-1
413,107,182.73,162.37,45.40,140.50,0.8731,-1,-1,-1
413,98,235.68,159.64,48.48,142.91,0.8360,-1,-1,-1
414,114,565.76,132.32,74.15,298.73,0.3264,-1,-1,-1
414,113,317.70,188.39,36.90,77.29,0.6934,-1,-1,-1
414,107,179.02,160.83,47.87,140.60,0.8826,-1,-1,-1
414,106,565.79,187.14,74.11,243.70,0.5572,-1,-1,-1
414,98,233.35,162.48,47.22,140.04,0.8481,-1,-1,-1
415,114,546.90,132.69,92.99,283.94,0.8630,-1,-1,-1
415,113,313.03,192.79,31.91,72.93,0.6141,-1,-1,-1
415,107,173.21,160.03,48.40,140.40,0.8863,-1,-1,-1
415,98,227.10,159.39,46.49,141.24,0.8497,-1,-1,-1
416,114,543.86,92.59,96.04,335.35,0.9102,-1,-1,-1
416,113,305.51,193.49,30.47,75.81,0.4102,-1,-1,-1
416,107,169.85,161.71,50.75,140.68,0.8864,-1,-1,-1
416,98,221.68,164.86,45.87,138.86,0.8490,-1,-1,-1
417,114,544.41,43.60,95.48,392.54,0.8778,-1,-1,-1
417,113,300.41,193.02,32.33,78.20,0.7914,-1,-1,-1
417,107,168.15,164.07,49.66,141.56,0.9086,-1,-1,-1
417,98,218.51,169.67,43.11,137.44,0.8377,-1,-1,-1
418,114,543.51,29.81,96.39,406.34,0.9088,-1,-1,-1
418,113,296.74,194.38,31.52,72.15,0.6935,-1,-1,-1
418,107,166.24,164.88,48.50,137.22,0.9027,-1,-1,-1
418,98,210.52,167.40,51.82,136.22,0.8696,-1,-1,-1
419,114,525.66,26.27,114.19,411.66,0.9135,-1,-1,-1
419,113,294.54,191.99,31.67,75.47,0.8316,-1,-1,-1
419,107,163.97,167.67,50.16,135.47,0.9022,-1,-1,-1
419,98,209.50,169.49,50.20,134.35,0.8565,-1,-1,-1
420,114,493.69,22.31,146.31,420.73,0.9470,-1,-1,-1
420,113,288.67,193.58,32.20,70.64,0.8336,-1,-1,-1
420,107,160.54,166.86,48.98,135.65,0.8867,-1,-1,-1
420,98,208.64,169.43,44.70,132.19,0.8584,-1,-1,-1
421,114,471.89,28.30,167.90,419.18,0.9501,-1,-1,-1
421,113,280.80,191.21,32.25,74.62,0.8597,-1,-1,-1
421,107,153.59,167.02,47.91,129.49,0.8784,-1,-1,-1
421,98,203.39,169.16,42.68,127.85,0.8224,-1,-1,-1
422,114,463.80,31.34,175.86,418.49,0.9469,-1,-1,-1
422,113,277.54,189.82,31.32,74.59,0.8209,-1,-1,-1
422,107,151.34,164.16,46.73,130.99,0.8939,-1,-1,-1
422,98,199.17,164.04,43.38,132.09,0.8556,-1,-1,-1
423,114,456.34,36.43,175.82,415.05,0.9432,-1,-1,-1
423,113,271.84,189.92,31.40,71.93,0.6797,-1,-1,-1
423,107,146.42,158.70,46.98,135.62,0.8880,-1,-1,-1
423,98,195.41,159.31,42.45,132.78,0.8593,-1,-1,-1
424,114,442.68,44.39,180.59,410.00,0.9237,-1,-1,-1
424,113,266.56,187.33,29.94,75.30,0.7877,-1,-1,-1
424,107,141.83,159.35,45.50,135.73,0.8697,-1,-1,-1
424,98,193.16,161.34,40.60,131.95,0.8602,-1,-1,-1
425,114,428.02,46.47,182.83,400.71,0.9386,-1,-1,-1
425,113,259.47,185.49,29.99,73.82,0.7962,-1,-1,-1
425,107,135.01,160.81,46.69,131.73,0.8757,-1,-1,-1
425,98,185.86,159.63,41.33,132.67,0.8581,-1,-1,-1
426,114,418.77,46.54,187.23,399.51,0.9269,-1,-1,-1
426,113,254.55,183.51,28.61,73.68,0.7398,-1,-1,-1
426,107,130.38,158.72,49.39,132.27,0.8345,-1,-1,-1
426,98,183.04,159.95,39.13,130.63,0.8592,-1,-1,-1
427,114,410.55,45.65,156.64,394.11,0.9295,-1,-1,-1
427,113,248.96,178.07,27.89,76.46,0.8288,-1,-1,-1
427,107,124.64,158.31,49.78,129.39,0.8504,-1,-1,-1
427,106,588.02,73.19,51.98,303.73,0.6061,-1,-1,-1
427,98,177.26,156.83,44.03,130.69,0.8415,-1,-1,-1
428,114,406.58,42.39,131.35,376.95,0.9236,-1,-1,-1
428,113,240.90,179.50,29.47,73.77,0.7672,-1,-1,-1
428,107,118.95,157.44,52.19,128.83,0.8815,-1,-1,-1
428,106,559.42,0.47,80.52,475.47,0.8763,-1,-1,-1
428,98,174.12,152.34,42.82,130.29,0.8648,-1,-1,-1
429,114,400.43,44.97,114.35,355.91,0.9404,-1,-1,-1
429,113,235.04,179.09,28.11,74.86,0.8243,-1,-1,-1
429,107,116.15,156.09,49.47,127.89,0.8885,-1,-1,-1
429,106,471.46,1.24,168.54,477.88,0.8412,-1,-1,-1
429,98,171.01,152.53,43.08,129.46,0.8590,-1,-1,-1
430,114,367.23,50.15,129.14,350.50,0.9189,-1,-1,-1
430,113,229.14,181.89,26.96,71.80,0.6782,-1,-1,-1
430,107,111.79,154.11,50.31,127.46,0.8733,-1,-1,-1
430,106,398.48,0.00,241.19,479.19,0.8955,-1,-1,-1
430,98,165.30,154.61,42.63,127.21,0.8312,-1,-1,-1
431,130,0.13,185.68,43.03,150.31,0.7318,-1,-1,-1
431,114,345.95,51.83,139.50,345.59,0.9180,-1,-1,-1
431,113,223.33,178.56,30.36,72.61,0.8259,-1,-1,-1
431,107,108.67,151.28,51.15,127.94,0.8543,-1,-1,-1
431,106,383.96,0.00,255.59,480.00,0.8984,-1,-1,-1
431,98,163.20,154.29,44.47,125.17,0.8565,-1,-1,-1
432,130,0.19,117.60,62.62,210.15,0.6884,-1,-1,-1
432,114,337.32,54.87,124.09,314.97,0.8982,-1,-1,-1
432,113,221.49,173.84,29.84,77.13,0.8489,-1,-1,-1
432,107,108.16,151.26,51.18,126.72,0.8630,-1,-1,-1
432,106,419.69,0.42,220.31,479.14,0.9196,-1,-1,-1
432,98,161.43,155.51,40.98,123.19,0.7884,-1,-1,-1
433,130,0.00,99.25,71.28,260.94,0.6338,-1,-1,-1
433,114,336.37,56.75,104.39,315.24,0.8719,-1,-1,-1
433,113,218.44,176.20,30.16,74.41,0.8657,-1,-1,-1
433,107,106.13,154.09,50.86,124.97,0.8839,-1,-1,-1
433,106,412.01,0.00,227.99,478.84,0.9269,-1,-1,-1
433,98,156.84,154.31,42.49,124.44,0.8084,-1,-1,-1
434,130,0.04,60.10,76.75,301.96,0.5886,-1,-1,-1
434,114,329.91,57.89,87.52,316.03,0.8438,-1,-1,-1
434,113,212.06,173.26,31.37,76.91,0.8464,-1,-1,-1
434,107,99.66,156.69,50.43,122.21,0.9069,-1,-1,-1
434,106,384.56,0.27,183.65,479.73,0.8524,-1,-1,-1
434,98,155.24,154.63,41.18,122.52,0.8604,-1,-1,-1
435,132,594.94,110.50,44.98,284.28,0.5362,-1,-1,-1
435,130,0.00,58.47,77.26,302.86,0.5227,-1,-1,-1
435,114,313.44,98.15,68.00,275.74,0.4330,-1,-1,-1
435,113,209.74,176.74,30.09,72.61,0.7656,-1,-1,-1
435,107,96.96,153.44,51.08,124.36,0.8728,-1,-1,-1
435,106,347.00,0.23,170.22,479.77,0.8801,-1,-1,-1
435,98,151.08,152.90,41.97,118.98,0.8264,-1,-1,-1
436,132,579.18,104.06,60.73,292.52,0.7024,-1,-1,-1
436,113,205.31,173.68,28.84,73.11,0.7224,-1,-1,-1
436,107,91.66,150.73,47.90,123.84,0.8576,-1,-1,-1
436,106,299.70,0.61,188.83,479.39,0.9250,-1,-1,-1
436,98,149.26,147.75,41.62,121.93,0.8596,-1,-1,-1
437,131,602.04,88.75,37.96,310.99,0.7466,-1,-1,-1
437,130,0.00,66.07,75.81,270.54,0.3238,-1,-1,-1
437,113,203.73,171.36,28.71,75.92,0.7888,-1,-1,-1
437,107,88.94,149.60,47.17,121.57,0.8813,-1,-1,-1
437,106,246.14,1.71,229.37,475.99,0.9420,-1,-1,-1
437,98,148.29,149.88,41.91,120.78,0.8192,-1,-1,-1
438,131,551.05,71.66,88.90,330.43,0.8893,-1,-1,-1
438,130,0.07,74.38,74.92,269.35,0.5985,-1,-1,-1
438,113,202.21,168.50,26.03,78.31,0.7340,-1,-1,-1
438,107,84.21,152.20,47.62,118.68,0.8976,-1,-1,-1
438,106,197.93,0.00,277.84,479.88,0.9458,-1,-1,-1
438,98,145.78,149.35,41.96,120.92,0.8303,-1,-1,-1
439,135,385.09,135.85,49.89,178.78,0.6833,-1,-1,-1
439,131,529.10,76.20,110.80,326.79,0.9208,-1,-1,-1
439,130,0.00,75.22,70.97,297.91,0.3304,-1,-1,-1
439,107,82.41,147.84,46.48,122.16,0.8806,-1,-1,-1
439,106,180.93,1.35,257.86,478.65,0.8914,-1,-1,-1
439,98,143.20,148.98,37.74,119.75,0.8692,-1,-1,-1
440,135,375.13,136.81,51.88,178.04,0.7534,-1,-1,-1
440,133,309.65,59.06,80.36,204.08,0.7635,-1,-1,-1
440,131,522.04,78.12,117.96,331.11,0.9244,-1,-1,-1
440,130,0.21,55.54,69.88,349.79,0.6947,-1,-1,-1
440,107,78.99,145.80,44.59,93.56,0.3560,-1,-1,-1
440,106,85.39,1.37,345.82,477.86,0.8998,-1,-1,-1
441,135,369.91,137.11,51.81,178.92,0.7547,-1,-1,-1
441,131,525.85,78.84,114.15,335.23,0.9142,-1,-1,-1
441,114,277.70,65.28,112.30,334.30,0.8507,-1,-1,-1
441,106,0.62,0.60,288.58,479.10,0.8837,-1,-1,-1
442,135,367.32,136.64,51.19,174.33,0.6737,-1,-1,-1
442,131,534.42,77.88,96.82,320.33,0.9135,-1,-1,-1
442,114,258.10,66.82,126.24,331.41,0.9129,-1,-1,-1
442,106,0.46,0.71,247.66,479.29,0.5016,-1,-1,-1
443,135,365.71,133.23,45.53,180.20,0.5384,-1,-1,-1
443,132,579.75,80.55,60.08,283.10,0.3368,-1,-1,-1
443,131,521.73,75.61,100.00,310.44,0.8071,-1,-1,-1
443,114,255.21,62.62,123.18,333.01,0.9047,-1,-1,-1
443,106,0.65,0.87,205.39,479.13,0.6844,-1,-1,-1
444,138,580.20,83.80,59.33,310.90,0.3191,-1,-1,-1
444,135,358.45,135.68,48.34,179.20,0.6961,-1,-1,-1
444,132,550.94,84.10,89.06,312.45,0.7141,-1,-1,-1
444,131,497.17,80.06,111.09,306.04,0.6739,-1,-1,-1
444,114,250.16,64.12,120.96,324.17,0.9226,-1,-1,-1
444,113,187.28,178.59,29.86,69.98,0.8414,-1,-1,-1
444,98,145.65,155.16,35.55,118.42,0.8276,-1,-1,-1
445,138,590.88,87.75,48.85,262.34,0.7428,-1,-1,-1
445,135,356.91,138.68,51.57,177.97,0.8915,-1,-1,-1
445,132,533.21,83.43,79.25,317.78,0.3297,-1,-1,-1
445,131,519.74,82.86,92.71,317.14,0.4447,-1,-1,-1
445,114,249.84,61.69,115.44,318.71,0.9282,-1,-1,-1
445,113,189.25,179.01,30.02,71.09,0.7877,-1,-1,-1
445,107,99.46,154.64,34.27,121.24,0.8331,-1,-1,-1
445,98,143.31,156.70,38.89,116.61,0.8342,-1,-1,-1
446,138,582.45,75.37,57.54,292.78,0.8571,-1,-1,-1
446,135,343.77,140.20,62.35,178.57,0.8153,-1,-1,-1
446,131,463.79,83.15,160.90,314.95,0.9009,-1,-1,-1
446,130,0.28,3.49,99.79,290.16,0.7627,-1,-1,-1
446,114,247.76,58.88,108.89,322.09,0.9272,-1,-1,-1
446,113,193.44,177.58,29.18,71.83,0.7359,-1,-1,-1
446,107,94.72,153.43,45.26,117.66,0.8715,-1,-1,-1
446,98,146.83,157.39,41.06,114.85,0.8168,-1,-1,-1
447,138,575.36,80.37,64.63,292.44,0.8505,-1,-1,-1
447,135,341.01,143.69,65.77,178.42,0.8531,-1,-1,-1
447,131,470.27,86.00,159.58,316.35,0.8715,-1,-1,-1
447,130,0.22,0.46,103.37,316.65,0.7813,-1,-1,-1
447,114,238.92,61.17,112.00,327.75,0.9320,-1,-1,-1
447,113,193.90,181.41,30.43,70.17,0.6664,-1,-1,-1
447,107,97.00,155.49,47.89,118.55,0.8205,-1,-1,-1
447,98,147.39,160.69,42.60,114.04,0.7871,-1,-1,-1
448,138,575.32,82.43,64.60,295.84,0.7908,-1,-1,-1
448,135,342.57,142.61,62.77,178.59,0.8501,-1,-1,-1
448,131,473.63,84.02,128.50,312.03,0.8909,-1,-1,-1
448,130,0.15,0.00,106.67,480.00,0.9084,-1,-1,-1
448,114,236.80,60.57,108.04,330.98,0.9268,-1,-1,-1
448,113,193.09,181.08,32.61,68.78,0.6660,-1,-1,-1
448,107,98.52,152.24,47.84,117.53,0.7392,-1,-1,-1
448,98,147.83,156.93,41.81,113.94,0.8265,-1,-1,-1
449,138,555.39,87.85,84.61,295.05,0.6037,-1,-1,-1
449,135,345.11,142.91,60.29,177.67,0.8436,-1,-1,-1
449,131,485.11,84.07,97.33,305.31,0.6478,-1,-1,-1
449,130,0.12,0.00,111.80,478.09,0.7585,-1,-1,-1
449,114,240.97,64.37,101.72,333.64,0.9275,-1,-1,-1
449,113,196.98,182.54,32.79,69.63,0.7088,-1,-1,-1
449,107,103.38,158.29,46.26,113.07,0.8584,-1,-1,-1
449,98,150.47,158.43,37.79,112.86,0.8534,-1,-1,-1
450,138,576.12,85.77,63.81,260.27,0.6947,-1,-1,-1
450,135,355.01,140.40,56.65,175.83,0.8655,-1,-1,-1
450,132,499.03,82.44,99.28,314.78,0.8659,-1,-1,-1
450,130,0.05,0.00,122.10,478.65,0.9073,-1,-1,-1
450,114,243.15,66.38,101.42,330.16,0.9260,-1,-1,-1
450,113,205.51,182.42,31.84,70.43,0.7699,-1,-1,-1
450,107,114.18,158.96,45.09,113.56,0.8447,-1,-1,-1
450,98,160.02,158.23,37.62,112.27,0.8721,-1,-1,-1
451,138,561.93,87.66,78.02,277.13,0.7741,-1,-1,-1
451,135,358.26,140.78,57.05,177.52,0.7951,-1,-1,-1
451,132,489.38,85.36,112.12,317.36,0.8912,-1,-1,-1
451,130,0.01,3.84,130.48,474.47,0.9357,-1,-1,-1
451,114,234.53,65.90,115.30,332.20,0.9232,-1,-1,-1
451,113,209.63,183.67,30.13,69.25,0.6258,-1,-1,-1
451,107,121.54,160.02,42.81,113.73,0.8550,-1,-1,-1
451,98,165.67,160.77,39.12,111.92,0.8470,-1,-1,-1
452,138,579.09,85.34,60.86,274.48,0.7251,-1,-1,-1
452,135,358.59,138.17,61.70,181.58,0.7429,-1,-1,-1
452,132,477.34,87.16,134.34,321.19,0.8924,-1,-1,-1
452,130,0.00,5.44,137.71,472.33,0.9430,-1,-1,-1
452,114,224.70,60.27,124.31,327.00,0.9311,-1,-1,-1
452,107,130.85,158.71,43.19,112.50,0.8337,-1,-1,-1
452,98,174.76,160.80,36.70,113.05,0.8736,-1,-1,-1
453,138,581.78,78.50,58.12,298.52,0.7849,-1,-1,-1
453,135,361.04,138.09,71.17,181.41,0.8079,-1,-1,-1
453,132,485.97,83.10,129.24,326.54,0.9066,-1,-1,-1
453,130,0.00,3.03,149.33,473.04,0.8641,-1,-1,-1
453,114,233.15,54.56,123.88,329.02,0.9196,-1,-1,-1
453,107,139.00,156.79,41.13,111.06,0.8497,-1,-1,-1
453,98,182.68,160.24,34.75,111.05,0.8424,-1,-1,-1
454,138,590.12,81.92,49.58,306.74,0.8148,-1,-1,-1
454,135,370.94,143.56,72.09,182.27,0.8464,-1,-1,-1
454,132,503.40,85.49,116.39,328.71,0.9207,-1,-1,-1
454,130,0.02,4.02,159.77,472.90,0.9311,-1,-1,-1
454,114,243.01,58.77,124.91,334.19,0.9208,-1,-1,-1
454,107,150.55,159.21,38.81,114.91,0.8379,-1,-1,-1
454,98,192.30,164.04,35.78,112.25,0.8681,-1,-1,-1
455,138,569.07,79.73,70.83,310.44,0.7864,-1,-1,-1
455,135,378.02,139.15,70.03,184.35,0.8666,-1,-1,-1
455,132,504.74,78.00,104.91,317.59,0.9148,-1,-1,-1
455,130,0.23,0.00,171.19,478.19,0.9124,-1,-1,-1
455,114,255.32,58.29,119.54,341.42,0.9307,-1,-1,-1
455,107,159.70,159.89,37.43,109.58,0.8373,-1,-1,-1
455,98,197.45,161.54,39.83,110.52,0.8310,-1,-1,-1
456,138,584.90,84.03,54.71,290.43,0.7974,-1,-1,-1
456,135,381.07,139.67,68.03,187.42,0.8052,-1,-1,-1
456,132,503.50,80.17,103.77,318.65,0.9108,-1,-1,-1
456,130,0.11,0.65,180.12,474.83,0.9066,-1,-1,-1
456,114,260.24,61.79,118.46,342.15,0.9319,-1,-1,-1
456,107,168.35,162.11,32.89,107.11,0.7827,-1,-1,-1
456,98,205.24,161.03,38.36,111.99,0.8767,-1,-1,-1
457,138,601.68,87.52,38.10,296.61,0.7245,-1,-1,-1
457,135,388.98,140.65,63.60,185.27,0.7712,-1,-1,-1
457,132,481.11,86.09,131.35,328.65,0.9097,-1,-1,-1
457,130,2.11,6.10,191.64,466.95,0.9113,-1,-1,-1
457,114,266.52,65.47,121.30,349.98,0.9255,-1,-1,-1
457,107,178.08,165.98,34.60,106.23,0.7954,-1,-1,-1
457,98,213.70,163.68,36.89,111.09,0.8303,-1,-1,-1
458,138,607.00,79.84,32.81,305.18,0.7240,-1,-1,-1
458,135,393.61,136.78,59.86,185.56,0.7412,-1,-1,-1
458,132,475.24,85.79,149.64,330.04,0.9184,-1,-1,-1
458,130,16.22,3.31,189.56,471.71,0.9103,-1,-1,-1
458,114,273.07,62.38,120.89,351.53,0.9309,-1,-1,-1
458,107,188.23,163.22,31.29,105.37,0.6262,-1,-1,-1
458,98,223.87,161.77,34.01,110.14,0.8635,-1,-1,-1
459,138,602.76,85.74,37.11,294.12,0.6537,-1,-1,-1
459,135,401.14,143.70,59.58,189.85,0.6747,-1,-1,-1
459,132,487.96,91.28,151.76,334.24,0.9304,-1,-1,-1
459,130,39.37,4.47,187.16,473.97,0.8782,-1,-1,-1
459,114,274.64,67.85,125.22,356.94,0.9243,-1,-1,-1
459,98,231.40,169.28,32.90,109.36,0.8220,-1,-1,-1
460,138,605.46,80.52,34.36,310.01,0.6600,-1,-1,-1
460,135,399.76,143.82,61.36,189.96,0.7623,-1,-1,-1
460,132,495.28,87.88,143.40,335.98,0.9136,-1,-1,-1
460,130,38.76,2.23,193.63,477.77,0.9173,-1,-1,-1
460,114,273.46,64.52,130.49,354.59,0.9253,-1,-1,-1
460,98,233.24,168.90,32.82,108.82,0.7959,-1,-1,-1
461,138,600.45,78.02,39.38,308.96,0.6952,-1,-1,-1
461,135,405.82,141.58,57.89,194.78,0.7605,-1,-1,-1
461,132,512.61,81.05,102.49,322.03,0.9053,-1,-1,-1
461,130,50.37,0.00,191.04,480.00,0.9018,-1,-1,-1
461,114,277.97,55.37,130.07,344.33,0.9252,-1,-1,-1
461,98,240.93,165.53,31.70,110.29,0.8158,-1,-1,-1
462,138,587.18,81.24,52.44,304.90,0.6502,-1,-1,-1
462,135,403.94,143.41,62.39,194.25,0.8789,-1,-1,-1
462,132,515.13,81.39,101.13,329.36,0.8931,-1,-1,-1
462,130,53.75,0.00,189.36,480.00,0.8869,-1,-1,-1
462,114,280.40,56.30,125.77,345.45,0.9198,-1,-1,-1
462,98,241.18,165.49,37.45,112.05,0.7917,-1,-1,-1
463,138,583.41,88.29,56.30,306.40,0.6123,-1,-1,-1
463,135,408.22,147.46,55.11,195.07,0.6698,-1,-1,-1
463,132,504.21,89.27,123.44,334.56,0.9261,-1,-1,-1
463,130,52.58,3.51,194.73,476.49,0.8828,-1,-1,-1
463,114,281.11,60.10,120.36,352.05,0.9238,-1,-1,-1
463,98,242.48,166.30,34.53,112.26,0.7569,-1,-1,-1
464,141,406.10,145.98,54.14,191.50,0.4030,-1,-1,-1
464,138,589.34,88.16,50.35,306.33,0.7257,-1,-1,-1
464,135,407.28,145.23,55.14,193.14,0.8330,-1,-1,-1
464,132,482.79,90.49,145.03,337.21,0.9328,-1,-1,-1
464,130,49.49,0.00,195.93,480.00,0.9034,-1,-1,-1
464,114,282.81,58.10,111.92,358.49,0.9218,-1,-1,-1
464,98,241.99,170.05,33.15,107.33,0.8172,-1,-1,-1
465,141,407.53,141.98,55.67,189.40,0.7595,-1,-1,-1
465,138,593.07,86.05,46.66,311.69,0.8181,-1,-1,-1
465,135,408.45,143.03,53.26,188.11,0.3654,-1,-1,-1
465,132,476.50,90.54,144.70,336.02,0.9247,-1,-1,-1
465,130,47.50,0.00,196.07,480.00,0.9133,-1,-1,-1
465,114,284.43,55.96,104.44,365.65,0.9227,-1,-1,-1
465,98,240.13,169.26,34.84,106.75,0.8093,-1,-1,-1
466,141,406.07,141.03,56.44,191.33,0.7534,-1,-1,-1
466,138,596.37,84.45,43.63,313.20,0.8547,-1,-1,-1
466,132,481.09,89.40,130.22,340.36,0.9205,-1,-1,-1
466,130,46.82,0.00,196.14,480.00,0.9017,-1,-1,-1
466,114,280.43,57.28,104.58,365.13,0.9266,-1,-1,-1
466,98,241.68,165.53,36.00,111.06,0.7592,-1,-1,-1
467,141,396.99,141.55,68.05,192.86,0.8025,-1,-1,-1
467,138,586.71,82.04,53.26,319.69,0.8984,-1,-1,-1
467,132,483.66,86.93,106.92,326.53,0.9018,-1,-1,-1
467,130,45.86,0.00,199.54,480.00,0.9207,-1,-1,-1
467,114,271.81,58.68,112.24,367.32,0.9337,-1,-1,-1
467,98,242.24,169.53,36.27,106.89,0.7722,-1,-1,-1
468,141,402.81,141.14,62.16,192.78,0.7785,-1,-1,-1
468,138,570.34,82.02,69.63,320.01,0.9043,-1,-1,-1
468,132,469.79,79.69,104.91,324.69,0.9000,-1,-1,-1
468,130,42.69,1.55,200.36,478.31,0.9117,-1,-1,-1
468,114,266.81,51.49,115.48,372.82,0.9274,-1,-1,-1
468,107,238.03,167.60,35.10,105.93,0.6285,-1,-1,-1
469,141,400.76,139.45,61.59,192.52,0.6524,-1,-1,-1
469,138,556.62,84.59,83.30,315.86,0.8785,-1,-1,-1
469,132,439.73,80.86,128.77,329.45,0.8625,-1,-1,-1
469,130,40.39,1.17,204.55,463.82,0.8585,-1,-1,-1
469,114,255.26,43.58,126.49,362.76,0.9268,-1,-1,-1
470,141,399.87,140.43,65.18,186.97,0.5517,-1,-1,-1
470,138,550.59,83.36,89.29,299.44,0.8956,-1,-1,-1
470,132,430.18,87.22,133.03,330.15,0.9083,-1,-1,-1
470,130,40.72,0.68,210.80,479.32,0.8942,-1,-1,-1
470,114,253.00,41.70,134.95,363.75,0.9167,-1,-1,-1
471,138,549.82,78.96,90.06,305.84,0.8488,-1,-1,-1
471,132,435.48,87.27,132.74,330.15,0.8943,-1,-1,-1
471,130,46.14,0.46,212.42,478.96,0.8948,-1,-1,-1
471,114,255.33,39.33,139.81,368.45,0.9174,-1,-1,-1
472,141,398.35,132.78,68.07,193.30,0.6137,-1,-1,-1
472,138,559.48,73.86,80.48,320.03,0.8963,-1,-1,-1
472,132,440.38,83.00,124.57,332.69,0.9019,-1,-1,-1
472,130,51.83,0.92,212.32,476.20,0.9039,-1,-1,-1
472,114,258.85,37.41,138.28,375.97,0.9227,-1,-1,-1
473,141,402.68,130.16,60.23,195.33,0.6618,-1,-1,-1
473,138,571.96,70.96,68.00,324.42,0.9050,-1,-1,-1
473,132,444.40,76.00,110.39,324.98,0.9046,-1,-1,-1
473,130,56.85,1.27,218.45,477.41,0.8873,-1,-1,-1
473,114,264.79,33.28,127.40,384.72,0.9209,-1,-1,-1
474,141,408.13,130.94,57.05,194.28,0.4170,-1,-1,-1
474,138,543.31,71.54,96.59,320.86,0.8912,-1,-1,-1
474,132,448.61,75.65,103.92,322.35,0.8845,-1,-1,-1
474,130,63.37,1.36,222.00,477.62,0.8770,-1,-1,-1
474,114,273.64,34.01,119.90,386.63,0.9192,-1,-1,-1
475,138,525.28,73.15,114.59,297.64,0.9230,-1,-1,-1
475,132,451.46,73.69,110.59,330.53,0.8529,-1,-1,-1
475,130,72.86,1.42,219.22,476.40,0.8757,-1,-1,-1
475,114,278.41,36.65,119.40,388.76,0.9180,-1,-1,-1
476,138,530.58,73.39,109.32,301.81,0.8722,-1,-1,-1
476,132,452.95,78.23,116.50,331.79,0.9151,-1,-1,-1
476,130,75.89,0.75,218.75,476.34,0.8908,-1,-1,-1
476,114,282.73,40.67,119.84,389.07,0.9198,-1,-1,-1
477,138,534.58,72.38,105.42,307.78,0.9258,-1,-1,-1
477,132,447.09,82.52,122.75,331.14,0.8073,-1,-1,-1
477,130,77.65,0.61,219.74,473.56,0.7580,-1,-1,-1
477,114,281.42,39.41,123.01,392.18,0.9220,-1,-1,-1
478,138,537.55,71.82,102.45,310.84,0.9045,-1,-1,-1
478,132,444.75,79.43,119.73,336.72,0.8538,-1,-1,-1
478,130,71.03,0.33,225.68,479.67,0.7919,-1,-1,-1
478,114,282.22,34.72,121.70,389.17,0.9250,-1,-1,-1
479,138,542.77,75.82,97.21,322.36,0.9258,-1,-1,-1
479,132,444.76,85.25,113.19,330.20,0.8887,-1,-1,-1
479,130,70.00,0.00,228.78,480.00,0.8171,-1,-1,-1
479,114,278.60,38.65,122.29,371.61,0.9235,-1,-1,-1
480,138,549.35,76.18,88.05,330.32,0.8958,-1,-1,-1
480,135,395.39,138.46,64.24,192.99,0.3497,-1,-1,-1
480,132,441.03,86.77,116.24,318.39,0.9040,-1,-1,-1
480,130,72.62,0.00,223.65,478.65,0.8324,-1,-1,-1
480,114,275.09,39.25,123.07,383.24,0.9217,-1,-1,-1
481,138,534.45,73.88,97.73,334.36,0.8977,-1,-1,-1
481,132,435.52,81.61,106.96,320.18,0.9013,-1,-1,-1
481,130,65.13,1.79,228.54,477.10,0.8208,-1,-1,-1
481,114,272.74,33.59,116.38,389.61,0.9198,-1,-1,-1
482,142,0.06,118.32,42.02,161.27,0.3211,-1,-1,-1
482,138,515.03,76.50,121.25,338.51,0.8975,-1,-1,-1
482,132,413.07,81.97,116.08,325.44,0.8753,-1,-1,-1
482,130,55.64,0.52,236.10,466.77,0.7952,-1,-1,-1
482,114,265.67,34.39,111.37,394.42,0.9240,-1,-1,-1
483,138,509.87,85.46,116.09,332.89,0.8971,-1,-1,-1
483,132,397.26,91.49,122.35,327.53,0.8871,-1,-1,-1
483,130,46.67,9.29,241.11,470.59,0.8007,-1,-1,-1
483,114,261.02,42.79,104.91,394.45,0.8875,-1,-1,-1
484,138,510.63,86.08,110.08,334.64,0.9071,-1,-1,-1
484,132,383.60,94.30,128.04,331.24,0.8477,-1,-1,-1
484,130,36.96,6.35,246.42,473.65,0.6339,-1,-1,-1
484,114,254.00,48.06,103.30,393.95,0.8973,-1,-1,-1
485,138,510.46,85.21,93.85,324.40,0.8762,-1,-1,-1
485,132,393.70,93.51,114.95,331.18,0.8496,-1,-1,-1
485,130,32.08,9.41,249.15,470.59,0.7320,-1,-1,-1
485,114,249.90,48.67,101.69,399.34,0.8865,-1,-1,-1
486,138,503.17,81.83,85.84,320.44,0.9072,-1,-1,-1
486,132,400.17,89.50,98.17,323.09,0.9026,-1,-1,-1
486,130,26.24,0.96,253.37,479.04,0.7369,-1,-1,-1
486,114,244.95,41.70,102.93,388.95,0.9191,-1,-1,-1
487,138,489.38,85.17,90.40,326.70,0.9229,-1,-1,-1
487,132,393.47,90.69,98.24,323.24,0.9075,-1,-1,-1
487,130,23.32,0.60,257.24,479.40,0.8196,-1,-1,-1
487,114,241.16,38.79,103.15,389.65,0.9215,-1,-1,-1
488,138,460.19,89.92,118.91,331.83,0.8916,-1,-1,-1
488,132,390.02,93.45,102.84,326.77,0.8828,-1,-1,-1
488,130,27.71,2.58,258.10,474.91,0.8091,-1,-1,-1
488,114,243.68,37.71,99.20,382.66,0.9057,-1,-1,-1
489,138,451.37,88.87,134.30,333.90,0.9073,-1,-1,-1
489,132,389.12,94.68,105.41,331.54,0.8385,-1,-1,-1
489,130,17.87,0.23,267.03,479.77,0.6825,-1,-1,-1
489,114,244.93,35.93,91.72,376.61,0.8956,-1,-1,-1
490,138,455.30,91.32,134.62,331.07,0.9162,-1,-1,-1
490,132,382.92,97.17,108.89,330.53,0.8715,-1,-1,-1
490,130,3.59,0.40,279.93,479.60,0.3617,-1,-1,-1
490,114,249.91,37.50,78.24,302.95,0.6270,-1,-1,-1
491,138,460.42,94.08,117.92,323.69,0.8970,-1,-1,-1
491,132,376.47,98.27,112.78,335.18,0.8880,-1,-1,-1
491,130,0.16,0.16,283.50,477.47,0.8282,-1,-1,-1
491,114,251.76,41.91,74.26,316.58,0.4208,-1,-1,-1
492,138,466.28,89.62,99.82,317.71,0.8508,-1,-1,-1
492,132,377.80,95.20,106.18,326.16,0.9072,-1,-1,-1
492,130,0.30,0.15,283.05,477.91,0.6988,-1,-1,-1
492,114,250.01,40.24,74.82,292.45,0.8387,-1,-1,-1
493,138,470.10,88.43,100.07,327.26,0.8539,-1,-1,-1
493,132,378.13,93.20,99.64,320.44,0.9054,-1,-1,-1
493,130,0.45,0.96,282.41,476.88,0.6074,-1,-1,-1
493,114,245.07,41.69,80.75,285.69,0.8098,-1,-1,-1
494,138,468.50,91.08,93.56,331.57,0.8163,-1,-1,-1
494,132,373.57,94.65,101.12,324.06,0.8927,-1,-1,-1
494,130,0.64,0.66,280.59,478.36,0.7419,-1,-1,-1
494,114,240.20,42.10,89.27,340.80,0.8838,-1,-1,-1
495,138,462.55,88.88,97.62,337.69,0.8724,-1,-1,-1
495,132,363.63,90.78,112.53,330.98,0.9117,-1,-1,-1
495,114,230.42,29.31,102.85,356.57,0.9054,-1,-1,-1
496,138,464.10,90.45,97.78,338.33,0.8649,-1,-1,-1
496,132,365.59,93.35,110.71,334.03,0.9188,-1,-1,-1
496,130,0.00,0.01,275.58,479.99,0.3963,-1,-1,-1
496,114,230.09,28.57,106.33,356.53,0.9066,-1,-1,-1
497,138,464.30,90.52,106.56,340.02,0.8548,-1,-1,-1
497,132,372.69,93.97,102.61,338.55,0.8853,-1,-1,-1
497,130,0.24,0.00,273.52,480.00,0.4526,-1,-1,-1
497,114,229.43,27.24,108.39,350.34,0.7846,-1,-1,-1
498,145,0.32,0.77,276.48,479.23,0.6576,-1,-1,-1
498,138,469.13,89.36,94.60,334.99,0.8516,-1,-1,-1
498,132,380.39,91.99,92.80,340.06,0.8595,-1,-1,-1
498,114,229.56,26.28,103.70,358.76,0.8396,-1,-1,-1
499,146,340.66,141.04,61.22,199.93,0.3787,-1,-1,-1
499,145,0.00,0.00,280.18,480.00,0.6564,-1,-1,-1
499,138,471.25,84.25,96.24,325.52,0.8578,-1,-1,-1
499,132,380.39,88.26,94.71,333.29,0.8813,-1,-1,-1
499,114,231.55,24.71,97.86,316.20,0.8608,-1,-1,-1
500,146,343.68,135.96,56.36,208.46,0.6832,-1,-1,-1
500,138,472.69,83.91,85.84,331.09,0.8196,-1,-1,-1
500,132,380.60,88.63,101.87,324.34,0.8906,-1,-1,-1
500,114,235.02,29.21,89.86,321.29,0.8487,-1,-1,-1
501,145,0.00,0.80,291.88,478.42,0.6368,-1,-1,-1
501,138,461.72,82.46,103.25,337.22,0.8269,-1,-1,-1
501,132,385.61,88.94,105.58,327.90,0.7905,-1,-1,-1
501,114,241.20,30.20,82.73,322.29,0.8376,-1,-1,-1
502,146,349.04,134.26,66.26,215.68,0.7010,-1,-1,-1
502,145,5.33,0.02,294.46,479.98,0.7548,-1,-1,-1
502,138,457.37,86.10,115.01,343.30,0.8112,-1,-1,-1
502,132,389.74,88.95,109.21,338.67,0.7843,-1,-1,-1
502,114,244.79,29.40,76.01,319.84,0.6785,-1,-1,-1
503,145,12.39,1.48,302.00,478.52,0.5624,-1,-1,-1
503,138,466.84,82.26,128.36,340.66,0.9005,-1,-1,-1
503,132,392.35,87.11,110.75,340.70,0.8928,-1,-1,-1
504,146,338.72,127.24,69.11,222.12,0.3651,-1,-1,-1
504,145,7.02,0.46,313.76,479.45,0.4901,-1,-1,-1
504,138,475.71,77.92,120.96,342.64,0.9127,-1,-1,-1
504,132,392.99,84.44,109.46,339.73,0.9065,-1,-1,-1
504,130,0.37,2.04,264.93,476.66,0.4813,-1,-1,-1
505,146,333.51,131.77,76.67,222.68,0.4258,-1,-1,-1
505,138,482.70,77.39,113.54,334.92,0.8883,-1,-1,-1
505,132,393.48,84.87,101.14,335.27,0.9070,-1,-1,-1
506,146,352.18,128.13,55.14,217.88,0.6435,-1,-1,-1
506,145,22.19,1.07,312.76,474.78,0.5677,-1,-1,-1
506,138,485.50,73.79,111.80,330.83,0.9112,-1,-1,-1
506,132,390.33,79.61,97.73,322.92,0.9039,-1,-1,-1
507,146,336.95,131.34,67.25,217.26,0.6533,-1,-1,-1
507,145,42.16,0.39,299.25,474.57,0.5425,-1,-1,-1
507,138,485.03,76.69,112.54,338.06,0.8972,-1,-1,-1
507,132,388.13,82.00,97.36,324.08,0.8148,-1,-1,-1
508,146,341.71,128.45,63.18,210.83,0.7224,-1,-1,-1
508,145,63.76,0.86,283.17,468.34,0.5561,-1,-1,-1
508,142,0.90,94.40,80.98,199.97,0.4505,-1,-1,-1
508,138,486.57,77.95,111.46,340.33,0.8972,-1,-1,-1
508,132,376.07,81.70,111.68,328.41,0.8066,-1,-1,-1
508,130,62.61,1.23,216.77,475.99,0.3851,-1,-1,-1
509,145,76.09,0.59,275.37,470.76,0.6025,-1,-1,-1
509,142,0.20,95.21,88.95,225.44,0.5730,-1,-1,-1
509,138,487.40,76.36,104.54,343.85,0.8817,-1,-1,-1
509,132,366.00,78.50,122.52,333.11,0.8577,-1,-1,-1
510,145,165.51,0.98,200.64,478.16,0.3298,-1,-1,-1
510,142,0.54,77.38,106.21,264.72,0.7760,-1,-1,-1
510,138,490.23,81.78,107.63,338.80,0.8702,-1,-1,-1
510,132,369.08,83.42,117.37,339.01,0.8829,-1,-1,-1
511,142,2.98,62.85,126.55,284.04,0.7379,-1,-1,-1
511,138,495.84,78.31,100.48,342.33,0.8486,-1,-1,-1
511,132,384.07,82.78,101.67,338.98,0.8730,-1,-1,-1
511,130,107.34,0.16,208.34,477.35,0.3406,-1,-1,-1
512,145,189.15,3.50,208.87,476.21,0.3504,-1,-1,-1
512,142,24.86,66.67,122.99,285.22,0.7837,-1,-1,-1
512,138,502.48,82.08,94.30,329.56,0.8467,-1,-1,-1
512,132,389.72,87.23,98.97,337.21,0.8740,-1,-1,-1
512,130,126.12,0.61,270.15,478.67,0.4568,-1,-1,-1
513,147,8.79,120.29,80.66,234.08,0.8559,-1,-1,-1
513,145,155.16,1.02,269.68,469.35,0.6370,-1,-1,-1
513,142,70.92,72.09,99.10,328.99,0.8616,-1,-1,-1
513,138,506.11,83.68,88.81,331.82,0.8549,-1,-1,-1
513,132,406.91,90.99,87.96,320.97,0.8652,-1,-1,-1
514,147,3.05,114.85,82.48,238.60,0.8763,-1,-1,-1
514,142,83.34,68.84,94.24,330.54,0.8999,-1,-1,-1
514,138,502.72,79.93,95.01,335.21,0.8587,-1,-1,-1
514,132,415.33,87.93,79.31,315.31,0.9053,-1,-1,-1
515,147,0.71,107.88,71.03,256.73,0.8791,-1,-1,-1
515,145,186.98,0.49,274.22,468.99,0.7175,-1,-1,-1
515,142,92.97,75.06,109.05,327.76,0.9271,-1,-1,-1
515,138,484.00,85.85,116.08,339.36,0.8798,-1,-1,-1
515,132,430.66,95.82,64.99,187.56,0.8818,-1,-1,-1
516,147,0.00,103.40,61.67,269.66,0.8752,-1,-1,-1
516,145,218.36,0.18,272.36,474.78,0.7016,-1,-1,-1
516,142,94.04,78.85,117.42,329.29,0.9224,-1,-1,-1
516,138,482.71,89.45,132.49,343.48,0.8729,-1,-1,-1
517,148,191.50,82.25,80.05,297.01,0.4279,-1,-1,-1
517,147,0.21,99.29,53.70,265.08,0.8794,-1,-1,-1
517,145,242.78,0.44,278.92,469.87,0.6948,-1,-1,-1
517,142,96.34,86.21,111.39,322.74,0.9186,-1,-1,-1
517,138,497.33,92.38,129.53,339.97,0.8993,-1,-1,-1
518,148,186.55,30.15,113.95,364.86,0.8958,-1,-1,-1
518,147,0.42,94.47,42.20,273.86,0.7904,-1,-1,-1
518,145,260.86,0.50,283.50,474.04,0.6743,-1,-1,-1
518,142,95.94,84.03,114.12,324.17,0.8946,-1,-1,-1
518,138,514.56,94.83,109.92,340.17,0.8888,-1,-1,-1
519,148,179.67,25.06,122.79,403.75,0.8952,-1,-1,-1
519,145,275.72,0.28,301.87,472.78,0.6854,-1,-1,-1
519,142,111.73,78.91,98.39,309.25,0.8915,-1,-1,-1
520,148,181.41,21.14,136.90,444.12,0.9174,-1,-1,-1
520,145,291.63,0.16,305.44,474.88,0.8072,-1,-1,-1
520,142,127.68,76.36,85.72,308.79,0.8699,-1,-1,-1
521,148,182.97,17.17,149.42,442.01,0.9281,-1,-1,-1
521,145,325.04,0.81,314.96,477.79,0.8622,-1,-1,-1
521,142,113.12,82.40,106.76,300.30,0.8677,-1,-1,-1
522,148,188.32,19.91,153.49,438.70,0.9273,-1,-1,-1
522,145,347.99,1.92,291.10,473.93,0.7720,-1,-1,-1
522,142,111.75,88.48,110.26,306.68,0.8505,-1,-1,-1
523,148,192.63,16.50,149.24,446.39,0.9285,-1,-1,-1
523,145,361.68,0.14,277.86,474.59,0.7942,-1,-1,-1
523,142,108.40,90.09,111.65,305.42,0.8079,-1,-1,-1
524,148,193.57,12.11,149.01,459.75,0.9375,-1,-1,-1
524,145,374.25,0.86,265.75,479.14,0.3781,-1,-1,-1
524,142,106.39,83.03,114.36,305.03,0.8750,-1,-1,-1
525,148,203.51,17.27,148.03,458.27,0.9341,-1,-1,-1
525,145,390.78,0.80,249.22,478.68,0.9230,-1,-1,-1
525,142,115.29,83.71,112.09,296.75,0.8782,-1,-1,-1
526,148,209.62,16.40,152.16,463.60,0.9244,-1,-1,-1
526,145,405.10,0.80,234.90,479.20,0.9253,-1,-1,-1
526,142,136.98,76.71,96.52,289.27,0.8938,-1,-1,-1
527,148,205.73,12.94,158.83,467.06,0.9219,-1,-1,-1
527,145,416.68,0.00,223.32,479.84,0.8771,-1,-1,-1
527,142,145.94,74.14,87.35,292.89,0.8841,-1,-1,-1
528,148,203.03,23.10,169.86,456.90,0.9215,-1,-1,-1
528,145,436.92,1.08,203.08,477.33,0.9167,-1,-1,-1
528,142,162.50,89.62,76.34,290.73,0.8847,-1,-1,-1
529,150,381.97,105.90,88.68,316.24,0.8658,-1,-1,-1
529,149,126.29,163.71,47.77,146.20,0.8465,-1,-1,-1
529,148,206.17,27.54,168.91,451.13,0.9248,-1,-1,-1
529,145,449.51,0.44,190.46,479.56,0.9231,-1,-1,-1
529,142,162.44,98.49,79.39,289.03,0.8761,-1,-1,-1
530,150,381.50,110.12,97.11,316.54,0.7685,-1,-1,-1
530,149,119.12,159.88,48.58,150.99,0.8308,-1,-1,-1
530,148,214.83,27.04,166.20,437.39,0.9334,-1,-1,-1
530,145,468.64,0.26,171.34,477.97,0.9217,-1,-1,-1
530,142,157.86,101.99,88.41,284.72,0.8932,-1,-1,-1
531,150,385.75,112.06,96.81,321.96,0.8565,-1,-1,-1
531,149,111.53,159.46,54.93,157.08,0.8757,-1,-1,-1
531,148,219.72,29.17,162.08,446.94,0.9375,-1,-1,-1
531,145,475.74,0.39,164.08,478.77,0.9235,-1,-1,-1
531,142,155.47,104.94,94.46,285.49,0.9003,-1,-1,-1
532,150,378.28,105.47,98.92,318.90,0.8800,-1,-1,-1
532,149,92.39,158.37,65.69,165.27,0.8045,-1,-1,-1
532,148,225.96,27.62,147.86,452.38,0.9355,-1,-1,-1
532,145,485.27,0.00,154.56,479.60,0.9148,-1,-1,-1
532,142,165.62,100.71,84.60,275.21,0.8752,-1,-1,-1
533,151,464.49,91.80,50.76,270.54,0.6891,-1,-1,-1
533,150,371.00,97.05,97.78,312.43,0.8869,-1,-1,-1
533,149,74.54,153.71,74.08,168.65,0.8367,-1,-1,-1
533,148,218.40,23.15,145.16,456.85,0.9322,-1,-1,-1
533,145,482.92,0.17,156.90,479.34,0.9147,-1,-1,-1
533,142,171.69,92.30,74.97,280.32,0.8533,-1,-1,-1
534,151,452.76,88.03,62.25,302.28,0.8084,-1,-1,-1
534,150,355.68,95.36,98.21,312.99,0.8281,-1,-1,-1
534,149,55.72,146.45,66.05,180.60,0.8327,-1,-1,-1
534,148,202.17,22.36,144.21,457.13,0.9171,-1,-1,-1
534,145,485.93,1.70,153.96,476.86,0.9064,-1,-1,-1
534,142,148.72,87.64,88.64,284.31,0.8644,-1,-1,-1
535,151,447.92,87.47,70.54,323.91,0.8871,-1,-1,-1
535,150,337.85,95.28,107.89,318.65,0.8345,-1,-1,-1
535,149,41.32,138.08,69.60,191.52,0.7860,-1,-1,-1
535,148,191.76,22.82,149.14,448.77,0.9166,-1,-1,-1
535,145,492.33,2.10,147.62,474.73,0.8925,-1,-1,-1
535,142,137.97,90.87,93.00,262.11,0.5712,-1,-1,-1
536,151,444.59,88.08,77.39,315.51,0.8781,-1,-1,-1
536,150,323.20,96.24,120.22,324.23,0.8712,-1,-1,-1
536,149,29.65,130.99,75.34,200.68,0.7943,-1,-1,-1
536,148,193.93,17.81,146.55,456.77,0.9120,-1,-1,-1
536,145,499.05,0.34,140.89,478.11,0.9037,-1,-1,-1
536,142,136.39,124.80,80.76,161.79,0.4145,-1,-1,-1
537,152,128.96,147.53,44.78,138.21,0.4452,-1,-1,-1
537,151,441.92,84.48,84.46,317.20,0.8963,-1,-1,-1
537,150,318.10,92.99,122.14,328.89,0.8656,-1,-1,-1
537,149,10.11,117.62,83.98,212.52,0.8542,-1,-1,-1
537,148,192.86,4.50,150.12,457.22,0.9240,-1,-1,-1
537,145,504.78,7.49,135.13,471.96,0.9049,-1,-1,-1
537,142,134.46,119.76,78.57,165.24,0.3347,-1,-1,-1
538,152,123.63,145.08,39.35,141.42,0.6067,-1,-1,-1
538,151,439.16,86.56,91.15,333.67,0.8768,-1,-1,-1
538,150,329.13,92.02,107.29,329.40,0.8221,-1,-1,-1
538,149,6.21,117.00,83.79,223.98,0.8759,-1,-1,-1
538,148,194.84,2.36,155.20,453.32,0.9319,-1,-1,-1
538,145,510.91,1.27,128.91,478.25,0.9032,-1,-1,-1
538,142,134.03,124.86,74.13,162.23,0.4796,-1,-1,-1
539,152,120.43,140.34,47.40,145.87,0.8674,-1,-1,-1
539,151,448.36,83.76,92.47,321.38,0.8910,-1,-1,-1
539,150,337.57,88.58,98.34,323.67,0.8883,-1,-1,-1
539,149,0.03,112.50,86.73,237.63,0.9037,-1,-1,-1
539,148,197.46,1.72,162.63,467.42,0.9124,-1,-1,-1
539,145,531.87,2.17,107.99,474.24,0.8852,-1,-1,-1
539,142,154.02,121.09,58.76,163.30,0.4888,-1,-1,-1
540,153,413.86,128.01,50.48,223.80,0.6336,-1,-1,-1
540,152,121.22,138.61,53.93,151.69,0.8658,-1,-1,-1
540,151,451.03,82.43,100.10,333.85,0.8677,-1,-1,-1
540,150,344.14,88.59,94.56,319.57,0.9063,-1,-1,-1
540,149,0.00,115.17,88.25,246.85,0.8882,-1,-1,-1
540,148,203.76,1.40,161.16,475.65,0.9217,-1,-1,-1
540,145,541.32,5.36,98.68,464.23,0.8435,-1,-1,-1
540,142,169.98,120.45,65.64,243.40,0.7341,-1,-1,-1
541,153,422.61,125.04,48.87,237.91,0.5126,-1,-1,-1
541,152,116.72,139.88,63.45,155.44,0.8790,-1,-1,-1
541,151,457.33,75.09,114.19,344.32,0.8010,-1,-1,-1
541,150,352.14,82.87,92.87,337.28,0.8965,-1,-1,-1
541,149,0.00,108.56,79.39,266.10,0.8882,-1,-1,-1
541,148,217.35,1.11,157.13,478.89,0.9150,-1,-1,-1
541,145,562.41,25.29,77.41,402.00,0.7168,-1,-1,-1
541,142,189.60,124.59,55.61,247.37,0.7334,-1,-1,-1
542,152,107.47,139.58,73.44,161.05,0.8837,-1,-1,-1
542,151,446.93,73.85,117.45,352.29,0.6446,-1,-1,-1
542,150,357.29,84.94,94.68,342.97,0.8549,-1,-1,-1
542,149,0.11,96.94,72.09,285.85,0.8589,-1,-1,-1
542,148,230.10,2.67,153.77,471.80,0.9176,-1,-1,-1
542,142,208.87,118.54,43.08,257.98,0.3142,-1,-1,-1
543,154,187.37,149.99,38.05,148.76,0.5583,-1,-1,-1
543,152,102.34,143.43,76.82,161.40,0.9040,-1,-1,-1
543,151,439.15,78.11,124.02,359.56,0.8524,-1,-1,-1
543,150,367.48,90.77,86.71,342.94,0.7457,-1,-1,-1
543,149,0.15,90.96,71.86,296.64,0.8871,-1,-1,-1
543,148,235.70,7.42,158.78,464.05,0.8876,-1,-1,-1
543,142,213.73,122.87,45.07,257.68,0.5361,-1,-1,-1
544,154,183.12,147.10,50.23,150.85,0.8446,-1,-1,-1
544,152,98.69,135.88,79.02,168.85,0.9110,-1,-1,-1
544,151,446.59,78.52,128.90,363.95,0.8656,-1,-1,-1
544,150,387.56,91.02,72.83,319.57,0.6194,-1,-1,-1
544,149,0.26,84.94,55.80,304.15,0.5000,-1,-1,-1
544,148,243.21,2.92,160.29,473.78,0.8964,-1,-1,-1
544,147,0.36,85.40,55.78,301.91,0.5276,-1,-1,-1
544,142,217.54,131.98,47.57,245.98,0.3197,-1,-1,-1
545,154,185.87,148.18,51.75,151.48,0.7678,-1,-1,-1
545,152,102.15,134.21,78.65,171.19,0.9215,-1,-1,-1
545,151,455.97,76.51,130.52,369.95,0.8245,-1,-1,-1
545,150,396.08,88.07,68.76,337.70,0.7153,-1,-1,-1
545,148,240.27,1.44,171.94,475.54,0.9067,-1,-1,-1
545,147,0.16,113.79,62.87,274.39,0.7672,-1,-1,-1
546,154,191.82,148.07,54.09,154.97,0.8185,-1,-1,-1
546,152,106.47,129.78,77.64,176.94,0.9016,-1,-1,-1
546,151,474.51,75.78,118.25,368.72,0.8576,-1,-1,-1
546,150,375.71,84.93,97.58,352.33,0.6298,-1,-1,-1
546,148,253.32,0.62,174.88,476.62,0.9267,-1,-1,-1
546,147,0.22,120.92,52.71,274.50,0.7467,-1,-1,-1
547,154,192.33,141.64,55.80,160.98,0.8877,-1,-1,-1
547,152,112.42,121.76,67.17,183.67,0.8421,-1,-1,-1
547,151,489.90,68.36,116.35,364.50,0.7496,-1,-1,-1
547,150,392.40,80.35,89.71,341.84,0.7131,-1,-1,-1
547,148,247.62,0.94,193.46,478.61,0.9049,-1,-1,-1
547,147,0.16,126.16,31.77,267.93,0.4766,-1,-1,-1
548,154,195.11,138.35,62.32,166.58,0.8694,-1,-1,-1
548,153,475.40,117.80,46.53,251.24,0.5483,-1,-1,-1
548,152,117.05,121.05,63.07,187.17,0.8623,-1,-1,-1
548,151,505.78,64.60,110.97,378.85,0.7374,-1,-1,-1
548,150,411.52,78.52,75.50,344.24,0.5451,-1,-1,-1
548,148,249.03,0.62,195.89,470.47,0.9144,-1,-1,-1
549,154,194.56,134.48,63.68,171.00,0.5907,-1,-1,-1
549,153,479.26,122.45,50.21,244.51,0.7040,-1,-1,-1
549,152,117.39,118.11,65.38,192.46,0.8757,-1,-1,-1
549,151,515.15,62.67,124.04,386.20,0.8394,-1,-1,-1
549,150,431.09,87.72,59.90,325.12,0.4746,-1,-1,-1
549,148,252.88,1.16,194.83,472.05,0.9006,-1,-1,-1
550,155,195.76,116.77,63.18,179.04,0.3629,-1,-1,-1
550,154,195.98,117.14,62.72,177.92,0.3116,-1,-1,-1
550,153,485.08,110.10,57.02,248.77,0.8505,-1,-1,-1
550,152,106.08,104.11,71.84,202.36,0.8046,-1,-1,-1
550,151,528.34,48.83,111.30,399.74,0.9302,-1,-1,-1
550,150,404.82,65.40,84.97,365.00,0.3792,-1,-1,-1
550,148,262.34,1.06,185.70,469.43,0.8505,-1,-1,-1
551,154,193.61,113.30,63.41,180.92,0.8062,-1,-1,-1
551,153,488.38,107.27,61.95,250.63,0.8208,-1,-1,-1
551,152,94.35,98.28,78.00,208.53,0.8804,-1,-1,-1
551,151,533.68,44.39,106.10,406.23,0.9324,-1,-1,-1
551,150,407.12,71.58,83.25,362.34,0.6455,-1,-1,-1
551,148,266.68,1.51,177.85,471.14,0.8718,-1,-1,-1
552,154,180.43,115.11,75.79,192.88,0.8785,-1,-1,-1
552,153,493.01,114.32,58.15,251.83,0.8824,-1,-1,-1
552,152,77.53,102.50,85.63,217.40,0.9216,-1,-1,-1
552,151,539.45,49.92,100.41,408.22,0.9279,-1,-1,-1
552,150,418.95,66.92,63.38,241.67,0.6814,-1,-1,-1
552,148,261.33,2.04,201.57,461.90,0.8508,-1,-1,-1
553,154,168.81,117.96,82.64,195.34,0.8918,-1,-1,-1
553,153,495.59,116.72,60.46,251.65,0.8622,-1,-1,-1
553,152,71.03,100.48,82.48,226.70,0.9246,-1,-1,-1
553,151,544.72,51.50,94.90,408.39,0.9042,-1,-1,-1
553,150,412.91,66.09,65.98,248.04,0.7569,-1,-1,-1
553,148,252.80,6.64,215.02,473.36,0.8944,-1,-1,-1
554,154,167.74,116.82,81.74,205.64,0.9070,-1,-1,-1
554,153,501.31,119.05,62.79,248.64,0.8077,-1,-1,-1
554,152,65.01,96.66,79.84,235.57,0.8957,-1,-1,-1
554,151,550.86,51.68,89.00,400.94,0.9009,-1,-1,-1
554,148,247.60,1.46,190.95,478.54,0.9311,-1,-1,-1
555,156,407.36,112.89,69.43,246.10,0.6322,-1,-1,-1
555,154,168.69,109.98,75.73,215.43,0.9007,-1,-1,-1
555,153,507.56,113.52,66.00,246.47,0.8094,-1,-1,-1
555,152,62.37,90.48,70.31,242.98,0.8679,-1,-1,-1
555,151,559.38,46.63,80.54,398.02,0.9009,-1,-1,-1
555,148,260.58,1.17,186.27,478.83,0.9481,-1,-1,-1
556,156,413.00,115.86,65.43,253.23,0.6869,-1,-1,-1
556,154,165.91,111.17,75.38,220.90,0.8957,-1,-1,-1
556,153,509.54,114.88,70.28,250.33,0.4281,-1,-1,-1
556,152,49.14,90.35,77.81,249.63,0.8502,-1,-1,-1
556,151,564.59,48.29,75.36,398.73,0.8991,-1,-1,-1
556,148,252.60,2.06,193.65,477.94,0.9428,-1,-1,-1
557,156,423.31,121.33,74.83,282.45,0.7463,-1,-1,-1
557,154,156.83,110.93,78.12,232.82,0.9119,-1,-1,-1
557,153,516.64,129.70,64.93,242.11,0.8489,-1,-1,-1
557,152,21.20,90.49,92.78,259.38,0.8819,-1,-1,-1
557,151,549.81,61.97,90.09,390.06,0.8872,-1,-1,-1
557,148,260.85,3.61,189.77,475.88,0.9556,-1,-1,-1
558,156,418.20,116.11,91.18,291.73,0.7935,-1,-1,-1
558,154,152.15,106.05,80.59,237.61,0.9115,-1,-1,-1
558,153,521.03,129.54,60.56,232.77,0.8580,-1,-1,-1
558,152,0.33,83.37,102.52,267.85,0.9137,-1,-1,-1
558,151,546.60,60.96,93.29,376.15,0.8890,-1,-1,-1
558,148,261.82,3.54,188.64,474.34,0.9427,-1,-1,-1
559,156,431.14,100.69,107.48,323.93,0.8236,-1,-1,-1
559,154,149.71,94.82,87.11,245.87,0.8787,-1,-1,-1
559,153,533.04,115.42,61.03,251.71,0.7821,-1,-1,-1
559,152,0.00,78.23,96.28,273.43,0.9213,-1,-1,-1
559,151,557.25,49.73,82.75,369.94,0.9033,-1,-1,-1
559,148,271.26,0.00,185.39,475.05,0.9507,-1,-1,-1
560,156,445.35,89.17,104.54,339.38,0.8264,-1,-1,-1
560,154,144.38,89.21,91.65,262.02,0.8947,-1,-1,-1
560,153,538.27,112.10,57.26,242.99,0.7458,-1,-1,-1
560,152,0.00,76.15,91.04,280.75,0.9417,-1,-1,-1
560,151,574.52,44.35,65.48,378.70,0.8947,-1,-1,-1
560,148,271.80,0.08,184.65,479.26,0.9399,-1,-1,-1
561,156,446.82,73.07,110.24,360.24,0.4025,-1,-1,-1
561,154,124.93,78.11,97.54,280.79,0.8535,-1,-1,-1
561,153,546.11,105.42,42.30,251.60,0.5040,-1,-1,-1
561,152,0.31,70.33,74.48,283.30,0.8339,-1,-1,-1
561,151,572.19,39.81,67.81,388.50,0.9120,-1,-1,-1
561,148,253.01,1.70,198.42,478.30,0.9320,-1,-1,-1
562,156,454.72,54.54,115.45,381.93,0.8407,-1,-1,-1
562,154,111.03,71.76,99.86,288.60,0.8918,-1,-1,-1
562,152,0.31,88.55,58.30,262.36,0.8845,-1,-1,-1
562,151,567.30,34.77,72.59,398.96,0.9202,-1,-1,-1
562,150,410.31,78.96,65.06,266.58,0.3422,-1,-1,-1
562,148,242.64,0.70,204.91,479.30,0.9298,-1,-1,-1
563,159,461.65,44.57,140.50,426.46,0.7010,-1,-1,-1
563,156,484.97,42.95,117.60,396.05,0.3183,-1,-1,-1
563,154,94.60,63.86,109.36,316.50,0.8354,-1,-1,-1
563,152,0.19,106.38,32.21,251.91,0.5055,-1,-1,-1
563,151,578.73,40.12,61.27,412.77,0.4086,-1,-1,-1
563,150,410.23,80.34,73.59,268.17,0.6494,-1,-1,-1
563,148,233.75,2.25,217.83,477.75,0.9424,-1,-1,-1
563,145,578.39,41.58,61.61,407.13,0.3479,-1,-1,-1
564,159,451.45,43.12,175.42,433.66,0.5030,-1,-1,-1
564,156,517.54,36.31,110.24,425.21,0.3966,-1,-1,-1
564,154,85.66,56.75,117.01,331.88,0.8962,-1,-1,-1
564,151,583.41,41.94,56.42,405.48,0.6106,-1,-1,-1
564,150,413.03,79.17,73.32,278.43,0.7547,-1,-1,-1
564,148,232.20,1.34,217.09,478.66,0.9312,-1,-1,-1
564,145,587.90,44.60,51.81,209.94,0.3453,-1,-1,-1
565,159,480.60,23.49,159.38,453.47,0.8606,-1,-1,-1
565,154,73.46,47.16,116.72,352.59,0.8944,-1,-1,-1
565,150,413.54,73.86,83.52,298.68,0.8533,-1,-1,-1
565,148,233.44,0.00,214.88,480.00,0.9519,-1,-1,-1
566,159,503.62,68.96,136.37,408.99,0.4328,-1,-1,-1
566,154,58.18,37.81,126.89,367.79,0.9064,-1,-1,-1
566,150,420.77,63.69,83.37,316.89,0.8728,-1,-1,-1
566,148,231.40,0.57,211.83,478.91,0.9453,-1,-1,-1
567,159,530.42,74.01,109.46,405.37,0.8408,-1,-1,-1
567,154,39.69,22.96,134.21,392.81,0.9227,-1,-1,-1
567,150,424.22,53.10,90.80,338.06,0.8973,-1,-1,-1
567,148,231.11,0.55,204.15,474.51,0.9457,-1,-1,-1
568,161,0.12,178.93,13.50,77.83,0.4091,-1,-1,-1
568,159,537.41,59.26,102.54,420.20,0.6621,-1,-1,-1
568,154,21.52,14.10,144.37,410.15,0.9327,-1,-1,-1
568,153,537.99,56.61,101.57,301.29,0.3647,-1,-1,-1
568,150,423.87,42.70,106.33,357.73,0.9117,-1,-1,-1
568,148,228.57,0.39,202.76,474.97,0.9442,-1,-1,-1
569,154,0.00,0.07,149.92,447.70,0.9344,-1,-1,-1
569,153,543.06,51.27,96.94,322.56,0.6027,-1,-1,-1
569,150,417.07,24.08,129.68,383.76,0.9121,-1,-1,-1
569,148,219.91,0.93,203.31,478.80,0.9542,-1,-1,-1
570,154,0.00,0.75,140.26,433.07,0.9278,-1,-1,-1
570,153,565.39,48.51,74.58,369.24,0.7608,-1,-1,-1
570,150,425.30,11.86,131.84,402.76,0.8900,-1,-1,-1
570,148,210.89,0.01,209.51,476.59,0.9449,-1,-1,-1
571,154,0.00,0.00,122.94,446.82,0.9373,-1,-1,-1
571,153,565.40,55.19,74.51,363.92,0.9082,-1,-1,-1
571,150,433.17,0.77,142.94,428.99,0.8994,-1,-1,-1
571,148,192.13,0.36,229.20,477.40,0.9447,-1,-1,-1
572,154,0.26,1.50,109.80,455.14,0.9160,-1,-1,-1
572,153,571.14,60.48,68.81,308.63,0.8421,-1,-1,-1
572,150,441.46,0.46,150.24,450.39,0.9127,-1,-1,-1
572,148,182.57,0.00,237.64,478.20,0.9250,-1,-1,-1
573,154,0.36,24.69,95.72,450.15,0.8323,-1,-1,-1
573,153,591.53,71.22,48.39,312.02,0.3798,-1,-1,-1
573,150,445.32,0.81,174.19,477.20,0.8987,-1,-1,-1
573,148,178.92,0.19,244.10,479.24,0.9293,-1,-1,-1
574,150,457.66,0.04,178.41,479.35,0.9337,-1,-1,-1
574,148,181.52,0.00,249.93,478.73,0.9340,-1,-1,-1
575,150,466.55,0.59,173.45,478.27,0.9343,-1,-1,-1
575,148,191.97,0.00,244.97,478.00,0.9318,-1,-1,-1
576,150,482.34,0.77,157.62,479.00,0.9206,-1,-1,-1
576,148,200.87,0.00,243.12,480.00,0.9345,-1,-1,-1
577,150,495.23,0.81,144.77,477.90,0.9083,-1,-1,-1
577,148,207.00,0.00,243.30,476.33,0.9436,-1,-1,-1
578,150,519.74,0.84,120.01,479.16,0.7413,-1,-1,-1
578,148,215.52,0.20,240.10,475.89,0.9478,-1,-1,-1
579,156,499.55,219.26,127.45,183.93,0.3695,-1,-1,-1
579,148,224.36,0.42,235.75,479.06,0.9307,-1,-1,-1
580,156,501.04,64.92,127.66,348.34,0.8888,-1,-1,-1
580,155,218.33,160.02,39.54,115.10,0.8031,-1,-1,-1
580,148,235.25,0.98,232.51,477.33,0.9447,-1,-1,-1
581,156,506.77,69.64,85.38,328.54,0.7223,-1,-1,-1
581,155,216.07,147.88,48.07,135.86,0.8618,-1,-1,-1
581,153,567.56,110.49,72.27,263.83,0.6008,-1,-1,-1
581,148,253.55,0.20,234.28,477.64,0.9499,-1,-1,-1
582,158,497.17,70.19,84.91,325.55,0.4183,-1,-1,-1
582,156,497.47,69.93,142.53,326.24,0.3156,-1,-1,-1
582,155,210.66,149.89,54.53,137.43,0.8856,-1,-1,-1
582,148,257.02,0.36,238.59,477.90,0.9466,-1,-1,-1
583,158,498.73,81.90,76.96,323.38,0.7074,-1,-1,-1
583,155,206.48,159.94,58.91,138.65,0.7942,-1,-1,-1
583,153,528.21,124.16,111.62,283.23,0.7383,-1,-1,-1
583,148,261.10,0.04,254.19,477.41,0.9452,-1,-1,-1
584,155,203.63,158.94,58.39,143.75,0.7979,-1,-1,-1
584,153,504.98,91.93,122.54,326.95,0.5602,-1,-1,-1
584,148,265.39,0.12,271.01,479.88,0.9443,-1,-1,-1
585,155,201.59,150.49,56.89,150.05,0.7894,-1,-1,-1
585,154,0.35,0.42,111.46,476.22,0.6150,-1,-1,-1
585,153,543.91,116.99,62.86,281.37,0.3986,-1,-1,-1
585,148,270.81,0.00,281.29,476.35,0.9170,-1,-1,-1
586,155,200.01,144.71,56.83,159.52,0.8316,-1,-1,-1
586,154,0.21,0.49,117.21,477.98,0.5939,-1,-1,-1
586,153,532.80,121.26,72.10,264.00,0.8237,-1,-1,-1
586,148,275.96,0.04,274.43,475.28,0.9394,-1,-1,-1
587,158,458.48,143.26,96.86,254.40,0.3901,-1,-1,-1
587,155,187.97,142.76,61.34,160.16,0.8600,-1,-1,-1
587,154,0.34,0.40,111.13,479.58,0.6765,-1,-1,-1
587,153,520.89,117.67,71.59,253.80,0.6603,-1,-1,-1
587,148,276.88,0.00,262.75,476.82,0.9275,-1,-1,-1
588,158,456.75,176.19,72.90,216.11,0.5740,-1,-1,-1
588,156,515.26,123.73,71.03,251.01,0.3767,-1,-1,-1
588,155,179.63,146.19,61.92,164.30,0.8846,-1,-1,-1
588,154,0.33,0.10,104.01,479.90,0.6061,-1,-1,-1
588,153,514.21,123.59,71.93,251.17,0.3660,-1,-1,-1
588,148,273.86,0.00,252.36,480.00,0.9413,-1,-1,-1
589,155,155.83,145.36,62.08,171.25,0.4547,-1,-1,-1
589,154,0.31,1.01,95.47,477.22,0.5328,-1,-1,-1
589,153,469.08,129.62,95.91,244.46,0.6684,-1,-1,-1
589,148,246.30,0.23,252.97,479.10,0.9342,-1,-1,-1
590,155,140.61,141.48,69.07,178.23,0.4573,-1,-1,-1
590,153,458.00,125.47,98.18,245.56,0.7828,-1,-1,-1
590,148,230.28,0.00,258.67,478.71,0.9038,-1,-1,-1
591,154,0.33,0.00,115.82,474.12,0.5918,-1,-1,-1
591,153,446.98,122.14,91.37,244.30,0.6330,-1,-1,-1
591,148,202.53,0.00,268.00,480.00,0.9068,-1,-1,-1
592,155,104.96,143.95,72.87,196.86,0.8542,-1,-1,-1
592,154,0.04,1.31,74.26,375.82,0.7548,-1,-1,-1
592,153,404.65,125.82,108.02,261.45,0.7584,-1,-1,-1
592,148,186.86,0.00,262.07,479.50,0.8990,-1,-1,-1
593,155,84.38,131.16,76.44,209.54,0.8201,-1,-1,-1
593,154,0.30,5.37,107.57,474.19,0.3636,-1,-1,-1
593,148,193.61,0.00,253.18,480.00,0.9161,-1,-1,-1
594,155,72.07,123.52,77.89,214.65,0.8358,-1,-1,-1
594,154,0.46,24.77,95.06,453.84,0.5730,-1,-1,-1
594,148,192.68,0.20,246.72,479.79,0.9265,-1,-1,-1
595,155,43.33,117.91,92.43,230.30,0.8137,-1,-1,-1
595,148,195.50,1.00,239.47,479.00,0.9240,-1,-1,-1
596,155,35.52,109.43,91.79,238.07,0.8606,-1,-1,-1
596,153,369.79,129.84,81.31,255.98,0.3145,-1,-1,-1
596,148,191.36,0.00,234.81,479.94,0.9295,-1,-1,-1
597,155,27.47,104.89,87.83,246.09,0.8227,-1,-1,-1
597,148,197.60,0.01,222.50,478.28,0.9296,-1,-1,-1
598,164,155.91,153.77,57.41,150.70,0.8226,-1,-1,-1
598,163,612.28,225.25,27.44,115.55,0.4102,-1,-1,-1
598,155,15.35,104.98,85.49,254.04,0.7251,-1,-1,-1
598,148,200.58,0.00,218.93,477.64,0.9370,-1,-1,-1
599,164,148.82,151.81,62.14,152.91,0.8640,-1,-1,-1
599,163,604.88,194.16,34.87,147.43,0.6979,-1,-1,-1
599,155,0.20,100.53,92.21,282.40,0.8585,-1,-1,-1
599,148,198.35,0.00,226.05,477.18,0.9249,-1,-1,-1
600,164,145.25,153.08,61.81,160.52,0.8744,-1,-1,-1
600,163,598.57,141.96,41.17,208.37,0.5156,-1,-1,-1
600,155,0.24,95.52,70.78,274.65,0.8638,-1,-1,-1
600,148,199.82,1.07,235.75,475.11,0.9355,-1,-1,-1
601,164,140.35,153.23,62.08,164.52,0.8624,-1,-1,-1
601,163,594.51,130.21,45.48,225.18,0.5304,-1,-1,-1
601,155,0.22,134.41,55.94,238.36,0.3627,-1,-1,-1
601,148,196.03,0.42,240.90,479.58,0.9409,-1,-1,-1
602,164,139.60,150.58,57.69,167.12,0.8603,-1,-1,-1
602,163,589.76,115.26,50.21,243.18,0.4989,-1,-1,-1
602,148,190.47,0.00,247.24,480.00,0.9354,-1,-1,-1
603,164,130.89,152.11,64.44,173.58,0.7627,-1,-1,-1
603,163,588.66,108.91,51.26,254.81,0.6021,-1,-1,-1
603,148,192.12,0.57,238.63,479.43,0.9371,-1,-1,-1
604,164,130.31,147.73,69.66,178.75,0.7989,-1,-1,-1
604,163,582.49,105.34,57.39,371.99,0.4393,-1,-1,-1
604,162,0.19,221.34,50.80,213.79,0.6004,-1,-1,-1
604,148,192.27,0.41,232.03,479.59,0.9323,-1,-1,-1
605,164,129.10,143.59,68.79,184.82,0.7883,-1,-1,-1
605,163,586.38,99.05,53.57,254.95,0.5161,-1,-1,-1
605,162,0.16,217.73,63.74,200.56,0.4698,-1,-1,-1
605,148,197.58,0.45,217.88,479.55,0.9307,-1,-1,-1
606,164,125.21,139.65,70.86,185.41,0.8395,-1,-1,-1
606,163,592.17,97.08,47.78,261.35,0.3100,-1,-1,-1
606,150,592.18,98.87,47.82,379.14,0.4391,-1,-1,-1
606,148,200.71,0.68,210.66,479.32,0.9369,-1,-1,-1
607,164,115.46,132.66,78.11,194.21,0.8509,-1,-1,-1
607,162,0.38,193.60,68.48,223.68,0.4067,-1,-1,-1
607,148,197.05,0.93,211.36,479.07,0.9315,-1,-1,-1
608,165,0.39,171.12,40.14,171.88,0.3696,-1,-1,-1
608,164,95.88,131.18,92.53,203.51,0.8805,-1,-1,-1
608,148,192.53,0.00,215.90,480.00,0.9311,-1,-1,-1
609,164,93.06,125.09,95.67,212.38,0.8967,-1,-1,-1
609,162,0.12,63.55,62.65,260.26,0.3277,-1,-1,-1
609,148,200.11,0.08,221.24,479.92,0.9397,-1,-1,-1
610,164,93.86,122.90,84.96,221.39,0.8691,-1,-1,-1
610,148,209.34,0.00,221.60,480.00,0.8852,-1,-1,-1
611,167,196.42,146.36,60.56,238.01,0.5707,-1,-1,-1
611,164,91.90,124.09,82.57,228.25,0.8789,-1,-1,-1
611,148,225.23,0.00,213.23,480.00,0.8921,-1,-1,-1
612,168,161.08,167.40,38.55,122.40,0.7659,-1,-1,-1
612,167,191.01,140.75,72.41,242.57,0.3760,-1,-1,-1
612,164,78.38,115.23,86.03,239.46,0.8910,-1,-1,-1
612,162,0.15,17.81,71.55,306.57,0.5811,-1,-1,-1
612,153,190.89,141.37,72.44,241.82,0.3037,-1,-1,-1
612,148,229.71,0.00,222.80,480.00,0.9029,-1,-1,-1
613,168,152.31,161.53,44.44,125.48,0.7283,-1,-1,-1
613,167,185.25,128.54,84.08,240.47,0.5419,-1,-1,-1
613,164,55.62,107.46,101.00,244.81,0.9010,-1,-1,-1
613,162,0.00,19.41,76.59,306.78,0.3784,-1,-1,-1
613,148,230.50,0.00,229.60,480.00,0.8879,-1,-1,-1
614,168,139.23,158.11,49.01,131.33,0.8514,-1,-1,-1
614,167,173.41,106.42,91.28,262.06,0.8874,-1,-1,-1
614,165,0.13,157.35,26.46,179.53,0.3228,-1,-1,-1
614,164,48.81,98.69,92.62,266.30,0.9020,-1,-1,-1
614,162,0.23,24.45,75.03,312.66,0.6792,-1,-1,-1
614,148,246.48,0.00,228.83,478.73,0.8999,-1,-1,-1
615,168,135.30,157.40,49.86,132.91,0.8707,-1,-1,-1
615,167,181.17,106.47,84.07,264.10,0.8959,-1,-1,-1
615,164,49.11,94.99,86.94,273.10,0.8743,-1,-1,-1
615,162,0.18,22.30,71.06,389.47,0.8403,-1,-1,-1
615,148,259.12,0.31,223.23,475.53,0.9167,-1,-1,-1
616,168,128.53,151.38,53.77,139.37,0.8930,-1,-1,-1
616,167,186.85,107.83,78.46,267.44,0.8867,-1,-1,-1
616,164,51.97,89.21,74.42,265.41,0.7816,-1,-1,-1
616,162,0.00,6.92,78.04,442.31,0.6645,-1,-1,-1
616,148,273.20,0.00,226.24,478.58,0.9222,-1,-1,-1
617,168,126.25,144.30,55.21,143.92,0.8545,-1,-1,-1
617,167,184.45,101.48,79.44,267.88,0.9121,-1,-1,-1
617,164,44.86,76.92,75.46,187.09,0.4479,-1,-1,-1
617,162,0.35,143.41,54.82,316.33,0.4725,-1,-1,-1
617,154,0.00,0.75,88.40,301.23,0.5191,-1,-1,-1
617,148,278.10,0.00,225.82,478.83,0.9253,-1,-1,-1
618,170,263.96,94.92,50.47,260.67,0.6902,-1,-1,-1
618,169,241.53,125.75,38.65,163.07,0.3016,-1,-1,-1
618,168,107.97,139.28,67.99,150.27,0.8357,-1,-1,-1
618,167,179.16,98.32,75.46,270.54,0.8965,-1,-1,-1
618,164,35.69,56.82,64.59,166.51,0.3550,-1,-1,-1
618,162,0.33,0.00,91.68,478.76,0.8204,-1,-1,-1
618,148,275.34,0.00,229.98,477.95,0.9390,-1,-1,-1
619,170,259.41,91.56,58.96,263.52,0.8267,-1,-1,-1
619,169,234.71,121.34,39.86,173.75,0.6045,-1,-1,-1
619,168,101.66,137.24,54.35,151.80,0.8748,-1,-1,-1
619,167,170.35,96.12,75.56,268.40,0.9048,-1,-1,-1
619,162,0.31,0.00,96.95,477.49,0.8814,-1,-1,-1
619,148,274.17,0.00,230.11,478.16,0.9460,-1,-1,-1
620,170,257.85,92.26,64.33,266.78,0.8298,-1,-1,-1
620,169,233.53,124.26,40.22,175.13,0.7446,-1,-1,-1
620,168,92.89,136.45,61.75,155.73,0.3658,-1,-1,-1
620,167,168.39,94.60,72.45,262.86,0.8809,-1,-1,-1
620,162,0.28,0.59,103.82,475.41,0.8962,-1,-1,-1
620,153,92.87,136.33,61.57,156.16,0.6177,-1,-1,-1
620,148,277.18,0.00,223.39,478.86,0.9309,-1,-1,-1
621,170,259.08,102.66,66.47,263.23,0.8228,-1,-1,-1
621,169,238.13,134.12,38.61,174.71,0.7829,-1,-1,-1
621,168,92.47,141.10,63.53,160.38,0.8615,-1,-1,-1
621,167,170.91,104.34,71.20,265.20,0.8507,-1,-1,-1
621,162,0.17,1.64,103.00,478.28,0.9128,-1,-1,-1
621,148,293.32,0.72,201.51,476.57,0.9361,-1,-1,-1
622,170,265.04,111.12,59.77,265.48,0.8244,-1,-1,-1
622,169,243.12,142.42,34.41,171.17,0.7512,-1,-1,-1
622,168,93.39,143.67,61.18,161.43,0.8375,-1,-1,-1
622,167,175.36,113.02,71.01,266.18,0.8762,-1,-1,-1
622,162,0.14,1.12,116.27,477.59,0.9207,-1,-1,-1
622,148,310.43,0.82,188.46,479.18,0.9401,-1,-1,-1
623,170,262.58,117.84,61.91,264.67,0.8430,-1,-1,-1
623,169,240.82,151.97,31.79,164.91,0.7888,-1,-1,-1
623,168,94.09,142.86,53.78,143.83,0.7945,-1,-1,-1
623,167,172.30,118.67,72.80,267.35,0.8681,-1,-1,-1
623,162,0.15,3.95,119.63,473.53,0.8620,-1,-1,-1
623,148,310.19,0.97,186.55,479.03,0.9450,-1,-1,-1
624,170,258.03,119.25,68.84,263.44,0.8382,-1,-1,-1
624,169,239.88,152.30,31.47,165.96,0.3831,-1,-1,-1
624,168,89.58,120.06,47.79,144.77,0.4934,-1,-1,-1
624,167,166.67,122.90,78.42,265.81,0.8503,-1,-1,-1
624,162,0.15,1.63,116.29,478.37,0.6816,-1,-1,-1
624,148,305.91,0.00,187.49,480.00,0.9452,-1,-1,-1
625,170,246.91,115.54,79.79,252.84,0.8615,-1,-1,-1
625,167,164.77,116.98,84.27,267.70,0.8256,-1,-1,-1
625,162,0.00,71.16,87.42,406.58,0.7443,-1,-1,-1
625,148,306.32,0.00,188.85,480.00,0.9473,-1,-1,-1
626,170,251.71,110.22,75.20,252.76,0.8827,-1,-1,-1
626,167,156.80,113.62,100.45,266.31,0.8305,-1,-1,-1
626,162,0.00,52.32,93.23,425.77,0.6565,-1,-1,-1
626,154,0.17,0.63,138.34,467.05,0.5660,-1,-1,-1
626,148,308.64,0.00,198.21,480.00,0.9425,-1,-1,-1
627,170,256.69,105.48,69.81,257.70,0.8824,-1,-1,-1
627,167,173.84,105.47,83.36,258.07,0.7939,-1,-1,-1
627,154,0.00,0.69,145.47,472.17,0.6502,-1,-1,-1
627,148,311.16,0.00,213.09,478.47,0.9468,-1,-1,-1
628,170,258.49,103.54,74.64,259.60,0.9096,-1,-1,-1
628,167,177.95,99.82,81.71,259.28,0.7950,-1,-1,-1
628,162,0.13,5.65,104.36,474.35,0.3969,-1,-1,-1
628,154,0.00,2.02,153.62,472.77,0.6628,-1,-1,-1
628,148,318.69,0.00,230.87,477.20,0.9256,-1,-1,-1
629,170,267.84,112.12,76.05,256.96,0.8623,-1,-1,-1
629,167,187.35,107.29,81.17,264.31,0.8748,-1,-1,-1
629,162,0.34,20.30,118.67,457.24,0.4360,-1,-1,-1
629,154,0.18,0.27,166.11,342.53,0.4746,-1,-1,-1
629,148,329.31,0.16,254.54,477.03,0.9288,-1,-1,-1
630,171,161.81,134.60,53.90,180.38,0.6931,-1,-1,-1
630,170,276.30,113.57,77.05,259.22,0.4488,-1,-1,-1
630,167,190.78,114.22,89.60,261.89,0.8291,-1,-1,-1
630,162,0.00,1.18,179.75,478.82,0.8262,-1,-1,-1
630,148,342.55,0.00,269.07,480.00,0.9239,-1,-1,-1
631,171,168.31,131.25,57.21,190.49,0.6584,-1,-1,-1
631,170,286.58,114.32,77.11,251.61,0.8461,-1,-1,-1
631,167,216.63,116.09,71.16,262.11,0.8141,-1,-1,-1
631,162,0.34,0.67,194.34,478.83,0.8951,-1,-1,-1
631,148,354.13,0.00,272.21,475.35,0.9195,-1,-1,-1
632,171,175.11,131.94,52.09,131.98,0.3698,-1,-1,-1
632,170,290.10,116.04,76.59,242.82,0.8953,-1,-1,-1
632,167,223.96,118.21,64.22,260.39,0.9049,-1,-1,-1
632,162,1.97,0.52,196.73,479.38,0.9296,-1,-1,-1
632,148,366.28,0.04,263.37,477.16,0.9436,-1,-1,-1
633,171,177.25,129.68,51.56,247.02,0.3702,-1,-1,-1
633,170,298.80,114.57,74.21,247.30,0.8915,-1,-1,-1
633,167,230.58,116.61,62.69,253.47,0.8940,-1,-1,-1
633,165,0.15,91.76,47.10,254.91,0.6121,-1,-1,-1
633,162,22.44,0.35,188.16,479.65,0.8915,-1,-1,-1
633,148,384.67,0.00,255.25,480.00,0.9269,-1,-1,-1
634,170,306.98,113.74,72.76,247.97,0.8906,-1,-1,-1
634,167,235.85,112.02,65.38,252.70,0.8628,-1,-1,-1
634,165,0.31,65.22,56.58,314.30,0.7958,-1,-1,-1
634,162,34.61,3.77,177.24,476.23,0.8237,-1,-1,-1
634,148,401.81,0.00,237.72,476.75,0.9360,-1,-1,-1
635,170,316.03,116.47,71.66,248.13,0.8600,-1,-1,-1
635,167,242.09,114.71,64.51,248.31,0.8583,-1,-1,-1
635,162,36.54,0.68,199.77,476.79,0.9230,-1,-1,-1
635,148,417.48,0.00,221.96,479.78,0.9322,-1,-1,-1
636,170,314.83,116.14,70.80,244.12,0.8599,-1,-1,-1
636,167,234.58,117.54,70.94,246.22,0.8285,-1,-1,-1
636,162,33.20,1.62,209.72,476.96,0.9093,-1,-1,-1
636,148,417.67,0.33,222.30,478.17,0.9375,-1,-1,-1
637,172,291.61,140.34,35.75,164.89,0.6496,-1,-1,-1
637,170,314.94,115.12,69.46,240.35,0.8356,-1,-1,-1
637,167,244.17,119.70,61.13,240.55,0.8364,-1,-1,-1
637,162,49.75,1.53,195.94,477.36,0.8091,-1,-1,-1
637,148,418.68,0.80,221.32,479.20,0.9427,-1,-1,-1
638,170,313.01,112.43,71.37,234.90,0.8022,-1,-1,-1
638,167,248.42,117.53,58.75,228.60,0.8636,-1,-1,-1
638,162,63.44,0.10,188.26,479.90,0.9125,-1,-1,-1
638,148,416.51,1.24,223.49,478.35,0.9330,-1,-1,-1
639,172,290.65,136.22,37.45,161.47,0.3753,-1,-1,-1
639,170,310.21,111.25,72.75,238.46,0.8539,-1,-1,-1
639,167,249.30,115.06,56.85,232.46,0.8887,-1,-1,-1
639,162,68.84,0.67,179.26,479.33,0.8833,-1,-1,-1
639,148,400.44,1.43,239.38,478.57,0.9026,-1,-1,-1
640,170,303.41,112.55,77.99,239.12,0.4414,-1,-1,-1
640,167,243.71,113.63,60.67,236.56,0.8803,-1,-1,-1
640,154,20.24,0.75,223.66,479.25,0.8800,-1,-1,-1
640,148,405.23,1.10,234.77,478.90,0.9231,-1,-1,-1
641,173,297.05,118.29,75.63,236.74,0.8633,-1,-1,-1
641,167,238.53,118.53,61.57,237.59,0.8184,-1,-1,-1
641,165,1.12,63.09,122.98,343.86,0.6840,-1,-1,-1
641,154,20.43,0.78,221.82,475.05,0.8720,-1,-1,-1
641,148,414.67,0.73,225.33,477.93,0.9424,-1,-1,-1
642,173,293.57,120.45,77.00,235.52,0.8682,-1,-1,-1
642,172,272.17,140.72,39.82,159.55,0.3153,-1,-1,-1
642,167,236.85,122.73,61.01,238.83,0.8153,-1,-1,-1
642,165,7.83,50.19,81.93,323.63,0.5200,-1,-1,-1
642,164,7.27,49.53,89.45,335.14,0.3450,-1,-1,-1
642,154,20.70,0.00,219.47,479.01,0.9146,-1,-1,-1
642,148,404.87,0.48,232.92,479.52,0.9393,-1,-1,-1
643,173,293.89,119.56,75.06,234.47,0.8350,-1,-1,-1
643,172,270.78,141.97,37.26,161.13,0.4837,-1,-1,-1
643,167,234.77,122.71,60.76,237.28,0.7662,-1,-1,-1
643,165,0.03,29.71,82.14,376.93,0.7917,-1,-1,-1
643,154,35.03,1.60,202.33,478.40,0.8440,-1,-1,-1
643,148,400.61,0.65,235.56,479.35,0.9408,-1,-1,-1
644,173,292.91,122.45,72.38,227.85,0.8497,-1,-1,-1
644,172,275.55,150.35,28.24,154.86,0.5071,-1,-1,-1
644,167,219.11,127.11,68.85,235.44,0.6726,-1,-1,-1
644,165,0.28,34.21,53.93,252.51,0.6365,-1,-1,-1
644,154,17.96,6.47,211.95,473.53,0.9348,-1,-1,-1
644,148,396.96,1.06,238.71,478.94,0.9515,-1,-1,-1
645,173,289.90,119.89,69.05,230.50,0.8738,-1,-1,-1
645,172,270.22,144.26,28.46,160.96,0.3999,-1,-1,-1
645,167,222.22,125.53,57.96,229.47,0.7097,-1,-1,-1
645,154,42.81,0.38,181.85,479.62,0.9146,-1,-1,-1
645,148,393.11,0.58,246.22,478.10,0.9499,-1,-1,-1
646,173,285.19,121.68,66.81,232.08,0.7986,-1,-1,-1
646,167,220.83,125.03,54.48,208.02,0.7575,-1,-1,-1
646,154,63.90,0.05,159.46,479.95,0.9313,-1,-1,-1
646,148,388.94,0.00,250.85,475.45,0.9207,-1,-1,-1
647,173,280.28,125.36,66.64,230.17,0.8550,-1,-1,-1
647,172,255.28,149.93,33.45,155.94,0.7662,-1,-1,-1
647,167,219.16,124.61,52.01,194.70,0.8735,-1,-1,-1
647,154,66.60,0.00,156.47,480.00,0.9335,-1,-1,-1
647,148,387.31,0.23,252.50,476.81,0.9313,-1,-1,-1
648,173,279.96,129.80,65.68,228.17,0.8406,-1,-1,-1
648,172,254.91,151.57,33.93,152.72,0.6805,-1,-1,-1
648,167,218.05,131.02,51.26,192.46,0.8275,-1,-1,-1
648,154,66.67,0.50,155.70,479.50,0.9340,-1,-1,-1
648,148,388.72,0.66,251.02,477.71,0.9350,-1,-1,-1
649,173,278.42,132.60,66.34,226.92,0.8301,-1,-1,-1
649,172,255.34,155.42,32.26,149.01,0.6711,-1,-1,-1
649,167,217.52,141.28,52.75,200.77,0.8361,-1,-1,-1
649,154,63.45,3.66,156.99,476.34,0.9347,-1,-1,-1
649,148,389.04,0.74,250.83,479.26,0.9398,-1,-1,-1
650,173,274.67,130.20,69.04,222.05,0.8396,-1,-1,-1
650,167,215.15,139.55,54.50,204.39,0.8768,-1,-1,-1
650,154,57.04,7.53,162.51,472.32,0.9389,-1,-1,-1
650,148,388.96,0.08,250.64,479.02,0.9409,-1,-1,-1
651,173,258.31,121.83,77.51,219.82,0.8458,-1,-1,-1
651,167,205.50,125.52,57.66,219.57,0.8303,-1,-1,-1
651,154,35.80,0.47,174.32,479.53,0.9355,-1,-1,-1
651,148,388.46,0.01,251.08,479.36,0.9236,-1,-1,-1
652,173,257.66,126.67,75.99,222.09,0.8643,-1,-1,-1
652,167,204.48,128.66,58.62,220.80,0.8809,-1,-1,-1
652,154,37.49,1.94,173.32,477.44,0.9310,-1,-1,-1
652,148,391.38,0.00,247.78,477.71,0.9291,-1,-1,-1
653,173,259.07,134.60,72.04,224.10,0.8714,-1,-1,-1
653,167,204.41,135.71,57.69,221.49,0.8774,-1,-1,-1
653,154,42.46,5.66,169.99,474.34,0.9319,-1,-1,-1
653,148,394.03,0.00,245.28,476.86,0.9211,-1,-1,-1
654,173,260.04,130.08,69.88,224.01,0.8499,-1,-1,-1
654,167,201.36,132.85,58.32,220.89,0.8557,-1,-1,-1
654,154,33.72,0.05,179.39,479.95,0.9268,-1,-1,-1
654,148,393.93,0.27,245.04,478.74,0.9293,-1,-1,-1
655,173,263.29,131.13,69.19,223.56,0.8824,-1,-1,-1
655,167,193.18,134.41,67.82,220.63,0.9075,-1,-1,-1
655,154,19.73,0.00,196.32,480.00,0.9220,-1,-1,-1
655,148,391.97,0.02,244.36,478.89,0.9428,-1,-1,-1
656,173,266.66,129.62,66.42,220.26,0.8642,-1,-1,-1
656,167,203.12,134.41,57.11,219.90,0.8190,-1,-1,-1
656,154,10.16,0.89,208.86,479.11,0.9360,-1,-1,-1
656,148,388.68,0.31,247.35,479.69,0.9308,-1,-1,-1
657,173,272.39,120.60,69.05,214.65,0.8964,-1,-1,-1
657,167,213.98,125.51,51.10,207.07,0.4448,-1,-1,-1
657,154,15.47,5.58,207.50,472.34,0.9460,-1,-1,-1
657,148,372.47,0.72,265.51,476.71,0.9220,-1,-1,-1
658,173,276.53,119.07,68.22,214.97,0.8815,-1,-1,-1
658,167,217.49,124.18,51.71,206.97,0.7657,-1,-1,-1
658,154,29.90,9.57,196.30,469.02,0.9282,-1,-1,-1
658,148,381.15,0.78,254.93,476.37,0.9176,-1,-1,-1
659,173,281.78,119.58,68.05,217.90,0.8390,-1,-1,-1
659,167,218.95,126.32,56.16,199.64,0.7499,-1,-1,-1
659,154,61.80,9.00,165.64,471.00,0.9302,-1,-1,-1
659,148,384.94,0.08,240.47,479.05,0.9303,-1,-1,-1
660,176,208.96,135.29,59.74,189.74,0.8486,-1,-1,-1
660,173,275.93,130.33,68.70,213.98,0.8796,-1,-1,-1
660,154,79.03,9.10,143.09,470.90,0.9125,-1,-1,-1
660,148,388.13,0.75,238.12,479.25,0.9317,-1,-1,-1
661,176,208.90,136.74,60.83,190.78,0.6683,-1,-1,-1
661,173,275.45,130.91,68.21,209.77,0.8640,-1,-1,-1
661,154,86.02,4.01,139.59,474.92,0.9123,-1,-1,-1
661,148,391.02,0.67,240.30,476.75,0.9418,-1,-1,-1
662,173,275.35,133.09,66.19,211.56,0.8740,-1,-1,-1
662,167,219.02,138.47,51.22,160.95,0.5899,-1,-1,-1
662,154,88.21,2.39,138.12,477.61,0.9064,-1,-1,-1
662,148,388.25,0.24,250.95,478.37,0.9025,-1,-1,-1
663,174,34.96,127.68,70.70,213.77,0.8510,-1,-1,-1
663,173,275.40,131.20,66.58,205.61,0.8582,-1,-1,-1
663,167,222.95,137.28,52.73,158.94,0.6458,-1,-1,-1
663,154,89.34,5.82,145.21,474.18,0.9051,-1,-1,-1
663,148,391.71,0.70,247.90,479.21,0.8910,-1,-1,-1
664,173,274.53,131.51,68.43,203.84,0.8819,-1,-1,-1
664,167,223.05,136.17,53.00,157.21,0.7485,-1,-1,-1
664,164,3.19,124.47,98.85,220.09,0.7882,-1,-1,-1
664,154,89.41,8.62,139.77,439.98,0.9104,-1,-1,-1
664,148,392.22,0.57,247.78,479.31,0.9296,-1,-1,-1
665,177,82.63,151.56,32.64,185.43,0.5327,-1,-1,-1
665,173,278.42,128.33,68.04,204.92,0.8349,-1,-1,-1
665,167,224.82,132.43,54.22,161.64,0.8685,-1,-1,-1
665,164,5.40,112.99,85.91,232.37,0.8646,-1,-1,-1
665,154,94.60,16.71,137.82,462.85,0.8954,-1,-1,-1
665,148,402.39,0.13,237.61,479.87,0.9241,-1,-1,-1
666,177,80.69,160.05,35.20,176.56,0.4874,-1,-1,-1
666,173,278.10,126.29,66.83,207.14,0.8488,-1,-1,-1
666,167,226.04,131.20,53.74,164.28,0.8867,-1,-1,-1
666,164,2.41,105.90,84.63,239.10,0.9132,-1,-1,-1
666,154,95.80,15.38,139.24,463.44,0.8995,-1,-1,-1
666,148,411.86,0.40,228.14,479.60,0.8862,-1,-1,-1
667,177,75.89,95.84,47.80,243.26,0.7504,-1,-1,-1
667,173,279.87,127.51,66.35,207.04,0.8476,-1,-1,-1
667,167,234.21,133.18,45.82,160.01,0.8111,-1,-1,-1
667,164,0.00,97.45,83.28,250.48,0.9172,-1,-1,-1
667,154,98.42,10.48,134.48,468.44,0.9238,-1,-1,-1
667,148,433.62,0.95,206.38,479.05,0.8996,-1,-1,-1
668,177,69.61,95.27,52.79,260.80,0.8337,-1,-1,-1
668,173,284.69,130.49,66.97,206.01,0.8291,-1,-1,-1
668,167,235.39,137.32,50.12,166.40,0.8442,-1,-1,-1
668,164,0.28,96.12,75.77,260.12,0.8903,-1,-1,-1
668,154,111.17,13.37,131.94,466.63,0.9072,-1,-1,-1
668,148,449.37,0.85,190.52,479.15,0.9319,-1,-1,-1
669,179,381.69,99.69,99.84,270.46,0.7941,-1,-1,-1
669,177,61.29,89.34,58.71,268.39,0.8321,-1,-1,-1
669,173,288.60,124.83,65.37,197.93,0.8210,-1,-1,-1
669,167,231.90,131.12,56.93,157.50,0.6832,-1,-1,-1
669,164,0.23,89.52,64.30,264.99,0.8787,-1,-1,-1
669,154,92.03,4.15,153.77,451.63,0.9204,-1,-1,-1
669,148,457.83,0.69,182.04,478.58,0.9378,-1,-1,-1
670,179,402.75,103.21,86.87,263.74,0.8693,-1,-1,-1
670,177,49.22,83.27,72.79,285.88,0.7515,-1,-1,-1
670,173,290.31,124.19,65.53,197.51,0.8529,-1,-1,-1
670,172,234.42,129.12,55.60,191.91,0.5570,-1,-1,-1
670,167,234.33,129.27,55.42,194.07,0.5954,-1,-1,-1
670,164,0.18,92.04,53.44,267.27,0.8623,-1,-1,-1
670,154,87.38,6.06,164.87,462.53,0.9212,-1,-1,-1
670,148,463.07,0.40,176.87,479.60,0.9360,-1,-1,-1
671,179,393.91,112.03,93.95,268.78,0.8291,-1,-1,-1
671,177,37.15,84.55,83.98,307.51,0.8515,-1,-1,-1
671,173,290.41,131.28,66.40,199.27,0.8775,-1,-1,-1
671,167,244.03,136.62,47.78,188.93,0.8437,-1,-1,-1
671,164,0.12,119.23,44.63,251.48,0.8203,-1,-1,-1
671,154,74.09,18.59,181.19,455.03,0.9091,-1,-1,-1
671,148,464.95,1.22,175.01,477.35,0.9244,-1,-1,-1
672,179,399.71,126.42,85.43,271.88,0.8755,-1,-1,-1
672,177,20.71,83.50,98.78,329.87,0.8956,-1,-1,-1
672,173,291.83,142.30,63.88,200.66,0.8754,-1,-1,-1
672,167,248.89,149.37,42.93,184.56,0.8149,-1,-1,-1
672,164,0.00,130.24,25.50,256.31,0.6366,-1,-1,-1
672,154,102.72,39.01,150.73,440.56,0.8273,-1,-1,-1
672,148,467.84,1.83,171.82,478.17,0.9243,-1,-1,-1
673,179,403.68,111.57,89.65,274.64,0.8937,-1,-1,-1
673,177,0.41,58.66,117.36,351.71,0.8820,-1,-1,-1
673,173,295.15,133.81,63.27,198.64,0.8446,-1,-1,-1
673,167,253.56,140.50,42.65,179.59,0.8509,-1,-1,-1
673,154,112.11,30.63,141.81,449.37,0.9138,-1,-1,-1
673,148,453.00,1.94,186.74,478.06,0.9094,-1,-1,-1
674,179,400.07,102.60,82.12,268.87,0.8455,-1,-1,-1
674,177,0.03,38.36,113.00,375.19,0.9257,-1,-1,-1
674,173,292.54,127.33,59.57,196.41,0.9057,-1,-1,-1
674,167,248.52,135.58,46.72,183.24,0.8735,-1,-1,-1
674,154,87.76,23.06,156.07,456.94,0.8540,-1,-1,-1
674,148,461.97,1.41,177.81,478.59,0.9309,-1,-1,-1
675,179,394.09,108.85,80.93,265.88,0.8596,-1,-1,-1
675,177,0.09,29.39,89.62,395.06,0.9053,-1,-1,-1
675,173,287.87,135.45,57.99,188.23,0.8888,-1,-1,-1
675,167,239.64,139.93,50.43,183.80,0.7749,-1,-1,-1
675,154,97.29,21.93,139.33,458.07,0.9124,-1,-1,-1
675,148,484.29,1.09,155.42,478.91,0.9356,-1,-1,-1
676,179,382.97,115.03,89.11,266.16,0.8091,-1,-1,-1
676,177,0.12,18.89,71.26,411.85,0.3247,-1,-1,-1
676,173,282.69,139.14,57.79,188.65,0.8513,-1,-1,-1
676,167,240.02,141.89,45.29,186.93,0.8762,-1,-1,-1
676,154,96.77,22.86,140.69,448.10,0.9259,-1,-1,-1
676,148,471.11,1.20,168.67,478.80,0.8475,-1,-1,-1
677,180,0.05,27.77,51.69,407.78,0.6265,-1,-1,-1
677,179,388.35,115.39,86.34,270.09,0.8248,-1,-1,-1
677,177,0.09,26.28,51.49,406.08,0.3849,-1,-1,-1
677,173,285.17,138.00,57.59,190.71,0.8536,-1,-1,-1
677,167,240.76,141.64,47.30,183.75,0.8785,-1,-1,-1
677,154,95.17,19.19,147.84,449.70,0.9175,-1,-1,-1
677,148,475.67,1.45,164.06,478.55,0.9287,-1,-1,-1
678,179,386.31,112.97,87.80,274.98,0.8661,-1,-1,-1
678,173,281.20,136.15,60.11,192.09,0.6868,-1,-1,-1
678,167,240.03,140.64,43.50,184.89,0.8538,-1,-1,-1
678,154,104.94,17.10,134.89,458.28,0.9103,-1,-1,-1
678,148,472.42,0.48,167.41,479.52,0.9297,-1,-1,-1
679,181,79.32,161.36,45.63,158.19,0.5618,-1,-1,-1
679,179,381.21,118.40,93.47,274.87,0.8287,-1,-1,-1
679,173,280.94,142.47,59.64,191.87,0.6229,-1,-1,-1
679,167,236.51,148.09,46.76,198.54,0.8208,-1,-1,-1
679,154,107.27,28.95,129.52,451.05,0.8839,-1,-1,-1
679,148,468.56,0.72,171.23,479.28,0.9188,-1,-1,-1
680,182,279.94,144.65,59.92,192.84,0.5031,-1,-1,-1
680,181,74.40,156.98,51.75,169.80,0.6970,-1,-1,-1
680,179,379.34,120.29,94.88,279.23,0.8253,-1,-1,-1
680,173,281.14,145.29,59.60,193.93,0.3881,-1,-1,-1
680,167,238.35,152.04,45.32,194.34,0.7705,-1,-1,-1
680,154,105.19,38.59,133.51,415.26,0.8969,-1,-1,-1
680,148,467.60,0.83,172.31,479.17,0.9223,-1,-1,-1
681,181,61.03,132.35,59.37,198.64,0.7937,-1,-1,-1
681,179,375.66,117.21,92.14,280.89,0.8752,-1,-1,-1
681,173,275.69,143.08,61.92,186.11,0.8899,-1,-1,-1
681,167,234.93,149.82,44.94,179.69,0.8467,-1,-1,-1
681,154,103.72,41.67,132.15,431.25,0.8841,-1,-1,-1
681,148,468.10,0.96,171.72,479.04,0.9285,-1,-1,-1
682,181,47.92,127.97,70.27,210.94,0.8134,-1,-1,-1
682,179,370.89,113.58,91.48,272.41,0.8604,-1,-1,-1
682,173,275.91,140.16,59.40,188.15,0.9158,-1,-1,-1
682,172,229.17,145.85,48.21,182.40,0.8925,-1,-1,-1
682,154,97.15,36.53,138.88,443.06,0.9134,-1,-1,-1
682,148,474.58,1.01,165.29,477.94,0.9179,-1,-1,-1
683,182,275.54,140.81,58.81,185.34,0.9190,-1,-1,-1
683,181,44.13,125.49,68.47,225.80,0.8112,-1,-1,-1
683,179,349.72,112.32,102.41,274.61,0.7669,-1,-1,-1
683,167,234.68,146.40,41.49,181.33,0.8632,-1,-1,-1
683,154,98.40,35.62,141.82,444.38,0.9176,-1,-1,-1
683,148,481.13,1.75,158.65,477.94,0.9312,-1,-1,-1
684,181,32.29,113.32,78.94,242.38,0.7972,-1,-1,-1
684,179,354.42,108.64,97.23,280.46,0.7974,-1,-1,-1
684,173,272.10,138.85,62.22,188.66,0.9098,-1,-1,-1
684,167,226.80,143.62,47.30,183.28,0.7957,-1,-1,-1
684,154,93.18,26.14,144.79,440.11,0.8848,-1,-1,-1
684,148,490.06,0.98,149.70,479.02,0.9354,-1,-1,-1
685,181,15.08,106.55,93.86,250.16,0.5774,-1,-1,-1
685,179,347.26,110.26,105.11,281.29,0.8258,-1,-1,-1
685,173,273.52,137.34,61.51,188.85,0.9054,-1,-1,-1
685,172,210.27,141.43,65.09,204.43,0.6033,-1,-1,-1
685,154,81.84,23.85,157.11,444.16,0.9194,-1,-1,-1
685,148,495.19,0.95,144.59,479.05,0.9322,-1,-1,-1
686,181,13.81,92.28,86.32,266.37,0.7933,-1,-1,-1
686,179,359.28,108.94,90.71,285.44,0.8301,-1,-1,-1
686,173,271.76,135.63,59.80,188.75,0.8808,-1,-1,-1
686,167,231.33,143.61,40.24,185.91,0.3878,-1,-1,-1
686,154,76.18,26.18,160.91,453.82,0.9269,-1,-1,-1
686,148,495.36,0.74,144.38,478.97,0.9165,-1,-1,-1
687,181,0.00,82.21,90.27,280.58,0.9080,-1,-1,-1
687,179,360.96,108.05,89.83,289.04,0.8919,-1,-1,-1
687,173,272.83,137.28,58.13,183.08,0.8516,-1,-1,-1
687,167,233.93,143.35,42.77,142.13,0.6331,-1,-1,-1
687,154,78.14,31.65,159.10,448.35,0.9220,-1,-1,-1
687,148,496.31,1.16,143.44,478.84,0.9287,-1,-1,-1
688,182,266.49,131.48,56.83,184.71,0.7579,-1,-1,-1
688,181,0.00,72.89,81.08,290.09,0.8714,-1,-1,-1
688,179,358.08,103.59,93.30,287.64,0.8974,-1,-1,-1
688,167,229.82,138.29,37.75,140.04,0.6415,-1,-1,-1
688,154,63.89,31.83,167.46,448.17,0.9289,-1,-1,-1
688,148,491.35,1.23,148.42,478.77,0.9430,-1,-1,-1
689,186,305.15,151.04,45.67,137.91,0.6908,-1,-1,-1
689,181,0.12,68.49,70.50,295.59,0.8141,-1,-1,-1
689,179,358.19,105.01,89.44,281.13,0.8676,-1,-1,-1
689,173,264.49,132.76,58.49,185.46,0.8674,-1,-1,-1
689,167,225.68,140.90,40.89,176.21,0.7949,-1,-1,-1
689,154,92.29,33.27,136.43,446.73,0.8989,-1,-1,-1
689,148,474.57,1.17,165.34,477.81,0.9213,-1,-1,-1
690,186,306.92,152.17,50.69,138.64,0.7776,-1,-1,-1
690,181,0.20,80.06,63.17,294.88,0.3586,-1,-1,-1
690,179,357.57,102.49,85.14,278.41,0.8749,-1,-1,-1
690,173,262.18,132.58,58.34,186.68,0.8731,-1,-1,-1
690,167,217.57,140.56,47.70,180.24,0.7984,-1,-1,-1
690,154,82.07,30.86,145.39,449.14,0.9139,-1,-1,-1
690,148,438.40,0.88,201.53,479.06,0.8839,-1,-1,-1
691,186,308.11,154.13,48.70,138.95,0.8613,-1,-1,-1
691,185,454.57,102.54,74.46,150.33,0.3127,-1,-1,-1
691,182,260.45,136.91,59.65,188.76,0.8958,-1,-1,-1
691,181,0.13,90.78,53.76,297.12,0.4338,-1,-1,-1
691,179,351.62,102.14,88.85,284.04,0.8560,-1,-1,-1
691,177,0.04,90.37,52.19,180.54,0.6574,-1,-1,-1
691,174,54.15,136.28,54.31,179.80,0.7327,-1,-1,-1
691,167,217.24,144.50,46.68,137.42,0.4366,-1,-1,-1
691,154,105.07,30.15,126.22,442.80,0.9178,-1,-1,-1
691,148,449.64,1.68,190.28,478.32,0.8932,-1,-1,-1
692,186,309.95,152.33,50.38,142.52,0.8770,-1,-1,-1
692,182,259.66,140.61,59.77,186.77,0.9072,-1,-1,-1
692,179,352.75,103.54,87.32,286.88,0.8831,-1,-1,-1
692,177,0.05,87.67,41.05,194.80,0.4675,-1,-1,-1
692,174,51.95,136.02,63.05,181.74,0.6281,-1,-1,-1
692,167,226.81,146.77,35.20,121.65,0.4839,-1,-1,-1
692,154,108.99,29.65,125.18,434.13,0.9337,-1,-1,-1
692,148,500.66,1.54,139.12,478.46,0.8918,-1,-1,-1
693,186,316.79,145.26,48.61,146.91,0.7291,-1,-1,-1
693,179,352.02,100.90,97.20,289.18,0.8243,-1,-1,-1
693,177,0.18,109.17,40.00,205.01,0.3209,-1,-1,-1
693,174,39.57,128.68,71.13,192.80,0.7694,-1,-1,-1
693,173,261.97,132.52,60.28,186.17,0.8816,-1,-1,-1
693,167,229.02,141.29,35.69,116.45,0.3382,-1,-1,-1
693,154,114.45,24.02,127.34,446.41,0.9205,-1,-1,-1
693,148,502.89,1.18,136.90,477.89,0.9195,-1,-1,-1
694,186,317.89,136.60,45.37,123.91,0.5342,-1,-1,-1
694,179,349.78,95.50,93.08,291.77,0.8254,-1,-1,-1
694,174,19.87,124.33,81.95,196.75,0.3052,-1,-1,-1
694,173,261.17,129.28,61.35,180.99,0.8863,-1,-1,-1
694,167,225.82,137.81,38.14,135.53,0.4513,-1,-1,-1
694,154,120.15,24.31,118.02,450.12,0.9095,-1,-1,-1
694,148,423.02,1.02,216.74,474.90,0.8849,-1,-1,-1
695,187,93.32,139.89,42.85,151.10,0.8351,-1,-1,-1
695,186,317.63,133.69,50.80,109.36,0.4517,-1,-1,-1
695,179,337.50,94.35,98.94,292.88,0.7696,-1,-1,-1
695,174,10.99,120.29,79.94,210.74,0.8806,-1,-1,-1
695,173,260.48,127.90,60.87,177.49,0.9027,-1,-1,-1
695,154,122.81,27.53,134.29,452.47,0.8724,-1,-1,-1
695,148,429.80,0.76,210.03,476.27,0.9047,-1,-1,-1
696,187,93.43,143.81,43.10,155.26,0.8552,-1,-1,-1
696,179,342.39,98.07,92.09,289.31,0.8266,-1,-1,-1
696,174,7.17,116.01,78.04,224.36,0.8469,-1,-1,-1
696,173,264.04,132.97,59.10,181.15,0.8199,-1,-1,-1
696,154,121.65,39.74,140.41,437.42,0.8950,-1,-1,-1
696,148,448.27,0.57,191.63,478.86,0.8849,-1,-1,-1
697,187,93.00,142.59,42.84,158.74,0.8220,-1,-1,-1
697,179,345.30,96.80,87.15,281.52,0.8707,-1,-1,-1
697,174,4.47,115.04,74.86,227.27,0.8155,-1,-1,-1
697,173,265.88,133.70,59.64,182.29,0.8654,-1,-1,-1
697,154,126.35,41.34,137.88,436.26,0.9117,-1,-1,-1
697,148,473.80,0.87,166.14,479.13,0.9175,-1,-1,-1
698,187,85.21,138.94,45.28,158.16,0.5747,-1,-1,-1
698,179,330.83,92.21,97.37,284.98,0.8573,-1,-1,-1
698,174,0.02,105.45,76.19,238.85,0.8141,-1,-1,-1
698,173,265.44,135.75,58.68,178.90,0.8582,-1,-1,-1
698,154,141.19,33.17,125.85,432.45,0.9201,-1,-1,-1
698,148,462.93,0.29,177.04,479.65,0.9140,-1,-1,-1
699,189,102.94,169.86,50.61,185.84,0.8010,-1,-1,-1
699,187,82.59,144.22,41.15,148.76,0.5989,-1,-1,-1
699,179,334.53,98.09,91.50,288.12,0.8548,-1,-1,-1
699,174,0.20,108.00,72.27,244.88,0.8546,-1,-1,-1
699,173,268.05,140.95,53.71,179.37,0.8825,-1,-1,-1
699,154,144.75,38.60,125.07,411.22,0.9329,-1,-1,-1
699,148,457.83,0.64,182.09,479.36,0.9238,-1,-1,-1
700,189,90.17,172.96,59.46,199.50,0.3571,-1,-1,-1
700,187,83.41,149.57,41.25,90.13,0.3623,-1,-1,-1
700,183,44.33,165.42,38.40,115.07,0.4787,-1,-1,-1
700,179,333.72,107.27,89.73,291.25,0.8792,-1,-1,-1
700,174,0.13,110.33,64.02,262.69,0.7606,-1,-1,-1
700,173,273.62,147.62,49.23,174.04,0.8592,-1,-1,-1
700,154,131.49,45.34,144.49,413.79,0.9111,-1,-1,-1
700,148,457.00,0.97,182.96,479.03,0.9269,-1,-1,-1
701,189,75.16,160.07,64.64,200.93,0.5246,-1,-1,-1
701,188,28.04,151.78,42.73,154.28,0.7690,-1,-1,-1
701,179,326.90,101.04,91.20,293.46,0.8795,-1,-1,-1
701,173,272.85,137.94,45.80,160.45,0.8489,-1,-1,-1
701,154,129.39,36.61,150.44,423.67,0.9115,-1,-1,-1
701,148,458.19,1.50,181.70,478.15,0.9388,-1,-1,-1
702,190,114.35,127.79,51.46,213.23,0.5242,-1,-1,-1
702,189,62.01,154.80,65.24,223.62,0.5097,-1,-1,-1
702,188,13.28,146.55,54.72,160.18,0.7232,-1,-1,-1
702,179,308.13,100.27,112.16,296.52,0.8573,-1,-1,-1
702,173,268.87,137.44,47.09,156.79,0.8660,-1,-1,-1
702,154,125.27,40.99,153.72,430.34,0.9071,-1,-1,-1
702,148,449.80,1.51,189.98,476.65,0.9456,-1,-1,-1
703,191,111.26,125.76,50.12,218.47,0.5781,-1,-1,-1
703,189,46.29,156.04,75.46,238.17,0.8608,-1,-1,-1
703,188,4.15,150.34,57.91,157.28,0.7997,-1,-1,-1
703,179,317.98,102.20,91.67,293.63,0.8755,-1,-1,-1
703,173,268.83,140.42,45.85,144.39,0.7783,-1,-1,-1
703,154,121.42,48.42,156.67,430.59,0.8964,-1,-1,-1
703,148,439.64,1.83,200.18,476.81,0.9474,-1,-1,-1
704,193,383.39,113.40,67.22,219.74,0.7850,-1,-1,-1
704,190,95.44,120.66,59.91,226.63,0.3805,-1,-1,-1
704,189,27.47,153.30,80.41,253.55,0.7889,-1,-1,-1
704,188,0.22,150.79,54.01,161.70,0.6262,-1,-1,-1
704,179,317.23,101.11,84.02,283.48,0.8953,-1,-1,-1
704,173,264.96,142.39,46.42,164.98,0.7485,-1,-1,-1
704,154,121.96,51.41,152.19,425.67,0.9039,-1,-1,-1
704,148,434.81,1.17,205.00,476.59,0.9430,-1,-1,-1
705,193,381.71,108.74,64.08,223.61,0.6091,-1,-1,-1
705,190,81.59,115.09,67.42,237.83,0.8455,-1,-1,-1
705,189,2.70,147.00,94.39,275.43,0.8139,-1,-1,-1
705,179,310.72,96.08,88.67,281.09,0.8867,-1,-1,-1
705,173,261.25,141.00,47.67,165.47,0.7449,-1,-1,-1
705,154,130.31,47.68,140.21,429.61,0.9188,-1,-1,-1
705,148,426.10,1.09,213.76,477.89,0.9421,-1,-1,-1
706,190,61.28,106.36,82.72,252.93,0.8969,-1,-1,-1
706,189,0.00,142.37,79.67,286.25,0.9314,-1,-1,-1
706,179,301.03,95.30,88.51,284.62,0.8825,-1,-1,-1
706,173,257.21,141.06,45.62,121.88,0.7838,-1,-1,-1
706,154,140.08,41.05,129.10,429.32,0.9151,-1,-1,-1
706,148,414.04,1.39,225.96,477.19,0.9388,-1,-1,-1
707,193,374.59,103.00,60.62,239.96,0.5568,-1,-1,-1
707,190,39.51,102.99,96.30,268.56,0.8307,-1,-1,-1
707,189,0.45,137.93,63.17,302.70,0.8562,-1,-1,-1
707,179,298.06,99.06,87.50,288.03,0.8889,-1,-1,-1
707,173,255.94,142.16,43.25,112.33,0.6527,-1,-1,-1
707,154,135.83,40.27,130.94,410.05,0.9281,-1,-1,-1
707,148,396.23,1.46,243.77,476.02,0.9214,-1,-1,-1
708,190,10.29,97.65,111.84,278.04,0.7898,-1,-1,-1
708,189,0.20,128.72,42.48,317.09,0.8112,-1,-1,-1
708,179,288.37,100.62,90.96,291.23,0.8539,-1,-1,-1
708,173,252.19,141.39,44.27,114.50,0.6770,-1,-1,-1
708,154,131.31,35.04,129.04,414.65,0.8888,-1,-1,-1
708,148,354.43,1.13,284.70,476.35,0.9097,-1,-1,-1
709,190,0.00,89.41,107.48,361.22,0.7785,-1,-1,-1
709,179,284.06,100.12,91.13,295.40,0.8413,-1,-1,-1
709,173,249.02,139.83,46.20,123.31,0.8042,-1,-1,-1
709,154,128.34,34.22,132.57,421.87,0.9197,-1,-1,-1
709,148,377.92,0.48,254.32,479.52,0.9090,-1,-1,-1
710,190,0.18,78.50,102.36,321.43,0.7648,-1,-1,-1
710,179,276.86,96.65,97.72,297.51,0.8199,-1,-1,-1
710,173,247.98,139.49,46.34,116.78,0.7929,-1,-1,-1
710,154,126.48,37.05,132.20,427.01,0.8942,-1,-1,-1
710,148,333.77,0.00,278.96,478.50,0.9371,-1,-1,-1
711,190,0.15,58.11,97.44,324.18,0.9181,-1,-1,-1
711,179,276.20,90.76,91.28,299.63,0.8164,-1,-1,-1
711,173,246.21,138.42,40.54,116.45,0.6940,-1,-1,-1
711,154,122.57,38.57,132.06,424.24,0.8644,-1,-1,-1
711,148,312.21,0.31,283.67,478.10,0.9098,-1,-1,-1
712,190,0.22,42.48,68.37,368.90,0.8030,-1,-1,-1
712,183,35.59,139.10,56.84,191.92,0.4166,-1,-1,-1
712,179,269.73,87.80,93.07,293.55,0.8325,-1,-1,-1
712,173,243.14,142.69,41.01,112.76,0.6858,-1,-1,-1
712,154,120.60,41.18,130.92,431.82,0.9253,-1,-1,-1
712,148,298.26,0.00,289.02,476.93,0.9250,-1,-1,-1
713,190,0.33,30.01,59.81,412.23,0.7851,-1,-1,-1
713,185,578.02,54.39,61.98,226.31,0.3023,-1,-1,-1
713,183,28.32,99.65,60.72,237.77,0.3032,-1,-1,-1
713,179,266.53,85.85,92.43,293.47,0.8524,-1,-1,-1
713,173,244.40,141.75,36.43,108.18,0.7626,-1,-1,-1
713,154,116.66,36.98,134.22,431.65,0.9329,-1,-1,-1
713,148,337.80,0.00,259.38,475.91,0.9170,-1,-1,-1
714,185,590.13,48.48,49.77,261.98,0.3548,-1,-1,-1
714,183,25.90,91.66,69.18,243.74,0.6194,-1,-1,-1
714,179,268.18,88.74,94.77,296.66,0.8533,-1,-1,-1
714,173,247.79,142.17,36.46,101.88,0.7891,-1,-1,-1
714,154,109.65,35.75,143.31,419.25,0.9279,-1,-1,-1
714,148,331.66,0.22,302.36,478.33,0.9258,-1,-1,-1
715,183,30.37,86.65,72.56,234.65,0.8319,-1,-1,-1
715,179,273.09,90.21,94.33,298.02,0.8564,-1,-1,-1
715,174,0.00,82.92,68.98,252.87,0.7127,-1,-1,-1
715,173,250.77,139.59,37.25,104.87,0.6749,-1,-1,-1
715,154,106.24,31.81,151.24,401.79,0.9311,-1,-1,-1
715,148,330.07,0.20,309.16,476.02,0.9364,-1,-1,-1
716,183,25.80,85.09,81.62,254.33,0.8677,-1,-1,-1
716,179,274.40,92.78,96.66,302.11,0.8727,-1,-1,-1
716,173,255.78,141.70,36.69,102.73,0.7479,-1,-1,-1
716,154,101.27,33.48,159.64,405.46,0.9356,-1,-1,-1
716,148,336.45,0.00,302.83,476.93,0.8932,-1,-1,-1
717,183,8.42,80.29,99.74,264.75,0.9142,-1,-1,-1
717,179,278.58,94.14,100.16,305.91,0.8795,-1,-1,-1
717,173,260.10,142.71,39.99,101.58,0.7723,-1,-1,-1
717,154,98.18,39.49,165.65,407.00,0.9314,-1,-1,-1
717,148,350.40,0.00,288.98,479.17,0.8709,-1,-1,-1
718,183,2.42,78.93,103.85,291.98,0.8997,-1,-1,-1
718,179,288.50,96.64,98.44,303.02,0.8519,-1,-1,-1
718,173,265.48,149.04,38.93,106.77,0.8101,-1,-1,-1
718,154,98.32,50.50,167.90,410.57,0.9360,-1,-1,-1
718,148,369.51,0.60,269.90,476.50,0.9083,-1,-1,-1
719,183,0.90,76.17,112.59,296.23,0.9191,-1,-1,-1
719,179,296.30,140.53,91.02,257.10,0.3382,-1,-1,-1
719,173,272.69,150.67,36.61,107.01,0.7805,-1,-1,-1
719,154,100.92,56.40,160.86,411.24,0.9294,-1,-1,-1
719,148,381.55,0.90,257.77,475.67,0.9301,-1,-1,-1
720,195,255.76,157.89,23.52,96.89,0.4371,-1,-1,-1
720,193,301.41,96.27,89.04,292.01,0.8827,-1,-1,-1
720,183,3.24,72.86,111.73,311.47,0.9136,-1,-1,-1
720,173,276.62,149.63,36.13,116.76,0.7518,-1,-1,-1
720,154,103.68,54.38,160.16,403.67,0.9283,-1,-1,-1
720,148,387.60,0.71,251.55,476.62,0.9305,-1,-1,-1
721,195,242.53,149.16,42.81,123.80,0.6358,-1,-1,-1
721,183,0.00,56.68,110.14,339.60,0.9354,-1,-1,-1
721,179,305.30,94.16,91.09,296.74,0.8803,-1,-1,-1
721,173,282.38,147.32,36.66,105.89,0.6467,-1,-1,-1
721,154,112.34,50.26,145.03,388.76,0.9272,-1,-1,-1
721,148,393.82,0.88,245.89,476.87,0.9455,-1,-1,-1
722,195,244.10,155.00,46.14,129.27,0.5233,-1,-1,-1
722,183,0.00,49.68,108.27,350.39,0.9407,-1,-1,-1
722,179,307.43,95.21,93.73,301.37,0.9141,-1,-1,-1
722,173,288.22,148.37,33.27,98.98,0.6150,-1,-1,-1
722,154,121.84,51.02,136.68,379.99,0.9353,-1,-1,-1
722,148,398.74,0.71,241.26,477.40,0.9416,-1,-1,-1
723,195,256.40,158.21,40.47,149.55,0.6625,-1,-1,-1
723,183,0.23,44.47,108.78,363.88,0.9450,-1,-1,-1
723,179,315.09,99.88,91.52,304.71,0.7320,-1,-1,-1
723,173,293.85,153.33,33.39,99.44,0.6668,-1,-1,-1
723,154,137.35,52.52,124.80,385.85,0.9383,-1,-1,-1
723,148,397.23,1.09,242.77,478.26,0.9381,-1,-1,-1
724,195,257.97,159.71,42.49,153.65,0.6617,-1,-1,-1
724,183,0.03,36.78,107.49,376.13,0.9397,-1,-1,-1
724,179,317.01,102.26,92.23,303.98,0.8759,-1,-1,-1
724,173,298.45,154.68,31.51,102.10,0.7455,-1,-1,-1
724,154,144.78,54.39,118.77,388.92,0.9358,-1,-1,-1
724,148,392.24,1.24,247.76,478.18,0.9311,-1,-1,-1
725,197,140.17,197.05,15.03,46.21,0.7119,-1,-1,-1
725,196,92.89,187.59,21.80,70.01,0.6804,-1,-1,-1
725,195,260.32,156.57,43.85,153.53,0.8104,-1,-1,-1
725,183,0.06,20.04,98.09,396.37,0.9307,-1,-1,-1
725,179,315.98,99.22,96.06,302.25,0.8490,-1,-1,-1
725,154,150.85,56.29,113.46,393.27,0.9322,-1,-1,-1
725,148,391.89,1.12,248.11,478.80,0.9171,-1,-1,-1
726,197,146.36,199.27,13.65,46.21,0.3527,-1,-1,-1
726,196,90.84,189.55,28.00,69.05,0.7985,-1,-1,-1
726,195,263.86,154.60,43.20,152.69,0.8787,-1,-1,-1
726,183,0.12,6.76,89.58,418.65,0.9234,-1,-1,-1
726,179,318.73,98.83,91.42,304.30,0.8482,-1,-1,-1
726,173,304.68,153.62,32.11,98.07,0.5727,-1,-1,-1
726,154,157.34,62.12,107.23,396.93,0.9242,-1,-1,-1
726,148,413.85,0.61,226.15,477.55,0.9416,-1,-1,-1
727,197,146.78,196.94,12.52,46.51,0.5799,-1,-1,-1
727,196,92.61,186.80,24.04,71.26,0.7675,-1,-1,-1
727,195,266.45,152.33,41.26,152.08,0.8661,-1,-1,-1
727,183,0.29,0.74,78.47,424.74,0.8858,-1,-1,-1
727,179,317.97,93.13,90.94,301.39,0.8505,-1,-1,-1
727,173,307.05,149.82,28.47,94.00,0.5242,-1,-1,-1
727,154,160.93,60.43,105.65,394.31,0.9273,-1,-1,-1
727,148,405.05,0.54,234.95,477.80,0.9438,-1,-1,-1
728,198,123.52,197.08,15.36,46.47,0.3869,-1,-1,-1
728,197,142.07,194.97,14.17,48.79,0.7183,-1,-1,-1
728,196,88.27,187.16,24.36,71.03,0.5698,-1,-1,-1
728,195,265.83,152.24,41.46,150.88,0.8813,-1,-1,-1
728,183,0.19,41.35,57.45,393.77,0.7594,-1,-1,-1
728,179,315.17,91.41,98.90,293.51,0.8390,-1,-1,-1
728,173,305.07,147.82,30.68,84.56,0.5303,-1,-1,-1
728,154,160.35,58.80,105.54,391.42,0.9288,-1,-1,-1
728,148,392.11,0.00,247.31,478.13,0.9452,-1,-1,-1
729,198,120.71,195.34,18.74,47.96,0.4849,-1,-1,-1
729,197,139.78,196.47,14.65,45.66,0.6761,-1,-1,-1
729,196,83.89,186.20,24.41,70.88,0.6329,-1,-1,-1
729,195,264.87,152.94,42.56,148.87,0.8842,-1,-1,-1
729,183,0.32,46.48,42.69,394.69,0.3269,-1,-1,-1
729,179,314.88,89.33,91.83,299.55,0.8838,-1,-1,-1
729,173,305.06,149.09,26.45,84.32,0.4981,-1,-1,-1
729,154,159.70,55.91,106.40,377.05,0.9319,-1,-1,-1
729,148,383.37,0.20,256.44,476.24,0.9501,-1,-1,-1
730,198,121.14,198.54,16.22,51.18,0.3691,-1,-1,-1
730,196,84.65,191.09,23.00,73.20,0.5712,-1,-1,-1
730,195,265.08,161.17,43.13,150.08,0.8686,-1,-1,-1
730,179,314.57,99.88,92.61,302.53,0.8424,-1,-1,-1
730,173,305.35,156.98,27.62,81.02,0.4243,-1,-1,-1
730,154,159.38,62.41,107.28,366.42,0.9355,-1,-1,-1
730,148,375.25,0.18,264.33,477.52,0.9479,-1,-1,-1
731,198,122.55,205.78,15.59,47.88,0.6082,-1,-1,-1
731,196,80.92,194.35,26.82,75.81,0.6256,-1,-1,-1
731,195,268.15,165.34,40.14,145.75,0.8425,-1,-1,-1
731,179,314.91,102.21,93.88,310.88,0.8767,-1,-1,-1
731,173,306.21,160.69,32.53,82.86,0.4345,-1,-1,-1
731,154,159.32,67.91,109.95,369.21,0.9312,-1,-1,-1
731,148,372.63,0.23,267.23,477.41,0.9434,-1,-1,-1
732,198,120.03,206.12,16.69,48.77,0.5976,-1,-1,-1
732,196,75.55,194.46,28.04,77.22,0.7411,-1,-1,-1
732,195,268.93,166.18,39.16,142.80,0.8370,-1,-1,-1
732,179,314.95,110.11,94.49,309.09,0.8948,-1,-1,-1
732,173,307.16,163.07,32.51,84.39,0.4185,-1,-1,-1
732,154,151.99,73.69,117.30,374.43,0.9364,-1,-1,-1
732,148,373.55,0.07,266.44,477.43,0.9243,-1,-1,-1
733,196,65.00,194.38,32.35,80.91,0.6995,-1,-1,-1
733,195,265.54,165.99,41.42,141.09,0.8399,-1,-1,-1
733,179,316.02,111.39,91.02,307.09,0.8967,-1,-1,-1
733,173,310.36,164.14,30.27,90.41,0.4250,-1,-1,-1
733,154,145.49,83.45,116.53,377.75,0.9109,-1,-1,-1
733,148,382.13,0.59,257.78,477.10,0.9196,-1,-1,-1
734,198,112.61,214.62,20.20,47.16,0.3597,-1,-1,-1
734,196,60.80,201.42,33.56,78.48,0.6713,-1,-1,-1
734,195,265.50,170.46,41.78,133.14,0.8455,-1,-1,-1
734,179,315.16,116.28,90.47,302.87,0.8630,-1,-1,-1
734,154,137.75,90.60,117.35,377.92,0.9236,-1,-1,-1
734,148,389.90,0.69,250.10,478.68,0.9289,-1,-1,-1
735,202,238.98,160.46,34.57,123.92,0.5670,-1,-1,-1
735,196,58.94,195.17,30.49,81.40,0.6894,-1,-1,-1
735,195,265.14,166.20,42.15,139.40,0.8400,-1,-1,-1
735,179,316.57,108.24,90.18,291.91,0.8703,-1,-1,-1
735,154,129.21,84.59,122.21,373.16,0.8807,-1,-1,-1
735,148,395.56,0.67,244.25,477.29,0.9379,-1,-1,-1
736,202,238.35,157.19,31.53,121.89,0.3052,-1,-1,-1
736,196,55.45,191.50,31.65,82.39,0.6666,-1,-1,-1
736,195,264.08,165.95,42.04,140.55,0.8698,-1,-1,-1
736,179,315.39,103.98,90.93,295.58,0.8437,-1,-1,-1
736,154,151.15,78.58,106.25,361.60,0.8769,-1,-1,-1
736,148,399.40,0.68,239.88,477.41,0.9180,-1,-1,-1
737,203,109.53,137.49,54.10,184.23,0.8701,-1,-1,-1
737,196,47.24,189.22,30.85,83.86,0.7150,-1,-1,-1
737,195,260.88,166.17,44.55,139.96,0.8393,-1,-1,-1
737,179,314.67,105.62,90.16,297.67,0.8582,-1,-1,-1
737,154,147.36,75.11,107.74,347.90,0.8893,-1,-1,-1
737,148,400.98,0.38,238.52,475.28,0.9402,-1,-1,-1
738,203,104.61,133.87,54.73,191.19,0.8746,-1,-1,-1
738,202,237.07,153.69,32.36,110.00,0.4348,-1,-1,-1
738,196,42.20,185.90,32.71,85.94,0.8041,-1,-1,-1
738,195,259.03,165.35,47.21,141.14,0.6680,-1,-1,-1
738,179,313.24,108.41,92.34,299.00,0.8602,-1,-1,-1
738,154,143.69,74.15,108.59,353.73,0.8826,-1,-1,-1
738,148,400.08,0.90,239.48,476.12,0.9457,-1,-1,-1
739,203,93.35,132.64,61.77,195.34,0.8371,-1,-1,-1
739,202,236.13,156.38,31.72,109.81,0.6060,-1,-1,-1
739,196,35.59,185.00,31.62,87.36,0.7183,-1,-1,-1
739,195,254.40,163.45,49.26,143.23,0.8521,-1,-1,-1
739,179,309.96,110.99,92.21,302.30,0.8680,-1,-1,-1
739,154,142.91,76.99,99.95,354.69,0.8876,-1,-1,-1
739,148,398.03,0.72,241.28,477.39,0.9443,-1,-1,-1
740,204,255.62,162.25,54.03,143.60,0.8262,-1,-1,-1
740,203,82.69,130.66,67.97,212.29,0.8683,-1,-1,-1
740,202,237.14,156.87,30.80,132.24,0.3838,-1,-1,-1
740,196,30.70,183.65,34.15,89.29,0.8106,-1,-1,-1
740,179,310.46,111.66,90.79,300.78,0.8845,-1,-1,-1
740,154,142.82,84.11,104.38,357.48,0.8931,-1,-1,-1
740,148,394.76,1.13,245.24,476.23,0.9394,-1,-1,-1
741,204,256.25,159.79,52.83,143.55,0.8075,-1,-1,-1
741,203,75.95,122.50,77.06,217.76,0.8609,-1,-1,-1
741,202,236.59,153.54,30.47,139.05,0.5851,-1,-1,-1
741,196,25.75,179.60,35.10,90.60,0.4215,-1,-1,-1
741,179,306.31,105.86,94.07,303.81,0.8470,-1,-1,-1
741,154,143.55,85.18,102.26,357.57,0.8923,-1,-1,-1
741,148,390.07,1.40,249.93,474.38,0.9348,-1,-1,-1
742,207,0.14,182.47,17.62,76.59,0.5834,-1,-1,-1
742,204,259.94,161.39,48.21,143.16,0.8239,-1,-1,-1
742,203,71.40,115.21,78.00,228.27,0.8268,-1,-1,-1
742,202,235.62,151.90,32.33,139.59,0.6316,-1,-1,-1
742,196,23.68,179.56,30.54,92.09,0.7508,-1,-1,-1
742,179,305.68,104.29,90.79,293.95,0.8476,-1,-1,-1
742,154,142.86,88.31,102.16,346.56,0.9134,-1,-1,-1
742,148,396.51,1.62,243.39,476.90,0.9414,-1,-1,-1
743,207,0.09,185.93,14.62,70.35,0.5324,-1,-1,-1
743,204,259.62,161.61,48.40,140.86,0.8413,-1,-1,-1
743,203,46.19,104.20,98.59,240.48,0.7457,-1,-1,-1
743,202,237.02,150.94,31.17,137.91,0.6189,-1,-1,-1
743,196,14.19,176.05,34.31,92.99,0.7031,-1,-1,-1
743,179,308.46,101.83,85.08,288.78,0.7962,-1,-1,-1
743,154,138.21,84.82,107.33,348.17,0.9017,-1,-1,-1
743,148,398.18,1.40,240.70,478.36,0.9337,-1,-1,-1
744,204,259.63,161.86,51.37,141.20,0.7755,-1,-1,-1
744,203,42.90,97.48,93.42,256.67,0.8671,-1,-1,-1
744,202,238.59,147.95,31.32,142.25,0.4685,-1,-1,-1
744,196,8.86,172.96,36.14,97.31,0.6419,-1,-1,-1
744,179,305.46,103.02,88.40,293.94,0.8123,-1,-1,-1
744,154,151.93,82.44,96.43,332.90,0.8958,-1,-1,-1
744,148,387.91,0.19,241.06,478.03,0.9218,-1,-1,-1
745,209,122.24,129.45,46.89,179.82,0.7382,-1,-1,-1
745,204,266.51,160.11,45.19,136.93,0.6431,-1,-1,-1
745,203,15.76,93.14,114.10,267.12,0.8981,-1,-1,-1
745,202,242.25,149.23,30.61,139.96,0.6965,-1,-1,-1
745,196,7.90,171.81,31.38,92.85,0.3457,-1,-1,-1
745,179,306.76,100.38,93.51,299.83,0.8142,-1,-1,-1
745,154,155.66,80.51,94.84,322.97,0.9030,-1,-1,-1
745,148,399.93,0.15,230.70,478.03,0.9365,-1,-1,-1
746,209,113.59,129.65,62.72,184.71,0.3360,-1,-1,-1
746,204,269.27,158.84,50.28,138.62,0.6591,-1,-1,-1
746,203,0.91,91.53,115.16,289.06,0.8756,-1,-1,-1
746,202,248.30,154.26,29.01,131.53,0.6303,-1,-1,-1
746,179,308.42,154.93,92.55,252.33,0.6122,-1,-1,-1
746,154,160.89,82.87,97.24,330.87,0.9022,-1,-1,-1
746,148,390.66,0.04,247.46,479.27,0.9254,-1,-1,-1
747,209,112.38,126.85,65.07,192.05,0.8314,-1,-1,-1
747,204,266.24,157.56,53.94,140.07,0.7091,-1,-1,-1
747,203,0.14,85.24,111.28,300.95,0.8862,-1,-1,-1
747,179,310.87,107.67,92.85,300.91,0.8998,-1,-1,-1
747,154,163.01,83.54,98.99,333.29,0.9042,-1,-1,-1
747,148,390.03,0.04,249.73,478.30,0.9089,-1,-1,-1
748,209,112.57,123.79,63.04,197.92,0.8517,-1,-1,-1
748,204,272.30,161.36,50.72,135.63,0.6191,-1,-1,-1
748,203,0.07,74.72,92.79,316.14,0.9123,-1,-1,-1
748,202,251.84,153.91,31.95,103.98,0.4831,-1,-1,-1
748,179,314.20,107.84,91.03,299.92,0.8882,-1,-1,-1
748,154,164.37,88.27,102.96,336.57,0.8980,-1,-1,-1
748,148,390.70,0.06,249.30,477.35,0.9313,-1,-1,-1
749,209,107.85,121.81,66.18,206.30,0.8776,-1,-1,-1
749,204,274.34,166.70,52.20,134.81,0.7039,-1,-1,-1
749,203,0.19,64.11,84.16,332.17,0.9207,-1,-1,-1
749,202,251.49,155.22,38.37,110.99,0.3272,-1,-1,-1
749,179,318.87,108.19,93.16,298.89,0.8482,-1,-1,-1
749,154,164.50,95.37,105.17,337.66,0.8954,-1,-1,-1
749,148,393.25,0.20,246.75,478.50,0.9365,-1,-1,-1
750,209,106.16,113.33,67.75,217.00,0.8848,-1,-1,-1
750,204,281.77,164.81,53.39,137.41,0.7633,-1,-1,-1
750,203,0.30,47.19,77.56,369.29,0.8885,-1,-1,-1
750,195,257.24,153.51,40.07,140.25,0.7019,-1,-1,-1
750,179,326.70,105.37,87.63,286.32,0.8804,-1,-1,-1
750,154,170.81,93.46,104.61,328.24,0.8726,-1,-1,-1
750,148,405.39,0.61,234.61,479.39,0.9350,-1,-1,-1
751,209,101.46,105.54,81.50,222.34,0.8985,-1,-1,-1
751,204,289.80,161.02,51.30,131.54,0.7348,-1,-1,-1
751,203,0.31,32.78,70.94,369.36,0.8037,-1,-1,-1
751,195,263.13,147.32,43.73,143.27,0.7811,-1,-1,-1
751,179,334.99,97.73,87.38,290.16,0.8463,-1,-1,-1
751,154,178.33,88.27,84.71,324.00,0.8344,-1,-1,-1
751,148,415.34,1.22,224.51,478.78,0.9275,-1,-1,-1
752,209,95.16,99.05,87.45,235.13,0.8944,-1,-1,-1
752,204,296.19,160.15,51.48,127.53,0.6477,-1,-1,-1
752,203,0.46,6.16,79.89,397.52,0.7353,-1,-1,-1
752,195,270.09,148.40,40.93,133.16,0.7919,-1,-1,-1
752,179,336.59,100.76,90.62,294.88,0.8789,-1,-1,-1
752,154,185.75,84.92,100.11,305.45,0.9213,-1,-1,-1
752,148,418.42,1.07,221.32,478.93,0.9352,-1,-1,-1
753,209,90.82,94.39,91.18,246.95,0.9035,-1,-1,-1
753,204,301.16,158.39,50.57,126.38,0.5165,-1,-1,-1
753,203,0.08,74.03,77.84,324.26,0.3611,-1,-1,-1
753,195,274.71,151.26,39.64,126.50,0.8150,-1,-1,-1
753,179,339.56,102.80,93.94,296.44,0.8633,-1,-1,-1
753,154,187.06,82.82,99.79,309.74,0.9295,-1,-1,-1
753,148,411.91,1.39,227.98,478.48,0.9406,-1,-1,-1
754,209,76.20,90.04,104.75,266.51,0.9146,-1,-1,-1
754,206,33.29,169.51,40.22,86.54,0.4857,-1,-1,-1
754,204,320.27,160.40,38.78,103.23,0.4748,-1,-1,-1
754,196,0.26,121.64,33.61,153.50,0.3852,-1,-1,-1
754,195,282.91,148.96,40.67,137.70,0.8162,-1,-1,-1
754,179,346.38,106.11,93.27,301.27,0.8163,-1,-1,-1
754,154,195.66,83.74,98.21,314.17,0.9127,-1,-1,-1
754,148,411.91,2.00,227.84,478.00,0.9370,-1,-1,-1
755,209,71.26,84.70,108.11,272.75,0.9145,-1,-1,-1
755,206,32.04,166.64,37.84,88.89,0.6953,-1,-1,-1
755,205,0.08,150.92,35.90,123.64,0.4200,-1,-1,-1
755,204,325.59,161.20,36.06,103.98,0.4286,-1,-1,-1
755,196,0.00,151.70,37.66,120.86,0.3062,-1,-1,-1
755,195,285.30,152.50,40.44,131.58,0.8108,-1,-1,-1
755,179,348.01,102.99,92.83,297.74,0.8695,-1,-1,-1
755,154,201.71,85.96,93.59,314.79,0.9038,-1,-1,-1
755,148,427.42,2.01,212.27,477.34,0.9406,-1,-1,-1
756,209,66.95,78.76,109.91,296.60,0.9276,-1,-1,-1
756,206,40.55,171.06,31.68,86.88,0.6719,-1,-1,-1
756,204,322.58,160.66,44.08,117.77,0.3391,-1,-1,-1
756,196,0.12,154.99,28.46,124.53,0.8037,-1,-1,-1
756,195,292.27,151.71,35.96,132.74,0.7996,-1,-1,-1
756,179,349.49,98.75,95.79,304.72,0.7274,-1,-1,-1
756,154,211.41,89.70,89.25,316.67,0.8967,-1,-1,-1
756,148,465.53,1.52,174.21,478.02,0.9259,-1,-1,-1
757,209,57.60,65.54,112.69,314.09,0.9007,-1,-1,-1
757,204,323.76,157.57,42.92,116.24,0.3190,-1,-1,-1
757,196,0.14,153.78,21.51,124.28,0.6835,-1,-1,-1
757,195,296.42,148.90,36.74,130.77,0.8056,-1,-1,-1
757,179,353.26,95.44,92.69,299.88,0.8498,-1,-1,-1
757,154,206.44,90.12,99.34,312.60,0.8901,-1,-1,-1
757,148,487.88,0.79,151.84,479.04,0.9211,-1,-1,-1
758,209,45.45,50.32,115.43,333.35,0.9282,-1,-1,-1
758,207,0.13,158.44,14.95,91.01,0.3694,-1,-1,-1
758,204,318.09,156.63,49.74,116.28,0.3561,-1,-1,-1
758,179,349.72,92.69,96.74,292.71,0.7918,-1,-1,-1
758,154,217.78,87.02,88.27,313.88,0.9082,-1,-1,-1
759,212,189.87,162.19,34.81,118.41,0.4527,-1,-1,-1
759,209,20.91,38.61,132.30,352.87,0.9256,-1,-1,-1
759,195,302.71,150.24,37.77,133.07,0.6030,-1,-1,-1
759,179,350.42,94.75,97.63,299.12,0.7707,-1,-1,-1
759,154,204.02,87.43,104.43,299.39,0.9014,-1,-1,-1
759,148,479.13,1.06,160.57,477.64,0.4381,-1,-1,-1
760,212,181.93,161.93,44.22,120.31,0.5914,-1,-1,-1
760,209,0.00,24.89,138.51,372.95,0.9305,-1,-1,-1
760,197,133.44,180.48,22.35,67.63,0.6095,-1,-1,-1
760,195,304.53,146.29,33.37,130.19,0.5718,-1,-1,-1
760,179,349.25,91.35,98.19,304.87,0.8381,-1,-1,-1
760,154,198.89,82.33,110.76,298.70,0.9153,-1,-1,-1
760,148,499.53,1.06,140.01,478.94,0.6449,-1,-1,-1
761,212,181.13,160.91,37.77,120.53,0.6974,-1,-1,-1
761,209,0.00,8.99,117.60,391.82,0.9451,-1,-1,-1
761,197,129.03,179.64,25.68,69.38,0.7036,-1,-1,-1
761,195,308.37,154.68,32.74,121.60,0.4515,-1,-1,-1
761,179,350.88,96.00,98.09,305.25,0.8901,-1,-1,-1
761,154,205.90,81.67,108.18,302.27,0.9037,-1,-1,-1
761,148,505.41,0.31,134.40,479.69,0.8821,-1,-1,-1
762,212,176.36,155.11,39.68,121.93,0.6750,-1,-1,-1
762,209,0.00,0.55,103.20,403.06,0.9390,-1,-1,-1
762,197,128.62,175.50,25.94,70.09,0.7120,-1,-1,-1
762,195,310.52,146.34,27.59,126.22,0.7312,-1,-1,-1
762,179,354.46,94.67,94.94,306.64,0.8809,-1,-1,-1
762,154,182.38,80.50,134.36,306.49,0.9056,-1,-1,-1
762,148,492.30,1.08,147.49,478.92,0.9137,-1,-1,-1
763,214,81.18,160.80,40.52,83.65,0.8005,-1,-1,-1
763,212,166.52,144.09,37.16,125.15,0.7130,-1,-1,-1
763,209,0.28,24.49,82.74,380.45,0.9092,-1,-1,-1
763,206,54.33,150.34,34.72,94.60,0.6089,-1,-1,-1
763,197,124.49,166.06,25.47,72.11,0.7978,-1,-1,-1
763,195,307.83,135.80,29.81,120.85,0.6621,-1,-1,-1
763,179,354.39,84.20,95.02,304.16,0.8514,-1,-1,-1
763,154,189.39,75.70,126.91,308.46,0.9199,-1,-1,-1
763,148,463.74,1.76,176.16,478.24,0.9096,-1,-1,-1
764,214,85.15,163.78,37.67,86.37,0.6999,-1,-1,-1
764,212,160.73,149.06,40.04,124.77,0.7754,-1,-1,-1
764,210,52.80,157.97,41.30,92.60,0.6147,-1,-1,-1
764,209,0.31,25.11,65.43,391.15,0.8656,-1,-1,-1
764,197,124.18,170.39,25.17,71.85,0.7530,-1,-1,-1
764,195,308.48,139.32,33.15,122.84,0.6917,-1,-1,-1
764,179,358.67,90.21,90.85,295.90,0.8417,-1,-1,-1
764,154,209.18,83.00,110.21,309.07,0.9106,-1,-1,-1
764,148,457.29,0.36,182.50,448.50,0.8371,-1,-1,-1
765,215,198.21,155.54,32.87,115.57,0.6901,-1,-1,-1
765,214,92.74,167.86,31.28,87.59,0.6310,-1,-1,-1
765,212,145.81,155.14,52.11,125.81,0.8254,-1,-1,-1
765,210,60.55,160.91,41.13,96.48,0.7288,-1,-1,-1
765,197,125.31,175.49,23.61,73.36,0.7253,-1,-1,-1
765,195,310.32,145.60,34.40,119.26,0.7219,-1,-1,-1
765,179,360.53,91.89,95.63,293.50,0.8702,-1,-1,-1
765,154,218.06,86.86,105.04,304.37,0.9034,-1,-1,-1
765,148,458.36,1.00,181.37,479.00,0.8939,-1,-1,-1
766,215,197.37,156.36,34.61,118.41,0.7974,-1,-1,-1
766,214,94.96,167.25,28.49,89.15,0.7222,-1,-1,-1
766,212,140.00,154.90,54.06,127.07,0.8740,-1,-1,-1
766,210,62.07,164.52,38.53,94.58,0.7005,-1,-1,-1
766,197,122.70,175.19,23.23,74.06,0.7141,-1,-1,-1
766,195,310.08,147.89,30.10,120.23,0.6895,-1,-1,-1
766,179,360.23,92.11,94.42,293.25,0.7624,-1,-1,-1
766,154,224.99,86.32,96.66,304.11,0.9155,-1,-1,-1
766,148,457.19,0.93,182.60,479.07,0.9077,-1,-1,-1
767,215,188.12,151.20,41.60,125.33,0.8706,-1,-1,-1
767,214,91.58,164.56,26.07,90.91,0.5733,-1,-1,-1
767,212,127.74,154.92,58.39,125.79,0.8726,-1,-1,-1
767,210,57.09,160.23,35.88,96.97,0.7153,-1,-1,-1
767,195,310.48,147.18,33.68,119.41,0.4512,-1,-1,-1
767,179,355.33,91.20,97.75,296.90,0.8151,-1,-1,-1
767,154,228.25,79.76,89.57,291.00,0.9196,-1,-1,-1
767,148,457.81,1.98,181.91,478.02,0.9189,-1,-1,-1
768,215,184.67,155.02,42.57,126.82,0.8913,-1,-1,-1
768,214,88.93,166.18,32.13,90.99,0.5355,-1,-1,-1
768,212,120.22,157.75,57.89,126.09,0.8709,-1,-1,-1
768,210,52.76,162.37,33.94,97.86,0.7492,-1,-1,-1
768,179,351.26,94.52,98.32,303.08,0.8163,-1,-1,-1
768,154,225.97,81.55,89.99,290.57,0.8921,-1,-1,-1
768,148,457.54,1.97,182.15,478.03,0.9117,-1,-1,-1
769,215,182.72,155.41,45.68,130.19,0.9015,-1,-1,-1
769,214,85.66,167.10,26.41,92.45,0.5728,-1,-1,-1
769,212,114.84,155.33,49.14,129.89,0.8348,-1,-1,-1
769,210,54.02,161.83,31.21,99.24,0.7894,-1,-1,-1
769,179,351.39,98.01,95.35,304.70,0.8017,-1,-1,-1
769,154,226.20,83.47,89.04,295.29,0.9135,-1,-1,-1
769,148,463.48,2.04,176.26,477.96,0.8855,-1,-1,-1
770,215,180.00,152.79,46.84,132.91,0.8977,-1,-1,-1
770,212,112.36,152.43,41.84,130.06,0.6264,-1,-1,-1
770,210,53.61,160.52,35.08,100.66,0.7271,-1,-1,-1
770,179,351.58,94.14,94.86,305.22,0.8156,-1,-1,-1
770,154,225.27,84.46,92.91,297.08,0.9156,-1,-1,-1
770,148,477.27,1.08,162.42,478.71,0.8359,-1,-1,-1
771,215,167.62,149.60,50.95,139.62,0.8961,-1,-1,-1
771,214,81.90,163.25,33.92,97.38,0.4459,-1,-1,-1
771,212,101.01,152.37,37.32,133.15,0.6155,-1,-1,-1
771,210,47.77,159.01,37.70,103.81,0.7750,-1,-1,-1
771,179,348.66,92.83,88.93,304.65,0.8672,-1,-1,-1
771,154,220.86,90.00,93.09,299.23,0.9027,-1,-1,-1
771,148,503.79,0.33,135.99,474.37,0.8774,-1,-1,-1
772,215,163.22,144.38,52.18,142.80,0.8945,-1,-1,-1
772,212,82.91,151.68,49.86,132.77,0.8014,-1,-1,-1
772,210,45.99,155.98,38.72,104.01,0.7039,-1,-1,-1
772,179,342.67,91.53,91.26,293.36,0.8551,-1,-1,-1
772,154,211.19,89.62,100.73,297.48,0.9214,-1,-1,-1
772,148,488.32,0.00,151.54,475.58,0.8428,-1,-1,-1
773,215,148.78,140.23,61.58,147.63,0.9037,-1,-1,-1
773,212,72.63,151.55,47.93,132.64,0.8626,-1,-1,-1
773,210,42.89,155.46,39.91,102.63,0.6803,-1,-1,-1
773,206,43.11,155.35,38.37,103.03,0.4139,-1,-1,-1
773,179,338.28,86.97,96.48,291.85,0.8824,-1,-1,-1
773,154,212.82,89.23,98.14,293.87,0.9155,-1,-1,-1
773,148,495.93,0.00,144.06,476.64,0.6398,-1,-1,-1
774,215,154.07,136.55,52.01,154.60,0.9060,-1,-1,-1
774,212,65.91,151.08,49.70,133.84,0.7214,-1,-1,-1
774,210,44.31,158.37,38.37,90.33,0.4566,-1,-1,-1
774,179,335.71,87.39,97.39,296.73,0.8683,-1,-1,-1
774,154,219.25,87.11,94.09,287.41,0.9133,-1,-1,-1
774,148,495.03,5.96,144.87,471.66,0.8489,-1,-1,-1
775,215,151.92,138.17,51.95,159.47,0.9156,-1,-1,-1
775,213,89.04,155.10,37.06,106.43,0.3560,-1,-1,-1
775,212,65.55,153.95,50.65,133.12,0.5030,-1,-1,-1
775,206,43.30,155.30,38.82,109.89,0.4406,-1,-1,-1
775,179,338.42,88.52,92.80,298.59,0.8154,-1,-1,-1
775,154,215.50,86.37,99.89,278.20,0.9089,-1,-1,-1
775,148,460.93,18.56,126.73,431.21,0.8078,-1,-1,-1
776,217,499.61,0.20,140.22,479.36,0.7890,-1,-1,-1
776,215,145.07,139.36,54.32,161.70,0.8958,-1,-1,-1
776,213,89.30,172.58,35.11,92.05,0.7590,-1,-1,-1
776,212,44.29,152.22,52.26,135.95,0.7328,-1,-1,-1
776,179,337.66,93.53,93.10,299.52,0.8643,-1,-1,-1
776,154,212.61,88.01,103.66,280.88,0.9126,-1,-1,-1
776,148,420.52,22.70,157.83,426.19,0.7875,-1,-1,-1
777,217,500.08,0.78,139.73,479.22,0.7227,-1,-1,-1
777,215,141.32,137.16,54.99,168.69,0.8657,-1,-1,-1
777,213,93.16,169.44,31.55,95.13,0.6878,-1,-1,-1
777,212,40.72,150.62,51.19,139.20,0.6303,-1,-1,-1
777,179,337.26,95.07,91.67,301.39,0.8642,-1,-1,-1
777,154,209.35,90.92,107.58,280.98,0.9107,-1,-1,-1
777,148,416.14,27.49,154.45,416.73,0.6069,-1,-1,-1
778,219,415.69,27.57,150.79,425.26,0.8888,-1,-1,-1
778,217,514.75,1.29,125.08,474.85,0.7469,-1,-1,-1
778,215,131.54,134.74,65.09,175.92,0.7989,-1,-1,-1
778,213,93.22,165.13,39.41,101.58,0.7503,-1,-1,-1
778,212,26.34,153.23,60.46,139.36,0.8489,-1,-1,-1
778,179,342.11,95.77,88.25,302.39,0.8857,-1,-1,-1
778,154,208.85,97.32,113.66,283.56,0.8773,-1,-1,-1
779,220,209.96,138.55,47.23,181.88,0.6978,-1,-1,-1
779,219,419.31,25.76,143.12,453.55,0.9082,-1,-1,-1
779,217,510.13,2.26,129.47,477.34,0.7541,-1,-1,-1
779,215,137.19,133.76,59.32,181.65,0.5897,-1,-1,-1
779,214,73.13,162.11,28.59,108.76,0.6932,-1,-1,-1
779,212,23.71,157.56,60.04,138.86,0.8753,-1,-1,-1
779,197,105.93,168.43,29.98,102.32,0.8463,-1,-1,-1
779,179,349.30,96.85,88.19,280.86,0.6822,-1,-1,-1
779,154,232.81,106.21,94.52,278.59,0.8474,-1,-1,-1
780,220,212.47,137.64,47.34,187.73,0.5558,-1,-1,-1
780,219,415.12,21.22,131.58,450.90,0.7312,-1,-1,-1
780,217,494.06,1.11,145.74,478.89,0.8876,-1,-1,-1
780,215,131.62,130.13,67.27,185.77,0.7730,-1,-1,-1
780,214,72.63,159.82,29.82,111.36,0.6680,-1,-1,-1
780,213,108.38,167.51,31.81,103.30,0.8014,-1,-1,-1
780,212,19.33,156.71,62.41,139.44,0.8500,-1,-1,-1
780,179,350.84,94.50,86.66,293.58,0.6158,-1,-1,-1
780,154,235.32,106.09,93.68,273.71,0.8616,-1,-1,-1
781,220,209.49,130.77,49.24,201.52,0.6905,-1,-1,-1
781,218,210.45,128.48,47.23,201.39,0.3971,-1,-1,-1
781,217,465.74,1.77,173.99,476.50,0.9111,-1,-1,-1
781,215,126.03,125.86,71.14,196.73,0.8898,-1,-1,-1
781,214,68.72,160.05,43.73,113.28,0.7434,-1,-1,-1
781,213,109.86,165.11,24.99,103.95,0.6939,-1,-1,-1
781,212,16.67,153.18,61.41,143.09,0.8347,-1,-1,-1
781,179,353.53,93.94,80.86,202.20,0.4048,-1,-1,-1
781,154,239.03,103.16,92.44,266.06,0.8787,-1,-1,-1
781,148,400.88,12.32,122.44,458.30,0.8252,-1,-1,-1
782,218,201.33,126.86,58.60,206.56,0.8744,-1,-1,-1
782,217,450.57,1.89,189.16,478.11,0.8906,-1,-1,-1
782,215,114.83,126.78,80.75,199.80,0.8941,-1,-1,-1
782,214,71.36,160.18,46.16,113.50,0.7810,-1,-1,-1
782,213,110.29,168.86,23.17,101.52,0.3404,-1,-1,-1
782,212,12.93,152.01,58.11,144.87,0.8608,-1,-1,-1
782,154,244.98,103.00,87.58,262.32,0.8849,-1,-1,-1
782,148,370.73,27.75,133.69,435.48,0.7658,-1,-1,-1
783,222,347.06,116.29,84.35,317.27,0.3017,-1,-1,-1
783,218,200.67,122.64,58.90,211.52,0.8892,-1,-1,-1
783,217,452.06,1.08,187.60,478.92,0.7694,-1,-1,-1
783,215,110.78,125.29,82.00,211.14,0.8946,-1,-1,-1
783,214,75.22,160.74,45.93,114.46,0.7769,-1,-1,-1
783,212,8.93,150.99,53.48,146.56,0.8558,-1,-1,-1
783,154,253.08,103.41,78.92,256.80,0.8948,-1,-1,-1
783,148,390.19,31.41,114.27,436.35,0.5913,-1,-1,-1
784,218,195.22,120.41,66.85,220.24,0.9048,-1,-1,-1
784,217,457.02,1.02,182.56,478.25,0.8407,-1,-1,-1
784,215,108.05,123.22,77.36,220.60,0.8822,-1,-1,-1
784,214,77.29,157.68,39.37,120.09,0.7184,-1,-1,-1
784,212,8.34,152.92,48.92,148.37,0.8210,-1,-1,-1
784,154,257.56,107.27,77.32,256.43,0.9048,-1,-1,-1
784,148,362.21,34.90,124.30,419.39,0.8247,-1,-1,-1
785,218,181.26,115.27,77.82,231.74,0.8699,-1,-1,-1
785,217,465.42,1.22,174.01,444.79,0.7235,-1,-1,-1
785,215,90.97,116.46,85.81,230.23,0.9181,-1,-1,-1
785,212,0.56,156.42,38.91,145.72,0.7797,-1,-1,-1
785,206,59.63,170.53,24.52,100.04,0.3199,-1,-1,-1
785,154,255.25,109.89,73.79,256.22,0.9000,-1,-1,-1
785,148,355.40,33.48,133.62,441.37,0.8862,-1,-1,-1
786,219,475.12,7.39,117.32,429.41,0.3109,-1,-1,-1
786,218,162.59,113.49,85.25,242.74,0.9041,-1,-1,-1
786,217,477.40,1.22,162.16,441.67,0.7746,-1,-1,-1
786,215,65.62,108.88,99.74,240.67,0.8934,-1,-1,-1
786,212,0.16,157.70,25.16,147.61,0.6534,-1,-1,-1
786,206,50.57,172.11,26.96,101.45,0.3523,-1,-1,-1
786,205,14.54,170.16,33.72,102.10,0.4870,-1,-1,-1
786,154,252.34,117.65,74.21,250.34,0.8492,-1,-1,-1
786,148,347.66,33.21,141.84,420.84,0.7183,-1,-1,-1
787,219,465.69,23.26,74.17,419.54,0.3905,-1,-1,-1
787,218,152.16,112.28,92.37,249.49,0.9073,-1,-1,-1
787,217,494.04,0.61,145.57,476.68,0.7597,-1,-1,-1
787,215,54.03,105.18,102.18,248.00,0.8913,-1,-1,-1
787,212,0.05,160.19,19.22,144.16,0.4728,-1,-1,-1
787,205,10.47,169.64,30.23,106.14,0.4899,-1,-1,-1
787,154,254.48,120.17,70.59,247.98,0.8668,-1,-1,-1
787,148,341.57,33.99,162.21,421.55,0.8053,-1,-1,-1
788,219,455.28,25.99,82.36,427.26,0.4664,-1,-1,-1
788,218,138.81,105.63,96.69,275.11,0.8729,-1,-1,-1
788,217,501.75,0.29,137.91,476.68,0.7908,-1,-1,-1
788,215,36.94,100.08,109.75,267.37,0.8882,-1,-1,-1
788,205,0.39,169.71,37.62,108.31,0.5342,-1,-1,-1
788,154,252.77,119.19,73.04,249.90,0.8260,-1,-1,-1
788,148,333.42,33.80,191.47,432.53,0.8824,-1,-1,-1
789,222,324.69,42.08,116.12,431.59,0.7755,-1,-1,-1
789,219,433.25,28.03,106.71,429.79,0.7330,-1,-1,-1
789,218,128.45,99.97,91.39,288.47,0.8931,-1,-1,-1
789,217,500.69,0.75,139.11,477.23,0.8554,-1,-1,-1
789,215,14.90,97.83,118.50,279.28,0.9123,-1,-1,-1
789,154,249.55,116.78,72.69,241.46,0.8466,-1,-1,-1
790,219,433.85,37.94,104.27,426.37,0.7666,-1,-1,-1
790,218,120.34,93.90,84.34,306.79,0.9022,-1,-1,-1
790,217,496.03,0.61,143.75,437.50,0.7865,-1,-1,-1
790,215,2.69,97.15,112.57,299.96,0.9111,-1,-1,-1
790,154,241.62,121.15,78.69,233.47,0.8773,-1,-1,-1
790,148,317.23,49.66,167.88,428.70,0.8634,-1,-1,-1
791,219,430.56,43.99,104.92,426.70,0.8156,-1,-1,-1
791,218,104.12,85.08,91.01,320.90,0.8837,-1,-1,-1
791,217,489.50,0.78,150.31,477.70,0.8524,-1,-1,-1
791,215,0.02,90.01,112.08,326.57,0.9193,-1,-1,-1
791,154,232.56,123.69,84.12,227.73,0.8408,-1,-1,-1
791,148,310.90,56.97,149.48,423.03,0.8832,-1,-1,-1
792,224,193.34,193.91,30.36,89.62,0.7393,-1,-1,-1
792,219,418.03,49.70,116.20,419.60,0.8313,-1,-1,-1
792,218,77.78,80.55,106.77,340.69,0.6030,-1,-1,-1
792,217,492.99,1.99,146.75,477.54,0.7833,-1,-1,-1
792,215,0.20,81.77,89.81,340.09,0.9142,-1,-1,-1
792,154,227.07,130.47,84.86,240.47,0.8129,-1,-1,-1
792,148,308.20,62.04,165.97,417.63,0.8254,-1,-1,-1
793,224,185.34,192.27,28.27,87.34,0.5416,-1,-1,-1
793,219,415.91,42.78,120.83,394.59,0.8545,-1,-1,-1
793,218,16.74,66.97,152.34,374.53,0.9281,-1,-1,-1
793,217,506.13,0.13,133.65,479.87,0.8827,-1,-1,-1
793,215,0.30,62.68,73.64,359.00,0.8667,-1,-1,-1
793,154,219.33,129.11,88.98,240.26,0.7530,-1,-1,-1
793,148,301.39,59.41,175.87,400.50,0.7970,-1,-1,-1
794,224,180.78,179.04,31.50,92.39,0.6355,-1,-1,-1
794,222,297.10,51.06,150.22,388.53,0.7588,-1,-1,-1
794,219,405.16,30.10,134.28,410.89,0.9035,-1,-1,-1
794,218,0.00,47.78,153.54,395.85,0.9136,-1,-1,-1
794,217,518.28,1.19,121.41,478.81,0.8914,-1,-1,-1
794,215,0.31,73.45,56.60,347.22,0.7640,-1,-1,-1
794,154,219.34,123.74,83.57,235.19,0.8314,-1,-1,-1
795,224,171.65,180.91,45.61,94.97,0.7225,-1,-1,-1
795,219,403.29,32.14,130.02,404.34,0.5787,-1,-1,-1
795,218,0.00,32.15,125.40,442.67,0.9086,-1,-1,-1
795,217,518.29,0.82,121.59,477.72,0.8282,-1,-1,-1
795,213,127.84,171.67,33.54,99.53,0.8457,-1,-1,-1
795,154,219.68,125.85,77.66,212.04,0.8107,-1,-1,-1
795,148,293.06,60.44,131.65,387.33,0.8756,-1,-1,-1
796,224,173.13,184.72,41.55,95.42,0.4224,-1,-1,-1
796,219,408.59,40.67,124.40,404.71,0.9115,-1,-1,-1
796,218,0.01,19.81,111.50,406.93,0.7482,-1,-1,-1
796,217,526.26,1.05,113.62,476.04,0.7235,-1,-1,-1
796,213,122.58,176.02,39.68,99.81,0.8100,-1,-1,-1
796,154,218.22,128.85,79.53,216.50,0.8323,-1,-1,-1
796,148,292.05,66.76,164.64,392.75,0.7431,-1,-1,-1
797,224,169.36,179.84,25.88,97.57,0.6762,-1,-1,-1
797,219,400.05,35.76,129.91,412.77,0.8975,-1,-1,-1
797,218,0.07,0.00,84.48,430.08,0.5080,-1,-1,-1
797,217,541.41,0.89,98.30,479.11,0.8316,-1,-1,-1
797,213,111.13,170.19,47.35,101.49,0.7806,-1,-1,-1
797,197,74.13,161.62,27.77,119.16,0.6905,-1,-1,-1
797,154,227.27,119.77,67.95,221.50,0.8485,-1,-1,-1
797,148,285.57,63.98,147.54,393.18,0.7218,-1,-1,-1
798,224,166.15,180.68,29.78,97.90,0.5694,-1,-1,-1
798,219,407.13,37.70,120.65,411.73,0.8673,-1,-1,-1
798,217,512.32,0.62,127.48,477.54,0.9043,-1,-1,-1
798,215,0.14,9.56,58.21,300.68,0.5526,-1,-1,-1
798,213,110.02,171.42,45.58,103.75,0.8081,-1,-1,-1
798,197,68.80,160.04,35.01,121.89,0.8254,-1,-1,-1
798,154,228.92,119.54,65.08,226.91,0.8292,-1,-1,-1
798,148,281.14,65.75,203.79,396.15,0.5837,-1,-1,-1
799,224,164.38,179.06,35.28,100.97,0.6656,-1,-1,-1
799,223,211.36,187.04,26.04,79.03,0.5243,-1,-1,-1
799,222,283.45,64.98,150.54,395.36,0.6213,-1,-1,-1
799,219,397.52,38.93,125.58,380.85,0.8266,-1,-1,-1
799,217,477.32,1.61,162.44,474.02,0.9114,-1,-1,-1
799,213,107.45,169.54,47.43,106.09,0.7838,-1,-1,-1
799,197,67.53,159.63,35.38,123.75,0.8291,-1,-1,-1
799,154,229.73,121.47,62.49,224.45,0.8300,-1,-1,-1
800,224,157.08,173.91,43.78,103.84,0.7764,-1,-1,-1
800,223,207.56,182.01,25.56,80.74,0.6240,-1,-1,-1
800,220,228.51,121.56,57.80,222.73,0.6941,-1,-1,-1
800,219,405.83,30.49,107.62,387.48,0.8808,-1,-1,-1
800,217,454.87,1.49,184.97,474.58,0.8910,-1,-1,-1
800,213,97.63,162.97,48.32,110.03,0.8047,-1,-1,-1
800,210,24.30,147.12,42.54,90.57,0.4806,-1,-1,-1
800,197,62.17,155.77,35.15,123.66,0.8538,-1,-1,-1
800,154,226.33,123.36,60.64,218.28,0.4481,-1,-1,-1
800,148,275.92,56.07,179.16,364.38,0.8417,-1,-1,-1
801,224,156.17,177.51,38.06,104.23,0.7620,-1,-1,-1
801,223,200.91,187.98,31.32,79.78,0.3422,-1,-1,-1
801,220,227.43,127.90,56.26,225.54,0.7142,-1,-1,-1
801,219,402.38,32.89,110.79,412.83,0.7951,-1,-1,-1
801,217,446.89,1.60,192.84,472.55,0.6047,-1,-1,-1
801,213,95.81,166.28,29.22,111.26,0.8265,-1,-1,-1
801,210,22.38,149.85,35.13,94.33,0.4087,-1,-1,-1
801,197,58.52,158.96,34.65,125.01,0.8240,-1,-1,-1
801,154,227.84,130.02,56.50,225.27,0.5905,-1,-1,-1
801,148,276.76,57.19,186.76,386.29,0.8255,-1,-1,-1
802,224,156.08,176.38,45.38,108.04,0.7620,-1,-1,-1
802,223,200.88,187.71,31.27,83.25,0.7472,-1,-1,-1
802,220,229.49,130.27,55.89,215.57,0.6778,-1,-1,-1
802,219,402.55,31.26,111.46,407.26,0.7699,-1,-1,-1
802,217,449.77,1.41,189.78,478.59,0.7387,-1,-1,-1
802,213,89.57,163.28,30.36,116.88,0.7309,-1,-1,-1
802,210,22.11,154.90,30.35,92.17,0.6271,-1,-1,-1
802,197,58.36,158.78,35.82,126.30,0.8200,-1,-1,-1
802,148,275.33,56.97,125.59,380.39,0.7206,-1,-1,-1
803,224,157.08,178.82,38.85,109.13,0.7153,-1,-1,-1
803,223,200.35,189.22,31.59,82.59,0.7960,-1,-1,-1
803,220,232.06,130.85,51.87,191.61,0.8639,-1,-1,-1
803,219,401.47,33.49,107.54,402.69,0.8089,-1,-1,-1
803,217,454.42,1.47,185.24,478.53,0.7472,-1,-1,-1
803,213,89.35,165.08,28.02,116.07,0.6006,-1,-1,-1
803,210,20.45,150.11,38.42,98.91,0.3176,-1,-1,-1
803,197,57.66,159.34,38.39,128.53,0.7456,-1,-1,-1
803,148,276.44,58.55,139.22,382.93,0.5985,-1,-1,-1
804,224,161.39,181.81,35.49,109.80,0.6442,-1,-1,-1
804,223,205.27,189.86,28.18,84.75,0.6705,-1,-1,-1
804,222,283.76,64.01,191.25,390.18,0.8616,-1,-1,-1
804,220,233.90,132.68,59.45,201.19,0.8203,-1,-1,-1
804,219,411.52,34.12,130.64,409.39,0.7938,-1,-1,-1
804,217,477.03,0.82,162.75,479.18,0.8099,-1,-1,-1
804,213,91.62,167.23,28.39,116.62,0.3887,-1,-1,-1
804,210,25.17,148.91,42.21,120.20,0.5280,-1,-1,-1
804,197,61.83,162.69,38.47,129.10,0.7925,-1,-1,-1
805,224,162.99,176.77,35.22,113.10,0.7101,-1,-1,-1
805,223,208.20,185.39,31.27,87.09,0.8347,-1,-1,-1
805,222,290.05,60.20,200.79,404.56,0.8293,-1,-1,-1
805,220,238.80,127.84,62.43,202.24,0.5830,-1,-1,-1
805,219,419.43,31.86,117.87,423.62,0.8533,-1,-1,-1
805,217,494.98,0.60,144.92,413.87,0.6700,-1,-1,-1
805,197,66.90,158.45,43.21,129.22,0.5080,-1,-1,-1
806,224,168.05,176.16,34.67,115.16,0.6160,-1,-1,-1
806,223,213.94,186.06,29.50,88.60,0.8062,-1,-1,-1
806,222,299.22,62.27,215.33,410.70,0.8094,-1,-1,-1
806,220,240.96,129.98,72.30,207.93,0.8935,-1,-1,-1
806,219,428.43,36.07,125.46,429.80,0.8958,-1,-1,-1
806,217,517.15,0.26,122.76,268.20,0.4440,-1,-1,-1
806,214,70.33,160.42,55.38,129.08,0.8688,-1,-1,-1
806,210,27.49,145.73,51.09,152.70,0.7865,-1,-1,-1
807,228,172.44,174.98,44.18,118.47,0.8410,-1,-1,-1
807,223,218.00,187.33,29.14,88.55,0.7777,-1,-1,-1
807,222,309.59,59.17,208.86,411.10,0.7152,-1,-1,-1
807,220,244.89,131.15,77.16,199.32,0.8693,-1,-1,-1
807,219,435.44,39.45,132.84,424.77,0.8645,-1,-1,-1
807,217,540.47,30.44,99.47,251.17,0.4584,-1,-1,-1
807,214,75.76,157.60,51.07,130.75,0.8501,-1,-1,-1
807,210,32.34,143.98,49.05,151.58,0.8076,-1,-1,-1
808,228,177.46,170.57,47.13,120.39,0.7980,-1,-1,-1
808,223,222.03,183.75,27.68,91.58,0.7980,-1,-1,-1
808,222,323.12,52.94,210.63,408.93,0.8567,-1,-1,-1
808,220,254.99,131.34,73.41,192.96,0.7561,-1,-1,-1
808,219,449.37,34.12,132.44,426.68,0.8934,-1,-1,-1
808,217,567.38,88.57,72.54,196.41,0.8253,-1,-1,-1
808,214,79.01,154.86,48.63,131.37,0.8149,-1,-1,-1
808,210,42.80,139.86,41.64,153.31,0.5845,-1,-1,-1
809,228,185.18,172.66,50.05,123.90,0.8787,-1,-1,-1
809,223,233.22,186.53,28.54,90.75,0.8308,-1,-1,-1
809,222,336.62,50.43,215.30,391.41,0.7344,-1,-1,-1
809,220,264.44,136.57,76.39,200.90,0.7829,-1,-1,-1
809,219,467.69,32.10,144.19,419.71,0.8960,-1,-1,-1
809,214,91.21,157.69,38.46,131.14,0.8370,-1,-1,-1
809,210,56.76,143.91,36.92,147.48,0.6989,-1,-1,-1
810,228,190.74,174.64,49.99,126.23,0.8207,-1,-1,-1
810,223,238.47,188.30,28.84,92.13,0.8156,-1,-1,-1
810,222,342.55,49.26,162.71,396.76,0.6947,-1,-1,-1
810,220,277.36,138.35,70.54,201.93,0.8821,-1,-1,-1
810,219,475.16,30.53,146.69,413.64,0.8595,-1,-1,-1
810,214,97.81,158.35,37.35,135.77,0.7329,-1,-1,-1
810,210,64.44,145.54,39.36,157.45,0.7839,-1,-1,-1
811,229,267.74,190.76,21.87,86.05,0.8110,-1,-1,-1
811,228,189.13,171.27,52.47,130.10,0.8682,-1,-1,-1
811,223,241.86,184.13,30.39,93.44,0.8625,-1,-1,-1
811,222,358.38,42.76,148.82,411.24,0.6197,-1,-1,-1
811,220,286.38,132.10,66.50,215.46,0.8651,-1,-1,-1
811,219,486.99,23.04,146.36,426.48,0.8952,-1,-1,-1
811,214,98.92,153.03,39.80,138.66,0.7046,-1,-1,-1
811,210,66.43,147.24,42.72,154.15,0.4836,-1,-1,-1
812,229,269.65,191.93,25.11,87.07,0.7101,-1,-1,-1
812,228,190.66,171.32,54.39,132.96,0.8516,-1,-1,-1
812,223,242.85,180.72,32.12,98.89,0.8219,-1,-1,-1
812,222,369.25,42.67,142.68,423.88,0.6510,-1,-1,-1
812,220,292.99,129.64,65.67,209.32,0.8851,-1,-1,-1
812,219,485.77,24.21,153.74,436.43,0.8637,-1,-1,-1
812,214,101.09,150.65,40.45,142.96,0.8015,-1,-1,-1
812,210,67.77,145.99,41.41,157.02,0.7740,-1,-1,-1
813,229,264.49,195.67,30.11,86.07,0.6354,-1,-1,-1
813,228,187.73,168.30,57.04,137.50,0.8636,-1,-1,-1
813,223,241.73,180.72,35.19,101.17,0.7375,-1,-1,-1
813,222,376.71,40.31,139.03,435.31,0.8791,-1,-1,-1
813,220,298.17,130.62,61.10,210.89,0.8775,-1,-1,-1
813,219,504.73,29.60,135.10,440.98,0.9029,-1,-1,-1
813,214,100.79,152.93,42.88,142.68,0.3101,-1,-1,-1
813,213,51.45,145.87,54.42,153.61,0.7484,-1,-1,-1
814,229,268.91,195.27,26.88,85.44,0.6516,-1,-1,-1
814,228,185.45,162.98,60.98,142.09,0.8444,-1,-1,-1
814,223,237.72,177.10,39.96,104.09,0.8106,-1,-1,-1
814,222,365.08,34.23,171.09,442.97,0.7150,-1,-1,-1
814,220,302.24,130.11,63.29,210.44,0.8800,-1,-1,-1
814,219,510.12,30.05,129.79,443.45,0.8838,-1,-1,-1
814,214,103.13,149.31,38.75,145.12,0.5748,-1,-1,-1
814,213,47.80,139.08,57.97,161.98,0.4565,-1,-1,-1
815,229,269.88,194.59,26.37,88.82,0.7209,-1,-1,-1
815,228,183.24,162.31,59.41,145.18,0.7941,-1,-1,-1
815,223,240.24,179.20,36.02,105.18,0.8027,-1,-1,-1
815,222,376.74,24.25,210.03,455.75,0.6970,-1,-1,-1
815,220,305.81,134.05,63.28,211.77,0.8671,-1,-1,-1
815,219,515.72,30.59,124.28,441.88,0.8705,-1,-1,-1
815,214,101.07,148.39,41.10,149.69,0.7440,-1,-1,-1
815,213,49.79,143.05,55.68,161.66,0.6221,-1,-1,-1
816,229,269.51,193.33,25.30,88.85,0.7405,-1,-1,-1
816,228,179.76,159.06,60.42,149.63,0.6957,-1,-1,-1
816,223,237.99,175.17,35.03,109.98,0.8531,-1,-1,-1
816,222,385.84,21.76,154.50,458.23,0.6786,-1,-1,-1
816,220,311.26,136.11,57.57,210.29,0.8039,-1,-1,-1
816,219,517.62,26.66,122.38,424.90,0.9052,-1,-1,-1
816,214,99.43,148.55,41.83,148.25,0.7801,-1,-1,-1
816,213,59.92,138.89,45.33,161.59,0.5784,-1,-1,-1
817,230,267.67,191.29,25.16,90.40,0.7796,-1,-1,-1
817,228,172.55,157.89,64.82,153.65,0.6915,-1,-1,-1
817,223,236.92,173.55,34.68,109.60,0.7373,-1,-1,-1
817,222,382.96,4.83,161.46,458.29,0.8378,-1,-1,-1
817,220,313.14,134.50,60.16,210.18,0.8707,-1,-1,-1
817,219,521.09,22.02,118.91,432.71,0.9162,-1,-1,-1
817,214,98.41,148.12,39.85,147.52,0.7868,-1,-1,-1
817,213,59.40,135.54,44.94,166.85,0.4485,-1,-1,-1
818,232,287.97,178.27,30.48,92.38,0.8186,-1,-1,-1
818,231,13.35,136.83,55.43,165.57,0.4401,-1,-1,-1
818,230,266.19,187.19,26.31,96.35,0.8218,-1,-1,-1
818,228,174.63,157.03,62.45,161.66,0.6486,-1,-1,-1
818,223,230.64,168.59,38.61,115.47,0.8476,-1,-1,-1
818,222,387.23,8.76,147.41,456.66,0.8542,-1,-1,-1
818,220,317.33,132.01,61.96,210.48,0.8947,-1,-1,-1
818,219,525.83,11.53,114.02,443.81,0.8667,-1,-1,-1
818,214,96.35,145.24,39.67,151.84,0.7955,-1,-1,-1
819,232,288.82,178.87,29.43,92.39,0.7321,-1,-1,-1
819,231,0.00,138.75,60.71,167.80,0.7072,-1,-1,-1
819,230,265.25,188.35,27.24,98.10,0.7806,-1,-1,-1
819,228,167.01,157.56,69.74,164.95,0.6586,-1,-1,-1
819,224,169.66,157.62,66.42,165.50,0.3076,-1,-1,-1
819,223,228.00,167.95,40.23,118.36,0.8474,-1,-1,-1
819,222,407.16,7.18,137.79,459.12,0.9143,-1,-1,-1
819,220,318.11,130.82,63.03,204.87,0.6064,-1,-1,-1
819,219,537.47,9.53,102.50,452.69,0.9045,-1,-1,-1
819,214,94.32,145.01,39.54,154.93,0.8119,-1,-1,-1
819,213,54.59,133.19,44.33,114.35,0.3340,-1,-1,-1
820,231,0.04,143.66,48.00,166.95,0.8063,-1,-1,-1
820,230,260.11,190.59,28.09,100.98,0.8171,-1,-1,-1
820,229,282.90,183.05,30.06,91.14,0.6855,-1,-1,-1
820,228,151.18,154.79,79.38,174.15,0.7057,-1,-1,-1
820,223,221.58,169.93,42.03,124.29,0.8459,-1,-1,-1
820,222,411.70,9.02,161.16,470.81,0.8762,-1,-1,-1
820,220,313.36,132.01,67.05,204.73,0.8415,-1,-1,-1
820,219,548.85,11.65,91.11,466.12,0.8974,-1,-1,-1
820,213,44.33,134.30,42.63,114.43,0.4765,-1,-1,-1
820,210,82.96,147.22,43.76,158.86,0.8259,-1,-1,-1
821,231,0.33,135.77,37.85,172.40,0.7857,-1,-1,-1
821,230,253.53,187.31,28.78,103.44,0.7628,-1,-1,-1
821,229,277.50,177.24,30.63,95.73,0.7585,-1,-1,-1
821,228,145.13,147.76,74.92,179.94,0.8134,-1,-1,-1
821,223,214.26,167.74,42.05,123.55,0.8342,-1,-1,-1
821,222,409.60,4.12,155.14,474.50,0.8711,-1,-1,-1
821,220,308.44,128.84,67.84,205.71,0.8602,-1,-1,-1
821,219,553.65,11.26,86.31,468.74,0.8935,-1,-1,-1
821,213,34.04,129.02,49.40,184.43,0.5510,-1,-1,-1
821,210,75.78,142.07,45.11,159.02,0.8517,-1,-1,-1
822,230,247.66,190.82,29.92,103.57,0.8411,-1,-1,-1
822,229,270.35,176.58,34.00,96.81,0.7869,-1,-1,-1
822,228,133.69,143.67,78.02,188.13,0.8312,-1,-1,-1
822,223,207.51,166.61,42.80,128.64,0.8607,-1,-1,-1
822,222,416.27,5.82,156.22,474.18,0.8997,-1,-1,-1
822,220,305.77,130.80,79.90,207.38,0.8642,-1,-1,-1
822,219,565.30,13.14,74.66,466.86,0.8584,-1,-1,-1
822,213,23.13,122.82,46.08,118.68,0.4015,-1,-1,-1
822,197,65.79,140.83,46.40,163.12,0.8360,-1,-1,-1
823,234,380.11,120.67,69.14,164.79,0.4856,-1,-1,-1
823,230,248.43,185.45,30.78,115.11,0.8556,-1,-1,-1
823,229,271.89,175.43,34.20,105.25,0.7488,-1,-1,-1
823,228,127.55,144.75,81.44,192.66,0.8606,-1,-1,-1
823,223,205.18,168.08,45.06,134.37,0.8433,-1,-1,-1
823,222,432.13,3.39,150.16,474.47,0.8862,-1,-1,-1
823,220,305.99,138.12,81.58,206.89,0.8435,-1,-1,-1
823,219,572.05,14.63,67.83,463.93,0.8049,-1,-1,-1
823,213,19.59,128.95,48.26,121.11,0.4800,-1,-1,-1
823,197,64.37,143.13,46.20,166.03,0.8478,-1,-1,-1
824,234,379.85,113.17,82.51,283.42,0.6650,-1,-1,-1
824,232,299.53,178.01,21.68,88.67,0.3123,-1,-1,-1
824,230,242.70,179.87,32.90,117.51,0.8574,-1,-1,-1
824,229,264.73,175.47,34.97,101.91,0.7518,-1,-1,-1
824,228,115.70,138.41,84.80,203.40,0.8676,-1,-1,-1
824,223,197.03,163.89,46.51,138.08,0.8377,-1,-1,-1
824,222,444.73,0.26,165.01,479.55,0.8833,-1,-1,-1
824,220,309.54,137.42,75.44,206.95,0.8282,-1,-1,-1
824,219,570.35,7.33,69.53,456.04,0.7782,-1,-1,-1
824,197,57.33,140.61,45.95,168.54,0.8650,-1,-1,-1
825,234,379.51,111.99,87.54,230.14,0.6704,-1,-1,-1
825,232,296.77,174.37,24.40,99.28,0.4459,-1,-1,-1
825,230,236.54,180.41,38.05,120.49,0.7985,-1,-1,-1
825,229,262.66,173.94,34.37,105.77,0.7709,-1,-1,-1
825,228,93.23,136.36,102.27,215.30,0.8885,-1,-1,-1
825,223,188.95,158.13,47.52,144.97,0.8539,-1,-1,-1
825,222,454.26,0.73,179.39,479.27,0.8772,-1,-1,-1
825,220,310.35,136.29,76.34,206.53,0.8515,-1,-1,-1
825,213,0.99,120.55,47.72,125.78,0.3746,-1,-1,-1
825,197,49.47,139.07,48.29,171.20,0.8326,-1,-1,-1
826,234,380.48,106.21,88.07,259.32,0.6712,-1,-1,-1
826,232,294.45,169.61,26.47,100.71,0.6047,-1,-1,-1
826,230,231.32,175.08,38.19,126.51,0.8386,-1,-1,-1
826,229,261.79,170.94,31.89,103.77,0.7450,-1,-1,-1
826,228,83.38,129.25,111.01,228.27,0.9125,-1,-1,-1
826,223,179.93,151.65,50.71,148.27,0.6831,-1,-1,-1
826,222,465.25,0.49,174.75,479.46,0.9323,-1,-1,-1
826,220,311.17,130.51,74.05,206.48,0.8427,-1,-1,-1
826,213,0.00,111.55,49.95,208.82,0.4041,-1,-1,-1
826,197,43.01,131.08,49.89,177.84,0.8010,-1,-1,-1
827,234,373.86,112.16,93.06,268.84,0.8563,-1,-1,-1
827,232,287.32,174.91,30.70,98.78,0.5512,-1,-1,-1
827,230,218.95,179.08,41.08,132.80,0.8703,-1,-1,-1
827,229,251.52,174.03,34.71,106.97,0.5621,-1,-1,-1
827,228,67.27,124.57,100.64,241.87,0.8812,-1,-1,-1
827,223,156.41,155.27,64.66,155.31,0.8749,-1,-1,-1
827,222,473.03,0.28,166.97,479.72,0.9109,-1,-1,-1
827,220,310.55,131.35,67.94,203.45,0.8703,-1,-1,-1
827,197,29.98,129.71,47.53,182.22,0.7571,-1,-1,-1
828,234,372.25,113.52,97.10,273.66,0.7960,-1,-1,-1
828,232,286.94,175.92,29.61,98.74,0.4408,-1,-1,-1
828,230,217.02,177.87,40.34,135.56,0.8579,-1,-1,-1
828,229,248.75,173.85,36.41,110.50,0.7999,-1,-1,-1
828,228,61.95,117.68,98.92,251.88,0.9068,-1,-1,-1
828,223,151.34,153.59,67.31,158.49,0.7334,-1,-1,-1
828,222,487.54,0.00,152.46,479.92,0.9204,-1,-1,-1
828,220,312.30,131.79,66.47,204.30,0.8825,-1,-1,-1
828,213,0.11,109.45,34.24,214.27,0.3768,-1,-1,-1
828,197,25.00,130.78,59.41,183.62,0.7359,-1,-1,-1
829,234,376.50,113.07,104.46,275.73,0.7746,-1,-1,-1
829,232,287.95,171.60,33.77,101.61,0.7853,-1,-1,-1
829,230,213.53,175.52,42.65,139.52,0.8463,-1,-1,-1
829,229,245.29,168.22,40.10,117.57,0.7038,-1,-1,-1
829,228,56.47,109.83,98.80,264.20,0.8867,-1,-1,-1
829,223,152.15,150.14,60.12,166.31,0.8115,-1,-1,-1
829,222,507.61,0.16,132.39,479.84,0.9126,-1,-1,-1
829,220,317.17,130.82,64.07,206.22,0.8707,-1,-1,-1
829,197,22.44,128.10,52.20,186.66,0.6285,-1,-1,-1
830,234,381.16,119.19,101.69,272.52,0.8808,-1,-1,-1
830,232,290.39,174.99,34.25,102.95,0.8462,-1,-1,-1
830,230,209.53,175.68,45.29,145.98,0.8237,-1,-1,-1
830,229,246.49,175.85,39.10,114.31,0.6124,-1,-1,-1
830,228,20.22,109.43,125.61,276.43,0.8661,-1,-1,-1
830,223,149.82,152.18,59.97,172.94,0.8282,-1,-1,-1
830,222,521.15,0.00,118.73,480.00,0.8912,-1,-1,-1
830,220,319.24,140.48,64.00,202.59,0.7221,-1,-1,-1
830,213,0.10,115.50,22.55,136.07,0.4100,-1,-1,-1
831,234,378.00,115.35,101.80,278.31,0.8745,-1,-1,-1
831,232,286.97,173.37,36.28,102.25,0.8611,-1,-1,-1
831,230,204.67,170.90,44.05,152.29,0.8276,-1,-1,-1
831,229,242.63,170.61,35.59,119.36,0.8008,-1,-1,-1
831,228,11.02,104.19,122.83,292.07,0.8842,-1,-1,-1
831,223,140.54,144.27,61.81,182.76,0.7437,-1,-1,-1
831,222,531.19,0.19,108.67,478.83,0.8977,-1,-1,-1
831,220,318.94,141.53,61.47,200.88,0.3434,-1,-1,-1
832,238,312.22,134.46,64.23,205.27,0.9014,-1,-1,-1
832,237,278.99,166.10,38.14,104.31,0.8575,-1,-1,-1
832,234,372.15,107.43,96.05,274.85,0.8803,-1,-1,-1
832,229,229.49,161.87,43.30,125.62,0.6933,-1,-1,-1
832,228,0.06,85.70,113.12,328.07,0.9195,-1,-1,-1
832,224,188.67,160.94,46.92,165.02,0.8561,-1,-1,-1
832,223,120.71,132.42,69.93,192.51,0.8115,-1,-1,-1
832,222,553.21,0.16,86.73,479.58,0.8644,-1,-1,-1
833,238,312.13,133.71,63.67,205.58,0.8858,-1,-1,-1
833,237,273.41,167.01,39.07,104.52,0.8289,-1,-1,-1
833,234,369.49,106.52,94.81,270.56,0.8856,-1,-1,-1
833,229,226.84,161.98,41.39,127.73,0.8525,-1,-1,-1
833,228,0.41,81.56,102.08,322.75,0.8939,-1,-1,-1
833,224,179.43,161.26,52.00,166.79,0.8954,-1,-1,-1
833,223,109.95,129.74,73.15,203.79,0.8987,-1,-1,-1
833,222,560.14,0.35,79.77,479.65,0.8628,-1,-1,-1
834,238,312.98,129.20,66.95,200.57,0.8816,-1,-1,-1
834,237,271.48,167.34,39.14,104.46,0.8598,-1,-1,-1
834,234,372.65,103.99,91.45,271.67,0.9066,-1,-1,-1
834,229,224.16,158.81,43.89,132.18,0.8656,-1,-1,-1
834,228,0.30,77.92,84.65,321.35,0.9138,-1,-1,-1
834,224,172.99,159.68,53.58,176.72,0.8918,-1,-1,-1
834,223,99.59,126.56,78.85,209.12,0.8919,-1,-1,-1
834,222,579.74,18.09,60.14,461.91,0.4822,-1,-1,-1
835,238,312.55,126.46,68.55,201.43,0.7643,-1,-1,-1
835,237,273.41,167.63,39.27,101.28,0.8542,-1,-1,-1
835,234,372.56,104.31,92.90,276.12,0.9050,-1,-1,-1
835,229,220.62,158.11,47.52,135.19,0.8675,-1,-1,-1
835,228,0.06,108.84,68.29,295.76,0.7310,-1,-1,-1
835,224,164.52,157.05,59.73,186.62,0.8698,-1,-1,-1
835,223,88.30,121.73,83.20,230.07,0.9171,-1,-1,-1
836,238,318.16,125.16,69.95,194.79,0.8465,-1,-1,-1
836,237,271.59,167.50,41.97,99.42,0.8426,-1,-1,-1
836,234,374.98,105.20,94.46,278.45,0.9058,-1,-1,-1
836,229,221.10,154.23,51.43,140.76,0.8880,-1,-1,-1
836,224,164.92,150.20,56.76,198.00,0.8958,-1,-1,-1
836,223,78.43,114.92,90.92,243.34,0.9144,-1,-1,-1
836,197,0.20,107.07,52.48,216.77,0.7679,-1,-1,-1
837,238,326.57,128.63,70.12,187.84,0.8720,-1,-1,-1
837,237,273.92,168.20,43.88,101.34,0.8673,-1,-1,-1
837,234,380.83,110.31,94.84,278.47,0.8967,-1,-1,-1
837,231,0.09,112.03,37.80,216.41,0.6039,-1,-1,-1
837,230,161.32,143.94,58.70,211.22,0.5253,-1,-1,-1
837,229,224.35,150.86,51.83,149.04,0.8642,-1,-1,-1
837,224,161.74,145.94,58.63,207.50,0.8648,-1,-1,-1
837,223,72.43,111.81,94.19,255.33,0.8541,-1,-1,-1
837,197,0.14,109.71,38.12,218.88,0.6627,-1,-1,-1
