1,1,372.60,407.56,78.65,240.16,0.8503,-1,-1,-1
1,2,103.21,545.88,74.52,245.01,0.8182,-1,-1,-1
1,3,1732.84,452.42,73.43,221.64,0.7246,-1,-1,-1
1,4,1355.80,569.86,83.07,220.42,0.7024,-1,-1,-1
1,5,0.64,880.25,43.54,198.97,0.5934,-1,-1,-1
1,6,225.26,399.76,65.93,200.04,0.5865,-1,-1,-1
1,7,1104.59,207.47,57.76,182.04,0.4783,-1,-1,-1
1,8,1046.90,132.19,63.07,184.06,0.4601,-1,-1,-1
1,9,789.73,144.97,63.69,179.04,0.4524,-1,-1,-1
1,10,505.05,138.04,51.23,172.50,0.4336,-1,-1,-1
2,1,373.05,407.35,79.06,240.40,0.8568,-1,-1,-1
2,2,103.23,546.03,74.08,245.01,0.8289,-1,-1,-1
2,3,1731.87,451.43,74.64,221.46,0.7120,-1,-1,-1
2,4,1355.79,570.19,82.58,217.36,0.7120,-1,-1,-1
2,5,0.44,877.81,41.40,201.04,0.4410,-1,-1,-1
2,6,224.73,398.42,66.71,200.34,0.5648,-1,-1,-1
2,7,1099.08,208.85,59.49,181.05,0.4830,-1,-1,-1
2,8,1045.98,132.20,64.01,183.24,0.4803,-1,-1,-1
2,9,790.02,144.94,64.12,179.11,0.4707,-1,-1,-1
2,10,504.65,137.17,50.63,172.40,0.3976,-1,-1,-1
3,1,374.10,407.14,78.07,241.88,0.8439,-1,-1,-1
3,2,103.59,545.83,74.50,245.76,0.7136,-1,-1,-1
3,3,1731.52,451.87,73.90,221.43,0.7041,-1,-1,-1
3,4,1356.29,570.13,82.06,216.41,0.7127,-1,-1,-1
3,5,0.41,876.22,41.14,202.29,0.3974,-1,-1,-1
3,6,223.10,397.16,68.63,202.57,0.5453,-1,-1,-1
3,7,1092.76,209.36,63.71,180.40,0.5664,-1,-1,-1
3,8,1045.11,132.10,64.72,181.26,0.5150,-1,-1,-1
3,9,789.48,144.70,64.43,179.01,0.4520,-1,-1,-1
3,10,503.89,137.76,50.57,169.98,0.4061,-1,-1,-1
4,1,373.74,406.53,78.59,241.95,0.8527,-1,-1,-1
4,2,103.46,545.52,74.23,246.20,0.8210,-1,-1,-1
4,3,1730.21,451.85,73.74,218.76,0.7251,-1,-1,-1
4,4,1356.18,570.27,83.24,216.60,0.7151,-1,-1,-1
4,5,0.43,875.91,42.38,202.69,0.6351,-1,-1,-1
4,6,221.52,396.58,70.97,203.88,0.5336,-1,-1,-1
4,7,1086.87,207.88,66.52,182.23,0.5933,-1,-1,-1
4,8,1044.77,132.50,64.31,181.22,0.4311,-1,-1,-1
4,9,789.76,144.26,63.85,178.67,0.4652,-1,-1,-1
4,10,502.52,137.73,50.37,169.97,0.3521,-1,-1,-1
5,1,375.30,406.02,77.67,242.04,0.8612,-1,-1,-1
5,2,103.43,545.47,73.58,246.16,0.8305,-1,-1,-1
5,3,1729.30,451.64,73.78,219.18,0.7599,-1,-1,-1
5,4,1355.84,570.24,83.12,214.15,0.7473,-1,-1,-1
5,5,0.41,874.49,43.74,203.83,0.6519,-1,-1,-1
5,6,220.66,396.33,74.38,202.76,0.4014,-1,-1,-1
5,7,1074.21,209.15,77.10,179.93,0.6111,-1,-1,-1
5,9,789.43,145.15,64.39,177.32,0.4889,-1,-1,-1
5,10,500.73,138.43,51.46,164.73,0.2852,-1,-1,-1
6,1,375.98,405.25,77.82,240.84,0.8516,-1,-1,-1
6,2,103.66,545.62,73.53,245.94,0.8269,-1,-1,-1
6,3,1727.78,453.53,74.42,217.14,0.7623,-1,-1,-1
6,4,1356.56,570.25,82.31,213.08,0.7540,-1,-1,-1
6,5,0.45,872.44,44.84,205.97,0.7070,-1,-1,-1
6,6,219.06,393.05,77.79,205.12,0.3414,-1,-1,-1
6,7,1064.21,208.93,86.93,179.68,0.6800,-1,-1,-1
6,9,788.66,144.91,64.39,178.06,0.5015,-1,-1,-1
6,10,500.83,140.34,50.91,162.43,0.3663,-1,-1,-1
7,1,376.67,403.97,78.77,240.75,0.8534,-1,-1,-1
7,2,103.64,545.50,73.40,245.40,0.8324,-1,-1,-1
7,3,1727.02,453.73,74.46,214.25,0.7412,-1,-1,-1
7,4,1356.36,570.37,82.71,212.40,0.7691,-1,-1,-1
7,5,0.50,871.05,45.95,207.37,0.6893,-1,-1,-1
7,6,217.56,395.46,77.44,201.62,0.3003,-1,-1,-1
7,7,1055.42,208.12,96.51,180.55,0.6517,-1,-1,-1
7,9,788.67,144.92,64.91,178.30,0.5209,-1,-1,-1
7,10,500.83,141.98,50.35,161.39,0.3857,-1,-1,-1
7,13,268.07,381.75,47.18,193.32,0.3783,-1,-1,-1
8,1,377.48,402.02,78.87,239.78,0.8502,-1,-1,-1
8,2,103.90,546.09,73.98,245.43,0.7866,-1,-1,-1
8,3,1725.06,454.17,75.47,210.38,0.7583,-1,-1,-1
8,4,1356.52,570.13,82.31,213.57,0.7453,-1,-1,-1
8,5,0.49,869.19,46.85,209.12,0.6578,-1,-1,-1
8,7,1051.38,210.52,101.40,177.98,0.6411,-1,-1,-1
8,9,788.42,145.53,65.05,177.31,0.4999,-1,-1,-1
8,10,500.13,142.03,50.53,163.32,0.3863,-1,-1,-1
8,13,266.19,380.99,47.78,187.94,0.3189,-1,-1,-1
9,1,377.92,401.07,79.94,238.32,0.8506,-1,-1,-1
9,2,103.01,545.76,75.70,246.99,0.6235,-1,-1,-1
9,3,1724.15,453.97,75.53,210.45,0.7561,-1,-1,-1
9,4,1356.68,570.46,81.89,213.56,0.7440,-1,-1,-1
9,5,0.46,866.90,47.03,211.26,0.6016,-1,-1,-1
9,7,1047.78,212.52,105.87,174.44,0.5827,-1,-1,-1
9,9,788.34,145.55,65.02,176.18,0.4640,-1,-1,-1
10,1,378.32,399.91,80.36,237.15,0.8450,-1,-1,-1
10,2,102.83,545.59,76.52,247.35,0.7718,-1,-1,-1
10,3,1724.23,454.27,74.81,210.23,0.7319,-1,-1,-1
10,4,1356.29,569.80,82.77,215.14,0.7470,-1,-1,-1
10,5,0.32,864.20,47.48,213.17,0.6416,-1,-1,-1
10,7,1044.34,213.71,109.05,171.60,0.4766,-1,-1,-1
10,9,788.42,145.65,64.69,177.05,0.4838,-1,-1,-1
11,1,379.26,398.01,80.25,235.37,0.8417,-1,-1,-1
11,2,102.59,545.68,76.71,247.64,0.6082,-1,-1,-1
11,3,1723.96,455.26,74.57,209.67,0.7305,-1,-1,-1
11,4,1356.24,569.82,82.89,215.42,0.7707,-1,-1,-1
11,5,0.22,860.73,47.38,216.79,0.6339,-1,-1,-1
11,7,1042.19,214.84,106.82,170.04,0.4606,-1,-1,-1
11,9,788.30,145.56,65.15,177.36,0.4855,-1,-1,-1
11,15,1131.67,974.60,65.56,105.39,0.4857,-1,-1,-1
12,1,379.37,396.53,80.69,234.08,0.8416,-1,-1,-1
12,2,102.54,545.53,77.13,247.88,0.8065,-1,-1,-1
12,3,1723.75,455.66,74.57,209.78,0.7530,-1,-1,-1
12,4,1356.70,569.70,81.62,215.09,0.7658,-1,-1,-1
12,5,0.20,856.03,47.04,221.44,0.6710,-1,-1,-1
12,7,1042.27,209.89,101.04,173.95,0.3453,-1,-1,-1
12,9,788.31,145.58,65.12,177.85,0.4765,-1,-1,-1
12,15,1134.25,973.96,65.77,106.02,0.5070,-1,-1,-1
13,1,379.67,395.25,80.98,232.37,0.8486,-1,-1,-1
13,2,102.65,545.27,77.67,248.54,0.8209,-1,-1,-1
13,3,1724.20,456.84,74.01,208.44,0.7832,-1,-1,-1
13,4,1356.64,570.05,81.67,213.60,0.7648,-1,-1,-1
13,5,0.36,851.30,46.65,226.61,0.6457,-1,-1,-1
13,9,788.55,146.05,65.00,177.62,0.5031,-1,-1,-1
13,15,1137.82,972.97,64.08,106.98,0.3917,-1,-1,-1
14,1,380.27,394.46,80.56,231.29,0.8502,-1,-1,-1
14,2,102.50,545.23,78.03,249.00,0.8237,-1,-1,-1
14,3,1723.59,455.53,74.80,210.57,0.7665,-1,-1,-1
14,4,1357.04,570.02,81.32,213.93,0.7424,-1,-1,-1
14,5,0.31,848.12,46.98,230.24,0.6524,-1,-1,-1
14,9,788.94,146.12,64.59,177.51,0.5116,-1,-1,-1
14,15,1140.64,972.43,62.54,107.57,0.3342,-1,-1,-1
15,1,380.87,393.28,80.40,231.31,0.8519,-1,-1,-1
15,2,102.40,545.25,78.32,248.95,0.8254,-1,-1,-1
15,3,1724.19,454.69,74.36,211.61,0.7695,-1,-1,-1
15,4,1356.88,570.48,81.12,212.76,0.7367,-1,-1,-1
15,5,0.27,846.40,47.46,232.33,0.6251,-1,-1,-1
15,9,788.69,146.73,65.36,176.12,0.5288,-1,-1,-1
15,15,1144.05,973.12,61.09,106.88,0.4890,-1,-1,-1
15,17,879.29,130.20,87.87,178.47,0.3633,-1,-1,-1
16,1,381.35,392.69,80.00,231.88,0.8517,-1,-1,-1
16,2,102.44,545.70,78.26,248.20,0.8219,-1,-1,-1
16,3,1724.86,454.60,73.46,211.24,0.7738,-1,-1,-1
16,4,1356.76,570.33,80.98,213.18,0.7532,-1,-1,-1
16,5,0.29,845.62,48.57,232.36,0.5411,-1,-1,-1
16,9,789.29,146.98,64.96,175.72,0.4959,-1,-1,-1
16,15,1146.45,972.99,60.67,107.03,0.4690,-1,-1,-1
16,17,879.40,130.89,86.71,179.63,0.3248,-1,-1,-1
16,18,1804.78,224.01,67.81,186.36,0.3478,-1,-1,-1
16,19,536.58,148.30,58.11,195.53,0.4329,-1,-1,-1
17,1,381.74,391.55,80.41,233.64,0.8457,-1,-1,-1
17,2,102.17,546.24,79.07,247.47,0.8261,-1,-1,-1
17,3,1723.93,454.10,74.50,213.16,0.7609,-1,-1,-1
17,4,1356.64,570.10,82.03,214.20,0.7335,-1,-1,-1
17,5,0.31,844.28,50.47,233.68,0.5948,-1,-1,-1
17,9,789.40,147.11,64.90,175.12,0.4606,-1,-1,-1
17,15,1148.72,973.58,59.74,106.45,0.4973,-1,-1,-1
17,17,880.07,131.91,86.09,178.68,0.2987,-1,-1,-1
17,18,1806.40,224.82,67.28,188.64,0.2703,-1,-1,-1
17,19,534.70,151.87,58.95,193.26,0.5469,-1,-1,-1
18,1,381.78,389.96,80.97,236.10,0.8439,-1,-1,-1
18,2,102.27,546.40,79.04,247.05,0.8293,-1,-1,-1
18,3,1723.87,453.48,74.85,214.04,0.7607,-1,-1,-1
18,4,1356.62,570.01,81.63,214.12,0.7508,-1,-1,-1
18,5,0.27,842.92,51.81,234.91,0.5274,-1,-1,-1
18,9,789.76,147.29,64.54,174.66,0.5163,-1,-1,-1
18,15,1151.76,973.87,57.67,106.16,0.4069,-1,-1,-1
18,17,880.08,132.66,85.93,178.88,0.3239,-1,-1,-1
18,18,1807.18,225.11,69.00,189.84,0.2828,-1,-1,-1
18,19,533.00,153.41,58.01,191.68,0.5370,-1,-1,-1
19,1,381.94,388.37,81.68,237.89,0.7023,-1,-1,-1
19,2,102.46,546.22,78.82,247.14,0.8226,-1,-1,-1
19,3,1723.99,454.02,74.88,212.62,0.7660,-1,-1,-1
19,4,1356.85,570.03,81.02,214.35,0.7666,-1,-1,-1
19,5,0.26,841.02,52.28,236.92,0.5653,-1,-1,-1
19,9,789.76,146.96,64.12,174.61,0.4567,-1,-1,-1
19,15,1153.97,973.48,56.39,106.49,0.4930,-1,-1,-1
19,18,1809.48,225.45,69.79,189.35,0.3261,-1,-1,-1
19,19,531.61,155.07,57.40,189.77,0.4820,-1,-1,-1
20,1,381.85,386.91,82.04,239.69,0.8393,-1,-1,-1
20,2,102.29,546.17,78.84,247.33,0.8189,-1,-1,-1
20,3,1724.08,454.24,74.86,212.89,0.7493,-1,-1,-1
20,4,1356.96,570.52,80.58,213.76,0.7748,-1,-1,-1
20,5,0.21,840.45,52.60,237.34,0.5137,-1,-1,-1
20,9,789.65,147.53,64.05,174.08,0.4751,-1,-1,-1
20,15,1156.60,973.10,54.19,106.90,0.4902,-1,-1,-1
20,18,1810.70,225.11,70.83,189.44,0.3143,-1,-1,-1
20,19,531.33,156.01,55.23,189.15,0.4338,-1,-1,-1
20,7,1025.96,148.01,65.99,232.27,0.4160,-1,-1,-1
21,1,381.67,385.99,82.49,240.26,0.8344,-1,-1,-1
21,2,102.35,545.96,78.64,247.87,0.8221,-1,-1,-1
21,3,1723.97,453.82,74.78,213.17,0.7599,-1,-1,-1
21,4,1357.43,570.50,79.92,215.05,0.7404,-1,-1,-1
21,5,0.18,839.13,52.81,238.47,0.5922,-1,-1,-1
21,9,789.35,147.55,64.33,174.17,0.4748,-1,-1,-1
21,15,1157.43,973.82,54.21,106.18,0.4130,-1,-1,-1
21,18,1812.52,224.89,74.02,190.06,0.3307,-1,-1,-1
21,19,531.07,156.56,53.94,188.82,0.4352,-1,-1,-1
21,6,203.66,363.00,61.62,214.80,0.4371,-1,-1,-1
21,13,247.36,374.90,47.06,191.40,0.3421,-1,-1,-1
22,1,381.79,385.81,82.51,239.91,0.8318,-1,-1,-1
22,2,102.37,546.36,78.60,247.44,0.8142,-1,-1,-1
22,3,1724.26,454.51,73.90,211.96,0.7753,-1,-1,-1
22,4,1357.39,570.33,79.93,214.63,0.7636,-1,-1,-1
22,5,0.23,838.45,53.56,238.28,0.5958,-1,-1,-1
22,9,789.60,147.69,64.23,174.87,0.4522,-1,-1,-1
22,15,1158.01,973.93,55.86,106.09,0.5596,-1,-1,-1
22,18,1815.44,225.11,74.27,188.79,0.3234,-1,-1,-1
22,19,529.33,154.39,54.63,191.90,0.3389,-1,-1,-1
22,6,202.81,362.94,63.23,213.16,0.3537,-1,-1,-1
22,13,246.13,376.90,45.26,189.77,0.2543,-1,-1,-1
23,1,382.33,384.66,81.43,238.87,0.5292,-1,-1,-1
23,2,102.37,546.21,78.54,247.10,0.8171,-1,-1,-1
23,3,1724.57,453.83,73.52,212.14,0.7588,-1,-1,-1
23,4,1356.97,570.08,80.77,214.73,0.7444,-1,-1,-1
23,5,0.26,838.01,53.54,236.30,0.6057,-1,-1,-1
23,9,790.12,147.87,64.06,174.40,0.4063,-1,-1,-1
23,15,1158.33,974.58,57.89,105.42,0.4454,-1,-1,-1
23,18,1817.82,226.04,74.33,189.75,0.3286,-1,-1,-1
23,19,528.18,154.27,53.22,191.73,0.2994,-1,-1,-1
23,6,202.80,361.95,63.03,210.82,0.2769,-1,-1,-1
24,1,382.38,384.07,80.90,237.77,0.8370,-1,-1,-1
24,2,102.39,545.99,78.72,247.20,0.8135,-1,-1,-1
24,3,1724.44,454.38,73.98,211.81,0.7651,-1,-1,-1
24,4,1356.73,569.84,81.30,216.52,0.7189,-1,-1,-1
24,5,0.28,837.27,54.34,236.65,0.5962,-1,-1,-1
24,9,790.05,147.95,64.34,174.25,0.4250,-1,-1,-1
24,15,1158.95,975.28,59.61,104.73,0.5127,-1,-1,-1
24,18,1820.46,228.06,72.88,189.48,0.3533,-1,-1,-1
24,19,525.50,153.36,55.39,192.42,0.2532,-1,-1,-1
24,6,202.04,353.85,65.94,219.16,0.4124,-1,-1,-1
25,1,382.39,383.23,80.15,237.02,0.8435,-1,-1,-1
25,2,102.23,546.26,78.87,247.23,0.8196,-1,-1,-1
25,3,1723.70,454.61,74.30,212.85,0.7637,-1,-1,-1
25,4,1356.91,570.26,80.28,213.70,0.7409,-1,-1,-1
25,5,0.29,835.63,54.92,237.58,0.5833,-1,-1,-1
25,9,789.86,147.45,64.49,175.28,0.4241,-1,-1,-1
25,15,1159.48,975.79,60.50,104.24,0.5293,-1,-1,-1
25,18,1822.04,231.20,72.17,192.08,0.3497,-1,-1,-1
25,19,524.32,154.25,56.00,190.59,0.2932,-1,-1,-1
25,6,201.66,350.09,67.86,221.96,0.3638,-1,-1,-1
26,1,382.83,382.25,79.36,237.17,0.8482,-1,-1,-1
26,2,101.99,546.15,79.26,248.00,0.8193,-1,-1,-1
26,3,1723.62,453.45,74.00,214.06,0.7621,-1,-1,-1
26,4,1356.76,570.62,80.88,212.97,0.7310,-1,-1,-1
26,5,0.35,833.01,55.62,237.44,0.6347,-1,-1,-1
26,9,789.47,147.71,65.23,175.65,0.4476,-1,-1,-1
26,15,1160.87,976.08,61.20,103.96,0.5827,-1,-1,-1
26,18,1824.73,234.73,70.92,192.76,0.3295,-1,-1,-1
26,19,524.02,155.85,55.62,189.50,0.2888,-1,-1,-1
26,6,200.90,349.02,68.51,223.36,0.4076,-1,-1,-1
27,1,382.53,380.82,80.00,237.27,0.8650,-1,-1,-1
27,2,101.88,545.79,79.02,248.26,0.8172,-1,-1,-1
27,3,1723.54,454.77,73.84,213.01,0.7741,-1,-1,-1
27,4,1356.60,570.31,80.99,213.84,0.7208,-1,-1,-1
27,5,0.35,829.78,56.76,237.75,0.6809,-1,-1,-1
27,9,789.90,147.62,64.89,175.41,0.4447,-1,-1,-1
27,15,1162.66,976.30,61.96,103.69,0.5176,-1,-1,-1
27,18,1826.73,237.53,69.88,191.58,0.2527,-1,-1,-1
27,19,523.27,156.07,56.20,191.18,0.2808,-1,-1,-1
27,6,199.88,347.87,70.59,224.19,0.5133,-1,-1,-1
27,7,978.10,201.60,103.31,173.93,0.4905,-1,-1,-1
28,1,382.50,379.10,81.15,237.92,0.8507,-1,-1,-1
28,2,101.52,545.94,79.14,247.75,0.8170,-1,-1,-1
28,3,1723.59,454.93,73.72,212.40,0.7597,-1,-1,-1
28,4,1356.64,569.77,81.43,215.28,0.7182,-1,-1,-1
28,5,0.35,826.79,58.22,237.53,0.6866,-1,-1,-1
28,9,790.18,147.43,64.60,174.93,0.4152,-1,-1,-1
28,15,1164.35,976.51,62.70,103.51,0.2862,-1,-1,-1
28,6,198.93,347.92,70.93,225.91,0.5357,-1,-1,-1
29,1,383.14,377.49,81.36,238.39,0.8358,-1,-1,-1
29,2,101.12,545.67,79.67,247.98,0.8166,-1,-1,-1
29,3,1723.77,454.64,73.39,212.51,0.7632,-1,-1,-1
29,4,1356.54,569.86,81.75,215.02,0.7532,-1,-1,-1
29,5,0.37,824.04,59.42,236.58,0.7402,-1,-1,-1
29,9,790.58,147.36,64.30,174.97,0.3966,-1,-1,-1
29,15,1164.11,976.51,66.45,103.54,0.4608,-1,-1,-1
29,6,198.00,349.35,70.90,223.38,0.4207,-1,-1,-1
30,1,383.67,376.03,82.52,237.14,0.3695,-1,-1,-1
30,2,101.14,546.05,79.76,247.40,0.8194,-1,-1,-1
30,3,1723.79,454.74,73.62,211.85,0.7682,-1,-1,-1
30,4,1356.70,569.93,80.87,215.25,0.7456,-1,-1,-1
30,5,0.43,821.27,60.09,234.18,0.7354,-1,-1,-1
30,9,790.27,147.19,64.38,175.26,0.4232,-1,-1,-1
30,15,1165.75,976.92,67.49,103.12,0.3983,-1,-1,-1
30,6,196.85,350.74,70.56,219.82,0.4146,-1,-1,-1
31,1,383.83,374.72,85.59,234.67,0.8134,-1,-1,-1
31,2,101.08,545.96,79.50,247.59,0.8195,-1,-1,-1
31,3,1723.74,454.60,73.31,212.38,0.7772,-1,-1,-1
31,4,1356.58,569.74,81.02,214.30,0.7233,-1,-1,-1
31,5,0.38,817.90,60.61,237.59,0.6979,-1,-1,-1
31,9,790.08,146.76,65.05,176.06,0.4024,-1,-1,-1
31,15,1167.41,977.35,67.89,102.62,0.3459,-1,-1,-1
31,6,195.43,352.69,69.83,215.31,0.4699,-1,-1,-1
32,1,383.66,373.57,89.65,233.37,0.8124,-1,-1,-1
32,2,101.02,545.79,79.15,247.87,0.8204,-1,-1,-1
32,3,1723.45,454.13,73.92,213.75,0.7753,-1,-1,-1
32,4,1356.44,569.78,80.86,214.15,0.7372,-1,-1,-1
32,5,0.35,815.51,60.62,241.93,0.6799,-1,-1,-1
32,9,790.60,147.17,64.74,175.78,0.3909,-1,-1,-1
32,15,1169.43,978.18,67.65,101.80,0.4175,-1,-1,-1
32,6,193.78,349.51,69.79,215.64,0.5313,-1,-1,-1
33,1,383.88,371.63,92.50,233.25,0.8204,-1,-1,-1
33,2,101.09,545.56,79.71,248.07,0.8307,-1,-1,-1
33,3,1723.37,454.08,73.69,214.15,0.7715,-1,-1,-1
33,4,1356.22,569.53,81.57,216.39,0.7429,-1,-1,-1
33,5,0.31,813.53,61.15,247.11,0.6938,-1,-1,-1
33,9,790.37,147.40,64.94,175.58,0.3893,-1,-1,-1
33,15,1171.68,978.75,67.17,101.26,0.4030,-1,-1,-1
33,6,191.25,348.19,70.34,217.24,0.5541,-1,-1,-1
33,19,494.48,158.71,81.71,197.22,0.4743,-1,-1,-1
34,1,384.37,371.20,93.18,232.00,0.8256,-1,-1,-1
34,2,101.17,545.58,79.70,248.31,0.8252,-1,-1,-1
34,3,1723.33,454.51,73.51,212.92,0.7750,-1,-1,-1
34,4,1356.56,569.38,81.73,216.46,0.7335,-1,-1,-1
34,5,0.39,811.81,61.55,249.07,0.6906,-1,-1,-1
34,9,790.20,147.27,64.33,176.34,0.3549,-1,-1,-1
34,15,1175.01,980.37,65.77,99.65,0.5378,-1,-1,-1
34,6,189.10,348.53,70.57,214.95,0.5592,-1,-1,-1
34,19,492.51,159.72,82.38,196.70,0.4619,-1,-1,-1
35,1,384.47,370.40,93.91,232.62,0.8180,-1,-1,-1
35,2,100.95,545.77,80.23,248.54,0.8223,-1,-1,-1
35,3,1723.39,454.25,73.05,212.92,0.7802,-1,-1,-1
35,4,1356.04,569.47,82.32,215.77,0.7363,-1,-1,-1
35,5,0.35,810.82,62.86,252.49,0.6401,-1,-1,-1
35,9,790.44,147.11,64.03,176.42,0.3957,-1,-1,-1
35,15,1178.49,982.21,63.79,97.81,0.6084,-1,-1,-1
35,6,187.62,346.79,71.01,214.76,0.5732,-1,-1,-1
35,19,492.37,160.16,81.44,196.46,0.4729,-1,-1,-1
36,1,384.82,369.93,93.45,232.83,0.7762,-1,-1,-1
36,2,101.00,545.98,79.76,248.26,0.8224,-1,-1,-1
36,3,1723.34,454.83,73.41,212.20,0.7380,-1,-1,-1
36,4,1355.90,569.46,82.94,216.25,0.7127,-1,-1,-1
36,5,0.36,810.05,63.43,250.41,0.6103,-1,-1,-1
36,9,790.15,147.31,64.46,175.77,0.3350,-1,-1,-1
36,15,1181.10,984.34,63.27,95.68,0.6205,-1,-1,-1
36,6,187.19,349.16,68.99,211.85,0.4908,-1,-1,-1
36,19,492.91,160.34,79.15,195.84,0.4800,-1,-1,-1
37,1,385.57,368.99,91.28,233.51,0.7685,-1,-1,-1
37,2,101.06,545.68,79.22,248.30,0.8123,-1,-1,-1
37,3,1723.42,454.42,73.53,213.03,0.7566,-1,-1,-1
37,4,1356.06,569.18,83.04,218.08,0.7037,-1,-1,-1
37,5,0.43,809.11,64.86,249.85,0.6960,-1,-1,-1
37,9,789.86,147.52,64.78,175.85,0.3467,-1,-1,-1
37,15,1183.93,985.13,63.51,94.85,0.6026,-1,-1,-1
37,6,186.99,348.52,67.61,211.32,0.5052,-1,-1,-1
37,19,493.58,161.35,77.19,195.02,0.4633,-1,-1,-1
37,7,944.78,200.26,71.41,173.23,0.4446,-1,-1,-1
38,1,386.56,368.24,88.02,234.20,0.7706,-1,-1,-1
38,2,101.79,546.09,77.79,246.35,0.5413,-1,-1,-1
38,3,1723.31,454.97,73.59,211.85,0.7638,-1,-1,-1
38,4,1355.86,569.35,82.74,215.10,0.7373,-1,-1,-1
38,5,0.48,808.74,65.74,247.56,0.7067,-1,-1,-1
38,9,790.10,147.89,64.81,176.30,0.3234,-1,-1,-1
38,15,1185.90,985.11,65.51,94.88,0.5978,-1,-1,-1
38,6,185.99,351.28,65.86,208.06,0.4586,-1,-1,-1
38,19,493.42,162.01,76.46,194.68,0.4628,-1,-1,-1
38,23,383.97,993.09,93.92,86.89,0.4327,-1,-1,-1
38,7,935.53,200.82,75.57,172.84,0.3624,-1,-1,-1
39,1,386.91,367.08,86.31,235.64,0.7677,-1,-1,-1
39,2,100.94,545.77,79.00,247.28,0.7349,-1,-1,-1
39,3,1723.06,455.82,73.40,210.97,0.7510,-1,-1,-1
39,4,1356.53,568.31,82.26,216.79,0.7172,-1,-1,-1
39,5,0.52,807.90,65.81,246.33,0.7206,-1,-1,-1
39,9,790.06,148.12,64.04,176.02,0.2810,-1,-1,-1
39,15,1187.03,983.88,67.93,96.15,0.5260,-1,-1,-1
39,6,183.68,351.54,65.97,208.12,0.4974,-1,-1,-1
39,19,493.68,162.66,75.26,193.75,0.4682,-1,-1,-1
39,23,383.99,991.68,93.53,88.32,0.4221,-1,-1,-1
39,7,925.90,200.86,82.46,171.93,0.5468,-1,-1,-1
40,1,387.19,366.40,86.83,235.71,0.7803,-1,-1,-1
40,2,100.61,545.39,79.37,247.65,0.8071,-1,-1,-1
40,3,1723.01,455.72,73.44,211.44,0.7544,-1,-1,-1
40,4,1357.17,569.23,81.26,213.56,0.7468,-1,-1,-1
40,5,0.63,806.88,65.71,244.22,0.6930,-1,-1,-1
40,9,790.09,148.42,63.34,176.62,0.2802,-1,-1,-1
40,15,1190.02,983.62,68.52,96.37,0.4771,-1,-1,-1
40,6,181.05,350.65,66.18,208.91,0.4184,-1,-1,-1
40,19,494.38,163.67,74.92,193.22,0.4603,-1,-1,-1
40,23,384.36,989.78,93.46,90.15,0.4197,-1,-1,-1
40,7,916.81,198.39,91.05,174.05,0.5681,-1,-1,-1
41,1,388.41,365.69,86.11,235.94,0.7764,-1,-1,-1
41,2,100.56,545.25,79.66,248.13,0.8034,-1,-1,-1
41,3,1722.89,455.42,73.66,211.56,0.7636,-1,-1,-1
41,4,1356.86,568.80,81.70,214.98,0.7422,-1,-1,-1
41,5,0.60,805.95,66.13,243.86,0.6807,-1,-1,-1
41,15,1192.74,984.49,68.68,95.51,0.5344,-1,-1,-1
41,6,179.66,349.82,64.92,209.98,0.3321,-1,-1,-1
41,19,494.43,164.63,75.52,193.02,0.3840,-1,-1,-1
41,23,384.72,988.72,93.61,91.18,0.4142,-1,-1,-1
41,7,911.62,201.93,96.42,170.04,0.6264,-1,-1,-1
42,1,389.39,364.40,85.64,236.05,0.7971,-1,-1,-1
42,2,100.50,545.05,80.31,248.47,0.8157,-1,-1,-1
42,3,1722.47,454.65,73.82,211.93,0.7677,-1,-1,-1
42,4,1356.78,569.20,81.33,214.24,0.7441,-1,-1,-1
42,5,0.54,803.77,66.54,243.60,0.7051,-1,-1,-1
42,15,1195.29,984.63,70.04,95.36,0.5459,-1,-1,-1
42,6,178.90,356.72,62.49,204.46,0.3749,-1,-1,-1
42,19,494.31,166.06,75.62,193.58,0.3910,-1,-1,-1
42,23,384.00,987.28,94.58,92.69,0.4645,-1,-1,-1
42,7,907.82,199.99,99.57,172.65,0.5896,-1,-1,-1
43,1,390.46,364.42,85.43,234.52,0.8340,-1,-1,-1
43,2,100.31,545.14,80.16,248.79,0.8056,-1,-1,-1
43,3,1722.58,454.16,73.65,212.59,0.7398,-1,-1,-1
43,4,1356.68,569.17,81.29,214.13,0.7369,-1,-1,-1
43,5,0.62,799.75,66.80,236.53,0.7236,-1,-1,-1
43,15,1197.83,985.24,70.48,94.76,0.5191,-1,-1,-1
43,6,176.75,358.68,62.07,201.90,0.3250,-1,-1,-1
43,19,493.37,167.04,76.78,195.45,0.4069,-1,-1,-1
43,23,382.98,987.06,95.50,92.96,0.4673,-1,-1,-1
43,7,903.69,200.12,103.78,172.46,0.5683,-1,-1,-1
44,1,391.10,364.27,85.80,232.75,0.8325,-1,-1,-1
44,2,100.28,545.42,79.85,248.64,0.4119,-1,-1,-1
44,3,1722.14,454.21,74.01,213.44,0.7468,-1,-1,-1
44,4,1356.71,569.05,81.71,215.63,0.7488,-1,-1,-1
44,5,0.61,796.03,67.29,232.37,0.7342,-1,-1,-1
44,15,1199.08,986.06,70.84,93.98,0.6284,-1,-1,-1
44,6,174.84,355.77,61.68,203.55,0.3326,-1,-1,-1
44,19,492.99,168.27,77.02,196.49,0.3835,-1,-1,-1
44,23,382.19,985.41,96.34,94.53,0.5696,-1,-1,-1
44,7,901.17,195.13,102.28,177.05,0.3117,-1,-1,-1
44,8,1023.60,162.19,61.05,182.33,0.3835,-1,-1,-1
44,18,1840.86,255.87,78.32,194.96,0.4017,-1,-1,-1
45,1,392.39,362.26,85.20,232.49,0.8380,-1,-1,-1
45,2,100.92,545.95,78.57,246.59,0.7877,-1,-1,-1
45,3,1722.35,455.20,73.75,212.77,0.7468,-1,-1,-1
45,4,1356.39,568.93,81.65,215.78,0.7650,-1,-1,-1
45,5,0.67,793.17,67.42,230.59,0.7291,-1,-1,-1
45,15,1199.96,986.79,71.61,93.27,0.5434,-1,-1,-1
45,6,173.28,353.17,61.54,205.73,0.3254,-1,-1,-1
45,19,493.24,171.24,76.33,195.28,0.2856,-1,-1,-1
45,23,380.75,984.60,96.25,95.29,0.5706,-1,-1,-1
45,7,899.31,188.83,99.41,184.20,0.2989,-1,-1,-1
45,8,1021.56,162.95,63.16,182.16,0.3803,-1,-1,-1
45,18,1842.74,257.42,76.99,196.08,0.3958,-1,-1,-1
46,1,394.14,360.69,83.41,232.11,0.8328,-1,-1,-1
46,2,101.27,545.76,78.11,246.24,0.7500,-1,-1,-1
46,3,1721.66,455.43,74.38,211.55,0.7238,-1,-1,-1
46,4,1356.22,569.24,82.60,216.32,0.7385,-1,-1,-1
46,5,0.83,790.61,68.03,230.28,0.7311,-1,-1,-1
46,15,1201.16,986.58,73.01,93.42,0.5522,-1,-1,-1
46,19,492.37,172.96,77.52,194.74,0.3211,-1,-1,-1
46,23,379.98,979.54,96.42,100.16,0.6381,-1,-1,-1
46,7,899.22,183.86,91.71,188.99,0.3114,-1,-1,-1
46,8,1020.42,163.00,64.23,182.08,0.4457,-1,-1,-1
46,18,1843.95,258.35,75.90,199.80,0.3671,-1,-1,-1
47,1,394.93,358.68,83.35,232.27,0.8361,-1,-1,-1
47,2,101.22,545.58,78.10,246.16,0.7930,-1,-1,-1
47,3,1721.92,455.22,74.28,212.38,0.7435,-1,-1,-1
47,4,1356.43,569.49,82.40,215.65,0.7294,-1,-1,-1
47,5,1.02,789.21,68.80,232.04,0.6839,-1,-1,-1
47,15,1202.30,986.61,74.22,93.41,0.5150,-1,-1,-1
47,19,493.00,175.72,76.75,192.62,0.2581,-1,-1,-1
47,23,379.70,973.98,96.88,105.91,0.6387,-1,-1,-1
47,7,900.43,173.61,80.25,199.82,0.3339,-1,-1,-1
47,8,1019.70,163.76,63.53,182.89,0.4155,-1,-1,-1
47,18,1845.12,259.69,74.68,201.10,0.3514,-1,-1,-1
48,1,395.74,357.01,83.47,230.54,0.8477,-1,-1,-1
48,2,101.53,545.26,77.80,246.69,0.7453,-1,-1,-1
48,3,1722.10,455.63,73.81,211.14,0.7439,-1,-1,-1
48,4,1356.45,569.21,83.23,216.30,0.7443,-1,-1,-1
48,5,1.18,788.57,69.91,234.42,0.6575,-1,-1,-1
48,15,1203.17,986.48,75.39,93.52,0.4769,-1,-1,-1
48,19,492.64,177.25,76.59,191.54,0.2803,-1,-1,-1
48,23,378.48,967.46,98.46,112.05,0.6510,-1,-1,-1
48,7,899.69,170.17,71.84,201.95,0.2573,-1,-1,-1
48,8,1019.09,163.98,62.68,182.44,0.3524,-1,-1,-1
48,18,1846.76,260.46,72.98,201.92,0.3656,-1,-1,-1
48,9,789.99,148.37,63.15,176.31,0.3383,-1,-1,-1
49,1,396.02,356.07,83.95,227.81,0.8450,-1,-1,-1
49,2,101.66,545.31,77.60,246.64,0.7151,-1,-1,-1
49,3,1721.83,455.22,73.88,211.58,0.7494,-1,-1,-1
49,4,1356.45,569.47,83.25,217.25,0.7328,-1,-1,-1
49,5,1.06,785.81,71.86,243.91,0.6989,-1,-1,-1
49,15,1203.65,985.82,76.41,94.18,0.4123,-1,-1,-1
49,19,492.10,178.29,76.65,191.01,0.3313,-1,-1,-1
49,23,377.82,964.35,99.35,114.64,0.6050,-1,-1,-1
49,8,1017.28,164.71,63.82,183.08,0.4061,-1,-1,-1
49,18,1848.43,260.88,71.18,202.93,0.3326,-1,-1,-1
49,9,789.80,148.04,63.47,176.96,0.3337,-1,-1,-1
50,1,395.84,354.79,84.90,226.41,0.8334,-1,-1,-1
50,2,100.72,544.93,78.61,248.13,0.2862,-1,-1,-1
50,3,1721.90,455.33,73.64,211.16,0.7537,-1,-1,-1
50,4,1356.84,569.77,82.45,215.73,0.7388,-1,-1,-1
50,5,1.23,785.04,73.21,248.29,0.6928,-1,-1,-1
50,15,1203.96,985.16,77.57,94.84,0.3115,-1,-1,-1
50,19,491.89,178.44,77.21,192.28,0.3458,-1,-1,-1
50,23,379.27,961.72,98.38,116.38,0.6006,-1,-1,-1
50,8,1016.80,165.19,63.28,181.59,0.3881,-1,-1,-1
50,18,1852.01,262.63,67.56,201.93,0.3960,-1,-1,-1
50,9,789.61,147.95,62.98,176.88,0.2593,-1,-1,-1
51,1,395.79,354.03,85.80,224.14,0.8325,-1,-1,-1
51,2,100.42,544.87,79.02,248.79,0.4363,-1,-1,-1
51,3,1721.50,456.01,73.87,209.81,0.7294,-1,-1,-1
51,4,1356.98,569.44,82.19,214.81,0.7520,-1,-1,-1
51,5,1.49,783.61,73.61,249.10,0.7243,-1,-1,-1
51,15,1203.74,982.26,79.82,97.74,0.2804,-1,-1,-1
51,19,492.40,179.41,77.06,192.21,0.3337,-1,-1,-1
51,23,379.72,957.71,99.04,121.66,0.5207,-1,-1,-1
51,8,1016.28,166.16,63.49,180.48,0.4266,-1,-1,-1
51,18,1854.83,263.22,64.59,200.69,0.3920,-1,-1,-1
51,9,789.66,147.89,62.86,177.86,0.2758,-1,-1,-1
52,1,396.48,352.85,86.04,224.07,0.8449,-1,-1,-1
52,2,101.49,545.10,77.79,247.11,0.6669,-1,-1,-1
52,3,1722.05,455.33,73.38,211.00,0.7468,-1,-1,-1
52,4,1356.81,569.24,82.03,215.01,0.7561,-1,-1,-1
52,5,2.42,782.61,73.91,247.19,0.7158,-1,-1,-1
52,15,1203.79,981.34,80.13,98.65,0.2693,-1,-1,-1
52,19,490.64,179.54,79.54,191.93,0.3618,-1,-1,-1
52,23,380.87,953.18,98.85,126.54,0.5664,-1,-1,-1
52,8,1015.77,167.14,63.53,181.42,0.5041,-1,-1,-1
52,18,1858.22,263.14,61.16,200.74,0.3006,-1,-1,-1
52,9,789.32,148.37,63.53,178.55,0.2744,-1,-1,-1
53,1,397.73,351.32,85.21,225.21,0.8433,-1,-1,-1
53,2,102.07,544.99,76.72,246.90,0.8094,-1,-1,-1
53,3,1722.31,455.28,73.22,210.34,0.7466,-1,-1,-1
53,4,1356.97,569.44,82.15,213.69,0.7659,-1,-1,-1
53,5,2.83,781.12,74.15,243.07,0.7483,-1,-1,-1
53,15,1204.04,980.19,79.84,99.47,0.2614,-1,-1,-1
53,19,489.45,179.86,81.72,191.56,0.4010,-1,-1,-1
53,23,381.78,949.74,100.08,130.10,0.7317,-1,-1,-1
53,8,1015.57,167.95,63.17,182.93,0.4785,-1,-1,-1
53,18,1861.09,265.18,58.33,199.06,0.2673,-1,-1,-1
53,9,788.84,148.12,64.37,177.20,0.2673,-1,-1,-1
54,1,398.10,350.45,85.18,226.00,0.8402,-1,-1,-1
54,2,102.42,544.43,76.18,247.62,0.8157,-1,-1,-1
54,3,1722.41,455.30,73.13,210.47,0.7499,-1,-1,-1
54,4,1356.88,569.16,82.57,213.78,0.7686,-1,-1,-1
54,5,4.46,778.82,73.24,238.47,0.7485,-1,-1,-1
54,15,1203.95,979.38,80.40,100.16,0.3160,-1,-1,-1
54,19,488.71,179.82,83.37,191.39,0.3806,-1,-1,-1
54,23,382.79,947.82,101.75,131.65,0.7650,-1,-1,-1
54,8,1014.10,169.92,62.99,183.14,0.4580,-1,-1,-1
54,18,1863.24,264.83,56.19,200.42,0.2637,-1,-1,-1
54,9,789.00,148.39,64.44,176.00,0.2574,-1,-1,-1
55,1,398.96,349.42,84.69,227.69,0.8432,-1,-1,-1
55,2,102.54,544.31,76.21,248.24,0.8146,-1,-1,-1
55,3,1722.27,455.34,73.24,210.91,0.7607,-1,-1,-1
55,4,1357.22,568.96,81.98,214.82,0.7445,-1,-1,-1
55,5,6.05,775.33,72.58,237.26,0.7838,-1,-1,-1
55,15,1204.07,978.47,80.69,101.13,0.3514,-1,-1,-1
55,19,488.63,179.53,83.77,191.94,0.4347,-1,-1,-1
55,23,383.33,946.02,104.26,133.66,0.7333,-1,-1,-1
55,8,1012.70,172.18,63.23,183.08,0.4928,-1,-1,-1
55,18,1865.70,265.88,53.70,201.02,0.2967,-1,-1,-1
55,9,789.39,148.42,64.06,175.57,0.2814,-1,-1,-1
56,1,399.51,348.91,84.17,229.11,0.8504,-1,-1,-1
56,2,102.58,543.84,76.32,249.02,0.8101,-1,-1,-1
56,3,1722.24,455.09,73.22,211.23,0.7622,-1,-1,-1
56,4,1357.04,569.09,81.69,215.71,0.7413,-1,-1,-1
56,5,6.50,772.70,72.75,235.41,0.7898,-1,-1,-1
56,15,1203.98,976.94,80.90,102.79,0.5225,-1,-1,-1
56,19,488.61,179.60,82.56,192.17,0.5048,-1,-1,-1
56,23,384.18,945.21,104.87,134.67,0.7319,-1,-1,-1
56,8,1013.48,174.12,61.39,181.76,0.5372,-1,-1,-1
57,1,399.64,347.90,83.67,230.43,0.8554,-1,-1,-1
57,2,102.87,544.39,76.09,248.91,0.7152,-1,-1,-1
57,3,1722.36,454.95,73.11,211.05,0.7673,-1,-1,-1
57,4,1356.85,569.16,82.08,213.89,0.7385,-1,-1,-1
57,5,6.26,769.78,73.47,232.36,0.8195,-1,-1,-1
57,15,1203.45,975.70,81.50,103.87,0.5899,-1,-1,-1
57,19,488.19,180.28,81.85,191.71,0.4814,-1,-1,-1
57,23,385.56,944.54,104.68,135.38,0.7586,-1,-1,-1
57,8,1011.57,175.46,61.67,181.41,0.5196,-1,-1,-1
58,1,399.58,346.96,84.08,231.34,0.8429,-1,-1,-1
58,2,102.89,544.47,75.93,249.36,0.8347,-1,-1,-1
58,3,1722.34,454.79,72.86,210.81,0.7578,-1,-1,-1
58,4,1356.92,569.42,81.84,214.24,0.7493,-1,-1,-1
58,15,1202.58,975.18,82.59,104.08,0.5899,-1,-1,-1
58,19,488.46,180.74,80.82,191.87,0.4760,-1,-1,-1
58,23,387.15,943.54,103.65,136.36,0.6993,-1,-1,-1
58,8,1010.83,177.93,60.94,180.79,0.5163,-1,-1,-1
59,1,400.52,345.63,83.63,232.89,0.8370,-1,-1,-1
59,2,103.45,544.80,75.26,248.98,0.8335,-1,-1,-1
59,3,1723.01,455.03,72.71,211.42,0.7581,-1,-1,-1
59,4,1356.85,569.02,81.93,213.05,0.7590,-1,-1,-1
59,15,1201.13,974.72,84.27,104.47,0.6316,-1,-1,-1
59,19,488.70,181.28,81.21,191.99,0.4516,-1,-1,-1
59,23,388.23,942.58,102.67,137.36,0.7461,-1,-1,-1
59,8,1009.25,179.46,61.38,180.02,0.4154,-1,-1,-1
59,5,6.12,763.39,76.78,228.46,0.7347,-1,-1,-1
60,1,401.28,345.52,82.54,232.24,0.8471,-1,-1,-1
60,2,103.14,545.03,75.51,249.57,0.8248,-1,-1,-1
60,3,1722.89,454.80,72.84,211.69,0.7438,-1,-1,-1
60,4,1356.69,568.98,82.09,214.38,0.7508,-1,-1,-1
60,15,1199.98,974.47,85.01,104.58,0.6614,-1,-1,-1
60,19,489.03,182.33,80.28,191.80,0.4648,-1,-1,-1
60,23,388.15,940.30,103.91,139.75,0.7453,-1,-1,-1
60,8,1006.76,180.65,62.98,179.45,0.3804,-1,-1,-1
60,5,7.40,760.83,75.56,228.31,0.7816,-1,-1,-1
61,1,401.34,344.31,82.26,231.59,0.8504,-1,-1,-1
61,2,103.01,545.47,74.74,248.61,0.8375,-1,-1,-1
61,3,1722.48,454.88,73.12,211.81,0.7334,-1,-1,-1
61,4,1356.99,569.24,81.67,213.85,0.7551,-1,-1,-1
61,15,1197.88,972.53,85.86,106.59,0.6292,-1,-1,-1
61,19,489.70,183.68,80.13,191.99,0.4481,-1,-1,-1
61,23,387.57,938.53,105.96,141.50,0.6353,-1,-1,-1
61,8,1006.13,181.43,62.71,178.30,0.3241,-1,-1,-1
61,5,7.48,758.41,73.76,227.69,0.7764,-1,-1,-1
62,1,401.65,343.06,81.66,231.25,0.8437,-1,-1,-1
62,2,102.95,545.89,74.54,248.17,0.8368,-1,-1,-1
62,3,1722.69,455.36,73.12,210.84,0.7225,-1,-1,-1
62,4,1357.36,569.31,81.44,214.26,0.7395,-1,-1,-1
62,15,1196.82,972.11,86.20,106.95,0.6226,-1,-1,-1
62,19,490.17,184.00,80.01,193.97,0.4490,-1,-1,-1
62,23,386.53,936.44,107.17,143.31,0.5889,-1,-1,-1
62,8,1006.60,183.19,61.92,176.64,0.3262,-1,-1,-1
62,5,8.75,756.28,73.07,227.47,0.8003,-1,-1,-1
63,1,401.71,341.34,81.78,231.88,0.8515,-1,-1,-1
63,2,103.05,545.98,74.41,247.98,0.8436,-1,-1,-1
63,3,1722.56,455.10,73.23,211.47,0.6995,-1,-1,-1
63,4,1357.01,569.06,81.73,213.54,0.7274,-1,-1,-1
63,15,1195.42,971.60,86.76,107.49,0.6758,-1,-1,-1
63,19,490.81,184.48,78.92,197.32,0.5133,-1,-1,-1
63,23,386.38,934.27,106.56,145.62,0.6835,-1,-1,-1
63,5,9.10,754.84,72.96,229.00,0.8039,-1,-1,-1
64,1,401.94,339.05,81.92,231.93,0.8282,-1,-1,-1
64,2,103.16,546.20,74.47,247.76,0.8368,-1,-1,-1
64,3,1722.32,455.32,73.40,210.85,0.7243,-1,-1,-1
64,4,1356.32,569.30,82.24,215.04,0.7326,-1,-1,-1
64,15,1193.95,971.69,86.16,107.25,0.7011,-1,-1,-1
64,19,491.29,185.56,78.51,198.99,0.4784,-1,-1,-1
64,23,385.87,930.87,107.64,149.08,0.6993,-1,-1,-1
64,5,9.66,753.38,72.59,229.47,0.8053,-1,-1,-1
64,8,1003.65,185.63,63.37,172.87,0.3991,-1,-1,-1
65,1,401.77,337.22,82.29,231.90,0.8232,-1,-1,-1
65,2,102.96,546.62,74.70,247.21,0.8411,-1,-1,-1
65,3,1722.07,455.74,73.74,210.76,0.7236,-1,-1,-1
65,4,1356.04,569.34,83.11,214.08,0.7490,-1,-1,-1
65,15,1192.48,971.57,85.20,106.87,0.6589,-1,-1,-1
65,19,492.39,186.85,77.39,199.35,0.5342,-1,-1,-1
65,23,385.75,924.97,107.46,155.10,0.5883,-1,-1,-1
65,5,9.57,752.36,72.55,231.91,0.7964,-1,-1,-1
65,8,1002.83,186.65,63.25,172.63,0.3339,-1,-1,-1
66,1,401.86,335.17,82.84,231.71,0.8437,-1,-1,-1
66,2,102.86,546.07,75.55,247.72,0.8250,-1,-1,-1
66,3,1721.72,455.32,74.00,212.10,0.7300,-1,-1,-1
66,4,1355.79,568.80,83.81,215.42,0.7288,-1,-1,-1
66,15,1190.06,970.96,85.06,107.58,0.6924,-1,-1,-1
66,19,493.73,188.34,75.35,198.75,0.5594,-1,-1,-1
66,23,386.88,918.69,105.04,161.28,0.5903,-1,-1,-1
66,5,9.46,750.97,72.78,233.58,0.7928,-1,-1,-1
66,8,1003.34,187.29,61.37,174.65,0.4044,-1,-1,-1
67,1,402.11,333.86,83.95,230.40,0.8314,-1,-1,-1
67,2,102.78,546.13,76.07,247.65,0.8079,-1,-1,-1
67,3,1721.73,454.92,74.31,211.79,0.6980,-1,-1,-1
67,4,1356.45,569.05,82.85,214.33,0.7211,-1,-1,-1
67,15,1188.44,970.90,85.41,107.72,0.6716,-1,-1,-1
67,19,493.82,188.47,74.86,200.70,0.5929,-1,-1,-1
67,23,386.37,914.11,104.66,165.18,0.7057,-1,-1,-1
67,5,9.05,749.08,73.12,236.27,0.7839,-1,-1,-1
67,8,1002.50,187.04,60.39,176.10,0.4612,-1,-1,-1
68,1,402.86,333.15,84.04,228.55,0.8623,-1,-1,-1
68,2,102.82,546.04,76.33,247.68,0.7984,-1,-1,-1
68,3,1722.20,455.04,73.95,211.68,0.7275,-1,-1,-1
68,4,1356.44,568.37,83.01,215.46,0.7218,-1,-1,-1
68,15,1186.68,970.08,84.62,108.67,0.6958,-1,-1,-1
68,19,493.38,189.90,74.19,200.32,0.6342,-1,-1,-1
68,23,385.69,911.56,105.07,167.10,0.7615,-1,-1,-1
68,5,8.94,746.81,73.43,239.91,0.7846,-1,-1,-1
68,8,1001.29,187.68,61.03,176.74,0.5530,-1,-1,-1
69,1,402.81,332.04,85.01,227.53,0.8553,-1,-1,-1
69,2,102.93,546.06,75.98,247.97,0.8237,-1,-1,-1
69,3,1722.46,455.08,73.91,212.80,0.7187,-1,-1,-1
69,4,1356.57,568.55,82.75,216.57,0.7260,-1,-1,-1
69,15,1185.12,969.75,84.26,108.97,0.6674,-1,-1,-1
69,19,492.23,192.00,75.34,197.93,0.6590,-1,-1,-1
69,23,385.21,909.85,105.37,169.19,0.7396,-1,-1,-1
69,5,9.08,744.88,73.53,241.56,0.7823,-1,-1,-1
69,8,1000.55,187.72,61.85,177.27,0.5963,-1,-1,-1
70,1,402.97,331.18,85.49,225.96,0.8617,-1,-1,-1
70,2,103.37,545.89,75.31,247.99,0.8359,-1,-1,-1
70,3,1722.88,454.02,73.50,213.01,0.7350,-1,-1,-1
70,4,1356.26,568.43,83.63,217.21,0.7393,-1,-1,-1
70,15,1183.56,969.33,84.07,109.49,0.6403,-1,-1,-1
70,19,490.27,193.99,77.89,195.87,0.6488,-1,-1,-1
70,23,384.68,907.25,105.70,172.37,0.7348,-1,-1,-1
70,5,9.42,743.16,73.59,239.10,0.7808,-1,-1,-1
70,8,1000.16,187.59,61.63,177.94,0.6269,-1,-1,-1
71,1,403.24,329.91,85.27,225.28,0.8599,-1,-1,-1
71,2,103.35,545.33,75.39,248.85,0.8264,-1,-1,-1
71,3,1722.52,454.63,73.90,211.91,0.7365,-1,-1,-1
71,4,1356.66,568.70,83.33,218.01,0.6993,-1,-1,-1
71,15,1182.22,968.53,84.26,110.55,0.6617,-1,-1,-1
71,19,490.32,193.05,78.63,197.02,0.6711,-1,-1,-1
71,23,382.08,905.07,108.27,174.77,0.7669,-1,-1,-1
71,5,9.92,741.45,73.90,233.58,0.7807,-1,-1,-1
71,8,998.86,187.80,60.70,178.21,0.6408,-1,-1,-1
71,7,786.67,149.07,79.14,222.60,0.3661,-1,-1,-1
72,1,403.43,328.42,85.43,226.48,0.8594,-1,-1,-1
72,2,103.48,544.55,75.16,249.51,0.8368,-1,-1,-1
72,3,1722.51,455.24,73.70,210.90,0.7344,-1,-1,-1
72,4,1356.93,569.04,83.18,217.99,0.7415,-1,-1,-1
72,15,1180.93,966.62,84.05,112.68,0.5705,-1,-1,-1
72,19,487.65,192.91,82.91,197.81,0.6770,-1,-1,-1
72,23,380.73,903.47,109.27,176.50,0.7793,-1,-1,-1
72,5,9.62,738.29,74.95,229.93,0.7885,-1,-1,-1
72,8,998.18,188.11,59.22,178.73,0.6491,-1,-1,-1
72,7,780.91,148.75,82.48,222.15,0.4242,-1,-1,-1
73,1,404.10,327.62,85.22,227.88,0.8561,-1,-1,-1
73,2,103.36,544.64,75.28,249.37,0.8293,-1,-1,-1
73,3,1722.77,454.68,73.72,212.74,0.7429,-1,-1,-1
73,4,1356.83,569.39,83.59,216.39,0.7445,-1,-1,-1
73,15,1179.91,965.51,84.58,113.88,0.6013,-1,-1,-1
73,19,485.32,192.53,86.73,198.35,0.6795,-1,-1,-1
73,23,379.31,902.45,110.56,177.54,0.7667,-1,-1,-1
73,5,9.46,734.95,75.82,228.97,0.8119,-1,-1,-1
73,8,997.05,188.95,58.18,178.96,0.6312,-1,-1,-1
73,7,776.19,147.56,85.96,222.01,0.3000,-1,-1,-1
74,1,404.55,327.41,84.98,227.66,0.8536,-1,-1,-1
74,2,103.15,544.82,75.14,248.75,0.8389,-1,-1,-1
74,3,1722.67,455.46,73.68,211.71,0.7161,-1,-1,-1
74,4,1356.57,569.52,83.56,215.16,0.7470,-1,-1,-1
74,15,1178.81,965.12,85.45,114.26,0.6230,-1,-1,-1
74,19,483.97,193.62,88.93,197.09,0.6174,-1,-1,-1
74,23,378.93,900.74,110.65,179.27,0.7374,-1,-1,-1
74,5,9.55,732.40,76.46,226.05,0.8195,-1,-1,-1
74,8,997.46,189.56,56.15,180.58,0.6413,-1,-1,-1
75,1,404.62,326.90,85.02,227.94,0.8505,-1,-1,-1
75,2,103.09,544.62,74.80,248.72,0.8412,-1,-1,-1
75,3,1722.47,455.33,73.42,212.51,0.7420,-1,-1,-1
75,4,1356.68,569.91,83.11,212.56,0.7773,-1,-1,-1
75,15,1177.64,964.63,86.60,114.67,0.6482,-1,-1,-1
75,19,482.77,195.02,89.89,195.96,0.6371,-1,-1,-1
75,23,379.01,898.55,110.41,181.47,0.7129,-1,-1,-1
75,5,9.44,730.89,76.65,226.53,0.8220,-1,-1,-1
75,8,995.25,189.11,57.62,182.99,0.7047,-1,-1,-1
76,1,405.44,326.53,84.35,228.46,0.8464,-1,-1,-1
76,2,103.30,543.75,74.24,249.52,0.8345,-1,-1,-1
76,3,1722.38,455.63,73.67,211.44,0.7322,-1,-1,-1
76,4,1356.27,570.41,83.46,212.07,0.7727,-1,-1,-1
76,15,1177.08,964.10,87.07,115.34,0.7083,-1,-1,-1
76,19,484.53,197.91,88.44,193.76,0.5829,-1,-1,-1
76,23,380.10,895.47,108.51,184.50,0.7204,-1,-1,-1
76,5,9.66,729.13,76.27,229.10,0.8195,-1,-1,-1
76,8,994.23,188.97,57.94,182.44,0.6650,-1,-1,-1
77,1,406.01,325.34,84.32,230.04,0.8457,-1,-1,-1
77,2,103.49,543.56,73.29,249.59,0.8376,-1,-1,-1
77,3,1722.34,454.83,73.75,210.85,0.7424,-1,-1,-1
77,4,1355.88,570.08,84.72,213.57,0.7556,-1,-1,-1
77,15,1176.80,963.84,87.00,115.53,0.7257,-1,-1,-1
77,19,486.32,199.92,86.00,192.46,0.6693,-1,-1,-1
77,23,381.63,892.91,106.15,187.03,0.7892,-1,-1,-1
77,5,9.85,727.64,76.15,230.16,0.8222,-1,-1,-1
77,8,993.70,189.09,57.47,182.56,0.6765,-1,-1,-1
78,1,406.07,324.75,84.24,230.54,0.8486,-1,-1,-1
78,2,103.22,543.41,72.82,249.48,0.8371,-1,-1,-1
78,3,1722.22,455.58,74.14,210.25,0.7553,-1,-1,-1
78,4,1355.48,571.24,85.40,213.63,0.7592,-1,-1,-1
78,15,1176.50,963.31,87.09,116.09,0.7570,-1,-1,-1
78,19,488.13,202.45,82.43,190.96,0.6818,-1,-1,-1
78,23,382.40,890.39,104.46,189.61,0.8008,-1,-1,-1
78,5,9.78,726.47,77.28,232.48,0.8160,-1,-1,-1
78,8,994.06,188.29,55.98,183.89,0.6402,-1,-1,-1
79,1,406.83,324.44,83.50,231.21,0.8538,-1,-1,-1
79,2,103.01,544.09,72.72,248.48,0.8378,-1,-1,-1
79,3,1721.94,455.02,74.14,210.71,0.7518,-1,-1,-1
79,4,1355.26,572.30,85.50,212.80,0.7287,-1,-1,-1
79,15,1176.32,963.17,86.88,116.28,0.7586,-1,-1,-1
79,19,489.38,202.36,80.74,192.68,0.6814,-1,-1,-1
79,23,384.77,886.82,101.63,193.15,0.8120,-1,-1,-1
79,5,10.71,725.94,77.38,232.66,0.8128,-1,-1,-1
79,8,992.78,189.07,56.75,183.22,0.6428,-1,-1,-1
80,1,408.12,324.14,82.36,230.75,0.8487,-1,-1,-1
80,2,102.97,544.62,72.26,247.97,0.8385,-1,-1,-1
80,3,1722.03,455.44,74.21,210.72,0.7437,-1,-1,-1
80,4,1355.92,572.36,86.13,214.96,0.7032,-1,-1,-1
80,15,1175.64,962.65,87.05,116.95,0.7801,-1,-1,-1
80,19,490.94,202.92,79.23,194.64,0.6796,-1,-1,-1
80,23,386.63,882.19,99.44,197.74,0.8364,-1,-1,-1
80,5,11.60,724.90,77.93,233.53,0.7998,-1,-1,-1
80,8,991.62,189.40,56.86,185.17,0.6571,-1,-1,-1
81,1,408.90,323.74,81.64,229.15,0.8389,-1,-1,-1
81,2,103.15,544.31,71.64,248.03,0.8423,-1,-1,-1
81,3,1722.30,455.29,74.17,211.11,0.7443,-1,-1,-1
81,4,1355.66,572.08,86.53,216.24,0.6908,-1,-1,-1
81,15,1176.43,962.25,85.72,117.65,0.7876,-1,-1,-1
81,19,492.19,204.24,78.14,196.17,0.6511,-1,-1,-1
81,23,387.83,878.82,98.38,201.21,0.8385,-1,-1,-1
81,5,12.30,724.33,77.05,233.63,0.7962,-1,-1,-1
81,8,990.32,189.84,57.20,184.81,0.6558,-1,-1,-1
82,1,410.99,323.49,80.80,227.84,0.8261,-1,-1,-1
82,2,103.03,544.89,71.37,247.04,0.8381,-1,-1,-1
82,3,1722.42,455.09,73.88,211.18,0.7279,-1,-1,-1
82,4,1355.71,572.11,86.55,216.66,0.6844,-1,-1,-1
82,15,1176.31,961.77,84.70,118.10,0.7742,-1,-1,-1
82,19,494.04,206.53,76.93,195.65,0.6317,-1,-1,-1
82,23,387.55,875.26,99.53,204.75,0.8313,-1,-1,-1
82,5,12.84,722.10,77.96,235.50,0.7982,-1,-1,-1
82,8,988.99,189.65,57.00,184.85,0.6774,-1,-1,-1
83,1,411.28,322.27,81.85,227.14,0.8398,-1,-1,-1
83,2,102.95,545.29,71.26,246.55,0.8365,-1,-1,-1
83,3,1722.68,455.37,73.51,210.13,0.7351,-1,-1,-1
83,4,1355.94,571.61,86.48,217.85,0.6916,-1,-1,-1
83,15,1175.84,961.85,83.76,118.05,0.7410,-1,-1,-1
83,19,494.49,207.38,77.77,195.35,0.6643,-1,-1,-1
83,23,388.24,872.56,99.91,207.36,0.8228,-1,-1,-1
83,5,14.00,720.33,77.20,236.93,0.7994,-1,-1,-1
83,8,987.27,189.80,57.20,184.28,0.6529,-1,-1,-1
84,1,412.65,320.62,81.09,226.60,0.8349,-1,-1,-1
84,2,103.02,544.98,71.20,247.42,0.8273,-1,-1,-1
84,3,1722.56,455.33,73.97,210.51,0.7133,-1,-1,-1
84,4,1356.10,571.99,86.12,216.69,0.6775,-1,-1,-1
84,15,1175.22,961.70,83.30,118.25,0.7766,-1,-1,-1
84,19,495.76,208.41,77.10,196.49,0.6761,-1,-1,-1
84,23,388.62,870.18,100.88,209.76,0.8143,-1,-1,-1
84,5,13.93,718.52,76.72,238.79,0.7974,-1,-1,-1
84,8,985.96,190.17,57.05,183.30,0.6145,-1,-1,-1
84,9,795.65,149.71,51.63,168.40,0.3514,-1,-1,-1
85,1,413.15,319.03,82.08,225.20,0.8322,-1,-1,-1
85,2,102.85,544.71,71.77,248.01,0.8299,-1,-1,-1
85,3,1722.20,455.69,74.25,210.83,0.7110,-1,-1,-1
85,4,1356.39,572.72,86.69,219.66,0.6195,-1,-1,-1
85,15,1174.86,961.72,82.84,118.23,0.7693,-1,-1,-1
85,19,496.30,209.49,77.16,195.58,0.6762,-1,-1,-1
85,23,388.98,868.20,101.53,211.77,0.8257,-1,-1,-1
85,5,15.09,717.39,77.41,239.93,0.8015,-1,-1,-1
85,8,983.03,190.30,59.33,183.36,0.5448,-1,-1,-1
85,9,795.20,149.79,51.41,167.92,0.2958,-1,-1,-1
86,1,414.23,317.85,81.94,222.52,0.8391,-1,-1,-1
86,2,102.80,544.89,72.09,247.94,0.8327,-1,-1,-1
86,3,1722.12,455.76,74.20,210.59,0.7282,-1,-1,-1
86,4,1356.91,573.75,86.11,215.06,0.6668,-1,-1,-1
86,15,1173.28,961.49,83.81,118.35,0.7575,-1,-1,-1
86,19,496.48,209.67,77.92,197.20,0.6842,-1,-1,-1
86,23,389.53,866.15,102.02,213.86,0.8328,-1,-1,-1
86,5,16.35,715.92,76.89,236.77,0.8153,-1,-1,-1
86,8,980.33,191.15,60.75,183.85,0.4522,-1,-1,-1
86,9,794.74,149.74,52.25,169.32,0.2555,-1,-1,-1
87,1,415.00,316.65,81.51,221.01,0.8464,-1,-1,-1
87,2,102.85,544.48,72.22,248.16,0.8405,-1,-1,-1
87,3,1722.15,455.99,73.83,210.49,0.7537,-1,-1,-1
87,4,1356.93,573.87,85.27,214.76,0.6516,-1,-1,-1
87,15,1173.28,961.11,82.74,118.76,0.7493,-1,-1,-1
87,19,496.21,210.29,79.57,196.36,0.6796,-1,-1,-1
87,23,389.92,864.19,102.98,215.78,0.8255,-1,-1,-1
87,5,17.83,713.81,75.55,229.33,0.8369,-1,-1,-1
87,8,977.89,191.50,62.55,182.82,0.4502,-1,-1,-1
88,1,414.75,315.52,82.63,220.07,0.8435,-1,-1,-1
88,2,102.93,544.43,72.30,247.89,0.8323,-1,-1,-1
88,3,1721.98,455.91,73.98,210.38,0.7490,-1,-1,-1
88,4,1357.01,573.19,85.05,215.39,0.6822,-1,-1,-1
88,15,1171.79,960.74,82.84,119.05,0.8002,-1,-1,-1
88,19,497.08,210.15,80.57,197.41,0.6729,-1,-1,-1
88,23,390.40,861.95,104.58,217.99,0.8351,-1,-1,-1
88,5,17.97,710.40,75.53,227.64,0.8526,-1,-1,-1
88,8,976.26,191.54,63.59,185.85,0.4307,-1,-1,-1
89,1,414.78,314.01,82.79,219.93,0.8369,-1,-1,-1
89,2,103.05,544.41,72.18,247.63,0.8380,-1,-1,-1
89,3,1721.41,455.46,74.25,210.82,0.7495,-1,-1,-1
89,4,1356.90,573.75,85.27,216.73,0.6706,-1,-1,-1
89,15,1171.21,960.08,81.48,119.60,0.5407,-1,-1,-1
89,19,497.50,209.28,81.99,198.82,0.6680,-1,-1,-1
89,23,390.92,860.54,104.68,219.41,0.8354,-1,-1,-1
89,5,17.82,706.10,76.42,227.94,0.8503,-1,-1,-1
89,8,975.01,193.18,63.67,185.35,0.3121,-1,-1,-1
90,1,415.16,312.62,82.77,220.25,0.8114,-1,-1,-1
90,2,102.85,544.83,72.39,246.92,0.8313,-1,-1,-1
90,3,1721.44,455.25,74.08,211.22,0.7305,-1,-1,-1
90,4,1356.76,573.38,84.12,216.31,0.6693,-1,-1,-1
90,15,1170.34,959.01,80.64,120.90,0.7170,-1,-1,-1
90,19,498.53,208.39,83.04,198.93,0.6592,-1,-1,-1
90,23,391.61,859.16,104.42,220.86,0.8377,-1,-1,-1
90,5,19.42,703.74,75.11,228.11,0.8495,-1,-1,-1
90,8,974.02,195.07,63.72,184.65,0.3520,-1,-1,-1
91,1,416.20,311.10,82.09,222.10,0.8117,-1,-1,-1
91,2,103.29,545.18,72.24,246.81,0.8277,-1,-1,-1
91,3,1721.40,455.66,73.91,211.23,0.7298,-1,-1,-1
91,4,1356.61,572.42,84.55,218.56,0.6627,-1,-1,-1
91,15,1169.63,957.81,80.19,122.02,0.8166,-1,-1,-1
91,19,500.92,208.77,79.98,199.22,0.6329,-1,-1,-1
91,23,391.95,857.36,104.54,222.65,0.8323,-1,-1,-1
91,5,20.55,701.05,74.42,226.86,0.8350,-1,-1,-1
91,8,974.00,195.55,62.11,183.47,0.3906,-1,-1,-1
92,1,416.78,310.48,82.16,223.40,0.8032,-1,-1,-1
92,2,103.39,545.00,72.16,247.33,0.8257,-1,-1,-1
92,3,1721.70,455.39,73.83,211.56,0.7416,-1,-1,-1
92,4,1356.90,572.43,83.91,216.52,0.6665,-1,-1,-1
92,15,1168.93,957.12,78.90,122.82,0.7883,-1,-1,-1
92,19,500.58,211.58,79.31,196.63,0.6665,-1,-1,-1
92,23,392.05,853.79,103.94,226.22,0.8263,-1,-1,-1
92,5,21.46,699.29,73.40,227.10,0.8286,-1,-1,-1
92,8,972.85,196.35,62.10,183.03,0.4370,-1,-1,-1
93,1,417.22,309.55,82.19,224.51,0.8006,-1,-1,-1
93,2,103.53,545.16,71.77,247.39,0.8161,-1,-1,-1
93,3,1721.71,455.31,73.90,211.10,0.7293,-1,-1,-1
93,4,1356.78,572.09,83.62,216.32,0.6492,-1,-1,-1
93,15,1168.44,956.70,77.76,123.30,0.5806,-1,-1,-1
93,19,501.40,210.20,78.91,198.08,0.6298,-1,-1,-1
93,23,392.69,850.34,103.92,229.67,0.8269,-1,-1,-1
93,5,22.55,697.87,72.16,225.55,0.8220,-1,-1,-1
93,8,972.78,197.07,61.04,185.23,0.3758,-1,-1,-1
94,1,417.35,308.97,82.10,224.90,0.8012,-1,-1,-1
94,2,103.35,545.46,72.20,247.26,0.8171,-1,-1,-1
94,3,1722.29,455.15,73.62,211.91,0.7362,-1,-1,-1
94,4,1356.65,572.28,84.37,216.75,0.6067,-1,-1,-1
94,15,1167.87,955.68,76.12,124.36,0.8346,-1,-1,-1
94,19,501.65,211.01,77.77,198.81,0.5706,-1,-1,-1
94,23,393.34,848.64,103.62,231.47,0.8426,-1,-1,-1
94,5,22.85,696.86,71.52,224.55,0.8185,-1,-1,-1
94,8,971.66,198.40,61.09,186.05,0.3767,-1,-1,-1
95,1,417.59,308.10,81.87,225.93,0.8182,-1,-1,-1
95,2,103.12,545.43,72.53,247.12,0.8106,-1,-1,-1
95,3,1722.52,455.40,73.02,212.16,0.7192,-1,-1,-1
95,4,1356.63,573.36,84.37,216.13,0.5729,-1,-1,-1
95,15,1166.53,954.07,76.15,125.94,0.7695,-1,-1,-1
95,19,503.30,212.66,76.55,199.09,0.5299,-1,-1,-1
95,23,394.01,844.20,102.43,235.84,0.8464,-1,-1,-1
95,5,24.39,695.71,69.90,225.34,0.8187,-1,-1,-1
95,8,970.16,198.91,61.43,188.19,0.3902,-1,-1,-1
96,1,418.57,307.34,82.30,226.46,0.8340,-1,-1,-1
96,2,103.04,545.21,72.44,246.87,0.8068,-1,-1,-1
96,3,1722.46,454.87,73.10,212.23,0.7367,-1,-1,-1
96,4,1356.53,573.42,85.49,219.15,0.6381,-1,-1,-1
96,15,1165.61,953.11,74.85,126.89,0.8243,-1,-1,-1
96,19,506.42,212.19,77.65,202.70,0.6334,-1,-1,-1
96,23,394.49,841.09,101.47,238.93,0.8620,-1,-1,-1
96,5,25.37,693.79,68.85,227.86,0.8230,-1,-1,-1
96,8,968.50,199.87,61.89,188.56,0.4913,-1,-1,-1
97,1,418.65,306.72,82.13,226.96,0.8302,-1,-1,-1
97,2,103.21,545.09,72.31,247.46,0.8128,-1,-1,-1
97,3,1722.72,455.16,73.21,211.61,0.7455,-1,-1,-1
97,4,1356.35,572.81,85.12,220.33,0.6678,-1,-1,-1
97,15,1164.37,952.11,73.97,127.91,0.5297,-1,-1,-1
97,19,508.85,213.12,75.84,204.19,0.6110,-1,-1,-1
97,23,395.02,839.99,99.31,240.07,0.8619,-1,-1,-1
97,5,25.19,692.65,69.05,228.37,0.8220,-1,-1,-1
97,8,966.33,199.81,62.59,189.26,0.4444,-1,-1,-1
98,1,419.11,305.39,81.68,228.20,0.8358,-1,-1,-1
98,2,103.14,544.85,72.22,247.60,0.8039,-1,-1,-1
98,3,1722.49,454.87,73.53,212.21,0.7548,-1,-1,-1
98,4,1356.71,573.07,83.56,218.58,0.6545,-1,-1,-1
98,15,1162.52,950.11,74.60,129.90,0.7125,-1,-1,-1
98,19,510.43,213.91,74.02,204.82,0.6483,-1,-1,-1
98,23,395.02,838.03,97.74,242.00,0.8664,-1,-1,-1
98,5,25.47,691.96,68.96,228.86,0.8198,-1,-1,-1
98,8,964.50,199.94,63.10,189.04,0.5586,-1,-1,-1
99,1,419.53,305.07,81.79,228.32,0.8398,-1,-1,-1
99,2,103.15,544.44,72.22,247.85,0.8060,-1,-1,-1
99,3,1722.91,455.04,73.05,212.61,0.7429,-1,-1,-1
99,4,1356.81,573.47,83.05,214.79,0.6707,-1,-1,-1
99,15,1160.46,947.20,75.84,132.82,0.7693,-1,-1,-1
99,19,512.00,214.34,72.15,204.80,0.6096,-1,-1,-1
99,23,394.72,834.02,97.26,246.00,0.8659,-1,-1,-1
99,5,26.11,691.30,68.97,228.74,0.8169,-1,-1,-1
99,8,962.63,200.58,63.09,188.49,0.4936,-1,-1,-1
100,1,420.49,303.71,81.52,228.85,0.8264,-1,-1,-1
100,2,103.10,544.13,72.26,248.21,0.7930,-1,-1,-1
100,3,1722.91,455.20,73.00,212.78,0.7293,-1,-1,-1
100,4,1356.71,574.00,83.09,214.31,0.6569,-1,-1,-1
100,15,1159.43,945.89,74.74,134.15,0.7684,-1,-1,-1
100,19,511.60,214.10,71.59,206.73,0.4623,-1,-1,-1
100,23,393.78,831.23,97.09,248.81,0.8551,-1,-1,-1
100,5,26.45,689.75,69.72,229.38,0.8255,-1,-1,-1
100,8,961.10,201.37,62.48,187.86,0.4885,-1,-1,-1
101,1,420.52,302.42,82.45,229.29,0.8416,-1,-1,-1
101,2,103.22,543.98,72.29,248.42,0.8003,-1,-1,-1
101,3,1722.82,455.30,73.17,212.39,0.7367,-1,-1,-1
101,4,1356.63,574.33,83.45,214.41,0.6471,-1,-1,-1
101,15,1157.88,945.10,74.17,134.91,0.7711,-1,-1,-1
101,19,511.72,216.14,71.85,207.73,0.5770,-1,-1,-1
101,23,392.20,829.38,97.40,250.64,0.8539,-1,-1,-1
101,5,27.72,687.68,69.52,227.06,0.8223,-1,-1,-1
101,8,959.88,201.86,61.79,185.09,0.4788,-1,-1,-1
102,1,421.13,300.36,82.02,229.58,0.8435,-1,-1,-1
102,2,103.48,543.79,72.38,248.53,0.8020,-1,-1,-1
102,3,1722.81,455.49,72.93,211.97,0.7425,-1,-1,-1
102,4,1356.57,574.32,83.70,216.14,0.6415,-1,-1,-1
102,15,1156.72,943.85,72.74,136.08,0.7809,-1,-1,-1
102,19,511.97,217.05,72.43,208.04,0.5841,-1,-1,-1
102,23,390.70,826.71,98.41,253.28,0.8549,-1,-1,-1
102,5,28.10,685.17,69.82,224.48,0.8391,-1,-1,-1
102,8,957.46,202.96,61.69,183.98,0.5502,-1,-1,-1
103,1,421.09,299.18,81.98,228.14,0.8302,-1,-1,-1
103,2,103.50,543.67,72.26,249.14,0.7985,-1,-1,-1
103,3,1722.31,455.58,73.52,211.24,0.7138,-1,-1,-1
103,4,1356.88,574.00,84.11,217.38,0.6352,-1,-1,-1
103,15,1155.36,941.59,71.47,138.26,0.7819,-1,-1,-1
103,19,511.33,216.72,74.12,210.27,0.5827,-1,-1,-1
103,23,389.03,824.95,99.90,255.09,0.8568,-1,-1,-1
103,5,30.02,683.87,69.13,220.51,0.8486,-1,-1,-1
103,8,955.53,202.48,61.90,185.04,0.5147,-1,-1,-1
104,1,421.60,298.85,81.03,225.17,0.8232,-1,-1,-1
104,2,103.63,543.09,72.23,250.07,0.7901,-1,-1,-1
104,3,1722.58,455.29,72.71,210.98,0.7222,-1,-1,-1
104,4,1356.94,574.30,84.46,218.08,0.5955,-1,-1,-1
104,15,1153.03,941.17,70.39,138.68,0.7651,-1,-1,-1
104,19,512.10,216.65,76.11,210.31,0.6090,-1,-1,-1
104,23,387.47,822.50,101.22,257.50,0.8618,-1,-1,-1
104,5,31.96,681.86,68.20,219.52,0.8509,-1,-1,-1
104,8,953.86,203.35,61.57,183.94,0.4837,-1,-1,-1
105,1,421.39,298.04,81.56,220.34,0.8243,-1,-1,-1
105,2,103.76,543.43,72.31,249.97,0.8057,-1,-1,-1
105,3,1722.22,454.81,73.76,211.29,0.7337,-1,-1,-1
105,4,1356.82,574.33,86.12,222.91,0.6014,-1,-1,-1
105,15,1151.57,940.34,69.02,139.11,0.7691,-1,-1,-1
105,19,513.10,219.16,75.97,207.62,0.5828,-1,-1,-1
105,23,386.65,820.78,101.84,259.21,0.8629,-1,-1,-1
105,5,34.53,680.72,67.65,220.69,0.8500,-1,-1,-1
105,8,952.06,203.62,61.21,184.49,0.5658,-1,-1,-1
106,1,421.86,296.93,81.09,216.53,0.8208,-1,-1,-1
106,2,103.89,544.55,72.31,249.05,0.7944,-1,-1,-1
106,3,1722.19,455.56,73.57,211.38,0.7188,-1,-1,-1
106,4,1356.91,574.51,84.38,219.72,0.6413,-1,-1,-1
106,15,1150.22,939.56,68.15,140.12,0.7544,-1,-1,-1
106,19,512.88,218.76,76.59,207.29,0.5846,-1,-1,-1
106,23,385.66,818.96,102.18,261.03,0.8566,-1,-1,-1
106,5,35.77,679.60,69.30,221.52,0.8496,-1,-1,-1
106,8,950.32,203.92,60.39,184.41,0.6125,-1,-1,-1
107,1,421.59,295.70,81.11,215.40,0.8221,-1,-1,-1
107,2,104.03,545.18,72.41,248.70,0.7953,-1,-1,-1
107,3,1721.86,455.33,73.73,211.53,0.7353,-1,-1,-1
107,4,1356.69,574.50,85.75,221.65,0.6030,-1,-1,-1
107,15,1148.11,938.21,69.12,141.55,0.7740,-1,-1,-1
107,19,512.96,221.16,74.94,204.74,0.5999,-1,-1,-1
107,23,385.30,817.51,101.27,262.45,0.8602,-1,-1,-1
107,5,36.41,678.78,73.46,221.57,0.8447,-1,-1,-1
107,8,949.04,204.40,59.46,186.09,0.6316,-1,-1,-1
108,1,421.51,294.33,81.24,215.78,0.8196,-1,-1,-1
108,2,103.91,545.23,72.88,249.67,0.7712,-1,-1,-1
108,3,1721.79,455.10,73.68,211.29,0.7336,-1,-1,-1
108,4,1356.60,575.11,86.30,220.73,0.6357,-1,-1,-1
108,15,1146.11,937.58,69.71,141.83,0.7866,-1,-1,-1
108,19,513.47,222.07,71.28,204.03,0.5119,-1,-1,-1
108,23,385.36,815.88,100.58,264.03,0.8640,-1,-1,-1
108,5,37.32,676.94,78.21,223.41,0.8538,-1,-1,-1
108,8,946.99,204.96,59.79,188.56,0.6521,-1,-1,-1
109,1,420.49,293.64,82.61,215.93,0.8261,-1,-1,-1
109,2,103.84,545.02,72.59,250.84,0.7835,-1,-1,-1
109,3,1722.37,455.12,72.92,210.67,0.7295,-1,-1,-1
109,4,1356.42,575.57,84.77,217.17,0.6652,-1,-1,-1
109,15,1144.07,936.79,70.12,142.98,0.8113,-1,-1,-1
109,19,513.73,223.32,69.81,202.79,0.5010,-1,-1,-1
109,23,385.42,812.18,99.63,267.77,0.8695,-1,-1,-1
109,5,38.40,675.97,78.49,224.51,0.8595,-1,-1,-1
109,8,945.90,204.47,59.27,188.58,0.7229,-1,-1,-1
110,1,420.03,291.68,83.72,217.71,0.8294,-1,-1,-1
110,2,103.75,544.74,72.83,252.61,0.7812,-1,-1,-1
110,3,1722.31,455.20,73.21,212.12,0.7286,-1,-1,-1
110,4,1356.50,576.22,85.31,217.11,0.6453,-1,-1,-1
110,15,1141.40,936.40,71.14,143.50,0.8228,-1,-1,-1
110,19,513.78,226.36,66.44,199.09,0.5043,-1,-1,-1
110,23,385.74,806.93,98.39,273.01,0.8701,-1,-1,-1
110,5,39.45,673.66,85.38,225.39,0.8482,-1,-1,-1
110,8,944.61,205.51,58.64,187.77,0.7402,-1,-1,-1
111,1,420.29,289.28,84.27,220.71,0.8198,-1,-1,-1
111,2,103.44,544.42,72.85,253.43,0.7720,-1,-1,-1
111,3,1722.19,455.20,73.36,211.79,0.7089,-1,-1,-1
111,4,1356.57,576.08,83.65,213.96,0.6454,-1,-1,-1
111,15,1138.90,935.71,71.94,144.23,0.8294,-1,-1,-1
111,19,514.28,225.97,70.28,200.49,0.6118,-1,-1,-1
111,23,386.84,802.01,97.37,277.95,0.8723,-1,-1,-1
111,5,41.41,671.54,88.88,225.60,0.8288,-1,-1,-1
111,8,943.39,206.70,58.22,186.25,0.7393,-1,-1,-1
112,1,419.88,287.87,84.39,222.33,0.8181,-1,-1,-1
112,2,103.72,544.46,72.32,253.24,0.7508,-1,-1,-1
112,3,1722.25,455.51,73.61,211.63,0.7303,-1,-1,-1
112,4,1357.01,575.45,82.58,212.10,0.6987,-1,-1,-1
112,15,1137.97,934.70,71.72,145.31,0.8263,-1,-1,-1
112,19,515.30,227.97,71.86,200.49,0.6545,-1,-1,-1
112,23,387.89,799.36,96.12,277.56,0.8587,-1,-1,-1
112,5,43.78,670.29,89.36,225.40,0.7946,-1,-1,-1
112,8,941.69,207.88,58.35,185.57,0.7274,-1,-1,-1
113,1,420.47,286.94,84.57,223.50,0.8251,-1,-1,-1
113,2,104.09,545.06,71.77,251.17,0.7557,-1,-1,-1
113,3,1722.25,455.81,73.73,210.69,0.7357,-1,-1,-1
113,4,1356.72,575.61,83.86,214.51,0.6755,-1,-1,-1
113,15,1135.46,934.19,72.76,145.85,0.8242,-1,-1,-1
113,19,516.01,230.17,72.11,200.29,0.6411,-1,-1,-1
113,23,388.17,797.02,95.42,275.69,0.8636,-1,-1,-1
113,5,46.20,669.87,83.13,224.82,0.7370,-1,-1,-1
113,8,940.98,208.97,57.73,185.41,0.3545,-1,-1,-1
114,1,420.31,285.96,86.01,223.47,0.8167,-1,-1,-1
114,2,104.33,545.06,71.38,249.86,0.7184,-1,-1,-1
114,3,1722.15,455.56,73.58,211.26,0.7381,-1,-1,-1
114,4,1356.76,575.48,83.19,214.48,0.6785,-1,-1,-1
114,15,1133.29,933.43,72.79,146.56,0.8227,-1,-1,-1
114,19,516.61,231.28,72.73,203.16,0.6513,-1,-1,-1
114,23,388.72,793.80,95.13,273.68,0.8611,-1,-1,-1
114,5,48.49,668.17,81.32,225.77,0.7385,-1,-1,-1
114,8,937.41,209.62,59.48,185.66,0.5356,-1,-1,-1
115,1,420.64,286.11,86.30,222.86,0.8332,-1,-1,-1
115,2,104.53,544.78,70.76,250.13,0.6808,-1,-1,-1
115,3,1721.99,455.80,74.09,211.59,0.7689,-1,-1,-1
115,4,1356.81,575.16,83.49,213.68,0.6903,-1,-1,-1
115,15,1129.65,933.46,74.51,146.53,0.8286,-1,-1,-1
115,19,517.87,232.86,74.27,204.08,0.6659,-1,-1,-1
115,23,389.11,790.40,96.54,271.85,0.8541,-1,-1,-1
115,5,53.15,666.97,80.56,226.38,0.7798,-1,-1,-1
115,8,936.16,210.12,60.06,185.38,0.7030,-1,-1,-1
116,1,420.23,285.45,86.63,223.48,0.8293,-1,-1,-1
116,2,104.12,546.57,71.44,246.46,0.6116,-1,-1,-1
116,3,1722.22,455.94,73.77,211.20,0.7443,-1,-1,-1
116,4,1356.45,575.14,84.41,216.02,0.6905,-1,-1,-1
116,15,1126.71,933.77,74.83,146.23,0.8297,-1,-1,-1
116,19,518.76,235.40,72.32,202.58,0.6236,-1,-1,-1
116,23,390.11,787.63,97.66,272.69,0.8614,-1,-1,-1
116,5,58.35,665.02,78.10,223.24,0.7841,-1,-1,-1
116,8,934.35,210.73,61.22,184.17,0.3520,-1,-1,-1
117,1,420.29,284.99,86.54,223.83,0.8322,-1,-1,-1
117,2,103.84,547.26,71.50,242.98,0.5451,-1,-1,-1
117,3,1721.98,455.64,73.98,211.13,0.7562,-1,-1,-1
117,4,1356.13,575.88,85.34,218.85,0.6955,-1,-1,-1
117,15,1124.23,933.90,75.38,146.11,0.8192,-1,-1,-1
117,19,519.17,237.71,68.86,201.33,0.5271,-1,-1,-1
117,23,390.19,785.96,98.97,272.28,0.8650,-1,-1,-1
117,5,65.69,664.47,75.97,218.66,0.8104,-1,-1,-1
117,8,933.45,211.24,59.40,182.27,0.5405,-1,-1,-1
118,1,421.00,284.68,85.57,223.91,0.8293,-1,-1,-1
118,2,99.30,545.36,75.49,253.44,0.5269,-1,-1,-1
118,3,1722.17,455.60,73.67,211.44,0.7671,-1,-1,-1
118,4,1356.40,576.21,84.77,215.13,0.6578,-1,-1,-1
118,15,1121.26,933.88,76.95,146.12,0.8416,-1,-1,-1
118,19,518.72,238.54,67.60,202.60,0.5381,-1,-1,-1
118,23,390.29,784.26,100.38,274.88,0.8610,-1,-1,-1
118,5,71.33,665.65,73.85,213.42,0.7080,-1,-1,-1
118,8,931.21,211.60,60.33,183.77,0.5098,-1,-1,-1
118,27,1108.28,146.48,89.31,174.06,0.4422,-1,-1,-1
119,1,421.15,284.47,85.03,223.84,0.8307,-1,-1,-1
119,2,96.50,545.04,77.91,261.19,0.5867,-1,-1,-1
119,3,1721.89,455.53,73.87,210.97,0.7698,-1,-1,-1
119,4,1356.67,576.04,84.46,216.12,0.6331,-1,-1,-1
119,15,1117.93,933.90,78.19,146.15,0.8515,-1,-1,-1
119,19,518.87,239.52,69.77,203.81,0.5366,-1,-1,-1
119,23,391.51,783.04,100.48,274.87,0.8598,-1,-1,-1
119,5,76.51,668.14,73.20,209.51,0.6214,-1,-1,-1
119,27,1105.67,145.75,90.83,175.43,0.5064,-1,-1,-1
120,1,421.42,283.92,84.48,224.41,0.8322,-1,-1,-1
120,2,99.23,546.21,74.82,252.87,0.5261,-1,-1,-1
120,3,1721.72,455.30,74.25,211.40,0.7373,-1,-1,-1
120,4,1356.49,577.24,84.02,212.77,0.6160,-1,-1,-1
120,15,1114.36,933.30,79.10,146.72,0.8451,-1,-1,-1
120,19,520.49,242.16,70.36,201.67,0.5914,-1,-1,-1
120,23,392.12,781.80,100.52,274.85,0.8576,-1,-1,-1
120,5,81.59,666.79,70.42,207.45,0.6941,-1,-1,-1
120,27,1103.38,145.94,92.41,175.06,0.5194,-1,-1,-1
121,1,421.61,282.37,83.64,225.11,0.8308,-1,-1,-1
121,2,101.01,546.63,72.76,243.42,0.5242,-1,-1,-1
121,3,1721.92,455.00,74.02,211.97,0.7533,-1,-1,-1
121,4,1356.46,576.53,83.50,212.39,0.6940,-1,-1,-1
121,15,1110.87,933.08,79.54,146.94,0.6785,-1,-1,-1
121,19,521.17,244.16,68.14,199.54,0.6145,-1,-1,-1
121,23,392.48,779.83,100.79,275.68,0.8547,-1,-1,-1
121,5,83.04,664.47,71.48,210.13,0.8001,-1,-1,-1
121,27,1103.85,145.29,90.71,174.89,0.3974,-1,-1,-1
122,1,421.92,281.69,83.35,224.06,0.8330,-1,-1,-1
122,2,101.79,546.60,71.72,225.68,0.4139,-1,-1,-1
122,3,1721.37,455.52,74.72,210.92,0.7535,-1,-1,-1
122,4,1356.54,576.41,84.62,214.69,0.6228,-1,-1,-1
122,15,1107.57,932.62,79.69,147.37,0.8344,-1,-1,-1
122,19,521.24,244.54,65.10,198.14,0.5755,-1,-1,-1
122,23,392.37,778.97,101.59,275.94,0.8519,-1,-1,-1
122,5,85.51,661.83,73.81,212.74,0.7700,-1,-1,-1
122,27,1104.86,145.26,85.14,173.66,0.4335,-1,-1,-1
122,8,927.80,211.16,56.44,186.36,0.3737,-1,-1,-1
123,1,422.67,280.78,82.37,221.82,0.8155,-1,-1,-1
123,2,102.45,546.53,71.00,215.40,0.4295,-1,-1,-1
123,3,1721.59,455.08,74.73,211.22,0.7631,-1,-1,-1
123,4,1356.46,576.60,84.63,212.82,0.6893,-1,-1,-1
123,15,1105.28,931.82,78.90,148.16,0.8402,-1,-1,-1
123,19,521.79,245.50,64.71,196.73,0.5689,-1,-1,-1
123,23,392.17,777.79,102.04,276.00,0.8511,-1,-1,-1
123,5,86.68,659.71,74.93,214.07,0.7624,-1,-1,-1
123,27,1106.33,144.74,78.01,173.30,0.4218,-1,-1,-1
123,8,926.77,210.43,55.87,187.87,0.5181,-1,-1,-1
124,1,422.85,279.65,81.74,218.64,0.8171,-1,-1,-1
124,2,102.13,546.39,71.71,217.85,0.3937,-1,-1,-1
124,3,1721.81,455.19,74.47,210.84,0.7188,-1,-1,-1
124,4,1356.66,576.57,84.48,213.44,0.6559,-1,-1,-1
124,15,1102.09,930.42,78.63,149.53,0.8450,-1,-1,-1
124,19,522.51,245.02,68.59,197.93,0.6000,-1,-1,-1
124,23,392.92,777.23,102.86,274.01,0.8492,-1,-1,-1
124,5,91.84,657.74,71.67,216.22,0.5705,-1,-1,-1
124,27,1105.33,143.44,73.40,172.74,0.3632,-1,-1,-1
124,8,924.05,210.30,56.18,188.29,0.5466,-1,-1,-1
125,1,423.34,278.75,80.87,214.85,0.8092,-1,-1,-1
125,2,102.49,546.38,71.04,206.10,0.3363,-1,-1,-1
125,3,1721.75,454.20,74.21,212.27,0.7425,-1,-1,-1
125,4,1356.84,576.21,84.39,213.79,0.6359,-1,-1,-1
125,15,1098.34,929.85,79.07,150.10,0.8518,-1,-1,-1
125,19,522.62,246.49,68.97,196.45,0.5903,-1,-1,-1
125,23,393.11,775.08,102.53,275.00,0.8453,-1,-1,-1
125,5,96.13,654.46,67.13,218.02,0.4641,-1,-1,-1
125,27,1105.33,141.77,69.73,173.81,0.3826,-1,-1,-1
125,8,922.04,210.65,55.57,188.58,0.5690,-1,-1,-1
126,1,422.71,277.74,80.91,213.77,0.8079,-1,-1,-1
126,3,1721.74,454.37,74.07,212.52,0.7249,-1,-1,-1
126,4,1357.33,576.18,83.39,212.44,0.6696,-1,-1,-1
126,15,1094.66,929.26,79.78,150.78,0.8667,-1,-1,-1
126,19,522.82,247.76,70.09,196.94,0.6068,-1,-1,-1
126,23,393.15,771.03,100.38,277.08,0.8587,-1,-1,-1
126,5,97.60,653.80,67.02,217.34,0.3476,-1,-1,-1
126,27,1105.20,140.39,64.95,173.42,0.3861,-1,-1,-1
126,8,920.50,211.14,53.67,188.76,0.6154,-1,-1,-1
127,1,423.13,277.16,79.75,213.38,0.7977,-1,-1,-1
127,3,1721.83,454.96,74.21,211.74,0.7546,-1,-1,-1
127,4,1357.49,576.80,83.45,212.64,0.6641,-1,-1,-1
127,15,1091.16,929.14,81.14,150.93,0.8699,-1,-1,-1
127,19,523.37,250.07,69.95,195.27,0.5982,-1,-1,-1
127,23,393.30,767.02,98.63,276.54,0.8535,-1,-1,-1
127,5,102.48,581.14,70.02,280.98,0.3430,-1,-1,-1
127,27,1104.89,139.73,58.62,173.69,0.3563,-1,-1,-1
127,8,918.74,211.37,53.22,188.66,0.5616,-1,-1,-1
127,2,103.12,544.46,71.64,291.26,0.3430,-1,-1,-1
128,1,423.01,276.45,79.07,213.07,0.7755,-1,-1,-1
128,3,1721.75,455.06,74.48,210.90,0.7369,-1,-1,-1
128,4,1357.23,576.95,83.76,213.50,0.6608,-1,-1,-1
128,15,1087.97,928.40,80.89,151.61,0.8611,-1,-1,-1
128,19,524.01,251.04,69.13,195.67,0.5957,-1,-1,-1
128,23,393.29,762.21,98.29,275.88,0.8497,-1,-1,-1
128,27,1102.28,139.57,57.11,173.73,0.3622,-1,-1,-1
128,8,916.05,211.32,54.17,188.87,0.5612,-1,-1,-1
129,1,422.29,275.36,79.85,214.17,0.7674,-1,-1,-1
129,3,1721.79,454.63,74.28,210.31,0.7448,-1,-1,-1
129,4,1357.66,577.07,83.71,214.70,0.6130,-1,-1,-1
129,15,1085.63,927.83,80.50,152.18,0.8604,-1,-1,-1
129,19,524.98,251.32,67.00,198.11,0.6223,-1,-1,-1
129,23,394.33,757.78,96.78,272.22,0.8436,-1,-1,-1
129,27,1099.00,138.70,57.54,173.33,0.2777,-1,-1,-1
129,8,912.90,212.42,55.66,187.54,0.5335,-1,-1,-1
130,1,421.63,274.11,80.31,215.28,0.7571,-1,-1,-1
130,3,1722.17,454.72,73.99,211.15,0.7268,-1,-1,-1
130,4,1357.46,576.96,84.32,215.28,0.6149,-1,-1,-1
130,15,1082.15,927.13,81.33,152.89,0.8535,-1,-1,-1
130,19,526.50,252.53,64.93,199.31,0.6241,-1,-1,-1
130,23,395.28,754.40,95.21,267.28,0.8103,-1,-1,-1
130,8,907.14,212.56,59.48,187.48,0.5867,-1,-1,-1
130,2,102.98,544.90,71.34,254.60,0.6678,-1,-1,-1
131,1,422.14,273.58,80.03,216.04,0.7601,-1,-1,-1
131,3,1722.36,455.44,73.50,210.88,0.7265,-1,-1,-1
131,4,1357.52,577.81,83.94,211.01,0.6326,-1,-1,-1
131,15,1080.17,926.84,80.60,152.57,0.8262,-1,-1,-1
131,19,527.83,252.57,63.54,203.38,0.5769,-1,-1,-1
131,23,395.45,752.12,93.90,264.61,0.8078,-1,-1,-1
131,8,901.96,213.23,63.13,187.09,0.6112,-1,-1,-1
131,2,103.25,544.49,71.29,245.54,0.7600,-1,-1,-1
132,1,421.69,273.12,80.40,216.83,0.7511,-1,-1,-1
132,3,1722.35,455.62,73.56,210.88,0.7278,-1,-1,-1
132,4,1357.34,577.89,83.27,210.36,0.6562,-1,-1,-1
132,15,1078.87,927.19,80.48,152.06,0.8410,-1,-1,-1
132,19,529.08,252.52,62.80,206.11,0.5722,-1,-1,-1
132,23,393.74,749.98,94.35,266.32,0.8290,-1,-1,-1
132,8,898.98,214.08,65.14,186.94,0.5912,-1,-1,-1
132,2,102.96,545.05,72.36,243.83,0.7023,-1,-1,-1
132,27,1088.62,138.43,59.37,171.31,0.3896,-1,-1,-1
133,1,421.29,273.02,80.40,216.45,0.7323,-1,-1,-1
133,3,1722.15,455.24,73.71,210.62,0.7162,-1,-1,-1
133,4,1357.47,577.35,84.35,212.11,0.6346,-1,-1,-1
133,15,1077.40,927.43,80.41,151.83,0.8486,-1,-1,-1
133,19,530.51,252.76,60.91,207.80,0.6027,-1,-1,-1
133,23,391.54,748.66,96.32,266.39,0.8208,-1,-1,-1
133,8,898.10,212.98,65.58,189.43,0.5599,-1,-1,-1
133,2,102.51,545.53,73.90,242.51,0.6571,-1,-1,-1
133,27,1083.98,138.69,60.47,170.95,0.3636,-1,-1,-1
134,1,421.11,273.60,80.16,215.72,0.7083,-1,-1,-1
134,3,1722.29,455.66,73.44,210.89,0.7082,-1,-1,-1
134,4,1357.36,577.07,84.94,213.88,0.6206,-1,-1,-1
134,15,1075.71,927.22,78.91,151.59,0.8551,-1,-1,-1
134,19,531.24,252.72,59.14,208.38,0.5884,-1,-1,-1
134,23,389.87,747.60,97.42,266.96,0.8329,-1,-1,-1
134,8,897.07,213.29,64.89,189.37,0.5548,-1,-1,-1
134,2,102.17,545.57,75.44,237.46,0.6185,-1,-1,-1
134,27,1076.56,138.86,65.70,171.85,0.5236,-1,-1,-1
135,1,419.39,272.61,81.70,216.61,0.7341,-1,-1,-1
135,3,1721.65,454.94,74.05,211.81,0.7010,-1,-1,-1
135,4,1357.05,577.06,85.43,214.54,0.6313,-1,-1,-1
135,15,1074.34,926.64,78.48,152.21,0.8450,-1,-1,-1
135,19,531.06,252.87,59.88,208.57,0.6068,-1,-1,-1
135,23,388.78,746.08,98.38,268.31,0.8381,-1,-1,-1
135,8,896.73,212.67,64.15,190.40,0.5118,-1,-1,-1
135,2,101.65,545.32,76.96,237.40,0.7049,-1,-1,-1
135,27,1063.36,139.83,76.70,172.30,0.5365,-1,-1,-1
136,1,419.63,271.93,80.83,216.50,0.7376,-1,-1,-1
136,3,1721.94,455.09,73.86,211.98,0.7000,-1,-1,-1
136,4,1357.17,578.00,86.90,216.34,0.6097,-1,-1,-1
136,15,1072.89,926.74,76.96,151.69,0.8525,-1,-1,-1
136,19,530.80,252.70,60.25,208.96,0.6214,-1,-1,-1
136,23,386.70,744.97,100.12,269.89,0.8467,-1,-1,-1
136,8,896.49,212.19,63.94,190.25,0.4768,-1,-1,-1
136,2,101.38,545.81,74.89,235.98,0.7295,-1,-1,-1
136,27,1051.58,139.63,86.85,171.02,0.6098,-1,-1,-1
137,1,418.83,270.73,81.05,217.11,0.7419,-1,-1,-1
137,3,1722.12,454.56,73.81,212.16,0.7093,-1,-1,-1
137,4,1357.69,579.02,86.38,215.01,0.5402,-1,-1,-1
137,15,1071.15,927.08,76.66,151.06,0.8564,-1,-1,-1
137,19,530.45,253.94,59.81,208.03,0.6258,-1,-1,-1
137,23,385.03,744.32,101.21,270.48,0.8452,-1,-1,-1
137,8,895.63,211.09,63.28,192.16,0.4490,-1,-1,-1
137,2,101.36,545.27,69.69,235.54,0.6779,-1,-1,-1
137,27,1043.87,139.30,92.42,170.80,0.6483,-1,-1,-1
137,5,132.78,631.47,74.22,214.94,0.5128,-1,-1,-1
138,1,418.54,269.78,80.69,217.23,0.7509,-1,-1,-1
138,3,1722.20,454.46,73.83,212.54,0.7147,-1,-1,-1
138,4,1357.78,578.91,86.55,217.35,0.5331,-1,-1,-1
138,15,1069.59,927.41,76.18,150.80,0.8496,-1,-1,-1
138,19,530.73,254.85,58.81,206.40,0.5989,-1,-1,-1
138,23,383.88,744.15,101.98,270.08,0.8479,-1,-1,-1
138,8,894.55,210.44,62.43,191.27,0.4759,-1,-1,-1
138,2,101.30,545.52,67.70,234.42,0.7003,-1,-1,-1
138,27,1039.53,139.95,94.77,170.55,0.7043,-1,-1,-1
138,30,576.51,251.55,52.28,182.66,0.4201,-1,-1,-1
138,5,135.08,636.07,78.18,209.57,0.5315,-1,-1,-1
139,1,418.31,268.33,79.44,217.73,0.7135,-1,-1,-1
139,3,1721.98,453.95,74.19,213.41,0.7327,-1,-1,-1
139,4,1357.76,578.93,88.12,220.08,0.5691,-1,-1,-1
139,15,1068.18,927.27,75.75,150.50,0.8423,-1,-1,-1
139,19,530.50,257.60,58.57,203.59,0.5723,-1,-1,-1
139,23,383.19,743.91,101.89,269.00,0.8535,-1,-1,-1
139,8,892.17,209.57,64.48,192.19,0.6011,-1,-1,-1
139,2,101.24,545.31,67.04,235.41,0.7141,-1,-1,-1
139,27,1038.66,140.16,94.07,171.35,0.6898,-1,-1,-1
139,30,576.38,252.31,53.01,180.26,0.4965,-1,-1,-1
139,5,138.72,636.92,84.84,207.14,0.5445,-1,-1,-1
140,1,417.85,267.38,78.37,217.39,0.6822,-1,-1,-1
140,3,1722.11,454.44,73.99,213.04,0.7382,-1,-1,-1
140,4,1357.59,578.75,86.34,214.01,0.6806,-1,-1,-1
140,15,1066.54,926.56,75.88,150.70,0.8430,-1,-1,-1
140,19,530.08,257.61,58.94,203.89,0.6163,-1,-1,-1
140,23,383.95,741.82,101.18,268.73,0.8551,-1,-1,-1
140,8,889.16,209.50,61.89,191.42,0.5003,-1,-1,-1
140,2,101.63,544.90,65.71,236.95,0.7219,-1,-1,-1
140,27,1037.94,140.42,93.03,171.81,0.6744,-1,-1,-1
140,30,578.76,250.97,51.28,181.68,0.5015,-1,-1,-1
140,5,142.46,635.28,88.12,206.57,0.4411,-1,-1,-1
141,1,417.16,265.32,78.39,217.30,0.6835,-1,-1,-1
141,3,1722.22,454.28,74.00,212.38,0.7391,-1,-1,-1
141,4,1356.92,577.74,87.35,214.98,0.6291,-1,-1,-1
141,15,1064.63,925.35,75.78,152.17,0.8230,-1,-1,-1
141,19,530.08,257.01,59.07,203.37,0.6109,-1,-1,-1
141,23,384.81,739.62,99.43,268.47,0.8589,-1,-1,-1
141,8,885.52,209.13,60.96,190.96,0.5762,-1,-1,-1
141,2,102.07,545.27,65.68,237.98,0.7615,-1,-1,-1
141,27,1038.47,139.94,90.73,171.58,0.6278,-1,-1,-1
141,30,580.40,250.10,50.63,182.96,0.4681,-1,-1,-1
141,5,145.23,632.82,89.27,202.60,0.6784,-1,-1,-1
142,1,417.20,264.16,77.43,216.88,0.6871,-1,-1,-1
142,3,1722.44,454.52,73.75,211.75,0.7386,-1,-1,-1
142,4,1356.71,577.71,88.69,217.28,0.5979,-1,-1,-1
142,15,1064.62,924.80,73.06,153.52,0.8267,-1,-1,-1
142,19,529.83,256.56,59.11,203.77,0.6057,-1,-1,-1
142,23,386.52,737.24,96.64,269.43,0.8570,-1,-1,-1
142,8,882.74,209.01,58.35,189.84,0.3058,-1,-1,-1
142,2,102.95,545.60,65.87,239.19,0.7791,-1,-1,-1
142,27,1037.69,139.61,90.02,170.99,0.6498,-1,-1,-1
142,30,581.44,249.92,51.22,183.81,0.3205,-1,-1,-1
142,5,148.50,630.49,86.41,203.14,0.6224,-1,-1,-1
143,1,416.64,262.59,77.42,215.55,0.6765,-1,-1,-1
143,3,1722.37,454.85,73.85,211.37,0.7401,-1,-1,-1
143,4,1356.98,577.14,88.58,218.15,0.6103,-1,-1,-1
143,15,1063.72,924.03,71.57,153.65,0.8261,-1,-1,-1
143,19,529.50,256.35,59.29,203.64,0.5785,-1,-1,-1
143,23,387.78,734.76,95.16,266.86,0.8651,-1,-1,-1
143,8,880.49,209.23,56.46,187.85,0.2708,-1,-1,-1
143,2,103.40,545.51,66.34,238.98,0.8011,-1,-1,-1
143,27,1039.16,138.43,86.08,171.58,0.5555,-1,-1,-1
143,5,150.07,630.43,86.68,205.41,0.7507,-1,-1,-1
144,1,416.37,261.93,77.97,212.12,0.6604,-1,-1,-1
144,3,1722.41,455.27,73.84,211.37,0.7304,-1,-1,-1
144,4,1357.43,577.52,87.72,216.08,0.6031,-1,-1,-1
144,15,1062.68,923.51,69.78,153.95,0.8183,-1,-1,-1
144,19,528.99,257.69,60.34,202.14,0.5905,-1,-1,-1
144,23,388.81,731.63,93.68,263.25,0.8605,-1,-1,-1
144,8,875.56,207.79,58.74,190.45,0.3908,-1,-1,-1
144,2,103.61,545.02,66.68,239.80,0.8053,-1,-1,-1
144,27,1039.87,136.98,81.48,172.21,0.4334,-1,-1,-1
144,5,152.99,631.04,84.01,205.60,0.7860,-1,-1,-1
145,1,416.07,259.90,77.61,210.71,0.6749,-1,-1,-1
145,3,1722.42,455.23,73.62,211.02,0.7206,-1,-1,-1
145,4,1356.98,577.63,86.04,211.06,0.6622,-1,-1,-1
145,15,1061.41,923.13,67.58,154.19,0.8218,-1,-1,-1
145,19,528.70,257.30,61.02,203.25,0.5912,-1,-1,-1
145,23,391.37,729.62,91.36,258.03,0.8692,-1,-1,-1
145,8,871.88,208.24,61.43,186.96,0.4704,-1,-1,-1
145,2,104.09,544.96,67.35,241.11,0.8150,-1,-1,-1
145,27,1039.99,135.77,73.80,172.64,0.3878,-1,-1,-1
145,5,156.51,629.00,79.47,209.37,0.8007,-1,-1,-1
146,1,416.05,257.33,76.37,211.25,0.6847,-1,-1,-1
146,3,1722.53,455.52,73.75,211.67,0.7270,-1,-1,-1
146,4,1356.84,577.10,86.32,215.54,0.6533,-1,-1,-1
146,15,1059.33,921.16,66.12,156.26,0.8051,-1,-1,-1
146,19,529.05,256.85,61.84,204.86,0.6178,-1,-1,-1
146,23,392.71,726.75,90.60,253.04,0.8526,-1,-1,-1
146,8,869.65,206.33,62.36,188.03,0.4944,-1,-1,-1
146,2,104.23,544.97,68.05,241.95,0.8152,-1,-1,-1
146,27,1040.29,134.76,66.77,172.67,0.4234,-1,-1,-1
146,5,158.69,626.20,77.48,212.23,0.8170,-1,-1,-1
147,1,415.72,256.82,76.52,211.44,0.6887,-1,-1,-1
147,3,1722.44,455.48,73.91,211.41,0.7239,-1,-1,-1
147,4,1356.95,576.18,85.87,215.20,0.6655,-1,-1,-1
147,15,1057.37,920.39,63.55,157.27,0.7904,-1,-1,-1
147,19,529.10,257.92,61.62,205.77,0.6437,-1,-1,-1
147,23,393.68,720.81,90.70,254.31,0.8484,-1,-1,-1
147,8,867.15,205.66,64.13,187.63,0.4480,-1,-1,-1
147,2,104.25,545.28,68.58,241.57,0.8163,-1,-1,-1
147,27,1039.82,133.47,62.25,173.09,0.4466,-1,-1,-1
147,5,160.58,622.22,75.86,214.37,0.7954,-1,-1,-1
148,1,415.32,255.89,76.73,212.45,0.6905,-1,-1,-1
148,3,1722.53,454.83,73.83,212.48,0.7317,-1,-1,-1
148,4,1356.85,576.86,84.89,213.08,0.6826,-1,-1,-1
148,15,1055.52,919.55,62.28,157.83,0.7961,-1,-1,-1
148,19,529.08,259.36,63.15,206.18,0.6183,-1,-1,-1
148,23,394.21,717.56,91.43,254.32,0.8420,-1,-1,-1
148,8,864.59,205.75,66.28,190.49,0.4056,-1,-1,-1
148,2,104.29,544.95,69.20,242.30,0.8124,-1,-1,-1
148,27,1038.23,133.12,58.75,173.04,0.3709,-1,-1,-1
148,5,163.38,618.31,75.22,214.67,0.8153,-1,-1,-1
149,1,415.57,256.25,76.54,212.71,0.6832,-1,-1,-1
149,3,1722.34,454.85,73.55,211.81,0.7182,-1,-1,-1
149,4,1356.67,577.05,85.58,211.64,0.6670,-1,-1,-1
149,15,1054.23,918.34,61.78,159.28,0.7933,-1,-1,-1
149,19,529.58,260.80,63.00,206.84,0.6129,-1,-1,-1
149,23,395.31,713.46,92.60,257.74,0.8425,-1,-1,-1
149,8,863.77,205.71,65.66,191.12,0.4022,-1,-1,-1
149,2,104.36,545.00,69.32,242.47,0.8142,-1,-1,-1
149,27,1036.86,133.23,56.16,171.97,0.2729,-1,-1,-1
149,5,167.02,615.38,73.38,214.73,0.7932,-1,-1,-1
150,1,415.80,256.06,76.59,212.94,0.6729,-1,-1,-1
150,3,1722.25,454.72,73.65,212.03,0.7267,-1,-1,-1
150,4,1356.19,576.24,86.30,213.99,0.6711,-1,-1,-1
150,15,1052.32,916.74,61.15,161.54,0.8042,-1,-1,-1
150,19,529.84,263.62,62.60,206.23,0.6004,-1,-1,-1
150,23,394.91,709.54,95.56,262.19,0.8326,-1,-1,-1
150,8,861.74,205.22,67.15,192.35,0.3743,-1,-1,-1
150,2,104.12,544.86,69.57,243.62,0.8163,-1,-1,-1
150,27,1033.53,133.23,56.09,170.96,0.4260,-1,-1,-1
150,5,173.12,613.67,68.18,214.43,0.7634,-1,-1,-1
151,1,416.25,255.31,75.66,213.87,0.6743,-1,-1,-1
151,3,1722.55,454.73,73.08,211.31,0.7312,-1,-1,-1
151,4,1356.50,576.57,85.34,215.71,0.5848,-1,-1,-1
151,15,1051.11,914.35,60.74,163.62,0.8008,-1,-1,-1
151,19,529.85,265.24,61.92,207.33,0.5509,-1,-1,-1
151,23,395.53,707.80,96.43,263.89,0.8334,-1,-1,-1
151,8,861.26,205.07,66.34,191.20,0.4115,-1,-1,-1
151,2,104.06,545.44,69.88,244.28,0.8277,-1,-1,-1
151,27,1030.74,133.55,56.24,171.44,0.3454,-1,-1,-1
151,5,178.19,611.74,66.62,216.94,0.7505,-1,-1,-1
152,1,416.68,254.65,75.46,214.81,0.6722,-1,-1,-1
152,3,1722.69,454.60,72.94,211.87,0.7038,-1,-1,-1
152,4,1356.84,577.33,84.40,211.74,0.6461,-1,-1,-1
152,15,1049.47,913.49,60.20,164.87,0.8151,-1,-1,-1
152,19,529.88,268.19,60.58,206.55,0.5393,-1,-1,-1
152,23,396.04,707.23,97.62,264.28,0.8209,-1,-1,-1
152,8,860.94,204.48,65.31,191.34,0.5164,-1,-1,-1
152,2,103.67,545.85,70.63,244.20,0.8197,-1,-1,-1
152,27,1025.99,131.48,58.97,171.94,0.2810,-1,-1,-1
152,5,181.94,611.08,66.10,216.87,0.5561,-1,-1,-1
152,32,624.66,751.41,57.02,167.79,0.4768,-1,-1,-1
153,1,416.90,253.87,74.65,215.32,0.6454,-1,-1,-1
153,3,1722.65,454.18,72.95,212.22,0.7082,-1,-1,-1
153,4,1357.16,576.82,83.13,212.38,0.6492,-1,-1,-1
153,15,1047.66,912.42,60.09,166.69,0.7957,-1,-1,-1
153,19,529.89,270.89,60.19,204.67,0.5438,-1,-1,-1
153,23,396.12,707.78,99.24,263.94,0.8162,-1,-1,-1
153,8,859.49,203.80,66.09,192.10,0.4661,-1,-1,-1
153,2,103.63,545.95,71.45,245.05,0.8180,-1,-1,-1
153,27,1020.85,131.19,62.36,171.47,0.3231,-1,-1,-1
153,5,184.66,611.01,67.63,215.88,0.8248,-1,-1,-1
153,32,624.92,751.08,56.88,168.17,0.4371,-1,-1,-1
154,1,416.94,253.93,74.55,214.10,0.6309,-1,-1,-1
154,3,1722.61,455.49,73.20,210.57,0.6817,-1,-1,-1
154,4,1357.26,577.39,83.48,213.11,0.6658,-1,-1,-1
154,15,1046.54,911.72,59.29,167.91,0.7854,-1,-1,-1
154,19,530.62,273.06,59.22,202.69,0.5233,-1,-1,-1
154,23,396.28,708.04,100.68,263.28,0.8188,-1,-1,-1
154,8,857.98,203.63,66.80,192.69,0.4783,-1,-1,-1
154,2,103.98,545.45,71.48,246.12,0.8211,-1,-1,-1
154,27,1014.97,130.61,65.85,172.43,0.2887,-1,-1,-1
154,5,187.65,611.09,68.37,214.71,0.8269,-1,-1,-1
154,32,624.76,751.55,58.05,168.97,0.3321,-1,-1,-1
155,1,417.27,253.12,74.17,214.67,0.6359,-1,-1,-1
155,3,1723.05,455.37,72.82,210.57,0.7069,-1,-1,-1
155,4,1357.15,577.78,83.76,209.84,0.7052,-1,-1,-1
155,15,1044.75,911.17,59.29,168.34,0.7986,-1,-1,-1
155,19,530.73,274.58,59.74,201.09,0.5025,-1,-1,-1
155,23,396.93,706.04,102.24,265.13,0.8195,-1,-1,-1
155,8,855.53,203.42,68.32,191.37,0.5067,-1,-1,-1
155,2,103.75,545.19,71.38,246.84,0.8163,-1,-1,-1
155,27,1003.89,130.45,73.60,173.99,0.4163,-1,-1,-1
155,5,192.12,611.15,67.67,213.73,0.8294,-1,-1,-1
155,32,624.72,751.30,58.26,168.65,0.3349,-1,-1,-1
156,1,417.96,252.34,74.51,213.86,0.6283,-1,-1,-1
156,3,1722.98,455.74,72.95,210.64,0.6957,-1,-1,-1
156,4,1357.26,578.85,83.26,210.15,0.6726,-1,-1,-1
156,15,1043.17,910.23,59.53,169.67,0.7779,-1,-1,-1
156,19,530.97,272.97,59.91,202.61,0.4863,-1,-1,-1
156,23,397.45,703.03,102.11,266.53,0.8175,-1,-1,-1
156,8,853.18,203.09,70.05,190.31,0.5248,-1,-1,-1
156,2,103.46,545.03,71.64,246.80,0.8196,-1,-1,-1
156,27,994.33,130.97,79.47,173.44,0.4643,-1,-1,-1
156,5,195.19,609.96,67.52,214.25,0.8259,-1,-1,-1
156,32,625.28,749.67,58.09,171.04,0.2636,-1,-1,-1
157,1,418.06,251.42,74.17,213.77,0.6511,-1,-1,-1
157,3,1723.26,456.09,72.55,210.44,0.6963,-1,-1,-1
157,4,1356.87,579.08,83.73,209.76,0.6658,-1,-1,-1
157,15,1041.57,909.97,59.62,170.07,0.7690,-1,-1,-1
157,19,530.76,272.93,59.80,202.06,0.4389,-1,-1,-1
157,23,397.90,701.93,102.17,266.69,0.8269,-1,-1,-1
157,8,852.62,202.33,69.93,188.25,0.5198,-1,-1,-1
157,2,103.49,545.22,71.82,246.56,0.8186,-1,-1,-1
157,27,987.88,131.55,83.22,172.67,0.5235,-1,-1,-1
157,5,198.08,609.18,66.54,214.79,0.8206,-1,-1,-1
157,32,625.07,747.87,57.43,172.35,0.3314,-1,-1,-1
158,1,418.52,250.30,74.73,214.13,0.6876,-1,-1,-1
158,3,1723.04,456.28,72.89,210.92,0.6990,-1,-1,-1
158,4,1356.81,578.08,83.91,209.89,0.6836,-1,-1,-1
158,15,1039.37,909.35,61.19,170.74,0.7862,-1,-1,-1
158,19,529.34,271.82,61.72,202.65,0.4686,-1,-1,-1
158,23,397.59,701.41,101.20,265.27,0.8338,-1,-1,-1
158,8,850.73,200.93,71.05,187.01,0.4884,-1,-1,-1
158,2,103.36,545.61,71.92,245.96,0.8190,-1,-1,-1
158,27,986.14,132.12,82.86,172.96,0.4660,-1,-1,-1
158,5,199.33,607.97,65.65,213.79,0.7915,-1,-1,-1
158,32,625.27,748.69,57.46,172.59,0.2566,-1,-1,-1
159,1,417.96,249.94,75.42,212.46,0.6799,-1,-1,-1
159,3,1723.13,457.18,72.83,209.81,0.6783,-1,-1,-1
159,4,1356.46,578.58,84.93,211.20,0.6654,-1,-1,-1
159,15,1037.41,908.87,61.54,171.29,0.7769,-1,-1,-1
159,19,526.78,277.61,64.04,197.85,0.4151,-1,-1,-1
159,23,399.75,700.39,96.09,263.57,0.8213,-1,-1,-1
159,8,848.70,200.46,72.38,188.58,0.5018,-1,-1,-1
159,2,103.31,545.77,71.98,246.05,0.8134,-1,-1,-1
159,27,983.58,132.93,83.40,172.41,0.4842,-1,-1,-1
159,5,200.75,605.81,65.19,213.33,0.7840,-1,-1,-1
160,1,418.32,248.13,74.62,213.65,0.7196,-1,-1,-1
160,3,1722.75,457.35,72.90,209.45,0.6715,-1,-1,-1
160,4,1356.74,579.49,86.64,214.92,0.6234,-1,-1,-1
160,15,1036.39,908.64,61.18,171.54,0.7574,-1,-1,-1
160,19,525.37,283.76,65.56,193.11,0.5208,-1,-1,-1
160,23,400.74,698.04,93.88,258.78,0.7978,-1,-1,-1
160,8,848.16,199.18,72.27,191.08,0.4296,-1,-1,-1
160,2,103.12,546.19,72.00,245.79,0.8160,-1,-1,-1
160,27,980.35,132.82,84.42,170.80,0.4610,-1,-1,-1
160,5,202.46,603.69,64.64,214.86,0.7999,-1,-1,-1
161,1,417.81,246.83,75.81,212.39,0.7008,-1,-1,-1
161,3,1722.79,457.09,72.82,210.04,0.6735,-1,-1,-1
161,4,1356.92,580.04,86.22,215.04,0.6727,-1,-1,-1
161,15,1033.59,908.16,62.54,171.96,0.7631,-1,-1,-1
161,19,524.24,286.34,68.23,192.58,0.4437,-1,-1,-1
161,23,401.59,693.41,92.24,254.47,0.8554,-1,-1,-1
161,8,847.53,196.46,72.33,191.99,0.3992,-1,-1,-1
161,2,102.83,546.09,72.38,246.44,0.8066,-1,-1,-1
161,27,979.92,132.63,83.43,170.42,0.4455,-1,-1,-1
161,5,207.61,602.01,61.66,211.82,0.6116,-1,-1,-1
162,1,418.47,245.88,75.77,210.97,0.7150,-1,-1,-1
162,3,1722.87,457.40,72.76,209.95,0.6647,-1,-1,-1
162,4,1357.06,580.15,86.39,216.96,0.6399,-1,-1,-1
162,15,1032.45,907.43,62.02,172.48,0.7676,-1,-1,-1
162,23,402.46,689.16,91.62,253.42,0.8461,-1,-1,-1
162,8,846.95,195.15,71.95,191.66,0.4293,-1,-1,-1
162,2,102.48,545.96,72.41,246.86,0.7985,-1,-1,-1
162,27,980.45,131.82,80.80,171.55,0.3726,-1,-1,-1
162,5,210.85,599.10,61.60,208.41,0.7730,-1,-1,-1
163,1,418.48,244.62,76.93,210.13,0.7073,-1,-1,-1
163,3,1722.90,456.90,72.71,210.82,0.6665,-1,-1,-1
163,4,1356.84,580.37,88.57,221.49,0.6339,-1,-1,-1
163,15,1030.92,906.57,62.26,173.31,0.7445,-1,-1,-1
163,23,403.25,685.32,90.63,254.47,0.8536,-1,-1,-1
163,8,847.16,193.53,71.45,189.97,0.3817,-1,-1,-1
163,2,102.59,545.96,72.72,246.95,0.7947,-1,-1,-1
163,27,981.58,129.72,76.95,173.87,0.3390,-1,-1,-1
163,5,212.89,596.22,62.73,207.56,0.7730,-1,-1,-1
163,19,519.23,288.68,71.29,196.57,0.3853,-1,-1,-1
164,1,418.04,244.04,78.04,208.88,0.7163,-1,-1,-1
164,3,1722.71,456.76,72.85,210.94,0.6740,-1,-1,-1
164,4,1356.85,580.53,88.92,221.16,0.6058,-1,-1,-1
164,15,1029.55,906.90,61.58,173.07,0.7726,-1,-1,-1
164,23,402.97,681.98,90.57,254.75,0.8577,-1,-1,-1
164,8,848.86,192.31,70.36,190.18,0.3717,-1,-1,-1
164,2,102.44,546.04,72.58,246.30,0.8089,-1,-1,-1
164,27,981.92,128.61,72.77,173.92,0.3228,-1,-1,-1
164,5,214.11,593.82,64.43,208.52,0.8171,-1,-1,-1
164,19,517.19,289.11,73.44,198.12,0.2870,-1,-1,-1
165,1,418.24,242.44,78.86,209.93,0.7024,-1,-1,-1
165,3,1722.79,456.78,73.14,210.54,0.6811,-1,-1,-1
165,4,1357.31,581.31,87.62,218.11,0.6298,-1,-1,-1
165,15,1028.10,907.31,61.45,172.65,0.7496,-1,-1,-1
165,23,401.37,679.61,92.41,256.27,0.8620,-1,-1,-1
165,8,850.41,191.44,69.37,190.51,0.4017,-1,-1,-1
165,2,102.53,545.88,72.36,245.92,0.8096,-1,-1,-1
165,27,982.23,127.16,68.12,172.89,0.2934,-1,-1,-1
165,5,214.61,591.79,65.49,209.56,0.8490,-1,-1,-1
166,1,418.58,241.44,77.32,210.40,0.6803,-1,-1,-1
166,3,1723.06,456.47,72.43,211.05,0.7131,-1,-1,-1
166,4,1357.18,580.84,86.10,214.94,0.6481,-1,-1,-1
166,15,1026.25,907.20,61.83,172.82,0.6114,-1,-1,-1
166,23,399.89,677.75,93.64,258.73,0.8568,-1,-1,-1
166,8,850.48,190.87,69.70,190.01,0.3748,-1,-1,-1
166,2,102.40,545.86,72.01,245.84,0.8101,-1,-1,-1
166,27,982.78,126.11,61.69,172.27,0.2675,-1,-1,-1
166,5,215.56,590.53,69.73,210.69,0.8222,-1,-1,-1
167,1,418.50,240.41,76.64,211.88,0.5867,-1,-1,-1
167,3,1723.27,456.29,71.97,211.21,0.6995,-1,-1,-1
167,4,1356.78,580.19,86.04,216.06,0.6389,-1,-1,-1
167,15,1024.39,906.75,62.78,172.83,0.7242,-1,-1,-1
167,23,398.50,675.44,95.04,260.47,0.8618,-1,-1,-1
167,8,850.96,190.55,70.28,187.17,0.3602,-1,-1,-1
167,2,102.24,545.96,72.24,246.24,0.8075,-1,-1,-1
167,5,216.53,589.36,75.90,212.09,0.8079,-1,-1,-1
168,1,418.22,240.17,77.03,211.96,0.6746,-1,-1,-1
168,3,1722.91,455.29,72.31,212.49,0.6903,-1,-1,-1
168,4,1357.17,579.40,84.33,216.20,0.6454,-1,-1,-1
168,15,1021.87,907.22,64.14,171.85,0.7716,-1,-1,-1
168,23,397.11,674.96,96.23,260.91,0.8560,-1,-1,-1
168,8,851.59,190.60,70.41,187.85,0.3984,-1,-1,-1
168,2,102.15,546.25,72.47,246.02,0.8080,-1,-1,-1
168,5,218.25,589.24,78.50,211.78,0.8233,-1,-1,-1
169,1,418.63,239.52,78.02,212.26,0.6859,-1,-1,-1
169,3,1722.85,455.86,72.52,212.26,0.6704,-1,-1,-1
169,4,1357.12,579.27,85.87,216.66,0.6086,-1,-1,-1
169,15,1020.84,908.17,64.38,170.52,0.7831,-1,-1,-1
169,23,397.00,673.97,96.79,260.80,0.8512,-1,-1,-1
169,8,851.74,190.70,71.16,186.27,0.3915,-1,-1,-1
169,2,101.84,545.62,73.27,247.21,0.7868,-1,-1,-1
169,5,220.91,588.75,78.53,212.66,0.7950,-1,-1,-1
170,1,418.67,238.82,78.55,213.25,0.7004,-1,-1,-1
170,3,1722.57,456.74,72.54,211.01,0.6763,-1,-1,-1
170,4,1357.17,579.23,85.28,215.53,0.5684,-1,-1,-1
170,15,1019.18,908.85,62.91,170.10,0.7887,-1,-1,-1
170,23,397.19,673.04,96.08,260.82,0.8478,-1,-1,-1
170,8,853.65,189.82,70.11,186.00,0.3698,-1,-1,-1
170,2,101.66,545.62,72.94,246.80,0.7849,-1,-1,-1
170,5,221.93,588.52,76.82,213.13,0.7691,-1,-1,-1
170,19,521.14,289.72,67.68,205.67,0.3396,-1,-1,-1
171,1,418.49,238.42,78.62,213.56,0.6951,-1,-1,-1
171,3,1722.77,456.43,72.61,211.48,0.6703,-1,-1,-1
171,4,1357.29,579.41,84.40,214.75,0.5786,-1,-1,-1
171,15,1018.28,909.39,61.42,170.03,0.7948,-1,-1,-1
171,23,397.32,672.08,95.59,260.16,0.8504,-1,-1,-1
171,8,855.84,189.92,69.33,185.69,0.3417,-1,-1,-1
171,2,101.53,545.54,73.43,247.12,0.7899,-1,-1,-1
171,5,221.24,588.38,76.94,212.74,0.8002,-1,-1,-1
171,19,524.29,293.50,63.34,202.10,0.4845,-1,-1,-1
172,1,418.33,238.53,77.94,214.56,0.6945,-1,-1,-1
172,3,1723.02,456.48,72.47,211.52,0.6708,-1,-1,-1
172,4,1357.23,579.22,84.80,214.09,0.6230,-1,-1,-1
172,15,1016.52,910.11,60.94,168.98,0.8184,-1,-1,-1
172,23,397.61,670.32,94.92,259.72,0.8516,-1,-1,-1
172,8,857.87,189.42,68.56,185.46,0.4069,-1,-1,-1
172,2,101.20,545.25,73.30,246.83,0.7987,-1,-1,-1
172,5,220.43,587.23,77.82,213.25,0.7464,-1,-1,-1
172,19,525.28,291.62,61.80,204.11,0.4500,-1,-1,-1
173,1,418.57,238.18,77.26,214.59,0.6801,-1,-1,-1
173,3,1722.61,456.94,72.84,210.73,0.6539,-1,-1,-1
173,4,1357.27,579.18,84.22,213.14,0.6512,-1,-1,-1
173,15,1013.53,910.52,61.70,168.40,0.8098,-1,-1,-1
173,23,399.01,668.03,92.86,259.73,0.8454,-1,-1,-1
173,8,858.97,188.53,68.39,185.75,0.3471,-1,-1,-1
173,2,101.69,544.71,72.80,247.64,0.8033,-1,-1,-1
173,5,220.42,584.45,77.25,214.87,0.7549,-1,-1,-1
173,19,521.95,292.90,64.69,203.03,0.3004,-1,-1,-1
174,1,418.41,237.37,76.60,215.66,0.6841,-1,-1,-1
174,3,1722.37,455.88,73.12,211.79,0.6706,-1,-1,-1
174,4,1357.28,579.51,83.85,211.03,0.6452,-1,-1,-1
174,15,1010.57,911.67,62.49,167.71,0.8139,-1,-1,-1
174,23,401.36,665.74,89.92,260.27,0.8489,-1,-1,-1
174,8,859.95,186.97,68.30,185.31,0.3520,-1,-1,-1
174,2,101.36,544.94,72.71,247.99,0.7970,-1,-1,-1
174,5,222.69,583.25,76.08,213.92,0.7792,-1,-1,-1
174,19,522.13,292.71,65.43,203.54,0.4681,-1,-1,-1
175,1,418.14,236.94,75.99,214.53,0.6839,-1,-1,-1
175,3,1722.62,455.77,72.69,212.13,0.6658,-1,-1,-1
175,4,1357.27,579.24,84.09,208.81,0.6647,-1,-1,-1
175,15,1007.26,912.95,63.14,166.68,0.8052,-1,-1,-1
175,23,402.44,661.73,88.65,262.45,0.8521,-1,-1,-1
175,8,861.29,185.77,68.51,185.45,0.3874,-1,-1,-1
175,2,101.53,544.80,71.95,247.84,0.8130,-1,-1,-1
175,5,225.53,579.86,72.16,214.52,0.7894,-1,-1,-1
175,19,521.58,292.27,66.03,203.59,0.3727,-1,-1,-1
175,27,944.91,122.25,73.55,176.62,0.3464,-1,-1,-1
176,1,417.82,234.74,75.22,215.40,0.6749,-1,-1,-1
176,3,1722.68,455.73,72.43,212.30,0.6667,-1,-1,-1
176,4,1357.27,579.25,83.34,207.06,0.6626,-1,-1,-1
176,15,1005.75,913.21,62.35,166.21,0.8040,-1,-1,-1
176,23,404.26,657.95,86.42,260.81,0.8643,-1,-1,-1
176,8,862.11,183.33,68.96,189.73,0.4405,-1,-1,-1
176,2,101.68,544.74,71.32,248.13,0.8116,-1,-1,-1
176,5,227.49,577.20,69.28,213.91,0.7781,-1,-1,-1
176,19,513.04,254.41,76.45,241.34,0.2841,-1,-1,-1
176,27,939.83,122.17,76.39,177.32,0.4418,-1,-1,-1
177,1,417.69,234.05,74.37,215.09,0.6555,-1,-1,-1
177,3,1722.49,455.86,72.68,212.00,0.6465,-1,-1,-1
177,4,1357.10,579.27,83.79,208.81,0.6251,-1,-1,-1
177,15,1004.48,913.27,62.65,165.35,0.8042,-1,-1,-1
177,23,405.91,653.13,84.66,256.40,0.8496,-1,-1,-1
177,8,863.05,180.85,69.27,190.49,0.4522,-1,-1,-1
177,2,102.04,544.85,70.84,247.54,0.8219,-1,-1,-1
177,5,227.94,575.35,68.13,211.77,0.6427,-1,-1,-1
177,19,512.42,243.38,76.99,252.21,0.3506,-1,-1,-1
177,27,936.51,122.73,77.90,176.03,0.3786,-1,-1,-1
178,1,417.72,233.33,73.63,212.81,0.5877,-1,-1,-1
178,3,1722.55,456.24,72.77,211.82,0.6000,-1,-1,-1
178,4,1356.78,578.29,84.14,211.06,0.6271,-1,-1,-1
178,15,1003.62,913.35,62.14,165.10,0.7910,-1,-1,-1
178,23,405.97,651.01,85.11,251.34,0.3955,-1,-1,-1
178,8,863.86,178.03,69.51,190.74,0.4022,-1,-1,-1
178,2,102.13,545.12,70.14,246.37,0.8076,-1,-1,-1
178,5,228.13,573.23,67.74,208.34,0.7247,-1,-1,-1
178,19,518.10,270.50,69.99,225.43,0.4781,-1,-1,-1
178,27,935.43,124.66,76.55,173.38,0.2761,-1,-1,-1
178,37,0.16,619.25,101.32,224.77,0.5107,-1,-1,-1
179,1,417.27,231.86,72.43,211.58,0.5456,-1,-1,-1
179,3,1722.56,456.53,72.52,211.23,0.5970,-1,-1,-1
179,4,1356.88,577.86,84.74,216.16,0.6501,-1,-1,-1
179,15,1002.50,913.59,60.64,165.16,0.7912,-1,-1,-1
179,23,406.71,649.61,85.60,248.85,0.8653,-1,-1,-1
179,8,864.89,177.02,69.79,189.76,0.3856,-1,-1,-1
179,2,102.13,545.20,69.73,246.20,0.8000,-1,-1,-1
179,5,228.59,571.23,67.10,207.02,0.7272,-1,-1,-1
179,19,520.87,285.59,66.24,210.05,0.4576,-1,-1,-1
179,27,934.99,124.87,74.74,172.04,0.3213,-1,-1,-1
179,37,0.06,619.62,97.42,226.77,0.6428,-1,-1,-1
180,1,415.86,230.95,73.43,209.41,0.5602,-1,-1,-1
180,3,1722.93,456.45,72.27,211.82,0.5743,-1,-1,-1
180,4,1357.22,577.34,83.40,212.43,0.6573,-1,-1,-1
180,15,1000.79,913.40,60.00,165.67,0.7963,-1,-1,-1
180,23,408.48,648.34,85.96,248.31,0.8695,-1,-1,-1
180,8,866.17,177.21,69.87,189.11,0.4331,-1,-1,-1
180,2,101.89,545.58,69.41,245.24,0.7994,-1,-1,-1
180,5,230.35,569.20,66.31,207.57,0.6918,-1,-1,-1
180,19,524.64,292.20,62.05,203.38,0.6105,-1,-1,-1
180,27,935.79,124.28,71.94,171.77,0.2650,-1,-1,-1
180,37,0.43,619.23,85.94,222.47,0.5822,-1,-1,-1
181,1,415.54,229.97,73.51,207.64,0.5935,-1,-1,-1
181,3,1722.84,455.00,72.76,213.89,0.5787,-1,-1,-1
181,4,1357.18,577.64,84.39,214.22,0.6425,-1,-1,-1
181,15,998.85,914.07,59.61,164.64,0.7888,-1,-1,-1
181,23,409.39,646.74,87.38,248.83,0.8740,-1,-1,-1
181,8,867.40,175.77,70.25,188.20,0.4130,-1,-1,-1
181,2,101.72,545.05,69.24,246.85,0.8059,-1,-1,-1
181,5,231.57,568.21,66.63,206.95,0.6743,-1,-1,-1
181,19,526.34,295.33,60.24,201.32,0.6421,-1,-1,-1
181,37,0.32,618.65,81.88,224.44,0.5418,-1,-1,-1
182,1,416.23,229.04,72.92,205.93,0.5978,-1,-1,-1
182,3,1723.04,454.99,72.50,213.67,0.5989,-1,-1,-1
182,4,1357.20,576.89,85.22,221.42,0.6198,-1,-1,-1
182,15,997.27,915.34,58.30,162.92,0.7980,-1,-1,-1
182,23,408.99,645.50,89.52,250.04,0.8705,-1,-1,-1
182,8,867.40,175.10,73.38,188.87,0.4664,-1,-1,-1
182,2,102.12,545.71,68.43,246.35,0.8070,-1,-1,-1
182,5,231.89,566.51,65.92,206.88,0.6714,-1,-1,-1
182,19,526.13,296.58,59.98,201.24,0.5891,-1,-1,-1
182,37,0.57,620.45,100.17,233.47,0.6874,-1,-1,-1
183,1,416.39,228.60,72.41,205.68,0.6212,-1,-1,-1
183,3,1723.03,455.49,72.45,212.85,0.6050,-1,-1,-1
183,4,1357.16,577.07,85.71,222.14,0.6304,-1,-1,-1
183,15,995.74,916.16,58.10,162.47,0.7880,-1,-1,-1
183,23,408.55,644.65,91.82,250.80,0.8791,-1,-1,-1
183,8,867.91,174.90,74.32,189.04,0.4805,-1,-1,-1
183,2,102.32,546.03,68.00,246.81,0.8150,-1,-1,-1
183,5,232.42,565.76,65.16,207.51,0.6712,-1,-1,-1
183,19,523.67,294.90,63.21,207.33,0.4541,-1,-1,-1
183,37,1.98,622.36,104.02,235.97,0.7434,-1,-1,-1
184,1,416.48,227.61,73.03,206.39,0.6203,-1,-1,-1
184,3,1722.64,455.24,72.44,213.10,0.6043,-1,-1,-1
184,4,1357.30,576.81,85.92,223.45,0.6053,-1,-1,-1
184,15,994.87,917.42,57.77,161.54,0.7795,-1,-1,-1
184,23,408.92,643.45,92.85,251.75,0.8677,-1,-1,-1
184,8,868.19,175.04,74.43,188.64,0.4634,-1,-1,-1
184,2,101.82,546.15,67.96,247.00,0.8042,-1,-1,-1
184,5,232.44,564.91,65.03,209.34,0.6523,-1,-1,-1
184,19,521.41,284.26,66.17,220.96,0.4099,-1,-1,-1
184,37,5.45,622.67,101.11,235.70,0.7235,-1,-1,-1
185,1,415.65,226.94,73.71,206.86,0.6263,-1,-1,-1
185,3,1722.71,455.37,72.14,212.84,0.5837,-1,-1,-1
185,4,1357.51,576.21,85.20,220.07,0.6269,-1,-1,-1
185,15,993.28,918.38,58.25,160.42,0.7725,-1,-1,-1
185,23,408.71,642.91,94.39,252.24,0.8719,-1,-1,-1
185,8,867.97,175.61,75.48,189.62,0.4950,-1,-1,-1
185,2,100.93,546.57,68.12,246.21,0.7788,-1,-1,-1
185,5,232.36,564.51,65.73,210.15,0.6794,-1,-1,-1
185,19,521.59,290.02,65.27,216.70,0.4985,-1,-1,-1
185,37,11.39,622.00,95.38,234.92,0.7252,-1,-1,-1
186,1,415.40,226.38,74.00,207.04,0.6410,-1,-1,-1
186,3,1722.84,455.35,72.03,212.52,0.5939,-1,-1,-1
186,4,1357.18,574.97,85.33,223.04,0.6369,-1,-1,-1
186,15,992.03,918.67,57.75,160.59,0.7861,-1,-1,-1
186,23,408.92,641.29,94.38,254.24,0.8750,-1,-1,-1
186,8,867.78,174.25,75.34,191.46,0.4919,-1,-1,-1
186,2,100.23,547.14,68.62,245.37,0.7841,-1,-1,-1
186,5,232.34,564.34,65.45,209.87,0.6607,-1,-1,-1
186,19,522.30,291.94,63.98,214.50,0.5053,-1,-1,-1
186,37,17.00,621.67,92.17,235.90,0.7622,-1,-1,-1
187,1,415.54,224.98,74.41,208.75,0.6439,-1,-1,-1
187,3,1722.67,455.59,72.22,211.99,0.5788,-1,-1,-1
187,4,1357.27,573.78,85.40,223.75,0.6543,-1,-1,-1
187,15,989.74,919.15,59.28,160.09,0.7975,-1,-1,-1
187,23,408.98,639.40,94.31,255.81,0.8673,-1,-1,-1
187,8,867.38,174.15,75.84,192.18,0.4552,-1,-1,-1
187,2,98.50,547.27,70.17,244.01,0.7649,-1,-1,-1
187,5,231.68,563.63,65.45,209.95,0.7083,-1,-1,-1
187,19,523.40,296.71,62.25,212.79,0.6481,-1,-1,-1
187,37,21.67,620.82,94.91,238.84,0.8113,-1,-1,-1
188,1,415.62,225.26,74.75,207.42,0.6321,-1,-1,-1
188,3,1722.39,456.10,72.72,211.37,0.5868,-1,-1,-1
188,4,1357.35,572.73,85.51,224.96,0.6063,-1,-1,-1
188,15,988.50,919.48,59.95,159.86,0.7837,-1,-1,-1
188,23,409.84,637.17,93.46,256.50,0.8566,-1,-1,-1
188,8,866.76,174.93,77.40,190.95,0.3260,-1,-1,-1
188,2,97.12,546.71,71.20,244.43,0.6005,-1,-1,-1
188,5,230.98,561.89,66.02,210.83,0.6915,-1,-1,-1
188,19,522.71,299.06,63.06,211.71,0.5987,-1,-1,-1
188,37,23.56,619.50,100.98,240.38,0.8226,-1,-1,-1
189,1,415.68,224.17,74.69,207.45,0.6202,-1,-1,-1
189,3,1721.95,456.53,73.46,210.99,0.5474,-1,-1,-1
189,4,1357.50,572.52,84.00,220.40,0.6080,-1,-1,-1
189,15,987.04,919.95,59.85,159.63,0.7664,-1,-1,-1
189,23,409.90,634.38,92.44,258.26,0.8791,-1,-1,-1
189,8,867.09,175.20,78.77,189.29,0.3245,-1,-1,-1
189,2,96.85,546.77,70.90,243.55,0.5226,-1,-1,-1
189,5,230.49,558.62,65.11,211.49,0.6209,-1,-1,-1
189,19,522.58,302.27,63.14,210.27,0.6383,-1,-1,-1
189,37,24.77,619.57,107.28,242.16,0.7957,-1,-1,-1
190,1,416.40,223.75,74.29,207.28,0.5926,-1,-1,-1
190,3,1722.30,455.44,72.85,212.13,0.5472,-1,-1,-1
190,4,1357.36,572.11,83.44,218.82,0.5999,-1,-1,-1
190,15,985.77,920.88,59.68,158.42,0.7773,-1,-1,-1
190,23,411.46,633.26,89.07,257.32,0.8740,-1,-1,-1
190,8,867.39,176.19,80.27,188.18,0.3753,-1,-1,-1
190,2,95.95,546.06,71.39,240.25,0.4627,-1,-1,-1
190,5,230.44,555.85,64.63,209.43,0.6270,-1,-1,-1
190,19,522.23,303.42,64.18,210.53,0.6620,-1,-1,-1
190,37,27.50,620.75,111.59,245.55,0.7795,-1,-1,-1
191,1,417.03,222.57,74.34,207.40,0.6041,-1,-1,-1
191,3,1721.84,455.72,73.46,211.99,0.5590,-1,-1,-1
191,4,1357.44,571.51,86.53,227.16,0.6192,-1,-1,-1
191,15,984.62,921.97,59.52,156.58,0.7904,-1,-1,-1
191,23,411.90,630.55,87.02,256.23,0.8644,-1,-1,-1
191,8,868.99,175.87,79.56,185.99,0.2906,-1,-1,-1
191,2,95.37,546.17,71.41,221.97,0.4281,-1,-1,-1
191,5,230.09,553.92,63.88,205.09,0.6861,-1,-1,-1
191,19,521.49,303.68,65.72,210.75,0.6194,-1,-1,-1
191,37,29.56,621.46,118.48,249.31,0.7277,-1,-1,-1
192,1,417.87,222.21,74.32,207.52,0.5730,-1,-1,-1
192,3,1721.80,455.88,73.41,211.37,0.6044,-1,-1,-1
192,4,1357.11,570.84,86.85,224.58,0.6410,-1,-1,-1
192,15,983.81,922.77,58.83,155.59,0.7915,-1,-1,-1
192,23,411.88,626.71,85.30,252.19,0.8513,-1,-1,-1
192,8,872.43,174.45,77.08,185.11,0.4266,-1,-1,-1
192,2,94.97,545.69,71.78,224.33,0.4476,-1,-1,-1
192,5,228.88,550.80,64.84,204.51,0.7469,-1,-1,-1
192,19,521.09,304.15,66.57,209.55,0.6281,-1,-1,-1
192,37,32.30,623.87,120.95,251.54,0.6437,-1,-1,-1
193,1,417.69,220.80,75.00,208.07,0.5457,-1,-1,-1
193,3,1721.89,455.36,73.22,211.49,0.6130,-1,-1,-1
193,4,1357.10,570.49,86.96,227.59,0.6324,-1,-1,-1
193,15,983.25,922.54,57.95,156.19,0.7463,-1,-1,-1
193,23,412.04,622.74,84.04,249.19,0.8574,-1,-1,-1
193,8,875.04,172.80,75.03,185.48,0.4447,-1,-1,-1
193,2,93.75,545.31,72.02,212.87,0.4047,-1,-1,-1
193,5,228.69,547.30,64.78,206.26,0.7507,-1,-1,-1
193,19,520.48,306.44,67.23,207.23,0.5740,-1,-1,-1
193,37,36.48,627.28,115.94,248.30,0.5732,-1,-1,-1
194,1,418.36,221.08,75.13,207.26,0.5323,-1,-1,-1
194,3,1721.99,455.86,73.39,211.20,0.5906,-1,-1,-1
194,4,1356.61,570.28,86.88,229.42,0.6233,-1,-1,-1
194,15,981.47,922.13,59.54,156.95,0.7604,-1,-1,-1
194,23,412.59,619.38,81.40,248.14,0.8471,-1,-1,-1
194,8,876.25,172.44,74.60,183.65,0.3880,-1,-1,-1
194,2,92.41,544.95,72.91,194.21,0.3696,-1,-1,-1
194,5,228.43,545.44,64.84,205.98,0.7599,-1,-1,-1
194,19,519.43,307.21,68.11,206.38,0.6022,-1,-1,-1
194,37,40.34,631.07,114.96,245.14,0.6488,-1,-1,-1
195,1,418.68,219.03,75.35,209.60,0.5968,-1,-1,-1
195,3,1722.15,455.56,73.20,211.68,0.5971,-1,-1,-1
195,4,1356.61,570.00,85.59,221.93,0.7037,-1,-1,-1
195,15,981.32,922.28,58.94,156.85,0.7469,-1,-1,-1
195,23,412.20,617.21,81.33,247.87,0.8545,-1,-1,-1
195,8,878.16,170.33,73.12,180.73,0.3577,-1,-1,-1
195,2,91.91,544.89,73.38,204.24,0.4040,-1,-1,-1
195,5,228.43,544.08,64.07,207.47,0.7622,-1,-1,-1
195,19,517.12,306.92,70.58,206.89,0.6691,-1,-1,-1
195,37,42.68,633.74,113.17,240.13,0.7322,-1,-1,-1
196,1,419.53,217.26,74.19,209.75,0.5696,-1,-1,-1
196,3,1722.19,454.70,72.82,213.19,0.5537,-1,-1,-1
196,4,1356.31,571.22,85.11,219.49,0.6540,-1,-1,-1
196,15,979.90,921.85,60.63,157.63,0.7396,-1,-1,-1
196,23,409.10,614.12,83.65,247.62,0.6573,-1,-1,-1
196,8,880.77,168.98,69.84,178.28,0.4178,-1,-1,-1
196,2,92.01,544.53,72.77,205.96,0.3238,-1,-1,-1
196,5,227.28,543.63,64.34,207.46,0.7607,-1,-1,-1
196,19,516.55,307.46,71.58,207.30,0.6178,-1,-1,-1
196,37,46.02,636.51,109.72,243.73,0.7579,-1,-1,-1
197,1,419.33,215.75,75.92,209.41,0.6180,-1,-1,-1
197,3,1722.74,455.00,72.38,212.90,0.5651,-1,-1,-1
197,4,1356.25,571.39,84.77,218.01,0.6722,-1,-1,-1
197,15,977.51,921.87,62.87,157.79,0.4124,-1,-1,-1
197,23,405.34,610.87,86.88,249.20,0.8198,-1,-1,-1
197,8,882.19,167.94,67.76,177.56,0.4542,-1,-1,-1
197,5,226.46,543.11,64.55,208.95,0.7938,-1,-1,-1
197,19,514.46,304.43,73.77,211.78,0.7150,-1,-1,-1
197,37,50.65,639.47,108.64,247.40,0.7695,-1,-1,-1
198,1,420.31,214.47,76.01,208.83,0.6114,-1,-1,-1
198,3,1722.64,455.09,72.30,211.96,0.5784,-1,-1,-1
198,4,1356.29,571.70,85.25,218.22,0.6921,-1,-1,-1
198,15,976.56,921.69,61.82,158.04,0.7372,-1,-1,-1
198,23,401.36,610.10,89.99,250.76,0.8131,-1,-1,-1
198,8,884.60,161.01,65.43,183.92,0.4667,-1,-1,-1
198,5,226.09,542.29,65.01,209.76,0.8026,-1,-1,-1
198,19,514.04,307.65,73.69,211.38,0.6936,-1,-1,-1
198,37,54.74,642.05,107.19,248.24,0.7930,-1,-1,-1
199,1,420.27,213.08,76.46,206.90,0.6003,-1,-1,-1
199,3,1722.52,455.32,72.17,212.04,0.5770,-1,-1,-1
199,4,1355.71,571.31,86.42,222.13,0.6471,-1,-1,-1
199,15,974.37,921.81,63.16,157.90,0.7772,-1,-1,-1
199,23,398.14,609.46,92.80,252.44,0.7991,-1,-1,-1
199,8,885.32,158.16,66.01,186.46,0.4284,-1,-1,-1
199,5,226.25,542.45,64.97,209.37,0.8125,-1,-1,-1
199,19,514.09,310.60,73.16,211.13,0.6541,-1,-1,-1
199,37,57.39,644.15,106.69,248.57,0.8235,-1,-1,-1
200,1,420.47,210.96,76.56,206.58,0.6081,-1,-1,-1
200,3,1722.68,454.77,71.64,212.23,0.6095,-1,-1,-1
200,4,1356.25,571.48,84.07,218.47,0.6693,-1,-1,-1
200,15,972.97,920.98,63.06,158.09,0.7678,-1,-1,-1
200,23,396.66,608.90,93.18,251.95,0.7996,-1,-1,-1
200,8,884.89,158.69,67.83,187.29,0.4498,-1,-1,-1
200,5,226.04,541.90,64.25,208.94,0.8243,-1,-1,-1
200,19,513.32,314.65,73.17,211.90,0.6279,-1,-1,-1
200,37,60.30,647.33,103.87,246.43,0.8186,-1,-1,-1
201,1,421.20,209.80,77.12,206.72,0.5843,-1,-1,-1
201,3,1722.59,454.39,71.50,212.78,0.6081,-1,-1,-1
201,4,1356.22,571.22,83.15,219.14,0.6777,-1,-1,-1
201,15,972.20,920.42,62.37,158.31,0.7746,-1,-1,-1
201,23,395.03,608.43,93.70,252.32,0.7986,-1,-1,-1
201,8,885.92,157.27,69.28,187.70,0.4005,-1,-1,-1
201,5,226.14,541.17,63.71,209.30,0.8201,-1,-1,-1
201,19,512.49,317.10,73.93,213.66,0.6524,-1,-1,-1
201,37,64.80,652.00,99.25,242.32,0.8358,-1,-1,-1
202,1,421.44,208.60,77.65,206.76,0.5862,-1,-1,-1
202,3,1722.69,454.53,71.75,213.08,0.6578,-1,-1,-1
202,4,1356.06,571.16,82.54,216.37,0.6347,-1,-1,-1
202,15,971.42,919.88,61.55,158.91,0.7857,-1,-1,-1
202,23,395.11,607.77,93.01,250.96,0.8002,-1,-1,-1
202,8,887.56,156.39,69.91,187.74,0.4169,-1,-1,-1
202,5,225.47,540.02,64.23,210.58,0.8223,-1,-1,-1
202,19,512.12,319.02,75.15,213.79,0.6412,-1,-1,-1
202,37,66.81,654.81,97.10,239.64,0.8429,-1,-1,-1
202,42,602.42,322.99,56.58,168.09,0.3662,-1,-1,-1
203,1,422.58,207.57,77.18,207.58,0.5022,-1,-1,-1
203,3,1722.33,454.43,72.19,213.10,0.6696,-1,-1,-1
203,4,1356.24,572.03,82.24,212.12,0.6627,-1,-1,-1
203,15,970.79,919.39,62.07,159.16,0.7934,-1,-1,-1
203,23,394.38,606.23,92.30,249.18,0.7985,-1,-1,-1
203,8,886.89,155.73,71.69,188.46,0.4316,-1,-1,-1
203,5,223.89,537.94,65.43,211.92,0.8196,-1,-1,-1
203,19,511.37,319.61,75.85,214.71,0.5756,-1,-1,-1
203,37,69.22,656.96,95.90,237.17,0.8088,-1,-1,-1
203,42,602.47,322.61,56.18,168.02,0.3577,-1,-1,-1
204,1,423.60,206.62,76.68,208.36,0.4905,-1,-1,-1
204,3,1722.25,454.73,72.46,212.86,0.6670,-1,-1,-1
204,4,1356.52,571.69,83.42,213.15,0.6846,-1,-1,-1
204,15,968.91,917.25,62.27,161.17,0.7988,-1,-1,-1
204,23,395.60,602.33,90.16,249.85,0.7994,-1,-1,-1
204,8,886.71,155.82,72.28,187.64,0.5479,-1,-1,-1
204,5,223.13,535.68,65.28,211.72,0.7990,-1,-1,-1
204,19,508.87,320.37,77.51,215.43,0.6151,-1,-1,-1
204,37,71.07,658.61,95.09,234.53,0.7863,-1,-1,-1
204,42,602.86,324.33,55.92,167.51,0.3491,-1,-1,-1
205,1,424.29,206.13,77.02,208.75,0.5128,-1,-1,-1
205,3,1721.94,454.67,72.84,213.33,0.6502,-1,-1,-1
205,4,1356.21,571.69,83.65,213.85,0.6590,-1,-1,-1
205,15,967.63,916.12,61.77,162.47,0.7970,-1,-1,-1
205,23,394.09,599.09,90.64,251.45,0.7817,-1,-1,-1
205,8,888.40,155.23,70.62,188.56,0.3557,-1,-1,-1
205,5,220.51,531.66,66.62,210.76,0.7112,-1,-1,-1
205,19,508.31,320.36,79.08,215.99,0.5332,-1,-1,-1
205,37,72.04,657.63,96.57,235.38,0.8054,-1,-1,-1
205,42,603.93,324.59,55.12,167.92,0.3473,-1,-1,-1
206,1,424.79,205.23,77.37,208.92,0.5331,-1,-1,-1
206,3,1721.84,455.09,73.21,212.74,0.6280,-1,-1,-1
206,4,1356.12,571.58,83.52,214.46,0.6601,-1,-1,-1
206,15,965.95,915.38,62.04,163.07,0.8143,-1,-1,-1
206,23,394.66,596.62,88.88,252.34,0.8111,-1,-1,-1
206,8,890.61,155.27,69.25,185.99,0.5167,-1,-1,-1
206,5,220.50,528.93,65.43,204.94,0.8083,-1,-1,-1
206,19,507.79,321.16,79.93,215.94,0.5562,-1,-1,-1
206,37,75.10,657.51,97.29,234.41,0.8263,-1,-1,-1
206,42,604.37,324.49,54.94,168.18,0.4045,-1,-1,-1
206,2,98.04,543.18,59.21,144.19,0.3887,-1,-1,-1
207,1,424.85,204.85,77.77,208.58,0.5094,-1,-1,-1
207,3,1722.03,455.16,72.83,212.34,0.6433,-1,-1,-1
207,4,1356.82,570.98,82.25,213.68,0.6272,-1,-1,-1
207,15,964.63,913.95,61.76,164.63,0.8245,-1,-1,-1
207,23,395.26,594.94,87.26,249.01,0.8221,-1,-1,-1
207,8,891.79,154.66,69.97,185.59,0.5043,-1,-1,-1
207,5,220.82,526.55,64.60,202.41,0.7895,-1,-1,-1
207,19,507.04,321.80,79.40,214.98,0.5356,-1,-1,-1
207,37,79.81,659.97,101.16,233.83,0.7495,-1,-1,-1
207,42,604.60,324.88,54.68,168.44,0.4337,-1,-1,-1
207,2,98.94,543.81,58.74,141.82,0.3872,-1,-1,-1
208,1,424.77,204.56,77.89,209.11,0.5249,-1,-1,-1
208,3,1722.55,454.91,72.57,213.19,0.6282,-1,-1,-1
208,4,1357.14,570.60,81.77,214.03,0.6454,-1,-1,-1
208,15,962.33,913.11,62.71,165.86,0.8195,-1,-1,-1
208,23,396.73,592.49,85.03,246.16,0.8390,-1,-1,-1
208,8,893.03,153.46,68.79,186.36,0.4854,-1,-1,-1
208,5,219.91,524.84,65.29,202.07,0.7538,-1,-1,-1
208,19,506.62,321.70,78.00,214.48,0.5150,-1,-1,-1
208,37,84.41,661.05,106.35,238.23,0.8162,-1,-1,-1
208,42,604.11,324.73,55.05,167.62,0.4056,-1,-1,-1
208,2,99.30,543.96,59.01,141.64,0.2964,-1,-1,-1
209,1,425.37,204.27,77.44,210.13,0.4785,-1,-1,-1
209,3,1722.81,453.90,72.30,214.09,0.6264,-1,-1,-1
209,4,1357.22,570.78,79.65,215.06,0.6171,-1,-1,-1
209,15,961.37,913.06,61.77,165.28,0.8138,-1,-1,-1
209,23,397.83,590.29,82.86,242.02,0.8426,-1,-1,-1
209,8,894.73,152.31,67.52,186.79,0.4438,-1,-1,-1
209,5,219.90,523.32,64.83,201.90,0.7662,-1,-1,-1
209,19,506.82,321.20,76.27,214.68,0.5724,-1,-1,-1
209,37,86.84,664.25,112.29,240.33,0.8394,-1,-1,-1
209,42,603.13,324.94,55.36,167.32,0.3811,-1,-1,-1
209,45,1.52,603.43,82.86,238.33,0.5788,-1,-1,-1
210,1,425.33,203.58,76.85,211.44,0.4537,-1,-1,-1
210,3,1722.63,453.98,72.43,214.46,0.6386,-1,-1,-1
210,4,1356.94,570.89,79.47,215.14,0.6511,-1,-1,-1
210,15,958.88,912.74,62.58,165.75,0.8111,-1,-1,-1
210,23,399.04,589.03,81.22,238.88,0.8515,-1,-1,-1
210,8,895.39,151.09,66.87,187.66,0.4902,-1,-1,-1
210,5,218.87,522.30,65.94,202.70,0.7585,-1,-1,-1
210,19,507.12,321.34,75.06,214.74,0.6147,-1,-1,-1
210,37,86.58,665.86,118.25,241.94,0.8397,-1,-1,-1
210,42,602.55,324.87,55.81,169.20,0.3563,-1,-1,-1
210,45,1.93,606.97,85.09,234.09,0.6900,-1,-1,-1
211,1,426.34,203.04,76.57,211.55,0.4811,-1,-1,-1
211,3,1722.18,454.63,72.64,213.05,0.6186,-1,-1,-1
211,4,1357.11,570.37,79.07,218.76,0.6454,-1,-1,-1
211,15,956.29,912.39,63.35,166.56,0.8143,-1,-1,-1
211,23,400.05,587.13,80.17,238.08,0.8364,-1,-1,-1
211,8,896.12,150.14,67.46,186.00,0.4854,-1,-1,-1
211,5,217.50,521.00,66.51,203.91,0.7327,-1,-1,-1
211,19,507.12,321.55,74.01,213.51,0.6113,-1,-1,-1
211,37,91.04,667.83,116.10,243.10,0.8455,-1,-1,-1
211,42,601.22,326.23,57.99,171.47,0.2996,-1,-1,-1
211,45,1.19,611.71,88.14,229.95,0.7134,-1,-1,-1
212,1,426.85,202.68,76.47,211.69,0.4407,-1,-1,-1
212,3,1721.88,455.26,73.19,213.55,0.6393,-1,-1,-1
212,4,1357.22,570.95,79.00,220.10,0.6300,-1,-1,-1
212,15,954.29,911.58,64.17,168.09,0.7993,-1,-1,-1
212,23,399.54,585.36,81.33,238.47,0.8030,-1,-1,-1
212,8,898.52,148.60,66.34,184.00,0.4193,-1,-1,-1
212,5,216.19,519.90,66.96,204.97,0.7509,-1,-1,-1
212,19,506.65,322.32,73.42,212.60,0.5980,-1,-1,-1
212,37,96.92,669.80,111.02,244.34,0.8396,-1,-1,-1
212,42,600.72,328.09,59.41,173.62,0.2868,-1,-1,-1
212,45,9.85,614.09,87.01,229.88,0.5017,-1,-1,-1
212,2,100.42,546.01,65.98,162.64,0.4177,-1,-1,-1
213,1,427.01,202.13,76.51,211.53,0.4301,-1,-1,-1
213,3,1721.71,455.46,73.76,213.52,0.6423,-1,-1,-1
213,4,1356.82,570.70,79.00,221.38,0.6757,-1,-1,-1
213,15,952.03,910.43,64.57,169.48,0.8047,-1,-1,-1
213,23,399.47,583.01,82.17,240.81,0.7955,-1,-1,-1
213,8,899.89,146.44,65.70,183.79,0.4093,-1,-1,-1
213,5,215.20,519.17,66.97,204.32,0.7431,-1,-1,-1
213,19,507.33,322.84,71.78,212.38,0.6494,-1,-1,-1
213,37,100.41,669.59,108.15,248.54,0.8426,-1,-1,-1
213,42,600.57,329.75,59.86,178.01,0.2926,-1,-1,-1
213,45,21.33,614.92,78.89,230.10,0.6452,-1,-1,-1
213,48,807.25,319.36,73.59,190.06,0.3707,-1,-1,-1
213,2,100.70,546.39,66.81,173.14,0.5080,-1,-1,-1
214,1,426.34,200.79,76.03,211.14,0.4396,-1,-1,-1
214,3,1722.13,455.63,73.56,211.89,0.6398,-1,-1,-1
214,4,1356.23,571.13,79.10,218.82,0.6388,-1,-1,-1
214,15,951.00,909.37,64.17,170.63,0.7949,-1,-1,-1
214,23,398.68,580.41,85.00,243.37,0.7745,-1,-1,-1
214,8,901.73,144.34,64.79,183.90,0.3735,-1,-1,-1
214,5,214.95,518.74,67.18,203.40,0.7200,-1,-1,-1
214,19,508.10,323.73,70.81,212.80,0.7138,-1,-1,-1
214,37,104.16,667.50,105.07,253.00,0.8331,-1,-1,-1
214,45,33.24,614.74,69.51,230.73,0.6500,-1,-1,-1
214,48,808.62,320.73,72.98,189.62,0.3252,-1,-1,-1
214,2,101.14,547.37,67.34,179.31,0.4913,-1,-1,-1
215,1,427.03,199.85,75.18,210.12,0.4172,-1,-1,-1
215,3,1722.32,455.88,73.49,211.79,0.6590,-1,-1,-1
215,4,1356.18,571.59,79.05,216.02,0.6757,-1,-1,-1
215,15,949.92,909.01,63.09,171.03,0.8154,-1,-1,-1
215,23,398.00,578.79,87.39,245.01,0.7947,-1,-1,-1
215,8,902.47,143.73,64.79,183.93,0.3733,-1,-1,-1
215,5,214.99,517.89,66.77,203.51,0.7148,-1,-1,-1
215,19,508.77,324.84,69.97,214.19,0.7131,-1,-1,-1
215,37,109.33,666.05,99.96,256.32,0.8279,-1,-1,-1
215,45,41.23,611.63,70.72,236.47,0.3543,-1,-1,-1
215,48,809.22,321.84,73.61,188.94,0.3559,-1,-1,-1
215,2,101.81,548.18,67.79,179.78,0.4166,-1,-1,-1
215,42,599.67,331.66,64.19,192.94,0.3463,-1,-1,-1
216,1,427.10,198.87,74.84,208.62,0.3901,-1,-1,-1
216,3,1722.32,455.38,73.11,212.48,0.6126,-1,-1,-1
216,4,1356.18,571.29,80.07,218.04,0.6739,-1,-1,-1
216,15,949.30,909.03,62.18,170.99,0.8078,-1,-1,-1
216,23,398.47,578.04,88.37,246.18,0.8031,-1,-1,-1
216,8,902.24,142.41,65.75,184.31,0.4131,-1,-1,-1
216,5,214.33,517.07,66.70,201.75,0.7075,-1,-1,-1
216,19,508.77,327.53,68.90,214.64,0.7048,-1,-1,-1
216,37,113.84,664.10,95.16,258.98,0.8462,-1,-1,-1
216,45,46.11,610.27,71.02,239.71,0.6972,-1,-1,-1
216,48,809.24,322.34,76.19,190.38,0.3422,-1,-1,-1
216,2,102.65,548.69,68.81,179.69,0.4453,-1,-1,-1
216,49,756.27,311.69,75.30,190.38,0.3900,-1,-1,-1
216,42,599.12,333.14,64.79,198.11,0.3666,-1,-1,-1
217,1,427.21,197.00,73.94,208.38,0.3385,-1,-1,-1
217,3,1722.19,455.22,72.97,212.89,0.5989,-1,-1,-1
217,4,1355.67,571.77,81.93,218.33,0.6581,-1,-1,-1
217,15,949.08,908.88,60.85,171.17,0.8104,-1,-1,-1
217,23,398.22,576.82,89.84,247.03,0.7962,-1,-1,-1
217,8,901.65,140.93,67.49,185.90,0.3656,-1,-1,-1
217,5,216.85,516.05,63.38,203.30,0.7025,-1,-1,-1
217,19,509.27,329.12,68.14,216.51,0.6777,-1,-1,-1
217,37,115.04,663.36,94.36,259.93,0.8593,-1,-1,-1
217,45,50.67,613.19,72.96,240.53,0.7235,-1,-1,-1
217,2,103.01,549.39,68.46,178.14,0.3933,-1,-1,-1
217,49,757.92,313.31,74.68,189.07,0.3146,-1,-1,-1
217,42,598.78,335.65,64.86,198.50,0.3150,-1,-1,-1
218,1,426.77,195.92,74.92,206.71,0.3326,-1,-1,-1
218,3,1722.36,455.35,72.86,213.38,0.6100,-1,-1,-1
218,4,1355.47,571.49,82.50,219.53,0.6133,-1,-1,-1
218,15,946.89,908.30,62.67,171.75,0.8104,-1,-1,-1
218,23,397.84,576.25,90.89,247.03,0.8025,-1,-1,-1
218,8,900.99,140.00,68.46,187.88,0.3174,-1,-1,-1
218,5,218.32,514.37,60.52,205.26,0.6712,-1,-1,-1
218,19,510.24,330.07,66.44,219.04,0.6604,-1,-1,-1
218,37,118.32,663.55,93.07,259.47,0.8580,-1,-1,-1
218,45,54.00,617.24,80.21,236.97,0.5587,-1,-1,-1
218,2,102.96,549.15,67.60,148.50,0.3061,-1,-1,-1
218,42,597.25,338.64,65.70,196.77,0.2830,-1,-1,-1
219,1,427.56,193.79,74.15,204.90,0.3546,-1,-1,-1
219,3,1722.25,455.10,72.84,213.72,0.6230,-1,-1,-1
219,4,1355.35,571.88,82.59,218.07,0.6310,-1,-1,-1
219,15,943.57,907.35,65.02,172.55,0.8256,-1,-1,-1
219,23,398.95,575.10,89.44,246.61,0.7715,-1,-1,-1
219,8,900.13,139.32,70.16,189.33,0.3783,-1,-1,-1
219,5,217.64,511.81,60.47,206.56,0.6324,-1,-1,-1
219,19,511.10,331.39,65.03,219.83,0.6965,-1,-1,-1
219,37,121.59,662.34,91.84,259.22,0.8586,-1,-1,-1
219,45,56.62,621.06,80.70,229.52,0.6018,-1,-1,-1
219,2,99.84,548.71,71.99,137.51,0.3375,-1,-1,-1
219,42,595.79,340.30,66.04,196.99,0.3057,-1,-1,-1
220,1,427.33,192.65,73.94,204.61,0.3584,-1,-1,-1
220,3,1722.42,455.27,72.76,213.43,0.6611,-1,-1,-1
220,4,1355.12,571.37,83.71,218.04,0.6504,-1,-1,-1
220,15,941.13,905.90,66.87,174.11,0.8244,-1,-1,-1
220,23,398.16,572.82,89.08,247.89,0.7919,-1,-1,-1
220,8,899.40,139.96,72.22,188.07,0.3765,-1,-1,-1
220,5,213.65,508.91,62.71,204.32,0.6183,-1,-1,-1
220,19,510.83,333.41,64.59,219.91,0.7084,-1,-1,-1
220,37,124.51,664.47,92.73,255.98,0.8031,-1,-1,-1
220,45,59.24,628.32,83.93,224.00,0.7194,-1,-1,-1
220,2,95.84,549.38,76.32,134.95,0.3301,-1,-1,-1
221,1,428.02,191.31,73.69,205.24,0.3732,-1,-1,-1
221,3,1722.30,455.22,72.72,212.65,0.6717,-1,-1,-1
221,4,1355.00,571.74,84.15,217.31,0.6437,-1,-1,-1
221,15,937.85,905.17,68.64,174.87,0.8239,-1,-1,-1
221,23,398.94,569.99,86.89,249.19,0.7764,-1,-1,-1
221,8,900.94,140.70,71.30,186.51,0.3964,-1,-1,-1
221,5,211.87,505.97,63.67,201.98,0.6874,-1,-1,-1
221,19,511.18,335.28,64.60,220.77,0.7029,-1,-1,-1
221,37,127.00,666.80,96.27,252.92,0.7776,-1,-1,-1
221,45,63.19,634.78,85.50,218.66,0.7408,-1,-1,-1
221,2,92.26,550.32,81.69,148.94,0.3286,-1,-1,-1
222,1,428.15,191.21,74.03,204.66,0.3581,-1,-1,-1
222,3,1722.62,455.11,72.57,212.34,0.6506,-1,-1,-1
222,4,1354.91,571.94,85.41,220.00,0.6056,-1,-1,-1
222,15,935.09,904.90,71.17,175.22,0.8282,-1,-1,-1
222,23,398.68,566.41,85.42,251.00,0.7936,-1,-1,-1
222,8,901.71,140.74,69.93,185.34,0.3705,-1,-1,-1
222,5,209.30,503.82,65.22,201.30,0.6525,-1,-1,-1
222,19,511.73,336.17,64.30,220.42,0.7069,-1,-1,-1
222,37,129.96,669.96,105.36,250.34,0.7974,-1,-1,-1
222,45,66.15,635.74,89.73,220.53,0.5914,-1,-1,-1
222,2,93.35,550.69,81.04,140.52,0.2821,-1,-1,-1
223,1,429.82,191.40,73.23,205.00,0.3206,-1,-1,-1
223,3,1722.94,454.58,71.98,212.64,0.6378,-1,-1,-1
223,4,1354.99,571.98,86.32,222.72,0.5859,-1,-1,-1
223,15,933.82,904.91,72.20,175.20,0.8204,-1,-1,-1
223,23,398.42,564.41,84.35,247.77,0.8109,-1,-1,-1
223,8,901.40,140.74,69.67,183.85,0.3482,-1,-1,-1
223,5,208.62,502.51,65.49,200.82,0.6535,-1,-1,-1
223,19,511.62,336.93,65.27,219.90,0.7125,-1,-1,-1
223,37,132.06,672.46,111.71,253.66,0.7887,-1,-1,-1
223,45,69.25,637.13,88.16,221.29,0.6985,-1,-1,-1
223,2,94.56,551.92,80.80,156.03,0.3585,-1,-1,-1
224,1,430.74,191.16,73.05,205.39,0.3443,-1,-1,-1
224,3,1722.67,454.84,72.12,212.52,0.6163,-1,-1,-1
224,4,1354.57,571.79,88.85,226.31,0.5751,-1,-1,-1
224,15,933.26,904.30,71.93,175.74,0.7946,-1,-1,-1
224,23,398.25,560.96,82.82,242.30,0.8125,-1,-1,-1
224,8,902.81,139.61,70.06,183.57,0.3794,-1,-1,-1
224,5,209.61,500.70,62.90,202.18,0.6005,-1,-1,-1
224,19,511.86,337.66,66.54,219.37,0.7148,-1,-1,-1
224,37,134.07,675.27,117.06,257.64,0.8165,-1,-1,-1
224,45,73.12,639.03,84.00,218.83,0.6603,-1,-1,-1
224,2,95.35,553.05,80.29,160.94,0.2776,-1,-1,-1
225,1,430.41,190.88,73.58,205.60,0.3409,-1,-1,-1
225,3,1722.29,455.02,72.97,213.05,0.6727,-1,-1,-1
225,4,1354.53,572.22,90.32,229.55,0.5410,-1,-1,-1
225,15,933.17,903.64,71.91,176.39,0.8070,-1,-1,-1
225,23,397.23,557.51,81.91,239.00,0.8046,-1,-1,-1
225,8,903.85,138.62,71.49,183.77,0.3923,-1,-1,-1
225,5,209.50,499.86,62.29,202.43,0.6854,-1,-1,-1
225,19,512.14,338.20,67.96,218.81,0.7205,-1,-1,-1
225,37,136.18,677.84,118.59,262.29,0.8495,-1,-1,-1
225,45,79.59,640.02,78.79,224.30,0.7004,-1,-1,-1
225,2,96.21,553.03,79.26,159.19,0.3274,-1,-1,-1
225,49,771.72,315.66,70.70,196.69,0.4273,-1,-1,-1
226,1,431.00,189.86,73.96,205.37,0.3556,-1,-1,-1
226,3,1722.33,454.25,73.32,214.06,0.6586,-1,-1,-1
226,4,1354.50,573.52,91.73,225.78,0.5664,-1,-1,-1
226,15,931.60,902.56,73.62,177.38,0.7968,-1,-1,-1
226,23,393.61,554.67,84.89,238.65,0.8104,-1,-1,-1
226,8,906.17,136.95,68.93,183.67,0.2875,-1,-1,-1
226,5,207.54,498.90,64.43,202.78,0.6846,-1,-1,-1
226,19,511.62,339.85,69.43,217.26,0.7675,-1,-1,-1
226,37,138.63,680.49,118.26,264.20,0.8347,-1,-1,-1
226,45,84.92,640.97,77.41,226.24,0.6800,-1,-1,-1
226,2,97.87,554.15,78.26,156.08,0.2913,-1,-1,-1
226,50,1112.96,126.34,58.79,181.30,0.3627,-1,-1,-1
226,49,775.52,315.30,67.40,198.69,0.4137,-1,-1,-1
227,1,432.05,188.49,73.84,206.63,0.3785,-1,-1,-1
227,3,1722.44,454.35,73.02,214.14,0.6989,-1,-1,-1
227,4,1354.56,574.00,91.37,224.87,0.5934,-1,-1,-1
227,15,931.14,902.19,73.56,177.76,0.7840,-1,-1,-1
227,23,391.26,551.97,85.97,239.22,0.8258,-1,-1,-1
227,5,207.67,497.64,64.85,204.31,0.6691,-1,-1,-1
227,19,511.09,340.45,70.49,216.81,0.7582,-1,-1,-1
227,37,142.77,683.09,116.16,267.45,0.8413,-1,-1,-1
227,45,91.95,639.65,75.74,228.04,0.6631,-1,-1,-1
227,2,99.43,554.75,78.32,156.10,0.2954,-1,-1,-1
227,50,1111.97,125.46,58.61,182.43,0.4275,-1,-1,-1
227,49,775.90,314.87,70.80,201.54,0.3066,-1,-1,-1
227,42,589.03,344.35,65.08,199.62,0.3572,-1,-1,-1
228,1,433.15,188.08,73.56,206.81,0.3571,-1,-1,-1
228,3,1722.59,455.21,73.08,212.74,0.6920,-1,-1,-1
228,4,1354.26,575.47,94.81,227.80,0.5759,-1,-1,-1
228,15,931.17,901.39,73.29,178.59,0.7687,-1,-1,-1
228,23,387.41,550.62,88.97,239.94,0.8206,-1,-1,-1
228,5,207.84,496.51,65.66,204.85,0.6867,-1,-1,-1
228,19,510.38,341.30,70.41,215.45,0.7892,-1,-1,-1
228,37,147.19,687.36,109.22,266.23,0.8190,-1,-1,-1
228,45,96.47,639.98,77.10,230.18,0.6880,-1,-1,-1
228,2,100.53,555.56,78.51,151.35,0.2756,-1,-1,-1
228,50,1108.85,124.92,60.44,183.42,0.3606,-1,-1,-1
228,49,776.67,316.02,74.31,204.80,0.3813,-1,-1,-1
228,42,588.12,345.31,65.32,198.00,0.4672,-1,-1,-1
229,1,434.25,188.16,72.79,206.63,0.3717,-1,-1,-1
229,3,1722.30,455.43,73.22,212.52,0.6768,-1,-1,-1
229,4,1354.11,576.25,93.61,222.41,0.6104,-1,-1,-1
229,15,930.60,900.62,73.58,179.40,0.7915,-1,-1,-1
229,23,384.19,548.51,91.73,241.99,0.8037,-1,-1,-1
229,5,207.02,495.53,66.43,205.93,0.6538,-1,-1,-1
229,19,510.88,342.01,70.05,214.77,0.8023,-1,-1,-1
229,37,148.67,690.39,104.62,265.54,0.7884,-1,-1,-1
229,45,103.10,642.46,75.30,227.84,0.6790,-1,-1,-1
229,2,101.83,556.15,78.72,146.22,0.3122,-1,-1,-1
229,50,1104.43,124.86,63.73,183.14,0.3774,-1,-1,-1
229,49,776.25,316.81,72.01,209.40,0.3922,-1,-1,-1
229,42,587.63,346.52,65.40,197.25,0.4962,-1,-1,-1
230,1,435.58,187.78,72.08,205.34,0.3836,-1,-1,-1
230,3,1722.21,455.23,73.25,212.89,0.6646,-1,-1,-1
230,4,1353.99,575.73,96.00,226.32,0.5808,-1,-1,-1
230,15,930.87,900.00,73.14,180.07,0.7841,-1,-1,-1
230,23,381.86,545.51,93.95,246.12,0.8156,-1,-1,-1
230,5,205.84,494.44,67.62,205.06,0.6410,-1,-1,-1
230,19,510.28,343.36,70.50,214.39,0.7960,-1,-1,-1
230,37,148.53,693.41,106.00,264.17,0.8315,-1,-1,-1
230,45,109.53,645.09,71.99,222.73,0.5850,-1,-1,-1
230,2,101.95,556.32,80.73,132.26,0.4056,-1,-1,-1
230,50,1096.82,125.20,68.72,181.70,0.3724,-1,-1,-1
230,49,777.86,318.05,73.29,211.72,0.3899,-1,-1,-1
230,42,586.72,348.55,66.12,195.07,0.4965,-1,-1,-1
231,1,436.24,186.95,72.40,204.40,0.3452,-1,-1,-1
231,3,1722.33,454.48,73.21,213.72,0.7028,-1,-1,-1
231,4,1354.38,577.71,96.10,223.39,0.5647,-1,-1,-1
231,15,930.47,899.58,73.58,180.43,0.7986,-1,-1,-1
231,23,379.59,543.91,95.72,248.13,0.8187,-1,-1,-1
231,5,208.79,493.17,66.02,204.48,0.6245,-1,-1,-1
231,19,508.96,344.64,71.52,213.63,0.7570,-1,-1,-1
231,37,152.85,695.83,103.32,261.49,0.8515,-1,-1,-1
231,50,1093.81,125.48,69.83,180.80,0.3824,-1,-1,-1
231,49,778.74,321.03,69.87,209.56,0.3595,-1,-1,-1
231,42,587.08,350.37,66.23,194.18,0.4271,-1,-1,-1
232,1,437.52,186.49,71.83,204.52,0.3447,-1,-1,-1
232,3,1722.71,454.12,72.84,214.09,0.7282,-1,-1,-1
232,4,1356.13,578.46,96.31,228.99,0.5367,-1,-1,-1
232,15,930.51,899.52,73.59,180.48,0.7975,-1,-1,-1
232,23,376.30,543.25,98.36,248.76,0.7929,-1,-1,-1
232,5,214.02,492.21,62.56,204.33,0.5002,-1,-1,-1
232,19,508.74,344.89,71.36,215.66,0.8046,-1,-1,-1
232,37,160.37,697.87,96.55,259.75,0.8578,-1,-1,-1
232,50,1092.06,125.72,69.55,180.50,0.4301,-1,-1,-1
232,49,779.46,321.99,69.18,209.07,0.3235,-1,-1,-1
232,42,587.83,352.49,65.28,192.92,0.4836,-1,-1,-1
232,8,918.02,126.50,69.54,182.41,0.3778,-1,-1,-1
233,1,439.18,184.42,71.03,205.92,0.3567,-1,-1,-1
233,3,1722.74,454.05,72.80,213.76,0.6977,-1,-1,-1
233,4,1356.59,577.90,97.75,235.25,0.5075,-1,-1,-1
233,15,931.27,899.23,72.66,180.77,0.7778,-1,-1,-1
233,23,374.32,542.77,99.41,247.61,0.7674,-1,-1,-1
233,5,212.07,490.61,65.60,203.81,0.6663,-1,-1,-1
233,19,507.75,345.86,71.82,218.39,0.7979,-1,-1,-1
233,37,165.42,699.35,92.79,257.18,0.8605,-1,-1,-1
233,50,1092.03,125.91,67.11,179.18,0.4872,-1,-1,-1
233,49,780.23,325.15,67.21,205.94,0.2814,-1,-1,-1
233,42,587.96,354.35,64.80,193.81,0.5784,-1,-1,-1
233,8,920.28,125.51,68.21,182.16,0.3242,-1,-1,-1
233,48,843.14,337.21,63.77,190.67,0.3683,-1,-1,-1
233,45,117.99,648.25,66.07,226.97,0.4740,-1,-1,-1
234,1,440.89,182.88,70.89,206.56,0.3754,-1,-1,-1
234,3,1723.06,454.12,72.65,213.83,0.7221,-1,-1,-1
234,4,1355.83,576.58,100.13,239.61,0.5897,-1,-1,-1
234,15,932.86,899.74,70.41,180.17,0.7643,-1,-1,-1
234,23,373.74,541.84,99.01,245.82,0.7989,-1,-1,-1
234,5,213.66,488.49,64.87,200.28,0.7008,-1,-1,-1
234,19,506.91,346.71,71.14,221.08,0.8069,-1,-1,-1
234,37,167.99,700.61,91.71,256.57,0.8756,-1,-1,-1
234,50,1092.12,126.19,64.88,178.84,0.5076,-1,-1,-1
234,49,778.86,328.15,67.72,206.35,0.2539,-1,-1,-1
234,42,588.04,355.23,64.57,194.97,0.6595,-1,-1,-1
234,8,921.62,124.00,67.96,182.74,0.3561,-1,-1,-1
234,48,844.15,338.79,63.47,189.42,0.3194,-1,-1,-1
234,45,117.85,650.53,67.04,224.89,0.2895,-1,-1,-1
235,1,442.08,181.29,71.42,207.02,0.3617,-1,-1,-1
235,3,1723.16,454.19,72.44,213.65,0.7097,-1,-1,-1
235,4,1356.56,576.90,101.37,239.66,0.5120,-1,-1,-1
235,15,933.27,900.23,68.97,179.74,0.7441,-1,-1,-1
235,23,373.15,541.00,97.67,245.90,0.8060,-1,-1,-1
235,5,215.08,486.08,63.53,198.48,0.6939,-1,-1,-1
235,19,505.69,347.70,70.31,223.28,0.7944,-1,-1,-1
235,37,171.60,701.61,88.70,254.17,0.8656,-1,-1,-1
235,50,1092.01,126.01,62.95,178.22,0.5034,-1,-1,-1
235,49,778.27,331.85,69.27,205.08,0.3032,-1,-1,-1
235,42,588.31,357.30,62.83,194.35,0.6535,-1,-1,-1
235,8,922.96,123.21,66.87,184.26,0.3783,-1,-1,-1
235,48,844.61,340.54,64.26,189.73,0.3318,-1,-1,-1
235,45,119.63,652.74,66.38,222.67,0.4541,-1,-1,-1
236,1,443.64,180.64,71.05,204.30,0.3352,-1,-1,-1
236,3,1723.26,454.80,72.03,212.81,0.6923,-1,-1,-1
236,4,1358.02,577.37,101.80,239.43,0.5150,-1,-1,-1
236,15,934.12,900.25,67.65,179.76,0.7305,-1,-1,-1
236,23,373.05,540.39,96.25,244.79,0.8071,-1,-1,-1
236,5,215.42,483.88,64.16,197.38,0.6743,-1,-1,-1
236,19,505.22,349.85,69.10,222.29,0.7791,-1,-1,-1
236,37,175.61,701.96,86.34,254.47,0.8580,-1,-1,-1
236,50,1091.17,125.34,63.28,178.16,0.4573,-1,-1,-1
236,49,779.97,332.98,66.82,204.98,0.3368,-1,-1,-1
236,42,588.31,359.44,62.54,191.58,0.6108,-1,-1,-1
236,8,923.67,121.93,68.40,185.41,0.3638,-1,-1,-1
236,48,843.57,342.01,65.96,190.12,0.3237,-1,-1,-1
236,45,122.54,656.13,66.76,220.78,0.5919,-1,-1,-1
236,2,108.36,560.86,81.69,150.22,0.4240,-1,-1,-1
237,1,443.52,179.80,72.42,201.41,0.2857,-1,-1,-1
237,3,1723.01,454.29,72.28,213.38,0.6777,-1,-1,-1
237,4,1360.45,578.19,102.40,240.18,0.5036,-1,-1,-1
237,15,935.08,900.32,66.09,179.84,0.7289,-1,-1,-1
237,23,373.67,537.78,94.19,245.32,0.7967,-1,-1,-1
237,5,216.37,482.41,64.09,197.06,0.6509,-1,-1,-1
237,19,503.36,352.24,69.77,221.22,0.7595,-1,-1,-1
237,37,177.94,702.62,86.16,252.57,0.8644,-1,-1,-1
237,50,1090.39,124.14,62.39,179.22,0.4127,-1,-1,-1
237,49,779.90,333.61,68.46,204.66,0.2709,-1,-1,-1
237,42,588.16,361.61,62.37,190.80,0.6007,-1,-1,-1
237,8,924.74,121.26,67.57,186.06,0.3117,-1,-1,-1
237,45,126.08,655.24,67.31,222.40,0.6450,-1,-1,-1
237,2,109.18,561.14,81.37,154.99,0.4244,-1,-1,-1
238,1,443.64,178.58,73.30,200.63,0.2759,-1,-1,-1
238,3,1722.73,454.88,72.42,212.54,0.6799,-1,-1,-1
238,4,1362.70,579.07,104.13,239.64,0.4895,-1,-1,-1
238,15,935.45,900.30,64.44,179.74,0.7342,-1,-1,-1
238,23,375.51,535.42,91.85,244.05,0.7986,-1,-1,-1
238,5,216.50,480.28,64.32,197.73,0.6268,-1,-1,-1
238,19,501.96,353.57,70.59,222.31,0.7730,-1,-1,-1
238,37,181.59,702.67,86.13,253.29,0.8587,-1,-1,-1
238,50,1089.06,123.08,62.53,180.08,0.4256,-1,-1,-1
238,49,781.76,335.85,68.17,202.18,0.3110,-1,-1,-1
238,42,588.29,362.82,62.53,189.72,0.6258,-1,-1,-1
238,45,133.25,658.35,65.23,217.32,0.4161,-1,-1,-1
238,2,110.71,561.19,81.99,191.61,0.4062,-1,-1,-1
239,1,444.25,177.43,73.57,200.06,0.2934,-1,-1,-1
239,3,1722.91,454.49,72.25,213.04,0.6936,-1,-1,-1
239,4,1359.38,578.03,109.15,240.90,0.5309,-1,-1,-1
239,15,935.86,900.22,62.87,179.80,0.7656,-1,-1,-1
239,23,378.90,531.34,88.02,240.73,0.8279,-1,-1,-1
239,5,217.23,479.41,64.06,198.21,0.6743,-1,-1,-1
239,19,500.64,355.48,71.30,220.98,0.7939,-1,-1,-1
239,37,184.51,704.35,86.66,251.94,0.8460,-1,-1,-1
239,50,1088.09,121.46,62.76,181.42,0.4828,-1,-1,-1
239,49,782.05,337.37,68.43,200.34,0.3053,-1,-1,-1
239,42,588.48,363.23,62.14,189.29,0.6349,-1,-1,-1
239,45,137.33,657.96,65.98,218.31,0.5250,-1,-1,-1
239,2,111.52,561.83,82.28,206.69,0.3815,-1,-1,-1
240,1,444.10,177.84,74.53,199.75,0.2953,-1,-1,-1
240,3,1722.37,454.78,73.17,213.15,0.6736,-1,-1,-1
240,4,1358.46,577.48,112.00,240.80,0.5159,-1,-1,-1
240,15,936.41,900.19,61.74,179.20,0.7594,-1,-1,-1
240,23,382.70,527.95,84.03,237.77,0.8062,-1,-1,-1
240,5,217.39,478.06,64.24,199.72,0.6805,-1,-1,-1
240,19,499.37,357.27,72.24,220.16,0.7674,-1,-1,-1
240,37,186.91,707.33,92.20,254.29,0.8307,-1,-1,-1
240,50,1086.65,120.69,62.28,180.25,0.4067,-1,-1,-1
240,42,588.31,363.18,62.05,189.44,0.5942,-1,-1,-1
240,45,141.55,655.96,68.50,220.69,0.5668,-1,-1,-1
240,2,111.37,562.55,80.36,227.27,0.3941,-1,-1,-1
240,27,779.62,146.12,75.20,178.19,0.3549,-1,-1,-1
241,1,444.98,177.81,74.91,200.38,0.3175,-1,-1,-1
241,3,1722.65,454.62,72.54,213.01,0.7166,-1,-1,-1
241,4,1356.49,574.25,117.30,243.21,0.5632,-1,-1,-1
241,15,936.34,900.02,60.88,179.62,0.7654,-1,-1,-1
241,23,386.40,525.31,80.40,235.19,0.3970,-1,-1,-1
241,5,217.54,476.27,64.42,201.94,0.7205,-1,-1,-1
241,19,497.98,358.57,72.53,219.13,0.7744,-1,-1,-1
241,37,189.54,710.60,97.93,255.80,0.8481,-1,-1,-1
241,50,1084.90,120.03,61.46,178.90,0.4063,-1,-1,-1
241,42,588.12,364.09,62.61,188.16,0.6379,-1,-1,-1
241,45,149.26,652.70,65.30,174.29,0.2980,-1,-1,-1
241,2,112.39,562.94,78.49,235.79,0.3701,-1,-1,-1
241,27,780.82,145.65,73.39,179.25,0.3534,-1,-1,-1
241,49,783.99,339.99,70.27,197.91,0.4334,-1,-1,-1
242,1,446.12,177.57,73.81,201.69,0.2995,-1,-1,-1
242,3,1722.74,455.23,72.37,212.39,0.7048,-1,-1,-1
242,4,1355.91,571.62,120.07,244.83,0.5981,-1,-1,-1
242,15,935.99,900.40,61.53,179.49,0.7739,-1,-1,-1
242,23,387.19,522.45,79.31,234.85,0.4318,-1,-1,-1
242,5,217.54,474.79,64.58,202.20,0.6888,-1,-1,-1
242,19,496.12,360.96,73.15,217.20,0.7718,-1,-1,-1
242,37,193.35,713.15,99.48,256.74,0.8281,-1,-1,-1
242,50,1083.14,119.35,61.89,178.21,0.4090,-1,-1,-1
242,42,588.15,365.29,62.41,189.12,0.6127,-1,-1,-1
242,45,153.19,651.26,67.12,150.85,0.2504,-1,-1,-1
242,2,113.08,563.57,79.12,240.25,0.3423,-1,-1,-1
242,27,779.89,148.37,74.28,176.49,0.3421,-1,-1,-1
242,51,387.12,522.08,80.14,235.88,0.4559,-1,-1,-1
242,49,784.64,341.74,69.59,196.67,0.4537,-1,-1,-1
242,8,927.93,119.02,65.33,181.93,0.4343,-1,-1,-1
243,1,446.82,177.13,73.13,203.31,0.2928,-1,-1,-1
243,3,1722.65,455.10,72.69,211.75,0.7239,-1,-1,-1
243,4,1356.02,569.32,119.71,247.84,0.6061,-1,-1,-1
243,15,935.70,900.31,61.02,179.67,0.7554,-1,-1,-1
243,23,388.42,520.18,78.16,235.75,0.5059,-1,-1,-1
243,5,217.16,474.08,65.20,202.57,0.6930,-1,-1,-1
243,19,494.60,361.85,72.87,216.89,0.7678,-1,-1,-1
243,37,196.82,716.92,100.31,256.11,0.7774,-1,-1,-1
243,50,1081.76,118.88,61.37,177.87,0.4201,-1,-1,-1
243,42,588.16,365.79,61.74,193.45,0.6530,-1,-1,-1
243,45,155.12,650.14,73.88,162.51,0.3781,-1,-1,-1
243,2,114.52,563.37,80.42,232.61,0.4977,-1,-1,-1
243,27,780.43,150.87,74.32,173.02,0.3864,-1,-1,-1
243,51,388.35,519.66,78.91,237.68,0.2855,-1,-1,-1
243,49,785.17,341.91,69.56,195.66,0.2858,-1,-1,-1
243,8,928.94,118.50,65.48,178.09,0.4628,-1,-1,-1
244,1,446.95,176.07,75.07,204.70,0.3126,-1,-1,-1
244,3,1722.29,455.11,72.89,211.62,0.6999,-1,-1,-1
244,4,1355.92,570.10,118.88,246.77,0.5655,-1,-1,-1
244,15,935.38,901.09,61.70,179.05,0.8312,-1,-1,-1
244,23,388.71,517.56,78.55,237.98,0.7717,-1,-1,-1
244,5,217.28,472.98,65.24,203.31,0.6440,-1,-1,-1
244,19,493.11,362.49,72.50,216.59,0.7383,-1,-1,-1
244,37,199.14,725.60,99.86,251.20,0.7831,-1,-1,-1
244,50,1080.18,118.19,61.94,178.49,0.3459,-1,-1,-1
244,42,587.08,367.14,60.98,196.95,0.6580,-1,-1,-1
244,45,158.73,651.38,78.94,160.08,0.3388,-1,-1,-1
244,2,116.54,562.10,79.60,244.28,0.6279,-1,-1,-1
244,27,782.92,151.64,71.92,172.23,0.3324,-1,-1,-1
244,51,388.67,517.59,79.10,239.23,0.7717,-1,-1,-1
244,8,928.22,117.81,66.83,177.16,0.3864,-1,-1,-1
244,48,851.97,353.16,68.40,183.29,0.3428,-1,-1,-1
245,1,447.62,175.67,74.90,204.67,0.2900,-1,-1,-1
245,3,1722.08,455.02,73.04,211.91,0.6775,-1,-1,-1
245,4,1358.12,570.40,116.89,244.62,0.4639,-1,-1,-1
245,15,934.92,902.41,62.61,177.68,0.8403,-1,-1,-1
245,23,388.64,516.85,79.43,239.13,0.7689,-1,-1,-1
245,5,218.30,471.63,64.16,203.67,0.6339,-1,-1,-1
245,19,491.99,363.65,72.89,215.01,0.7002,-1,-1,-1
245,37,198.70,729.28,100.35,250.59,0.7891,-1,-1,-1
245,42,586.56,369.23,60.58,199.12,0.6671,-1,-1,-1
245,2,117.85,561.89,80.43,252.56,0.6659,-1,-1,-1
245,27,784.50,152.18,70.44,171.56,0.2881,-1,-1,-1
245,51,388.54,517.25,79.97,240.00,0.7689,-1,-1,-1
245,8,930.04,117.04,66.64,176.25,0.3168,-1,-1,-1
245,48,853.41,353.13,68.15,185.54,0.4087,-1,-1,-1
246,1,448.05,175.91,75.34,205.20,0.2915,-1,-1,-1
246,3,1722.31,454.60,73.09,213.48,0.6936,-1,-1,-1
246,4,1364.99,571.98,110.04,243.29,0.5530,-1,-1,-1
246,15,935.06,903.39,63.32,176.69,0.8340,-1,-1,-1
246,23,388.66,516.33,80.48,240.64,0.7896,-1,-1,-1
246,5,219.14,470.42,63.33,204.59,0.6659,-1,-1,-1
246,19,490.75,364.48,72.99,214.41,0.5174,-1,-1,-1
246,37,202.03,731.44,97.07,254.54,0.7804,-1,-1,-1
246,42,586.08,370.84,60.44,200.07,0.7107,-1,-1,-1
246,2,118.67,561.88,81.64,255.51,0.6998,-1,-1,-1
246,27,783.49,152.43,71.83,171.55,0.2998,-1,-1,-1
246,51,388.54,516.84,81.01,241.36,0.7896,-1,-1,-1
246,48,858.16,352.54,65.99,187.58,0.4078,-1,-1,-1
247,1,448.26,175.44,76.90,205.61,0.3076,-1,-1,-1
247,3,1721.62,454.37,73.61,213.15,0.7143,-1,-1,-1
247,4,1368.15,569.37,108.41,247.72,0.6505,-1,-1,-1
247,15,935.51,903.89,63.09,176.12,0.8250,-1,-1,-1
247,23,388.89,516.07,81.06,241.87,0.8017,-1,-1,-1
247,5,218.96,469.04,63.01,205.67,0.6658,-1,-1,-1
247,19,489.99,365.35,72.98,213.44,0.7088,-1,-1,-1
247,37,204.33,733.57,96.15,255.99,0.7646,-1,-1,-1
247,42,585.77,372.26,60.91,203.32,0.7786,-1,-1,-1
247,2,120.15,562.20,82.82,255.79,0.6885,-1,-1,-1
247,51,388.77,516.61,81.54,242.48,0.8017,-1,-1,-1
247,48,860.40,353.15,65.03,188.56,0.3311,-1,-1,-1
247,49,787.62,345.60,68.65,196.89,0.3752,-1,-1,-1
248,1,449.26,174.60,76.88,205.48,0.3093,-1,-1,-1
248,3,1720.69,455.19,74.28,212.81,0.7146,-1,-1,-1
248,4,1372.62,569.99,104.92,246.83,0.6290,-1,-1,-1
248,15,935.86,904.77,63.60,174.80,0.8047,-1,-1,-1
248,23,388.95,515.59,81.41,242.21,0.7925,-1,-1,-1
248,5,219.92,467.48,61.31,204.51,0.6498,-1,-1,-1
248,19,489.78,366.45,71.67,213.10,0.6463,-1,-1,-1
248,37,205.73,734.70,94.66,256.87,0.6621,-1,-1,-1
248,42,585.60,374.16,59.98,206.09,0.7497,-1,-1,-1
248,2,122.57,562.12,82.62,255.12,0.7068,-1,-1,-1
248,51,388.82,516.12,81.83,242.70,0.7925,-1,-1,-1
248,48,861.66,353.20,65.62,190.66,0.4439,-1,-1,-1
248,49,788.66,346.33,68.06,198.09,0.4115,-1,-1,-1
249,1,450.09,173.07,76.50,206.10,0.2940,-1,-1,-1
249,3,1721.16,455.39,73.56,212.22,0.6829,-1,-1,-1
249,4,1379.88,571.15,96.95,246.29,0.6177,-1,-1,-1
249,15,936.04,905.25,64.44,174.65,0.8069,-1,-1,-1
249,23,388.16,515.04,83.14,242.06,0.7883,-1,-1,-1
249,5,221.35,466.54,59.23,199.47,0.6242,-1,-1,-1
249,19,489.21,367.74,71.09,213.91,0.6196,-1,-1,-1
249,37,209.15,739.96,91.32,253.03,0.5834,-1,-1,-1
249,42,584.42,376.84,60.56,205.37,0.6920,-1,-1,-1
249,2,125.65,563.49,81.12,252.04,0.7061,-1,-1,-1
249,51,388.02,515.52,83.55,242.45,0.7883,-1,-1,-1
249,48,860.56,354.43,68.21,190.27,0.3429,-1,-1,-1
249,49,789.50,346.47,68.68,197.99,0.3187,-1,-1,-1
249,45,179.28,665.70,89.58,225.23,0.6003,-1,-1,-1
250,1,450.59,171.42,76.02,206.40,0.2734,-1,-1,-1
250,3,1721.73,454.72,73.02,212.60,0.6902,-1,-1,-1
250,4,1384.60,571.40,91.55,245.21,0.6991,-1,-1,-1
250,15,936.36,905.59,65.40,174.41,0.7894,-1,-1,-1
250,23,388.17,514.83,84.30,241.25,0.7867,-1,-1,-1
250,5,222.04,464.66,58.52,197.12,0.6220,-1,-1,-1
250,19,489.22,369.12,70.54,215.56,0.6357,-1,-1,-1
250,37,210.87,743.89,90.67,249.52,0.5676,-1,-1,-1
250,42,583.20,379.24,61.13,204.18,0.7159,-1,-1,-1
250,2,128.15,565.20,80.63,249.75,0.7335,-1,-1,-1
250,51,388.05,515.26,84.68,241.55,0.7867,-1,-1,-1
250,48,856.99,355.24,71.83,192.56,0.4394,-1,-1,-1
250,49,790.80,348.30,69.41,198.99,0.3688,-1,-1,-1
250,45,181.51,667.80,91.86,229.08,0.5167,-1,-1,-1
250,8,936.92,112.02,61.66,177.64,0.3552,-1,-1,-1
251,1,450.64,170.55,75.00,205.07,0.2789,-1,-1,-1
251,3,1721.31,454.71,73.99,212.49,0.6934,-1,-1,-1
251,4,1387.23,570.74,90.19,245.54,0.6795,-1,-1,-1
251,15,937.52,907.21,65.38,173.01,0.8087,-1,-1,-1
251,23,387.76,512.65,85.29,241.51,0.7762,-1,-1,-1
251,5,221.94,461.59,58.36,197.84,0.6251,-1,-1,-1
251,19,488.82,370.18,70.12,222.29,0.6995,-1,-1,-1
251,37,212.80,744.58,90.19,249.07,0.6566,-1,-1,-1
251,42,582.03,381.52,61.61,204.89,0.7273,-1,-1,-1
251,2,130.92,565.46,80.80,251.26,0.7602,-1,-1,-1
251,51,387.65,512.99,85.63,241.76,0.7762,-1,-1,-1
251,48,858.83,355.50,70.52,194.74,0.4021,-1,-1,-1
251,49,791.18,350.15,69.51,197.87,0.3161,-1,-1,-1
251,45,184.06,670.73,92.05,224.72,0.3471,-1,-1,-1
251,8,936.10,110.71,63.43,179.30,0.3601,-1,-1,-1
252,1,450.84,168.84,74.18,204.06,0.2776,-1,-1,-1
252,3,1721.39,455.21,73.62,211.86,0.6568,-1,-1,-1
252,4,1388.35,570.45,88.30,244.42,0.6671,-1,-1,-1
252,15,938.27,907.77,65.75,172.14,0.7817,-1,-1,-1
252,23,389.05,509.88,84.10,242.43,0.7706,-1,-1,-1
252,5,222.11,458.90,58.56,198.12,0.6307,-1,-1,-1
252,19,489.57,371.50,68.84,226.10,0.6961,-1,-1,-1
252,37,213.14,742.24,93.08,250.50,0.7312,-1,-1,-1
252,42,580.94,382.97,62.61,205.63,0.7163,-1,-1,-1
252,2,133.54,566.27,82.59,250.70,0.7584,-1,-1,-1
252,51,388.96,510.16,84.39,242.66,0.7706,-1,-1,-1
252,48,858.55,356.68,71.15,194.17,0.3487,-1,-1,-1
252,49,792.63,350.82,70.16,197.69,0.2824,-1,-1,-1
252,45,187.44,674.43,88.69,171.41,0.2842,-1,-1,-1
252,8,936.17,109.98,64.92,179.72,0.3614,-1,-1,-1
253,1,451.84,167.74,72.53,203.80,0.2601,-1,-1,-1
253,3,1722.05,454.51,73.14,212.76,0.6612,-1,-1,-1
253,4,1388.68,570.67,89.18,244.86,0.6503,-1,-1,-1
253,15,938.65,907.99,66.78,171.95,0.8035,-1,-1,-1
253,23,389.03,507.10,83.72,241.69,0.7791,-1,-1,-1
253,5,221.84,456.71,59.30,198.88,0.6687,-1,-1,-1
253,19,490.13,372.73,67.98,227.72,0.7314,-1,-1,-1
253,37,217.64,739.31,90.96,251.71,0.7847,-1,-1,-1
253,42,579.63,382.80,62.54,207.09,0.7229,-1,-1,-1
253,2,136.26,566.46,83.56,249.38,0.7628,-1,-1,-1
253,51,388.96,507.33,83.96,241.88,0.7791,-1,-1,-1
253,48,861.77,357.54,68.95,195.51,0.2928,-1,-1,-1
253,45,193.27,675.38,77.80,148.11,0.3608,-1,-1,-1
253,8,935.97,109.80,65.29,179.72,0.3768,-1,-1,-1
253,50,1070.23,114.36,58.39,180.79,0.3426,-1,-1,-1
254,1,452.21,167.38,71.78,201.64,0.2553,-1,-1,-1
254,3,1721.70,454.89,73.29,212.32,0.6816,-1,-1,-1
254,4,1389.80,570.34,88.66,244.38,0.6954,-1,-1,-1
254,15,939.55,909.04,67.22,170.81,0.8067,-1,-1,-1
254,23,389.95,504.46,81.40,240.33,0.7478,-1,-1,-1
254,5,221.58,455.40,59.56,199.32,0.6515,-1,-1,-1
254,19,489.97,373.13,67.90,230.37,0.7460,-1,-1,-1
254,37,221.91,737.54,88.42,253.99,0.8247,-1,-1,-1
254,42,578.18,384.13,63.01,206.59,0.7047,-1,-1,-1
254,2,138.17,566.74,83.78,246.97,0.7425,-1,-1,-1
254,51,389.89,504.65,81.60,240.48,0.7478,-1,-1,-1
254,48,861.97,358.08,70.46,196.61,0.3996,-1,-1,-1
254,45,194.69,675.73,77.87,141.30,0.3453,-1,-1,-1
254,8,936.05,109.14,66.31,180.74,0.4116,-1,-1,-1
254,50,1069.36,113.86,57.36,181.86,0.4335,-1,-1,-1
255,3,1721.93,455.34,72.60,211.55,0.6912,-1,-1,-1
255,4,1391.07,569.68,88.08,245.96,0.7189,-1,-1,-1
255,15,939.61,909.30,68.81,169.75,0.8065,-1,-1,-1
255,23,391.19,501.82,80.53,235.61,0.7809,-1,-1,-1
255,5,221.66,454.50,59.92,198.84,0.7118,-1,-1,-1
255,19,489.76,373.79,68.17,231.29,0.7603,-1,-1,-1
255,37,222.59,735.87,89.82,260.16,0.7966,-1,-1,-1
255,42,577.16,384.13,63.26,206.60,0.7059,-1,-1,-1
255,2,140.75,565.60,83.05,245.68,0.7773,-1,-1,-1
255,51,391.14,501.98,80.69,235.71,0.7809,-1,-1,-1
255,48,863.96,358.68,71.17,196.59,0.4341,-1,-1,-1
255,45,198.92,678.33,81.46,137.80,0.3572,-1,-1,-1
255,8,935.36,108.65,67.75,179.49,0.3985,-1,-1,-1
255,50,1067.23,113.11,58.01,183.08,0.4382,-1,-1,-1
255,49,797.89,350.83,70.12,201.91,0.4074,-1,-1,-1
256,3,1721.69,455.21,72.95,211.86,0.6559,-1,-1,-1
256,4,1392.95,568.95,87.84,244.73,0.7352,-1,-1,-1
256,15,939.40,909.71,70.39,169.81,0.8217,-1,-1,-1
256,23,391.59,498.59,79.53,232.84,0.7539,-1,-1,-1
256,5,221.63,453.91,60.11,197.58,0.6939,-1,-1,-1
256,19,489.74,374.52,67.57,232.22,0.7561,-1,-1,-1
256,37,227.09,736.50,87.60,265.79,0.7888,-1,-1,-1
256,42,576.08,384.49,63.30,206.32,0.6964,-1,-1,-1
256,2,141.49,565.23,84.93,244.22,0.7418,-1,-1,-1
256,51,391.55,498.72,79.67,232.92,0.7539,-1,-1,-1
256,48,865.89,360.06,69.31,195.07,0.3677,-1,-1,-1
256,45,203.04,679.82,83.19,139.39,0.3473,-1,-1,-1
256,8,935.62,108.09,67.81,179.19,0.4608,-1,-1,-1
256,50,1065.94,112.74,58.32,183.38,0.4592,-1,-1,-1
256,54,1141.29,105.13,55.27,171.55,0.3448,-1,-1,-1
256,49,797.99,350.53,71.66,203.13,0.3386,-1,-1,-1
257,3,1721.41,455.71,72.96,211.31,0.6488,-1,-1,-1
257,4,1395.03,567.85,86.99,243.82,0.7354,-1,-1,-1
257,15,939.18,910.73,72.52,168.73,0.8253,-1,-1,-1
257,23,391.91,494.87,79.77,232.76,0.7854,-1,-1,-1
257,5,221.04,453.22,61.48,197.87,0.6043,-1,-1,-1
257,19,489.38,375.12,67.83,232.36,0.7636,-1,-1,-1
257,37,232.90,742.44,85.66,268.01,0.8103,-1,-1,-1
257,42,574.96,384.75,63.51,205.40,0.6996,-1,-1,-1
257,2,141.81,564.93,88.19,243.72,0.6868,-1,-1,-1
257,51,391.87,494.97,79.89,232.83,0.7854,-1,-1,-1
257,48,867.12,361.31,69.33,192.36,0.3696,-1,-1,-1
257,45,204.46,679.10,88.46,153.67,0.5998,-1,-1,-1
257,8,936.02,107.61,67.38,179.40,0.3879,-1,-1,-1
257,50,1064.03,112.24,59.25,183.93,0.4149,-1,-1,-1
257,54,1140.45,104.87,56.25,170.10,0.3453,-1,-1,-1
257,49,798.22,350.81,72.57,202.11,0.3279,-1,-1,-1
258,3,1721.76,455.46,72.97,211.58,0.6373,-1,-1,-1
258,4,1396.28,566.84,86.56,241.88,0.7217,-1,-1,-1
258,15,939.00,912.32,73.58,166.50,0.8263,-1,-1,-1
258,23,390.52,492.60,80.42,233.67,0.7773,-1,-1,-1
258,5,221.40,453.14,63.21,196.98,0.5835,-1,-1,-1
258,19,489.30,376.08,67.56,231.84,0.7561,-1,-1,-1
258,37,234.30,746.63,86.08,270.45,0.8314,-1,-1,-1
258,42,574.38,385.35,63.17,203.95,0.6677,-1,-1,-1
258,2,143.09,564.53,90.16,246.41,0.6827,-1,-1,-1
258,51,390.48,492.70,80.53,233.73,0.7773,-1,-1,-1
258,48,868.76,362.28,67.58,189.66,0.3579,-1,-1,-1
258,45,209.38,680.10,83.95,150.34,0.3523,-1,-1,-1
258,8,936.97,106.64,67.68,179.81,0.3707,-1,-1,-1
258,50,1062.95,111.74,59.59,184.10,0.3960,-1,-1,-1
258,54,1139.25,104.37,57.05,168.93,0.2621,-1,-1,-1
258,49,799.69,350.44,73.58,203.69,0.3085,-1,-1,-1
259,3,1721.70,455.10,73.21,212.45,0.6306,-1,-1,-1
259,4,1400.41,566.38,83.07,239.11,0.6920,-1,-1,-1
259,15,938.92,913.72,75.38,164.63,0.8106,-1,-1,-1
259,23,388.93,491.23,81.81,234.25,0.7706,-1,-1,-1
259,5,222.53,452.50,62.67,196.12,0.6042,-1,-1,-1
259,19,489.78,377.34,67.17,229.64,0.7290,-1,-1,-1
259,37,235.60,752.31,86.32,266.53,0.7814,-1,-1,-1
259,42,573.22,386.10,64.22,202.90,0.6716,-1,-1,-1
259,2,144.04,563.86,92.97,247.80,0.7217,-1,-1,-1
259,51,388.90,491.31,81.91,234.30,0.7706,-1,-1,-1
259,48,870.46,363.10,64.85,187.76,0.3217,-1,-1,-1
259,45,213.37,681.04,82.84,135.84,0.4086,-1,-1,-1
259,8,938.88,104.78,65.41,179.98,0.2755,-1,-1,-1
259,50,1062.11,111.75,58.58,182.89,0.2610,-1,-1,-1
259,49,801.75,351.02,72.94,203.79,0.4031,-1,-1,-1
260,3,1721.24,454.97,73.34,212.75,0.6457,-1,-1,-1
260,4,1403.57,565.71,80.81,240.24,0.6647,-1,-1,-1
260,15,938.91,914.94,77.84,163.12,0.8013,-1,-1,-1
260,23,385.23,489.91,85.42,235.54,0.7129,-1,-1,-1
260,5,222.62,451.68,62.95,194.53,0.6017,-1,-1,-1
260,19,489.99,379.16,67.19,228.66,0.7357,-1,-1,-1
260,37,237.62,757.84,85.80,265.70,0.8273,-1,-1,-1
260,42,572.09,387.49,64.87,201.23,0.6403,-1,-1,-1
260,2,149.40,563.51,89.64,248.55,0.7312,-1,-1,-1
260,51,385.20,489.98,85.51,235.59,0.7129,-1,-1,-1
260,48,869.30,364.32,64.70,186.81,0.3311,-1,-1,-1
260,45,217.39,683.67,83.14,125.78,0.4611,-1,-1,-1
260,50,1061.75,110.56,57.35,183.87,0.2562,-1,-1,-1
260,49,803.80,351.04,69.37,203.43,0.4190,-1,-1,-1
261,3,1721.81,455.47,72.77,212.73,0.6629,-1,-1,-1
261,4,1408.55,565.73,76.41,240.01,0.6990,-1,-1,-1
261,15,938.78,915.73,80.29,162.05,0.8028,-1,-1,-1
261,23,380.52,487.94,90.15,237.98,0.7107,-1,-1,-1
261,5,223.31,449.57,62.50,195.67,0.5756,-1,-1,-1
261,19,489.71,380.81,67.51,226.48,0.7166,-1,-1,-1
261,37,240.16,763.19,84.63,261.86,0.7936,-1,-1,-1
261,42,571.54,389.03,64.90,199.89,0.6262,-1,-1,-1
261,2,156.37,563.99,83.59,249.63,0.7297,-1,-1,-1
261,51,380.48,488.01,90.24,238.03,0.7107,-1,-1,-1
261,45,222.42,683.80,81.95,129.59,0.3674,-1,-1,-1
261,50,1060.31,109.13,56.88,184.66,0.2515,-1,-1,-1
261,49,804.98,351.50,69.72,203.45,0.3796,-1,-1,-1
262,3,1721.64,455.76,72.97,212.06,0.6718,-1,-1,-1
262,4,1410.54,564.39,77.29,239.98,0.6884,-1,-1,-1
262,15,937.49,917.29,82.69,160.47,0.8137,-1,-1,-1
262,23,377.90,486.55,92.59,238.60,0.7204,-1,-1,-1
262,5,223.92,447.37,61.87,195.22,0.5922,-1,-1,-1
262,19,489.72,381.83,67.47,225.58,0.6657,-1,-1,-1
262,37,242.41,767.33,85.35,262.13,0.7840,-1,-1,-1
262,42,571.30,391.08,64.34,199.32,0.3578,-1,-1,-1
262,2,161.09,564.57,82.36,251.46,0.7300,-1,-1,-1
262,51,377.86,486.61,92.67,238.65,0.7204,-1,-1,-1
262,45,225.16,686.21,80.53,126.99,0.5024,-1,-1,-1
262,50,1058.35,108.05,57.35,185.01,0.2557,-1,-1,-1
262,49,806.00,352.54,71.36,202.62,0.4283,-1,-1,-1
262,8,937.95,99.09,66.43,172.46,0.3923,-1,-1,-1
263,3,1721.51,455.84,73.44,211.74,0.6210,-1,-1,-1
263,4,1411.44,564.57,77.22,238.42,0.7254,-1,-1,-1
263,15,936.20,918.47,85.11,159.18,0.8266,-1,-1,-1
263,23,376.35,485.42,93.55,239.47,0.7047,-1,-1,-1
263,5,224.14,446.00,61.87,192.42,0.6000,-1,-1,-1
263,19,489.42,382.64,67.54,224.95,0.6892,-1,-1,-1
263,37,243.47,768.94,85.87,262.55,0.7650,-1,-1,-1
263,42,570.50,392.54,65.12,201.07,0.6099,-1,-1,-1
263,2,165.35,564.72,79.33,252.40,0.7724,-1,-1,-1
263,51,376.32,485.47,93.63,239.51,0.7047,-1,-1,-1
263,45,228.35,688.55,78.71,123.91,0.4355,-1,-1,-1
263,50,1056.02,106.40,58.54,185.78,0.3359,-1,-1,-1
263,49,806.10,353.35,75.56,204.52,0.3580,-1,-1,-1
263,8,939.20,97.00,64.83,173.72,0.4200,-1,-1,-1
264,3,1721.69,455.45,73.47,212.23,0.6505,-1,-1,-1
264,4,1411.66,564.70,79.93,238.16,0.7318,-1,-1,-1
264,15,936.33,919.82,85.52,157.23,0.8448,-1,-1,-1
264,23,374.94,484.76,94.14,238.83,0.7043,-1,-1,-1
264,5,226.42,445.00,60.08,190.62,0.6385,-1,-1,-1
264,19,488.28,383.67,68.37,223.14,0.6963,-1,-1,-1
264,37,245.61,771.87,86.90,261.07,0.8284,-1,-1,-1
264,42,568.85,393.52,65.72,203.56,0.5702,-1,-1,-1
264,2,168.98,564.20,77.17,253.29,0.7580,-1,-1,-1
264,51,374.91,484.81,94.20,238.87,0.7043,-1,-1,-1
264,45,232.51,690.62,75.95,121.86,0.5007,-1,-1,-1
264,50,1055.31,105.79,57.78,181.73,0.2538,-1,-1,-1
264,49,805.86,355.04,72.15,205.91,0.4254,-1,-1,-1
264,8,938.59,96.13,65.37,175.28,0.3784,-1,-1,-1
265,3,1721.90,455.91,73.31,212.01,0.6463,-1,-1,-1
265,4,1412.28,564.88,79.88,240.64,0.6934,-1,-1,-1
265,15,937.30,920.43,85.72,156.79,0.8378,-1,-1,-1
265,23,373.79,483.89,94.55,239.57,0.7529,-1,-1,-1
265,5,227.61,443.82,59.04,188.69,0.6032,-1,-1,-1
265,19,486.98,384.64,68.82,221.22,0.7159,-1,-1,-1
265,37,246.86,772.56,86.90,261.29,0.8377,-1,-1,-1
265,42,567.78,394.76,65.76,204.16,0.6459,-1,-1,-1
265,2,172.59,565.47,75.36,253.74,0.7497,-1,-1,-1
265,51,373.76,483.93,94.61,239.60,0.7529,-1,-1,-1
265,45,238.31,693.23,70.95,121.13,0.5697,-1,-1,-1
265,50,1054.70,105.22,56.87,179.74,0.2855,-1,-1,-1
265,49,804.01,356.88,72.13,209.34,0.4558,-1,-1,-1
265,8,939.32,94.23,64.44,177.47,0.4328,-1,-1,-1
266,3,1721.90,456.28,73.13,211.86,0.6396,-1,-1,-1
266,4,1412.83,565.05,79.88,243.91,0.6797,-1,-1,-1
266,15,937.50,920.96,86.48,156.35,0.8435,-1,-1,-1
266,23,373.55,483.37,94.57,238.83,0.7314,-1,-1,-1
266,5,227.77,441.98,59.43,188.14,0.5252,-1,-1,-1
266,19,485.60,384.91,68.94,222.70,0.6692,-1,-1,-1
266,37,249.34,774.73,91.14,259.12,0.8345,-1,-1,-1
266,42,566.49,395.95,66.08,208.50,0.6485,-1,-1,-1
266,2,175.66,566.39,76.24,254.55,0.7451,-1,-1,-1
266,51,373.53,483.41,94.63,238.86,0.7314,-1,-1,-1
266,45,244.91,696.92,66.54,117.85,0.5264,-1,-1,-1
266,50,1054.20,104.21,56.08,180.92,0.3641,-1,-1,-1
266,49,802.63,358.38,74.94,211.91,0.4982,-1,-1,-1
266,8,940.42,93.68,63.84,177.12,0.4133,-1,-1,-1
267,3,1721.70,456.19,73.84,211.92,0.6130,-1,-1,-1
267,4,1413.13,564.95,79.65,244.98,0.6442,-1,-1,-1
267,15,938.32,920.95,86.23,156.65,0.8450,-1,-1,-1
267,23,373.32,481.60,94.29,238.94,0.6849,-1,-1,-1
267,5,226.92,439.65,60.64,189.32,0.4960,-1,-1,-1
267,19,483.05,386.14,69.91,224.04,0.6654,-1,-1,-1
267,37,248.84,773.81,93.80,260.56,0.8312,-1,-1,-1
267,42,565.79,396.99,65.96,210.98,0.6574,-1,-1,-1
267,2,178.46,567.41,76.69,258.50,0.7449,-1,-1,-1
267,51,373.29,481.63,94.34,238.96,0.6849,-1,-1,-1
267,45,249.24,701.24,65.45,113.15,0.4546,-1,-1,-1
267,50,1052.36,103.42,57.10,182.19,0.3933,-1,-1,-1
267,49,802.89,360.69,73.63,213.63,0.4636,-1,-1,-1
267,8,941.25,92.91,63.53,177.58,0.4146,-1,-1,-1
268,3,1721.80,456.14,73.23,211.88,0.6190,-1,-1,-1
268,4,1413.46,564.56,79.14,245.11,0.6645,-1,-1,-1
268,15,940.16,920.78,84.66,157.03,0.8382,-1,-1,-1
268,23,373.60,479.32,92.47,239.94,0.7000,-1,-1,-1
268,5,226.72,438.18,61.03,190.50,0.5864,-1,-1,-1
268,19,479.47,387.78,72.94,225.55,0.6903,-1,-1,-1
268,37,250.41,771.66,90.73,262.86,0.8202,-1,-1,-1
268,42,565.15,398.12,66.21,212.19,0.6634,-1,-1,-1
268,2,181.54,569.01,76.02,259.00,0.7878,-1,-1,-1
268,51,373.58,479.35,92.51,239.96,0.7000,-1,-1,-1
268,45,253.75,704.31,64.08,110.30,0.5037,-1,-1,-1
268,50,1050.80,103.25,57.95,181.08,0.4158,-1,-1,-1
268,49,803.95,361.81,71.83,216.77,0.4503,-1,-1,-1
268,8,942.10,92.31,64.59,177.94,0.4156,-1,-1,-1
269,3,1721.94,456.59,73.04,211.06,0.6426,-1,-1,-1
269,4,1414.46,565.79,79.30,244.11,0.6260,-1,-1,-1
269,15,942.47,920.91,83.26,157.28,0.8337,-1,-1,-1
269,23,374.55,477.51,91.14,240.27,0.7242,-1,-1,-1
269,5,226.93,436.16,61.48,193.89,0.5402,-1,-1,-1
269,19,475.98,389.36,75.43,224.99,0.6908,-1,-1,-1
269,37,251.56,774.28,90.82,260.54,0.7991,-1,-1,-1
269,42,564.87,399.28,66.27,211.14,0.6970,-1,-1,-1
269,2,183.93,571.07,77.70,255.20,0.8055,-1,-1,-1
269,51,374.53,477.53,91.17,240.29,0.7242,-1,-1,-1
269,45,257.02,705.96,65.39,110.57,0.5666,-1,-1,-1
269,50,1049.17,102.87,58.50,179.40,0.4234,-1,-1,-1
269,49,805.47,364.82,66.67,214.34,0.4890,-1,-1,-1
269,8,942.48,91.96,64.83,177.91,0.4717,-1,-1,-1
270,3,1721.86,456.98,73.17,210.76,0.6136,-1,-1,-1
270,4,1417.08,568.70,80.24,241.61,0.6127,-1,-1,-1
270,15,943.87,921.17,82.34,157.80,0.8246,-1,-1,-1
270,23,375.44,475.26,89.57,237.73,0.7120,-1,-1,-1
270,5,227.24,435.35,61.22,194.96,0.5053,-1,-1,-1
270,19,474.26,391.79,76.10,224.36,0.6830,-1,-1,-1
270,37,254.49,772.00,89.13,262.72,0.8362,-1,-1,-1
270,42,564.91,400.35,65.30,212.95,0.6942,-1,-1,-1
270,2,185.74,571.95,80.78,250.13,0.7800,-1,-1,-1
270,51,375.43,475.28,89.60,237.74,0.7120,-1,-1,-1
270,45,258.60,707.32,68.38,108.78,0.5752,-1,-1,-1
270,50,1047.36,102.24,58.40,178.51,0.4228,-1,-1,-1
270,49,806.05,366.65,65.79,213.61,0.4712,-1,-1,-1
270,8,942.68,91.30,64.60,178.07,0.4344,-1,-1,-1
271,3,1721.54,456.42,73.72,211.87,0.6240,-1,-1,-1
271,4,1419.94,572.23,79.47,239.67,0.6349,-1,-1,-1
271,15,945.18,921.76,81.58,157.29,0.7906,-1,-1,-1
271,23,378.42,472.19,86.23,232.28,0.7101,-1,-1,-1
271,5,227.62,434.56,60.55,195.59,0.5367,-1,-1,-1
271,19,472.74,393.44,76.63,222.93,0.6600,-1,-1,-1
271,37,257.06,774.47,87.49,260.45,0.8019,-1,-1,-1
271,42,564.58,401.47,65.24,211.28,0.6833,-1,-1,-1
271,2,187.44,573.54,83.68,247.48,0.7446,-1,-1,-1
271,51,378.41,472.21,86.26,232.30,0.7101,-1,-1,-1
271,45,261.37,708.22,71.05,111.89,0.4959,-1,-1,-1
271,50,1045.32,102.03,59.14,178.50,0.4023,-1,-1,-1
271,49,808.22,369.68,64.55,212.45,0.3820,-1,-1,-1
271,8,942.83,90.71,64.75,177.65,0.4609,-1,-1,-1
271,1,461.60,156.12,65.19,199.21,0.3419,-1,-1,-1
272,3,1721.42,456.47,73.61,211.03,0.6160,-1,-1,-1
272,4,1422.07,574.62,79.44,240.86,0.6136,-1,-1,-1
272,15,945.77,922.03,81.08,157.10,0.7812,-1,-1,-1
272,23,383.32,469.75,81.94,227.83,0.6611,-1,-1,-1
272,5,228.97,433.27,58.95,196.46,0.4869,-1,-1,-1
272,19,471.28,395.06,77.14,222.23,0.6216,-1,-1,-1
272,37,259.03,779.46,87.79,259.13,0.7956,-1,-1,-1
272,42,563.91,402.00,65.52,213.64,0.6103,-1,-1,-1
272,2,189.20,574.04,86.80,246.21,0.7489,-1,-1,-1
272,51,383.31,469.76,81.97,227.85,0.6611,-1,-1,-1
272,45,265.74,707.88,72.43,114.47,0.3495,-1,-1,-1
272,50,1042.07,102.16,61.14,179.50,0.4013,-1,-1,-1
272,49,808.11,371.81,64.82,211.35,0.3933,-1,-1,-1
272,8,942.23,89.29,66.26,179.29,0.4421,-1,-1,-1
272,1,462.25,154.39,65.71,199.57,0.3169,-1,-1,-1
272,54,1115.55,95.41,62.31,167.35,0.3585,-1,-1,-1
273,3,1721.30,456.25,73.28,211.37,0.5928,-1,-1,-1
273,4,1424.05,579.01,77.66,237.41,0.5912,-1,-1,-1
273,15,945.82,922.37,81.35,156.91,0.7730,-1,-1,-1
273,23,386.32,466.31,79.03,226.51,0.6378,-1,-1,-1
273,5,229.86,432.46,58.11,193.19,0.4693,-1,-1,-1
273,19,470.44,396.19,76.30,221.74,0.6181,-1,-1,-1
273,37,258.60,781.22,90.97,262.06,0.8007,-1,-1,-1
273,42,562.69,402.60,65.92,214.38,0.5976,-1,-1,-1
273,2,191.28,574.88,89.30,245.88,0.5642,-1,-1,-1
273,51,386.31,466.32,79.05,226.52,0.6378,-1,-1,-1
273,45,269.31,709.16,76.31,120.98,0.4055,-1,-1,-1
273,50,1037.30,101.68,65.15,179.46,0.3689,-1,-1,-1
273,49,808.19,372.74,64.37,211.85,0.3613,-1,-1,-1
273,8,942.48,88.43,65.34,179.55,0.4435,-1,-1,-1
273,1,462.68,152.84,64.47,199.25,0.3521,-1,-1,-1
273,54,1113.87,95.02,62.98,167.25,0.3472,-1,-1,-1
274,3,1721.76,456.17,72.75,211.08,0.6223,-1,-1,-1
274,4,1425.50,579.36,77.74,239.46,0.6401,-1,-1,-1
274,15,946.01,922.55,81.20,156.99,0.7549,-1,-1,-1
274,23,386.71,462.66,78.71,228.07,0.6838,-1,-1,-1
274,5,229.53,431.46,58.43,192.62,0.4932,-1,-1,-1
274,19,469.84,397.01,75.24,221.95,0.4416,-1,-1,-1
274,37,261.85,784.74,92.73,264.01,0.7947,-1,-1,-1
274,42,560.82,403.24,65.94,213.70,0.5317,-1,-1,-1
274,2,192.95,576.05,92.02,248.03,0.7102,-1,-1,-1
274,51,386.71,462.67,78.73,228.08,0.6838,-1,-1,-1
274,50,1034.28,101.84,67.56,178.54,0.4613,-1,-1,-1
274,49,809.46,372.79,63.45,211.64,0.3139,-1,-1,-1
274,8,943.28,87.46,64.20,180.24,0.4686,-1,-1,-1
274,1,462.22,151.52,64.70,197.57,0.3631,-1,-1,-1
274,54,1112.54,94.61,63.66,166.34,0.4105,-1,-1,-1
275,3,1721.77,456.32,72.72,210.74,0.6324,-1,-1,-1
275,4,1428.10,580.09,76.90,240.07,0.6237,-1,-1,-1
275,15,945.19,922.62,82.28,157.05,0.7749,-1,-1,-1
275,23,386.42,461.46,79.09,227.44,0.6721,-1,-1,-1
275,5,228.52,430.28,60.22,191.69,0.3848,-1,-1,-1
275,19,469.70,398.03,73.30,218.38,0.7181,-1,-1,-1
275,37,265.91,782.77,92.58,268.90,0.7166,-1,-1,-1
275,42,559.72,404.01,65.51,211.15,0.6029,-1,-1,-1
275,2,194.48,577.66,94.12,249.76,0.7830,-1,-1,-1
275,51,386.41,461.47,79.10,227.44,0.6721,-1,-1,-1
275,50,1031.39,102.23,69.59,179.09,0.3854,-1,-1,-1
275,49,810.61,373.67,63.41,209.62,0.3424,-1,-1,-1
275,8,943.32,85.83,63.77,181.13,0.4585,-1,-1,-1
275,1,462.08,150.45,65.16,196.46,0.3372,-1,-1,-1
275,54,1110.93,94.28,64.06,168.29,0.3595,-1,-1,-1
276,3,1721.26,456.11,73.21,210.77,0.6308,-1,-1,-1
276,4,1431.38,579.47,75.40,241.79,0.6476,-1,-1,-1
276,15,944.36,923.08,83.23,156.68,0.8099,-1,-1,-1
276,23,386.84,460.10,78.65,227.78,0.7184,-1,-1,-1
276,5,228.00,428.57,60.56,192.96,0.3854,-1,-1,-1
276,19,468.82,399.24,72.56,217.23,0.7552,-1,-1,-1
276,37,270.23,783.43,91.84,271.36,0.7172,-1,-1,-1
276,42,558.02,405.69,66.38,208.26,0.6737,-1,-1,-1
276,2,195.74,577.64,94.50,249.59,0.7794,-1,-1,-1
276,51,386.84,460.11,78.66,227.79,0.7184,-1,-1,-1
276,50,1030.28,102.43,69.34,179.92,0.3622,-1,-1,-1
276,49,809.02,374.43,65.50,208.57,0.3698,-1,-1,-1
276,8,943.53,84.08,63.61,181.17,0.4386,-1,-1,-1
276,1,461.25,149.02,66.38,196.38,0.3311,-1,-1,-1
276,54,1108.41,94.19,65.35,168.34,0.3360,-1,-1,-1
277,3,1720.80,456.06,73.67,211.38,0.6169,-1,-1,-1
277,4,1434.42,580.00,74.03,242.57,0.5960,-1,-1,-1
277,15,943.94,923.68,83.71,155.72,0.8209,-1,-1,-1
277,23,387.70,458.93,78.92,228.79,0.6737,-1,-1,-1
277,5,228.04,426.23,60.20,192.48,0.4123,-1,-1,-1
277,19,468.30,400.39,71.64,216.23,0.7412,-1,-1,-1
277,37,272.66,784.19,89.24,276.13,0.7410,-1,-1,-1
277,42,557.28,408.17,65.68,205.44,0.7170,-1,-1,-1
277,2,196.90,576.66,91.68,250.45,0.7669,-1,-1,-1
277,51,387.70,458.94,78.93,228.80,0.6737,-1,-1,-1
277,50,1029.47,102.61,69.24,179.89,0.3416,-1,-1,-1
277,49,808.20,374.76,67.70,207.69,0.3203,-1,-1,-1
277,8,943.93,83.12,61.33,177.41,0.4392,-1,-1,-1
277,1,461.68,147.39,66.66,197.27,0.3029,-1,-1,-1
277,54,1107.03,94.28,63.83,166.48,0.2896,-1,-1,-1
278,3,1720.90,455.68,73.90,212.29,0.5937,-1,-1,-1
278,4,1436.16,581.99,72.91,242.50,0.5141,-1,-1,-1
278,15,943.70,923.96,84.01,154.84,0.8299,-1,-1,-1
278,23,388.03,458.69,79.97,227.85,0.6639,-1,-1,-1
278,5,228.11,424.05,60.31,185.91,0.4284,-1,-1,-1
278,19,467.74,401.39,70.01,215.90,0.7267,-1,-1,-1
278,37,274.97,788.52,84.20,274.12,0.7232,-1,-1,-1
278,42,555.62,409.99,66.13,205.13,0.7078,-1,-1,-1
278,2,198.33,575.57,87.72,251.92,0.7754,-1,-1,-1
278,51,388.03,458.69,79.98,227.85,0.6639,-1,-1,-1
278,50,1029.13,101.94,68.73,179.89,0.3696,-1,-1,-1
278,49,809.21,374.61,67.82,208.68,0.2822,-1,-1,-1
278,8,943.67,81.67,61.46,177.13,0.3850,-1,-1,-1
278,1,462.55,145.97,65.84,198.23,0.2683,-1,-1,-1
278,54,1105.39,94.31,63.62,167.33,0.3015,-1,-1,-1
278,48,882.73,384.53,69.35,187.18,0.3606,-1,-1,-1
278,45,283.40,719.19,97.19,143.53,0.6645,-1,-1,-1
279,3,1721.80,455.51,72.90,212.70,0.6061,-1,-1,-1
279,4,1437.54,588.04,71.81,237.26,0.3464,-1,-1,-1
279,15,943.12,924.27,84.65,154.49,0.8207,-1,-1,-1
279,23,387.63,458.05,81.71,229.38,0.6523,-1,-1,-1
279,5,228.89,422.41,59.82,182.82,0.4595,-1,-1,-1
279,19,467.95,402.59,68.31,214.37,0.7607,-1,-1,-1
279,37,276.92,792.95,83.25,277.50,0.7284,-1,-1,-1
279,42,554.61,411.90,65.91,204.70,0.7261,-1,-1,-1
279,2,201.73,576.21,81.30,251.83,0.7204,-1,-1,-1
279,51,387.63,458.05,81.72,229.39,0.6523,-1,-1,-1
279,50,1028.70,101.27,67.87,179.99,0.3683,-1,-1,-1
279,49,812.91,374.93,65.31,209.96,0.3002,-1,-1,-1
279,8,943.45,79.99,60.96,177.94,0.3833,-1,-1,-1
279,1,462.24,145.20,66.70,198.91,0.2933,-1,-1,-1
279,54,1103.45,94.24,63.13,163.90,0.2937,-1,-1,-1
279,45,285.87,722.18,102.96,143.39,0.6496,-1,-1,-1
280,3,1722.01,455.62,72.39,212.48,0.6190,-1,-1,-1
280,4,1438.35,588.75,71.51,237.62,0.3999,-1,-1,-1
280,15,942.33,924.76,85.80,153.83,0.8247,-1,-1,-1
280,23,388.15,457.35,81.56,230.92,0.6801,-1,-1,-1
280,5,229.18,420.61,59.69,183.96,0.5283,-1,-1,-1
280,19,467.86,403.49,66.81,214.12,0.7717,-1,-1,-1
280,37,277.73,796.82,82.83,278.16,0.7272,-1,-1,-1
280,42,553.40,414.70,66.68,206.31,0.7292,-1,-1,-1
280,2,204.76,578.28,75.83,250.88,0.6466,-1,-1,-1
280,51,388.15,457.35,81.57,230.93,0.6801,-1,-1,-1
280,50,1027.88,100.47,68.47,180.50,0.4054,-1,-1,-1
280,8,943.12,79.37,61.36,178.48,0.3767,-1,-1,-1
280,54,1101.68,94.02,63.76,162.14,0.2938,-1,-1,-1
280,45,288.39,725.76,107.73,143.64,0.6428,-1,-1,-1
281,3,1721.56,455.72,72.84,212.73,0.6205,-1,-1,-1
281,4,1439.27,587.08,73.02,239.66,0.5438,-1,-1,-1
281,15,941.57,924.35,86.36,154.53,0.8325,-1,-1,-1
281,23,389.62,456.66,79.71,230.43,0.7101,-1,-1,-1
281,5,229.16,418.61,60.30,186.89,0.4643,-1,-1,-1
281,19,467.27,404.86,65.70,213.20,0.7247,-1,-1,-1
281,37,280.00,798.73,83.14,277.69,0.7394,-1,-1,-1
281,42,552.72,417.38,66.10,206.54,0.7266,-1,-1,-1
281,2,208.33,579.53,72.57,251.14,0.6980,-1,-1,-1
281,51,389.62,456.66,79.71,230.43,0.7101,-1,-1,-1
281,50,1026.94,99.88,68.66,179.87,0.4137,-1,-1,-1
281,8,942.51,78.93,61.57,178.62,0.3983,-1,-1,-1
281,45,291.91,729.41,109.25,142.35,0.6561,-1,-1,-1
282,3,1721.47,456.19,72.59,213.02,0.6623,-1,-1,-1
282,4,1439.85,585.77,74.24,240.63,0.5731,-1,-1,-1
282,15,940.83,924.35,86.93,154.32,0.8328,-1,-1,-1
282,23,389.99,455.50,77.89,229.27,0.7426,-1,-1,-1
282,5,229.03,415.89,60.71,190.80,0.5035,-1,-1,-1
282,19,466.64,406.33,65.63,211.34,0.7359,-1,-1,-1
282,37,282.10,800.51,83.21,276.79,0.8014,-1,-1,-1
282,42,551.76,419.15,65.68,205.04,0.7530,-1,-1,-1
282,2,214.26,579.66,67.72,252.89,0.6964,-1,-1,-1
282,51,389.99,455.51,77.89,229.27,0.7426,-1,-1,-1
282,50,1025.79,99.19,68.58,179.36,0.3389,-1,-1,-1
282,8,942.05,78.64,62.12,178.55,0.4507,-1,-1,-1
282,45,296.37,733.04,109.76,140.17,0.6278,-1,-1,-1
283,3,1721.60,456.06,72.84,212.68,0.6678,-1,-1,-1
283,4,1440.74,584.31,75.81,242.04,0.5204,-1,-1,-1
283,15,940.77,924.24,87.19,154.23,0.8413,-1,-1,-1
283,23,388.99,452.51,78.85,230.89,0.7339,-1,-1,-1
283,5,229.18,414.16,61.08,188.39,0.4739,-1,-1,-1
283,19,466.41,407.39,65.02,212.18,0.7331,-1,-1,-1
283,37,283.57,800.33,84.19,277.22,0.7931,-1,-1,-1
283,42,551.88,420.88,63.68,205.76,0.7412,-1,-1,-1
283,2,217.90,579.51,66.51,253.80,0.6685,-1,-1,-1
283,51,388.99,452.51,78.85,230.89,0.7339,-1,-1,-1
283,50,1023.73,98.15,68.02,177.02,0.2782,-1,-1,-1
283,8,941.75,78.86,61.44,176.64,0.4567,-1,-1,-1
283,45,301.39,735.98,108.03,139.90,0.5687,-1,-1,-1
284,3,1721.19,456.11,73.45,212.71,0.6434,-1,-1,-1
284,4,1441.44,582.66,76.95,243.72,0.5099,-1,-1,-1
284,15,939.26,923.60,88.78,155.02,0.8327,-1,-1,-1
284,23,390.56,449.62,76.89,232.48,0.7177,-1,-1,-1
284,5,229.23,412.97,60.70,186.16,0.4221,-1,-1,-1
284,19,465.75,409.05,64.37,214.48,0.6813,-1,-1,-1
284,37,283.92,801.11,85.89,276.92,0.8000,-1,-1,-1
284,42,550.49,422.30,63.73,208.33,0.7090,-1,-1,-1
284,2,222.93,579.35,64.11,255.02,0.6366,-1,-1,-1
284,51,390.55,449.63,76.90,232.48,0.7177,-1,-1,-1
284,50,1021.75,97.04,67.19,177.04,0.3740,-1,-1,-1
284,8,941.61,78.23,61.39,177.10,0.4105,-1,-1,-1
284,45,306.15,738.33,105.38,139.76,0.5486,-1,-1,-1
285,3,1721.29,456.18,73.87,211.99,0.6550,-1,-1,-1
285,4,1444.08,580.79,77.64,245.14,0.5859,-1,-1,-1
285,15,938.13,922.94,89.46,155.36,0.8407,-1,-1,-1
285,23,391.38,447.58,75.58,233.21,0.7129,-1,-1,-1
285,5,228.39,411.99,62.23,189.42,0.4304,-1,-1,-1
285,19,465.63,409.91,63.75,216.67,0.6620,-1,-1,-1
285,37,284.63,801.92,87.36,276.14,0.7940,-1,-1,-1
285,42,549.30,422.73,62.65,210.15,0.6956,-1,-1,-1
285,2,227.25,579.29,63.07,254.71,0.6114,-1,-1,-1
285,51,391.38,447.58,75.58,233.21,0.7129,-1,-1,-1
285,50,1020.27,96.40,66.36,176.45,0.4958,-1,-1,-1
285,8,941.64,77.89,60.76,177.33,0.4760,-1,-1,-1
285,45,307.67,740.54,105.31,139.80,0.5379,-1,-1,-1
286,3,1721.84,455.92,73.26,211.94,0.6819,-1,-1,-1
286,4,1446.56,579.91,79.49,247.75,0.4880,-1,-1,-1
286,15,939.08,922.52,87.56,155.93,0.8274,-1,-1,-1
286,23,391.74,445.31,74.73,233.18,0.7064,-1,-1,-1
286,5,228.86,410.86,62.58,199.06,0.3496,-1,-1,-1
286,19,465.00,410.95,63.71,221.36,0.6737,-1,-1,-1
286,37,284.95,801.18,90.35,276.62,0.7537,-1,-1,-1
286,42,547.74,424.08,63.42,210.75,0.6855,-1,-1,-1
286,2,231.50,577.85,62.45,256.53,0.6060,-1,-1,-1
286,51,391.74,445.32,74.73,233.18,0.7064,-1,-1,-1
286,50,1019.04,95.95,65.61,176.02,0.5216,-1,-1,-1
286,8,941.57,77.42,60.50,177.73,0.4774,-1,-1,-1
286,45,308.58,742.54,104.57,139.21,0.5580,-1,-1,-1
286,48,892.74,397.55,64.86,197.77,0.3793,-1,-1,-1
287,3,1721.95,456.00,72.88,211.42,0.6640,-1,-1,-1
287,4,1449.26,579.48,80.67,247.95,0.6089,-1,-1,-1
287,15,939.23,922.60,86.63,156.09,0.8446,-1,-1,-1
287,23,391.85,443.47,74.87,228.42,0.6515,-1,-1,-1
287,5,229.30,411.11,63.20,208.82,0.3106,-1,-1,-1
287,19,464.73,412.27,63.18,223.41,0.6806,-1,-1,-1
287,37,285.87,806.23,92.38,270.46,0.8313,-1,-1,-1
287,42,545.97,425.28,64.45,211.59,0.6686,-1,-1,-1
287,2,233.78,579.07,63.10,255.12,0.5923,-1,-1,-1
287,51,391.85,443.47,74.88,228.43,0.6515,-1,-1,-1
287,50,1018.34,95.81,65.25,176.04,0.5132,-1,-1,-1
287,8,941.32,76.82,60.47,179.23,0.4559,-1,-1,-1
287,45,310.46,743.25,101.74,139.22,0.5915,-1,-1,-1
287,48,893.10,398.75,64.32,197.29,0.4168,-1,-1,-1
288,3,1722.12,456.29,72.48,211.02,0.6700,-1,-1,-1
288,4,1450.75,582.03,82.10,242.98,0.5792,-1,-1,-1
288,15,939.89,922.12,84.81,156.38,0.8231,-1,-1,-1
288,23,392.59,441.10,73.68,224.90,0.6771,-1,-1,-1
288,5,229.87,410.24,63.71,204.64,0.3661,-1,-1,-1
288,19,463.98,413.67,63.43,221.75,0.6558,-1,-1,-1
288,37,286.63,810.74,93.87,267.94,0.8379,-1,-1,-1
288,42,544.03,426.40,64.88,209.95,0.5613,-1,-1,-1
288,2,234.57,578.74,65.28,255.29,0.6403,-1,-1,-1
288,51,392.58,441.11,73.69,224.90,0.6771,-1,-1,-1
288,50,1017.78,94.86,64.83,176.77,0.5291,-1,-1,-1
288,8,940.15,76.52,60.38,177.20,0.4735,-1,-1,-1
288,45,310.46,743.43,99.48,140.98,0.5943,-1,-1,-1
288,48,893.71,399.80,64.21,197.10,0.4027,-1,-1,-1
289,3,1721.61,455.63,72.98,212.78,0.6443,-1,-1,-1
289,4,1452.05,582.11,83.74,240.88,0.5236,-1,-1,-1
289,15,940.52,921.52,82.13,156.79,0.8178,-1,-1,-1
289,23,392.98,439.00,73.19,223.40,0.6969,-1,-1,-1
289,5,229.93,409.47,63.71,194.68,0.5000,-1,-1,-1
289,19,463.26,415.13,63.59,221.60,0.6457,-1,-1,-1
289,37,288.34,814.17,94.23,265.91,0.8235,-1,-1,-1
289,42,541.78,427.30,66.14,209.43,0.6931,-1,-1,-1
289,2,235.54,579.37,67.26,253.50,0.6134,-1,-1,-1
289,51,392.98,439.00,73.19,223.40,0.6969,-1,-1,-1
289,50,1016.60,93.98,64.17,177.92,0.5444,-1,-1,-1
289,8,939.47,75.71,59.50,176.42,0.4524,-1,-1,-1
289,45,310.04,743.63,98.25,143.56,0.6077,-1,-1,-1
289,48,895.45,400.25,63.67,196.45,0.3612,-1,-1,-1
290,3,1721.70,455.66,72.99,212.49,0.6355,-1,-1,-1
290,4,1452.97,587.87,86.26,232.26,0.4234,-1,-1,-1
290,15,941.17,920.73,79.40,157.02,0.8177,-1,-1,-1
290,23,390.77,437.03,75.12,223.68,0.6762,-1,-1,-1
290,5,231.41,408.57,62.39,187.94,0.5302,-1,-1,-1
290,19,462.47,416.39,63.87,222.75,0.6699,-1,-1,-1
290,37,290.36,817.67,96.61,262.87,0.8006,-1,-1,-1
290,42,540.17,427.77,67.06,209.45,0.7562,-1,-1,-1
290,2,237.00,580.77,66.94,252.24,0.6631,-1,-1,-1
290,51,390.77,437.03,75.12,223.68,0.6762,-1,-1,-1
290,50,1015.43,93.12,63.21,178.53,0.5656,-1,-1,-1
290,8,938.95,74.51,58.28,176.28,0.4094,-1,-1,-1
290,45,311.65,744.20,94.15,145.65,0.5766,-1,-1,-1
290,48,896.90,401.55,63.42,195.74,0.3606,-1,-1,-1
291,3,1722.63,455.61,72.50,212.62,0.6296,-1,-1,-1
291,4,1454.22,592.84,86.93,223.95,0.4169,-1,-1,-1
291,15,941.50,920.19,77.88,157.24,0.8186,-1,-1,-1
291,23,387.15,434.81,78.91,225.69,0.6714,-1,-1,-1
291,5,231.49,407.78,62.91,186.85,0.4959,-1,-1,-1
291,19,462.58,417.26,63.55,223.63,0.6846,-1,-1,-1
291,37,292.51,821.24,96.88,259.40,0.7904,-1,-1,-1
291,42,538.33,427.92,67.94,209.32,0.7734,-1,-1,-1
291,2,239.05,580.37,67.04,253.04,0.6471,-1,-1,-1
291,51,387.15,434.81,78.91,225.69,0.6714,-1,-1,-1
291,50,1014.43,92.19,62.75,178.97,0.4931,-1,-1,-1
291,8,938.52,72.97,57.93,177.81,0.3621,-1,-1,-1
291,45,312.52,746.29,92.04,144.49,0.4813,-1,-1,-1
291,48,896.50,401.93,63.54,195.13,0.3643,-1,-1,-1
292,3,1721.79,456.25,73.15,211.76,0.6233,-1,-1,-1
292,4,1456.50,599.17,87.05,221.61,0.4645,-1,-1,-1
292,15,941.73,919.98,76.16,157.79,0.8104,-1,-1,-1
292,23,385.06,434.12,80.42,226.53,0.6195,-1,-1,-1
292,5,231.10,406.78,63.06,190.21,0.4806,-1,-1,-1
292,19,462.82,418.25,63.32,223.91,0.6352,-1,-1,-1
292,37,294.86,825.99,99.84,253.71,0.7064,-1,-1,-1
292,42,537.59,429.06,67.94,208.84,0.7598,-1,-1,-1
292,2,241.23,580.37,70.30,252.94,0.6506,-1,-1,-1
292,51,385.06,434.13,80.42,226.53,0.6195,-1,-1,-1
292,50,1013.06,91.98,62.80,178.56,0.4417,-1,-1,-1
292,8,938.18,71.56,58.23,176.08,0.2806,-1,-1,-1
292,48,897.00,405.31,62.59,190.81,0.4027,-1,-1,-1
293,3,1722.07,456.45,72.55,211.64,0.6214,-1,-1,-1
293,4,1457.20,600.21,90.41,223.05,0.4702,-1,-1,-1
293,15,942.20,918.93,72.41,159.38,0.8086,-1,-1,-1
293,23,382.76,432.15,82.15,228.13,0.5803,-1,-1,-1
293,5,231.53,405.81,61.84,190.07,0.5223,-1,-1,-1
293,19,462.92,419.07,63.82,223.43,0.6419,-1,-1,-1
293,37,296.15,830.04,95.74,249.17,0.7577,-1,-1,-1
293,42,536.60,431.71,68.54,207.21,0.7789,-1,-1,-1
293,2,243.14,581.29,78.49,253.50,0.6851,-1,-1,-1
293,51,382.76,432.15,82.16,228.13,0.5803,-1,-1,-1
293,50,1011.60,91.40,62.47,179.26,0.3433,-1,-1,-1
293,48,897.14,407.52,61.27,189.50,0.3657,-1,-1,-1
293,45,315.60,748.27,91.45,260.35,0.3938,-1,-1,-1
294,3,1721.65,455.97,72.94,212.05,0.6195,-1,-1,-1
294,4,1456.55,596.68,93.37,227.59,0.5760,-1,-1,-1
294,15,942.33,918.21,68.37,160.62,0.8261,-1,-1,-1
294,23,380.42,431.84,83.89,230.61,0.5920,-1,-1,-1
294,5,231.90,404.05,61.07,189.15,0.5218,-1,-1,-1
294,19,462.49,419.60,64.23,223.44,0.6784,-1,-1,-1
294,37,298.09,835.34,92.67,244.39,0.8183,-1,-1,-1
294,42,536.12,433.60,68.53,208.21,0.7988,-1,-1,-1
294,2,243.85,583.53,85.64,252.12,0.7106,-1,-1,-1
294,51,380.42,431.85,83.89,230.61,0.5920,-1,-1,-1
294,50,1010.32,90.90,61.97,178.82,0.3275,-1,-1,-1
294,48,897.37,408.90,60.83,188.03,0.3841,-1,-1,-1
294,45,323.19,750.74,84.91,284.78,0.3610,-1,-1,-1
295,3,1721.32,456.14,73.21,212.03,0.6119,-1,-1,-1
295,4,1457.59,596.73,93.73,227.56,0.5225,-1,-1,-1
295,15,941.48,917.09,66.21,162.25,0.8125,-1,-1,-1
295,23,377.56,431.95,86.49,232.02,0.5618,-1,-1,-1
295,5,231.39,401.71,61.17,186.33,0.4805,-1,-1,-1
295,19,462.42,419.86,64.12,222.30,0.6581,-1,-1,-1
295,37,300.10,838.89,91.39,241.24,0.8014,-1,-1,-1
295,42,535.35,435.38,68.10,209.34,0.7930,-1,-1,-1
295,2,244.13,584.28,91.19,250.84,0.7505,-1,-1,-1
295,51,377.56,431.95,86.49,232.02,0.5618,-1,-1,-1
295,50,1009.28,90.70,60.95,178.97,0.3415,-1,-1,-1
295,48,896.80,410.52,61.71,187.51,0.4044,-1,-1,-1
295,45,327.81,754.54,83.35,292.40,0.3948,-1,-1,-1
296,3,1721.55,456.08,72.77,212.30,0.6402,-1,-1,-1
296,4,1459.54,598.90,95.05,226.48,0.5336,-1,-1,-1
296,15,941.12,916.12,63.46,163.07,0.8231,-1,-1,-1
296,23,376.24,430.96,87.05,232.54,0.5834,-1,-1,-1
296,5,231.54,399.18,61.42,185.62,0.5711,-1,-1,-1
296,19,461.81,420.26,64.65,221.36,0.6842,-1,-1,-1
296,37,301.79,841.73,91.71,238.51,0.8225,-1,-1,-1
296,42,535.06,438.20,67.14,206.78,0.7968,-1,-1,-1
296,2,244.49,584.63,92.52,250.21,0.7586,-1,-1,-1
296,51,376.24,430.96,87.06,232.54,0.5834,-1,-1,-1
296,50,1008.80,90.33,59.61,177.99,0.3804,-1,-1,-1
296,48,896.50,411.27,62.33,191.09,0.5178,-1,-1,-1
296,45,329.46,758.11,81.16,297.32,0.3732,-1,-1,-1
297,3,1721.26,456.25,72.63,212.01,0.6102,-1,-1,-1
297,4,1460.82,597.41,98.95,229.30,0.5992,-1,-1,-1
297,15,941.00,915.40,61.94,164.34,0.8258,-1,-1,-1
297,23,376.17,429.97,86.36,232.80,0.5188,-1,-1,-1
297,5,232.50,398.24,60.91,185.43,0.5992,-1,-1,-1
297,19,461.27,421.12,64.43,220.64,0.6791,-1,-1,-1
297,37,303.28,842.55,92.39,237.73,0.8395,-1,-1,-1
297,42,534.95,440.76,65.41,205.78,0.7893,-1,-1,-1
297,2,245.28,585.40,92.63,249.17,0.7557,-1,-1,-1
297,51,376.17,429.97,86.36,232.80,0.5188,-1,-1,-1
297,50,1007.70,90.02,60.07,178.00,0.3443,-1,-1,-1
297,48,895.46,412.26,63.60,195.07,0.5393,-1,-1,-1
298,3,1721.99,456.55,72.17,211.57,0.6457,-1,-1,-1
298,4,1462.52,598.68,102.35,229.85,0.6178,-1,-1,-1
298,15,940.89,914.60,61.71,165.21,0.8377,-1,-1,-1
298,23,375.74,429.64,86.26,230.24,0.5547,-1,-1,-1
298,5,233.33,397.16,61.16,186.48,0.5831,-1,-1,-1
298,19,460.53,421.89,64.33,219.15,0.6679,-1,-1,-1
298,37,304.86,844.24,93.73,236.15,0.8493,-1,-1,-1
298,42,534.79,442.90,64.84,202.64,0.6868,-1,-1,-1
298,2,246.09,585.50,92.10,248.18,0.7095,-1,-1,-1
298,51,375.74,429.64,86.26,230.24,0.5547,-1,-1,-1
298,50,1007.64,89.19,60.29,177.56,0.3500,-1,-1,-1
298,48,895.07,413.83,64.11,197.69,0.5663,-1,-1,-1
299,3,1721.88,457.01,72.21,211.06,0.6286,-1,-1,-1
299,4,1462.97,594.38,104.10,235.23,0.6795,-1,-1,-1
299,15,939.88,913.95,62.19,165.37,0.8440,-1,-1,-1
299,23,376.89,428.34,84.77,228.62,0.6135,-1,-1,-1
299,5,232.70,396.26,62.02,186.12,0.6354,-1,-1,-1
299,19,459.53,422.37,64.63,219.85,0.6861,-1,-1,-1
299,37,306.02,845.64,94.20,234.64,0.8536,-1,-1,-1
299,42,535.44,445.21,63.34,202.78,0.7870,-1,-1,-1
299,2,248.54,584.46,90.21,248.55,0.7674,-1,-1,-1
299,51,376.88,428.34,84.77,228.63,0.6135,-1,-1,-1
299,50,1007.65,87.34,59.94,179.70,0.3341,-1,-1,-1
299,48,894.85,414.99,64.07,198.36,0.5773,-1,-1,-1
300,3,1722.45,456.58,71.63,212.14,0.6315,-1,-1,-1
300,4,1464.07,591.40,105.21,238.67,0.7190,-1,-1,-1
300,15,939.63,913.93,61.47,165.41,0.8307,-1,-1,-1
300,23,379.14,425.92,82.15,225.18,0.6107,-1,-1,-1
300,5,232.63,395.80,61.39,186.50,0.6209,-1,-1,-1
300,19,458.65,423.27,65.17,220.93,0.6945,-1,-1,-1
300,37,307.34,846.64,95.49,233.56,0.8385,-1,-1,-1
300,42,535.33,446.70,63.12,203.82,0.8067,-1,-1,-1
300,2,249.86,584.03,90.31,248.03,0.7657,-1,-1,-1
300,51,379.14,425.92,82.15,225.18,0.6107,-1,-1,-1
300,50,1007.18,85.80,59.68,181.40,0.3554,-1,-1,-1
300,48,895.57,415.90,62.91,199.39,0.5117,-1,-1,-1
301,3,1722.31,456.99,71.55,211.40,0.6421,-1,-1,-1
301,4,1466.01,589.15,104.33,241.32,0.7163,-1,-1,-1
301,15,940.83,913.69,59.15,165.84,0.8036,-1,-1,-1
301,23,382.00,422.73,78.60,224.39,0.6306,-1,-1,-1
301,5,233.51,395.79,60.36,186.57,0.6044,-1,-1,-1
301,19,458.12,425.56,65.19,221.33,0.7068,-1,-1,-1
301,37,307.99,847.68,96.73,232.56,0.8261,-1,-1,-1
301,42,535.73,447.31,62.57,205.85,0.8164,-1,-1,-1
301,2,251.20,582.72,90.29,249.01,0.7255,-1,-1,-1
301,51,382.00,422.73,78.60,224.39,0.6306,-1,-1,-1
301,50,1006.29,84.70,60.31,181.17,0.3768,-1,-1,-1
301,48,895.70,416.56,62.30,198.48,0.5207,-1,-1,-1
301,45,345.88,774.39,79.05,274.92,0.5287,-1,-1,-1
302,3,1722.55,456.54,71.53,212.52,0.6582,-1,-1,-1
302,4,1468.41,588.11,103.04,243.11,0.6515,-1,-1,-1
302,15,941.19,912.41,57.98,167.21,0.7856,-1,-1,-1
302,23,385.62,418.71,75.12,223.71,0.5946,-1,-1,-1
302,5,233.00,395.08,60.25,187.65,0.5948,-1,-1,-1
302,19,458.01,427.21,64.65,221.91,0.6574,-1,-1,-1
302,37,309.06,848.10,98.45,232.05,0.8198,-1,-1,-1
302,42,535.71,447.82,62.37,205.21,0.7970,-1,-1,-1
302,2,253.62,581.38,89.65,250.62,0.7255,-1,-1,-1
302,51,385.62,418.71,75.12,223.71,0.5946,-1,-1,-1
302,50,1005.06,83.56,60.76,180.14,0.3361,-1,-1,-1
302,48,896.28,417.01,61.08,199.96,0.6057,-1,-1,-1
302,45,348.71,775.37,80.36,269.59,0.3110,-1,-1,-1
303,3,1722.50,456.45,71.57,212.46,0.6400,-1,-1,-1
303,4,1471.33,584.63,101.87,246.92,0.5467,-1,-1,-1
303,15,940.87,912.29,57.29,167.14,0.7723,-1,-1,-1
303,23,388.35,415.76,71.99,221.63,0.6701,-1,-1,-1
303,5,233.25,394.54,59.74,188.26,0.6081,-1,-1,-1
303,19,458.05,429.03,63.41,222.14,0.6919,-1,-1,-1
303,37,310.50,848.26,98.45,231.89,0.8250,-1,-1,-1
303,42,535.60,448.28,62.99,207.78,0.8086,-1,-1,-1
303,2,257.58,580.10,88.42,252.12,0.6702,-1,-1,-1
303,51,388.35,415.76,71.99,221.63,0.6701,-1,-1,-1
303,50,1004.30,83.06,60.66,176.54,0.3094,-1,-1,-1
303,48,896.27,418.54,60.14,199.16,0.5611,-1,-1,-1
303,45,350.95,776.29,82.86,195.52,0.4971,-1,-1,-1
303,49,829.14,404.37,75.98,216.14,0.4266,-1,-1,-1
304,3,1722.58,456.12,71.67,213.69,0.6312,-1,-1,-1
304,4,1473.74,580.72,100.91,251.53,0.5704,-1,-1,-1
304,15,940.08,911.56,58.20,168.23,0.7685,-1,-1,-1
304,23,389.82,412.00,70.44,222.38,0.6450,-1,-1,-1
304,5,233.23,393.29,59.52,189.53,0.6090,-1,-1,-1
304,19,456.84,430.61,63.20,220.92,0.6641,-1,-1,-1
304,37,312.31,849.73,98.53,230.37,0.8041,-1,-1,-1
304,42,535.39,449.01,63.53,207.43,0.7966,-1,-1,-1
304,2,264.25,579.88,84.99,251.18,0.6408,-1,-1,-1
304,51,389.82,412.00,70.44,222.38,0.6450,-1,-1,-1
304,50,1004.41,82.65,60.00,174.48,0.3279,-1,-1,-1
304,48,896.21,418.77,59.79,199.02,0.4684,-1,-1,-1
304,45,354.22,776.65,85.15,166.80,0.4201,-1,-1,-1
304,49,829.57,403.12,80.47,218.78,0.5339,-1,-1,-1
305,3,1722.04,456.25,71.86,213.32,0.6257,-1,-1,-1
305,4,1475.58,583.86,99.43,249.87,0.5280,-1,-1,-1
305,15,938.19,910.36,60.07,169.64,0.7813,-1,-1,-1
305,23,390.66,408.94,69.86,222.91,0.6185,-1,-1,-1
305,5,233.40,391.85,59.18,191.23,0.6005,-1,-1,-1
305,19,454.55,432.54,65.65,223.16,0.7350,-1,-1,-1
305,37,315.37,851.74,97.63,228.44,0.8381,-1,-1,-1
305,42,535.36,449.80,63.68,207.96,0.7953,-1,-1,-1
305,2,273.30,580.34,79.10,249.71,0.6224,-1,-1,-1
305,51,390.66,408.94,69.86,222.91,0.6185,-1,-1,-1
305,50,1003.99,82.23,60.31,173.86,0.3133,-1,-1,-1
305,48,897.39,418.08,57.83,199.30,0.3835,-1,-1,-1
305,45,356.09,778.11,88.99,157.64,0.5350,-1,-1,-1
305,49,830.68,403.40,82.24,220.07,0.5763,-1,-1,-1
306,3,1722.15,456.93,71.64,212.83,0.6257,-1,-1,-1
306,4,1478.77,585.49,97.37,248.38,0.5929,-1,-1,-1
306,15,935.51,909.50,63.32,170.55,0.7814,-1,-1,-1
306,23,390.66,406.69,69.71,223.07,0.5687,-1,-1,-1
306,5,233.02,390.64,59.55,192.08,0.6454,-1,-1,-1
306,19,452.77,434.15,66.40,224.67,0.7397,-1,-1,-1
306,37,318.72,857.30,93.71,222.83,0.8410,-1,-1,-1
306,42,534.47,450.33,64.16,205.20,0.7766,-1,-1,-1
306,2,284.62,580.63,72.21,248.59,0.6103,-1,-1,-1
306,51,390.66,406.69,69.71,223.07,0.5687,-1,-1,-1
306,50,1002.80,81.40,61.49,173.48,0.2931,-1,-1,-1
306,48,897.14,418.31,58.09,197.90,0.3338,-1,-1,-1
306,45,358.56,780.11,92.22,150.45,0.6759,-1,-1,-1
306,49,831.19,402.74,82.39,221.58,0.5447,-1,-1,-1
307,3,1722.04,456.24,72.00,213.63,0.6252,-1,-1,-1
307,4,1481.49,584.83,95.80,248.75,0.5359,-1,-1,-1
307,15,933.65,908.40,65.87,171.61,0.7773,-1,-1,-1
307,23,391.76,405.91,68.66,223.56,0.5956,-1,-1,-1
307,5,232.45,388.04,59.73,193.01,0.6396,-1,-1,-1
307,19,450.96,436.69,66.88,225.42,0.7888,-1,-1,-1
307,37,320.08,861.35,94.01,218.70,0.8519,-1,-1,-1
307,42,533.16,450.35,64.99,206.10,0.7917,-1,-1,-1
307,2,294.30,579.80,70.67,247.84,0.6418,-1,-1,-1
307,51,391.76,405.91,68.66,223.56,0.5956,-1,-1,-1
307,50,1001.99,80.70,61.49,172.74,0.2652,-1,-1,-1
307,48,896.70,425.22,55.13,191.01,0.3477,-1,-1,-1
307,45,360.81,781.69,96.59,149.68,0.6924,-1,-1,-1
307,49,832.14,404.68,83.04,220.22,0.3194,-1,-1,-1
308,3,1722.43,456.29,71.82,213.82,0.6382,-1,-1,-1
308,4,1483.71,591.10,95.52,243.59,0.7164,-1,-1,-1
308,15,931.51,908.17,68.75,171.94,0.7887,-1,-1,-1
308,23,391.52,405.14,69.68,225.05,0.6239,-1,-1,-1
308,5,231.13,386.12,60.47,191.33,0.6554,-1,-1,-1
308,19,449.55,438.63,66.54,224.93,0.7964,-1,-1,-1
308,37,322.09,866.52,94.64,213.63,0.8435,-1,-1,-1
308,42,531.19,451.95,66.49,204.84,0.8063,-1,-1,-1
308,2,302.35,580.21,69.94,245.62,0.7191,-1,-1,-1
308,51,391.52,405.14,69.68,225.05,0.6239,-1,-1,-1
308,50,1000.62,80.45,62.68,173.92,0.3501,-1,-1,-1
308,45,362.05,785.20,101.89,149.86,0.7351,-1,-1,-1
308,49,831.53,410.55,84.25,214.17,0.2672,-1,-1,-1
308,60,792.41,103.89,75.53,219.23,0.3657,-1,-1,-1
308,54,1065.36,84.39,50.95,161.68,0.3590,-1,-1,-1
309,3,1722.09,455.58,71.86,214.49,0.6527,-1,-1,-1
309,4,1485.95,590.49,95.66,244.26,0.6678,-1,-1,-1
309,15,929.79,907.52,70.99,172.55,0.8004,-1,-1,-1
309,23,391.59,405.74,69.81,224.74,0.5844,-1,-1,-1
309,5,231.04,383.85,60.58,189.82,0.6094,-1,-1,-1
309,19,448.68,440.06,65.56,225.72,0.7719,-1,-1,-1
309,37,324.42,871.23,93.75,208.87,0.8451,-1,-1,-1
309,42,529.47,454.52,67.66,207.62,0.8058,-1,-1,-1
309,2,307.86,579.84,74.61,247.43,0.7291,-1,-1,-1
309,51,391.59,405.74,69.81,224.74,0.5844,-1,-1,-1
309,50,1000.08,79.47,63.19,176.33,0.3333,-1,-1,-1
309,45,364.34,789.85,105.01,148.98,0.7724,-1,-1,-1
309,60,792.15,103.90,75.37,219.52,0.4217,-1,-1,-1
309,54,1065.16,83.85,49.92,159.56,0.3529,-1,-1,-1
310,3,1722.04,455.12,71.73,214.18,0.6572,-1,-1,-1
310,4,1487.46,589.19,96.35,244.81,0.6253,-1,-1,-1
310,15,927.98,907.74,73.55,172.31,0.8142,-1,-1,-1
310,23,392.26,405.85,69.58,225.01,0.5787,-1,-1,-1
310,5,230.69,381.92,60.06,188.19,0.6190,-1,-1,-1
310,19,447.43,441.02,64.88,225.40,0.6997,-1,-1,-1
310,37,327.24,873.54,93.53,206.52,0.8271,-1,-1,-1
310,42,528.27,455.96,67.79,209.95,0.8123,-1,-1,-1
310,2,311.95,579.50,78.44,248.67,0.7847,-1,-1,-1
310,51,392.26,405.85,69.58,225.01,0.5787,-1,-1,-1
310,50,999.01,78.73,64.01,177.05,0.3824,-1,-1,-1
310,45,366.07,794.32,106.77,147.23,0.7166,-1,-1,-1
310,60,792.45,103.79,74.26,219.96,0.3439,-1,-1,-1
310,54,1064.31,84.25,50.40,159.45,0.3324,-1,-1,-1
311,3,1722.15,454.98,71.76,214.41,0.6475,-1,-1,-1
311,4,1488.59,589.93,100.83,244.12,0.6626,-1,-1,-1
311,15,927.02,907.35,74.77,172.68,0.8326,-1,-1,-1
311,23,392.50,406.60,69.04,224.12,0.5391,-1,-1,-1
311,5,230.82,380.06,59.03,188.11,0.5628,-1,-1,-1
311,19,445.69,440.72,65.27,226.52,0.5700,-1,-1,-1
311,37,330.21,876.28,94.62,203.73,0.8154,-1,-1,-1
311,42,527.53,457.33,67.09,211.84,0.7923,-1,-1,-1
311,2,315.55,579.79,81.87,247.23,0.8345,-1,-1,-1
311,51,392.50,406.60,69.04,224.12,0.5391,-1,-1,-1
311,50,997.79,79.08,65.08,176.00,0.2907,-1,-1,-1
311,45,367.84,798.20,108.40,144.56,0.7379,-1,-1,-1
311,60,792.97,102.96,73.05,220.67,0.3866,-1,-1,-1
311,54,1062.93,83.30,50.36,158.58,0.3656,-1,-1,-1
312,3,1722.42,455.39,71.62,213.54,0.6781,-1,-1,-1
312,4,1489.84,592.83,101.50,240.44,0.7014,-1,-1,-1
312,15,926.77,906.47,75.35,173.60,0.8241,-1,-1,-1
312,23,392.94,406.22,68.42,222.83,0.5051,-1,-1,-1
312,5,230.86,378.35,59.02,188.51,0.5756,-1,-1,-1
312,19,444.30,441.18,65.14,227.02,0.7060,-1,-1,-1
312,37,333.26,877.60,96.25,202.50,0.8111,-1,-1,-1
312,42,526.99,460.35,66.54,214.06,0.7858,-1,-1,-1
312,2,318.11,581.27,87.60,244.37,0.8395,-1,-1,-1
312,51,392.94,406.22,68.42,222.83,0.5051,-1,-1,-1
312,50,997.59,79.20,65.57,176.09,0.2827,-1,-1,-1
312,45,369.34,800.98,109.41,145.30,0.7094,-1,-1,-1
312,60,791.71,103.15,72.22,220.09,0.3718,-1,-1,-1
312,54,1062.21,82.51,49.94,157.69,0.2868,-1,-1,-1
313,3,1722.99,454.85,71.39,213.85,0.6690,-1,-1,-1
313,4,1491.83,596.64,102.12,237.31,0.6780,-1,-1,-1
313,15,926.41,905.85,76.06,174.22,0.8244,-1,-1,-1
313,23,393.73,404.94,67.40,223.45,0.4807,-1,-1,-1
313,5,230.33,377.09,59.49,188.98,0.5860,-1,-1,-1
313,19,442.28,442.39,65.43,226.85,0.6957,-1,-1,-1
313,37,336.74,880.78,98.14,199.28,0.8105,-1,-1,-1
313,42,527.05,463.01,65.54,214.02,0.7647,-1,-1,-1
313,2,319.70,583.07,92.00,242.24,0.8463,-1,-1,-1
313,51,393.73,404.94,67.40,223.45,0.4807,-1,-1,-1
313,50,997.87,79.24,65.26,175.50,0.2666,-1,-1,-1
313,45,370.82,804.03,109.62,144.98,0.6907,-1,-1,-1
313,60,788.64,103.48,73.17,219.45,0.2836,-1,-1,-1
313,54,1061.25,82.64,50.24,158.99,0.2771,-1,-1,-1
314,3,1723.25,455.00,71.26,213.98,0.6702,-1,-1,-1
314,4,1494.12,598.67,101.80,235.64,0.6129,-1,-1,-1
314,15,926.42,905.51,76.99,174.55,0.8259,-1,-1,-1
314,23,393.87,403.28,66.69,225.18,0.4479,-1,-1,-1
314,5,229.44,376.54,60.40,188.81,0.6003,-1,-1,-1
314,19,440.66,443.18,65.83,226.13,0.6920,-1,-1,-1
314,37,340.77,884.58,96.63,195.46,0.8104,-1,-1,-1
314,42,526.82,464.57,64.54,214.88,0.7573,-1,-1,-1
314,2,320.07,584.20,96.04,240.96,0.8417,-1,-1,-1
314,51,393.87,403.28,66.69,225.18,0.4479,-1,-1,-1
314,45,371.62,807.46,110.87,145.66,0.6616,-1,-1,-1
315,3,1723.17,454.84,71.39,214.16,0.6582,-1,-1,-1
315,4,1497.10,601.24,98.20,233.25,0.6254,-1,-1,-1
315,15,925.58,905.23,77.76,174.85,0.8301,-1,-1,-1
315,23,393.52,401.47,64.82,225.26,0.2837,-1,-1,-1
315,5,228.72,375.88,61.86,189.21,0.6045,-1,-1,-1
315,19,439.07,444.37,66.32,224.18,0.7125,-1,-1,-1
315,37,343.41,887.53,96.41,192.52,0.8211,-1,-1,-1
315,42,526.35,465.95,63.64,215.20,0.7365,-1,-1,-1
315,2,319.71,585.01,103.38,240.57,0.8313,-1,-1,-1
315,45,374.42,808.69,108.48,145.96,0.4237,-1,-1,-1
316,3,1723.10,455.01,71.59,214.65,0.6251,-1,-1,-1
316,4,1501.22,601.76,94.60,233.80,0.6978,-1,-1,-1
316,15,925.62,905.47,77.71,174.60,0.8254,-1,-1,-1
316,5,228.83,375.62,62.65,188.21,0.6236,-1,-1,-1
316,19,437.71,445.75,66.45,224.17,0.7400,-1,-1,-1
316,37,345.70,891.04,95.05,189.04,0.8170,-1,-1,-1
316,42,525.06,467.18,63.45,218.46,0.7322,-1,-1,-1
316,2,319.93,585.35,109.47,239.97,0.8217,-1,-1,-1
316,45,376.98,809.42,105.65,149.32,0.5712,-1,-1,-1
317,3,1723.01,454.68,71.59,215.15,0.6585,-1,-1,-1
317,4,1506.10,602.03,88.29,234.18,0.6063,-1,-1,-1
317,15,925.66,905.89,78.12,174.11,0.8265,-1,-1,-1
317,5,228.56,375.40,63.21,187.22,0.6268,-1,-1,-1
317,19,436.04,446.11,66.44,224.31,0.7304,-1,-1,-1
317,37,348.36,891.98,93.63,188.01,0.8150,-1,-1,-1
317,42,522.89,468.94,63.91,219.79,0.7653,-1,-1,-1
317,2,319.89,585.00,114.03,241.08,0.7895,-1,-1,-1
317,45,379.23,812.81,102.38,150.10,0.5173,-1,-1,-1
318,3,1723.16,454.64,71.48,214.70,0.6719,-1,-1,-1
318,4,1510.99,600.92,85.43,237.10,0.6245,-1,-1,-1
318,15,925.53,905.83,78.35,174.17,0.8213,-1,-1,-1
318,5,229.11,375.19,62.17,185.09,0.6049,-1,-1,-1
318,19,435.43,447.93,66.30,227.19,0.7251,-1,-1,-1
318,37,351.03,893.28,94.65,186.72,0.8145,-1,-1,-1
318,42,521.11,468.95,64.22,219.56,0.7725,-1,-1,-1
318,2,320.62,584.94,114.11,240.95,0.8263,-1,-1,-1
318,45,381.01,813.15,99.40,152.62,0.5800,-1,-1,-1
319,3,1723.82,455.06,70.43,214.54,0.6894,-1,-1,-1
319,4,1514.81,601.25,82.73,238.58,0.5659,-1,-1,-1
319,15,926.52,905.94,77.30,174.06,0.8097,-1,-1,-1
319,5,230.17,374.24,61.16,186.13,0.6355,-1,-1,-1
319,19,434.74,450.80,66.69,230.58,0.7500,-1,-1,-1
319,37,353.13,894.30,96.06,185.73,0.8129,-1,-1,-1
319,42,517.72,469.01,66.32,219.47,0.8014,-1,-1,-1
319,2,320.96,584.23,115.12,241.20,0.8294,-1,-1,-1
319,45,382.25,813.09,96.05,155.43,0.6206,-1,-1,-1
320,3,1723.67,454.73,70.58,214.77,0.7063,-1,-1,-1
320,4,1516.94,602.33,81.53,236.02,0.3803,-1,-1,-1
320,15,928.63,906.33,75.38,173.68,0.8130,-1,-1,-1
320,5,231.16,373.15,60.31,186.69,0.6315,-1,-1,-1
320,19,434.38,455.42,67.06,231.73,0.7224,-1,-1,-1
320,37,354.72,894.84,100.85,185.18,0.7686,-1,-1,-1
320,42,515.32,469.52,67.88,219.41,0.8085,-1,-1,-1
320,2,323.97,583.26,113.19,241.16,0.8159,-1,-1,-1
320,45,382.51,813.45,93.09,155.94,0.5720,-1,-1,-1
320,49,832.56,432.00,75.96,206.61,0.5740,-1,-1,-1
321,3,1723.45,454.67,70.62,214.90,0.6626,-1,-1,-1
321,4,1522.12,604.32,81.82,235.69,0.2608,-1,-1,-1
321,15,929.10,907.21,74.78,172.77,0.8035,-1,-1,-1
321,5,232.52,372.12,58.82,186.56,0.6025,-1,-1,-1
321,19,432.08,458.51,69.06,232.28,0.6620,-1,-1,-1
321,37,356.85,895.78,104.89,184.20,0.8103,-1,-1,-1
321,42,513.67,470.11,68.35,220.07,0.7839,-1,-1,-1
321,2,327.01,582.17,108.06,241.94,0.7883,-1,-1,-1
321,45,384.06,814.80,88.96,158.67,0.5543,-1,-1,-1
321,49,832.77,433.25,78.38,206.34,0.5097,-1,-1,-1
322,3,1723.16,455.52,70.79,213.59,0.6926,-1,-1,-1
322,15,931.07,907.31,72.47,172.62,0.7996,-1,-1,-1
322,5,233.90,369.58,57.58,187.86,0.5971,-1,-1,-1
322,19,430.77,461.14,70.17,229.48,0.7147,-1,-1,-1
322,37,358.07,898.79,104.41,181.15,0.7736,-1,-1,-1
322,42,512.24,471.32,68.95,218.09,0.8238,-1,-1,-1
322,2,331.45,580.20,100.28,244.16,0.8066,-1,-1,-1
322,45,388.00,815.70,83.82,161.50,0.5557,-1,-1,-1
322,49,832.36,433.67,82.24,208.35,0.6848,-1,-1,-1
322,54,1048.28,78.67,50.75,158.61,0.3501,-1,-1,-1
323,3,1723.22,455.19,71.15,213.82,0.6994,-1,-1,-1
323,15,933.87,907.01,68.73,172.91,0.7661,-1,-1,-1
323,5,234.41,367.23,57.57,188.03,0.6358,-1,-1,-1
323,19,429.63,463.05,71.30,228.80,0.7165,-1,-1,-1
323,37,360.08,901.92,101.36,178.05,0.8300,-1,-1,-1
323,42,511.83,471.88,69.46,217.98,0.8259,-1,-1,-1
323,2,339.43,579.13,90.83,244.49,0.7367,-1,-1,-1
323,45,389.96,818.37,80.50,161.50,0.6027,-1,-1,-1
323,49,832.32,434.07,83.26,210.01,0.6782,-1,-1,-1
323,54,1047.44,77.08,49.66,159.99,0.3918,-1,-1,-1
324,3,1723.29,455.69,71.14,213.53,0.7138,-1,-1,-1
324,15,935.87,907.31,65.78,172.61,0.7723,-1,-1,-1
324,5,234.39,364.61,57.62,188.57,0.5813,-1,-1,-1
324,19,427.89,464.22,73.21,228.38,0.7428,-1,-1,-1
324,37,361.54,908.04,99.01,171.88,0.8035,-1,-1,-1
324,42,510.75,472.47,70.50,217.54,0.8286,-1,-1,-1
324,2,347.48,578.96,84.45,244.18,0.7341,-1,-1,-1
324,45,394.12,821.95,77.56,157.86,0.5903,-1,-1,-1
324,49,832.32,435.93,85.61,208.95,0.5306,-1,-1,-1
324,54,1046.83,75.23,48.75,159.92,0.3571,-1,-1,-1
325,3,1723.42,455.66,71.33,212.98,0.7090,-1,-1,-1
325,15,936.45,908.06,65.01,171.87,0.7726,-1,-1,-1
325,5,233.44,360.95,58.41,189.16,0.5404,-1,-1,-1
325,19,427.70,464.10,73.35,229.36,0.7776,-1,-1,-1
325,37,364.80,914.13,97.53,165.76,0.8001,-1,-1,-1
325,42,509.95,474.54,70.75,215.43,0.8421,-1,-1,-1
325,2,355.35,578.67,78.13,243.06,0.7692,-1,-1,-1
325,45,397.81,826.29,75.68,153.34,0.6181,-1,-1,-1
325,49,833.61,435.45,85.58,209.96,0.5658,-1,-1,-1
325,54,1046.09,73.73,48.83,160.90,0.3482,-1,-1,-1
325,50,990.67,72.14,58.76,173.26,0.3986,-1,-1,-1
326,3,1723.29,455.96,71.90,212.90,0.7422,-1,-1,-1
326,15,938.78,909.28,61.66,170.79,0.7347,-1,-1,-1
326,5,233.80,358.49,58.06,189.64,0.5836,-1,-1,-1
326,19,427.19,465.35,74.10,229.62,0.7742,-1,-1,-1
326,37,366.76,918.27,96.81,161.79,0.7853,-1,-1,-1
326,42,509.60,476.11,71.07,216.55,0.8419,-1,-1,-1
326,2,367.75,578.65,70.32,243.29,0.7414,-1,-1,-1
326,45,401.86,830.95,73.46,149.95,0.5615,-1,-1,-1
326,49,835.28,435.01,86.62,209.99,0.6755,-1,-1,-1
326,54,1045.46,73.97,49.43,159.24,0.3566,-1,-1,-1
326,50,989.16,71.56,58.05,172.13,0.4708,-1,-1,-1
326,4,1527.84,606.91,85.36,234.42,0.4075,-1,-1,-1
327,3,1723.28,455.95,71.87,212.53,0.7471,-1,-1,-1
327,15,940.51,909.63,58.32,170.35,0.7258,-1,-1,-1
327,5,233.69,356.45,58.92,190.53,0.6100,-1,-1,-1
327,19,425.89,465.78,75.09,229.83,0.7806,-1,-1,-1
327,37,368.13,919.78,99.26,160.25,0.8023,-1,-1,-1
327,42,509.50,477.26,70.23,220.02,0.8331,-1,-1,-1
327,2,376.47,577.49,66.76,245.11,0.6358,-1,-1,-1
327,45,405.67,835.54,72.40,147.59,0.5434,-1,-1,-1
327,49,836.40,435.27,86.56,208.52,0.6043,-1,-1,-1
327,54,1044.23,73.60,50.06,158.35,0.3394,-1,-1,-1
327,50,988.73,70.72,58.01,171.25,0.4527,-1,-1,-1
327,4,1530.13,609.52,85.06,233.04,0.4302,-1,-1,-1
328,3,1723.58,456.86,71.66,212.06,0.7477,-1,-1,-1
328,15,941.37,910.90,56.97,168.24,0.7337,-1,-1,-1
328,5,232.75,355.29,59.92,189.72,0.6533,-1,-1,-1
328,19,425.19,466.13,75.69,229.64,0.7332,-1,-1,-1
328,37,369.27,922.81,97.94,157.20,0.7836,-1,-1,-1
328,42,508.64,478.62,70.03,222.19,0.8352,-1,-1,-1
328,2,384.16,576.40,65.35,247.26,0.6834,-1,-1,-1
328,45,410.40,838.83,71.90,150.06,0.5294,-1,-1,-1
328,49,838.86,435.53,87.69,208.40,0.4960,-1,-1,-1
328,54,1042.87,73.21,50.17,158.10,0.3739,-1,-1,-1
328,50,987.54,69.59,57.94,172.00,0.4316,-1,-1,-1
328,4,1534.34,610.14,82.65,232.73,0.5610,-1,-1,-1
328,1,450.39,113.30,70.68,194.33,0.3545,-1,-1,-1
329,3,1723.87,456.24,71.49,212.67,0.7222,-1,-1,-1
329,15,942.53,912.07,56.97,166.81,0.7526,-1,-1,-1
329,5,232.67,354.42,60.11,189.55,0.6502,-1,-1,-1
329,19,422.63,467.42,78.30,228.70,0.6878,-1,-1,-1
329,37,370.63,925.19,97.41,154.82,0.7772,-1,-1,-1
329,42,508.38,481.85,69.37,222.38,0.8231,-1,-1,-1
329,2,389.02,577.36,66.50,247.35,0.6712,-1,-1,-1
329,45,414.36,842.40,72.82,155.03,0.4520,-1,-1,-1
329,49,840.31,435.43,82.02,208.52,0.2875,-1,-1,-1
329,54,1041.54,72.92,50.72,156.64,0.2833,-1,-1,-1
329,50,987.91,69.36,56.11,171.33,0.5040,-1,-1,-1
329,4,1536.00,609.53,85.57,234.15,0.4266,-1,-1,-1
329,1,448.84,112.24,73.24,194.16,0.3025,-1,-1,-1
330,3,1723.93,456.65,71.67,212.31,0.7471,-1,-1,-1
330,15,942.08,913.67,58.90,164.94,0.7515,-1,-1,-1
330,5,232.31,353.74,59.83,188.65,0.6611,-1,-1,-1
330,19,414.97,469.61,85.88,226.54,0.7127,-1,-1,-1
330,37,373.11,925.94,94.64,152.51,0.6825,-1,-1,-1
330,42,508.50,484.81,68.61,221.34,0.8389,-1,-1,-1
330,2,391.47,591.16,69.01,234.86,0.4062,-1,-1,-1
330,45,417.06,845.09,75.01,207.06,0.6644,-1,-1,-1
330,54,1039.87,73.45,51.47,158.78,0.3468,-1,-1,-1
330,50,986.73,68.67,56.00,172.82,0.4725,-1,-1,-1
330,4,1537.35,609.70,85.07,233.74,0.4513,-1,-1,-1
330,1,448.18,111.69,74.95,193.18,0.2669,-1,-1,-1
330,63,939.13,387.82,61.95,194.19,0.4381,-1,-1,-1
331,3,1723.10,456.53,72.31,211.95,0.7749,-1,-1,-1
331,15,941.12,914.27,61.44,164.62,0.8033,-1,-1,-1
331,5,231.68,352.86,60.07,192.24,0.6097,-1,-1,-1
331,19,402.71,471.42,96.61,308.95,0.6578,-1,-1,-1
331,37,374.12,925.97,94.68,149.34,0.7519,-1,-1,-1
331,42,508.63,487.10,67.32,221.28,0.8418,-1,-1,-1
331,45,419.67,847.33,77.16,223.25,0.7165,-1,-1,-1
331,54,1039.26,73.82,51.18,159.01,0.4056,-1,-1,-1
331,50,985.53,69.29,56.74,172.40,0.4425,-1,-1,-1
331,4,1538.88,611.87,81.12,232.29,0.6207,-1,-1,-1
331,63,941.33,388.50,59.42,195.13,0.2967,-1,-1,-1
331,49,844.62,437.52,79.36,207.10,0.4123,-1,-1,-1
332,3,1723.21,457.70,72.39,211.46,0.7640,-1,-1,-1
332,15,941.67,915.10,61.23,163.61,0.7896,-1,-1,-1
332,5,230.31,352.00,60.76,192.11,0.6194,-1,-1,-1
332,19,395.06,473.64,101.54,339.60,0.6782,-1,-1,-1
332,37,376.22,926.24,92.54,146.00,0.7345,-1,-1,-1
332,42,508.21,489.28,67.93,221.68,0.8450,-1,-1,-1
332,45,422.68,849.22,78.94,228.36,0.6916,-1,-1,-1
332,54,1039.73,74.19,50.06,159.86,0.4404,-1,-1,-1
332,50,984.98,69.73,57.25,172.53,0.4378,-1,-1,-1
332,4,1539.71,611.75,85.21,233.21,0.4648,-1,-1,-1
332,63,943.96,390.65,59.06,193.27,0.4409,-1,-1,-1
332,49,844.42,438.07,85.58,209.50,0.3523,-1,-1,-1
332,60,797.53,155.87,51.80,166.36,0.3401,-1,-1,-1
333,3,1723.72,458.19,71.88,210.82,0.7495,-1,-1,-1
333,15,942.96,915.47,60.39,163.12,0.8011,-1,-1,-1
333,5,230.21,351.40,60.77,194.17,0.6105,-1,-1,-1
333,19,391.56,475.44,106.26,352.17,0.7141,-1,-1,-1
333,37,378.74,926.38,94.54,146.53,0.7756,-1,-1,-1
333,42,507.45,490.84,68.59,222.66,0.8435,-1,-1,-1
333,45,423.29,849.51,85.19,230.38,0.3589,-1,-1,-1
333,54,1039.52,74.06,49.31,160.62,0.4454,-1,-1,-1
333,50,985.60,69.39,56.09,172.64,0.4641,-1,-1,-1
333,4,1540.55,611.62,85.40,235.04,0.4566,-1,-1,-1
333,63,947.80,391.19,57.94,192.85,0.3674,-1,-1,-1
333,49,844.68,437.51,85.37,214.02,0.3817,-1,-1,-1
333,60,798.07,158.18,51.29,164.54,0.3369,-1,-1,-1
334,3,1723.79,457.51,71.89,212.49,0.7389,-1,-1,-1
334,15,943.99,916.47,60.25,161.77,0.7803,-1,-1,-1
334,5,230.04,351.02,60.78,193.33,0.5722,-1,-1,-1
334,19,390.87,475.87,112.48,357.60,0.7235,-1,-1,-1
334,37,380.91,928.46,95.98,144.06,0.7602,-1,-1,-1
334,42,507.08,491.61,68.31,224.15,0.8271,-1,-1,-1
334,45,425.14,850.59,91.85,232.54,0.4697,-1,-1,-1
334,54,1039.08,73.75,49.27,161.05,0.4036,-1,-1,-1
334,50,984.94,69.67,56.12,171.90,0.4594,-1,-1,-1
334,4,1541.10,612.15,83.30,235.88,0.5325,-1,-1,-1
334,63,951.88,392.23,57.53,192.31,0.4164,-1,-1,-1
334,49,845.65,437.23,84.92,217.54,0.4694,-1,-1,-1
334,60,798.04,160.43,51.17,162.10,0.3105,-1,-1,-1
335,3,1724.11,457.23,71.73,212.55,0.7415,-1,-1,-1
335,15,944.70,918.06,60.49,160.57,0.7806,-1,-1,-1
335,5,228.32,349.99,61.99,193.34,0.6045,-1,-1,-1
335,19,388.99,477.66,118.84,356.83,0.7656,-1,-1,-1
335,37,383.51,931.02,97.30,142.13,0.7231,-1,-1,-1
335,42,505.86,492.52,68.43,224.43,0.8265,-1,-1,-1
335,45,427.10,851.67,97.06,187.89,0.5770,-1,-1,-1
335,54,1039.05,73.48,48.97,160.09,0.3725,-1,-1,-1
335,50,983.87,69.62,56.85,171.05,0.4467,-1,-1,-1
335,4,1541.48,612.95,84.41,238.82,0.5711,-1,-1,-1
335,63,955.80,392.67,57.57,191.61,0.4102,-1,-1,-1
335,49,847.48,438.03,81.01,218.72,0.5333,-1,-1,-1
335,60,798.29,160.36,51.07,162.16,0.3168,-1,-1,-1
336,3,1723.63,456.72,72.02,212.74,0.7572,-1,-1,-1
336,15,945.25,918.67,61.14,159.81,0.7784,-1,-1,-1
336,5,227.33,348.87,62.60,194.78,0.6283,-1,-1,-1
336,19,394.12,479.11,118.79,356.10,0.7742,-1,-1,-1
336,37,387.04,934.24,95.58,137.64,0.7050,-1,-1,-1
336,42,504.72,492.92,68.94,223.78,0.8242,-1,-1,-1
336,45,427.90,852.64,103.75,171.07,0.3966,-1,-1,-1
336,54,1038.77,72.79,49.16,157.25,0.3379,-1,-1,-1
336,50,983.11,69.62,56.50,171.30,0.4652,-1,-1,-1
336,4,1542.16,614.28,83.21,240.39,0.6354,-1,-1,-1
336,63,958.33,392.39,59.33,191.66,0.4448,-1,-1,-1
336,49,846.36,439.59,80.36,218.91,0.4799,-1,-1,-1
336,60,797.96,163.52,51.50,159.89,0.2995,-1,-1,-1
336,48,907.52,454.19,60.60,198.28,0.4425,-1,-1,-1
337,3,1723.97,456.36,71.62,211.96,0.7399,-1,-1,-1
337,15,947.72,919.24,60.06,159.00,0.7355,-1,-1,-1
337,5,226.57,348.20,62.73,190.66,0.5974,-1,-1,-1
337,19,397.47,482.41,123.44,353.31,0.7780,-1,-1,-1
337,37,389.62,939.66,95.11,133.87,0.7309,-1,-1,-1
337,42,504.42,493.20,68.92,223.21,0.8127,-1,-1,-1
337,45,427.80,856.42,111.05,206.75,0.3496,-1,-1,-1
337,54,1038.30,72.71,49.46,160.31,0.4320,-1,-1,-1
337,50,982.14,68.58,56.40,171.97,0.4512,-1,-1,-1
337,4,1542.52,615.21,81.27,239.48,0.7177,-1,-1,-1
337,63,961.84,392.27,60.05,193.17,0.5460,-1,-1,-1
337,49,847.24,442.11,77.93,220.09,0.4678,-1,-1,-1
337,60,797.83,165.43,51.85,157.29,0.2538,-1,-1,-1
337,48,908.03,455.79,59.05,200.80,0.4297,-1,-1,-1
338,3,1723.86,456.25,71.91,212.00,0.7100,-1,-1,-1
338,15,948.46,920.78,60.99,157.11,0.7638,-1,-1,-1
338,5,226.07,347.23,62.88,188.34,0.6245,-1,-1,-1
338,19,399.91,484.62,125.51,350.42,0.7830,-1,-1,-1
338,37,391.57,943.89,95.01,130.35,0.7831,-1,-1,-1
338,42,503.99,493.13,69.02,222.68,0.8143,-1,-1,-1
338,45,431.97,860.26,111.47,178.19,0.6683,-1,-1,-1
338,54,1037.94,72.52,49.68,160.52,0.4196,-1,-1,-1
338,50,981.83,67.85,55.81,171.98,0.4548,-1,-1,-1
338,4,1543.33,615.37,79.70,240.31,0.6627,-1,-1,-1
338,63,964.65,392.69,61.03,195.02,0.5207,-1,-1,-1
338,49,847.94,444.16,78.01,219.49,0.4818,-1,-1,-1
338,60,797.71,163.64,52.15,159.04,0.2866,-1,-1,-1
338,48,909.15,457.10,55.76,202.19,0.3445,-1,-1,-1
339,3,1723.53,456.79,72.17,211.03,0.7247,-1,-1,-1
339,15,949.90,921.97,62.10,155.68,0.7649,-1,-1,-1
339,5,224.85,346.13,63.38,185.12,0.6287,-1,-1,-1
339,19,400.71,484.95,125.19,348.06,0.8085,-1,-1,-1
339,37,394.14,948.44,94.54,126.94,0.8177,-1,-1,-1
339,42,503.62,493.74,68.10,222.51,0.7731,-1,-1,-1
339,45,436.95,865.60,110.30,164.36,0.6681,-1,-1,-1
339,54,1038.32,71.84,48.70,163.14,0.4766,-1,-1,-1
339,50,980.92,65.37,56.49,173.73,0.4302,-1,-1,-1
339,4,1543.90,615.95,79.57,241.06,0.6955,-1,-1,-1
339,63,968.05,395.35,60.81,195.42,0.6103,-1,-1,-1
339,49,847.37,446.40,78.12,218.72,0.4987,-1,-1,-1
339,48,910.23,458.61,52.97,202.51,0.2931,-1,-1,-1
340,3,1723.38,455.75,72.32,212.79,0.7379,-1,-1,-1
340,15,950.80,922.95,62.71,154.73,0.7567,-1,-1,-1
340,5,223.24,344.41,63.77,183.37,0.6193,-1,-1,-1
340,19,401.06,485.76,126.41,346.26,0.7648,-1,-1,-1
340,37,397.10,951.44,94.17,126.03,0.8277,-1,-1,-1
340,42,501.36,495.82,69.96,219.22,0.7495,-1,-1,-1
340,45,439.59,871.24,112.91,155.18,0.7681,-1,-1,-1
340,54,1037.30,71.43,49.48,164.97,0.4344,-1,-1,-1
340,50,980.43,64.33,55.97,174.49,0.4862,-1,-1,-1
340,4,1544.88,615.63,79.22,241.72,0.6799,-1,-1,-1
340,63,970.81,397.30,60.77,194.90,0.5926,-1,-1,-1
340,49,847.02,448.73,77.37,221.34,0.5103,-1,-1,-1
340,48,910.11,458.87,52.65,203.59,0.3507,-1,-1,-1
341,3,1723.31,455.82,72.31,213.39,0.7289,-1,-1,-1
341,15,951.24,924.02,63.14,153.72,0.7608,-1,-1,-1
341,5,222.75,342.75,63.51,182.69,0.6016,-1,-1,-1
341,19,400.74,485.83,124.20,344.36,0.3423,-1,-1,-1
341,37,400.06,955.18,94.23,122.47,0.8015,-1,-1,-1
341,42,498.89,497.36,71.08,217.20,0.7661,-1,-1,-1
341,45,441.07,875.91,115.26,148.91,0.7903,-1,-1,-1
341,54,1037.51,70.72,48.91,166.50,0.4739,-1,-1,-1
341,50,980.33,61.92,54.46,176.14,0.4572,-1,-1,-1
341,4,1545.19,616.07,80.24,241.63,0.7435,-1,-1,-1
341,63,975.09,399.29,59.51,194.48,0.5176,-1,-1,-1
341,49,846.56,450.57,77.49,222.41,0.5397,-1,-1,-1
341,48,910.04,459.32,52.74,205.00,0.3458,-1,-1,-1
342,3,1723.53,456.18,72.29,212.50,0.7540,-1,-1,-1
342,15,951.40,924.33,64.92,153.36,0.7537,-1,-1,-1
342,5,220.94,341.14,64.49,184.04,0.6167,-1,-1,-1
342,19,400.84,487.26,97.65,277.13,0.6193,-1,-1,-1
342,37,403.00,960.56,95.16,117.35,0.7884,-1,-1,-1
342,42,496.81,499.31,72.61,215.43,0.7656,-1,-1,-1
342,45,441.65,879.31,118.11,145.39,0.7654,-1,-1,-1
342,54,1037.46,70.45,48.74,166.45,0.4495,-1,-1,-1
342,50,979.74,60.63,54.46,175.66,0.3120,-1,-1,-1
342,4,1545.39,617.44,80.95,238.94,0.7381,-1,-1,-1
342,63,976.28,401.43,62.20,193.15,0.3261,-1,-1,-1
342,49,845.87,451.81,73.26,221.82,0.4416,-1,-1,-1
342,48,908.32,460.07,54.77,205.36,0.3606,-1,-1,-1
343,3,1723.66,455.86,71.91,212.99,0.7169,-1,-1,-1
343,15,951.62,924.98,65.52,152.25,0.7638,-1,-1,-1
343,5,219.35,339.93,66.44,184.58,0.6043,-1,-1,-1
343,19,400.02,486.97,85.06,251.70,0.6256,-1,-1,-1
343,37,405.14,963.85,96.30,114.14,0.7745,-1,-1,-1
343,42,494.13,500.69,74.80,215.11,0.7425,-1,-1,-1
343,45,440.77,882.47,121.29,143.65,0.7452,-1,-1,-1
343,54,1037.36,69.48,49.10,168.23,0.3927,-1,-1,-1
343,50,978.84,59.12,54.54,175.76,0.2814,-1,-1,-1
343,4,1545.26,617.58,82.55,238.50,0.7087,-1,-1,-1
343,63,979.34,403.02,62.70,191.54,0.6886,-1,-1,-1
343,49,845.14,452.87,69.74,220.78,0.3588,-1,-1,-1
343,48,907.45,460.84,56.33,205.08,0.3182,-1,-1,-1
344,3,1723.25,456.34,72.25,212.41,0.7125,-1,-1,-1
344,15,951.74,925.20,66.88,151.50,0.7559,-1,-1,-1
344,5,219.26,339.31,66.39,185.40,0.6553,-1,-1,-1
344,19,399.51,487.56,78.76,241.09,0.7029,-1,-1,-1
344,37,407.77,966.06,95.78,111.06,0.7673,-1,-1,-1
344,42,494.44,501.87,73.58,213.30,0.6817,-1,-1,-1
344,45,444.02,884.52,120.15,144.11,0.7571,-1,-1,-1
344,54,1037.58,68.07,49.04,168.94,0.3436,-1,-1,-1
344,50,978.58,58.03,54.42,173.74,0.3220,-1,-1,-1
344,4,1545.79,617.70,84.03,236.50,0.7135,-1,-1,-1
344,63,981.43,405.51,65.03,191.86,0.6623,-1,-1,-1
344,49,843.57,454.02,68.44,218.84,0.3558,-1,-1,-1
344,48,906.96,461.46,57.46,199.98,0.3802,-1,-1,-1
345,3,1722.83,456.01,72.50,212.09,0.7130,-1,-1,-1
345,15,952.12,925.76,67.80,150.41,0.7650,-1,-1,-1
345,5,218.79,338.60,66.10,185.33,0.6168,-1,-1,-1
345,19,398.78,488.14,77.06,236.22,0.7464,-1,-1,-1
345,37,410.35,966.43,97.41,110.00,0.7149,-1,-1,-1
345,42,496.66,504.17,70.08,212.12,0.5713,-1,-1,-1
345,45,447.39,886.02,118.82,148.42,0.7289,-1,-1,-1
345,54,1037.58,67.68,49.34,166.72,0.3493,-1,-1,-1
345,50,977.79,57.82,55.14,171.61,0.2730,-1,-1,-1
345,4,1546.13,618.42,84.67,237.03,0.7086,-1,-1,-1
345,63,983.41,406.93,66.12,193.36,0.5429,-1,-1,-1
345,49,842.79,454.05,68.36,218.62,0.3800,-1,-1,-1
345,48,907.22,461.90,58.55,198.03,0.3905,-1,-1,-1
345,66,424.00,352.98,83.09,205.60,0.3686,-1,-1,-1
346,3,1723.10,455.34,72.78,213.12,0.7187,-1,-1,-1
346,15,952.43,926.44,68.82,149.80,0.7839,-1,-1,-1
346,5,218.22,337.72,67.60,186.34,0.6175,-1,-1,-1
346,19,396.65,488.07,78.01,233.02,0.7695,-1,-1,-1
346,37,412.94,966.61,102.65,110.42,0.7301,-1,-1,-1
346,42,488.29,506.91,75.75,208.58,0.5658,-1,-1,-1
346,45,451.94,886.84,114.64,151.85,0.7340,-1,-1,-1
346,54,1036.92,67.19,50.35,165.23,0.2829,-1,-1,-1
346,4,1547.19,619.63,85.46,235.71,0.6737,-1,-1,-1
346,63,985.12,407.77,67.09,194.73,0.4815,-1,-1,-1
346,49,841.80,454.00,66.55,214.63,0.3618,-1,-1,-1
346,48,904.49,462.72,62.65,199.57,0.4688,-1,-1,-1
346,66,426.45,350.62,79.08,202.05,0.3443,-1,-1,-1
346,2,457.61,582.03,80.87,235.03,0.3813,-1,-1,-1
347,3,1723.95,455.40,72.45,214.59,0.7168,-1,-1,-1
347,15,952.10,927.40,70.71,148.80,0.7794,-1,-1,-1
347,5,217.54,336.90,68.23,186.90,0.5495,-1,-1,-1
347,19,395.81,489.32,78.64,230.38,0.7969,-1,-1,-1
347,37,414.81,966.93,102.66,110.50,0.7032,-1,-1,-1
347,42,483.17,510.11,78.80,203.64,0.5461,-1,-1,-1
347,45,454.86,888.40,110.86,153.70,0.7409,-1,-1,-1
347,54,1035.65,66.61,51.57,164.60,0.2894,-1,-1,-1
347,4,1547.28,619.67,87.44,236.34,0.6575,-1,-1,-1
347,63,988.59,408.80,66.41,193.97,0.5377,-1,-1,-1
347,49,841.48,454.40,66.18,216.08,0.3447,-1,-1,-1
347,48,905.62,464.43,64.13,198.51,0.4597,-1,-1,-1
347,66,428.57,348.84,75.01,205.29,0.3300,-1,-1,-1
347,2,465.64,579.08,79.06,238.36,0.4498,-1,-1,-1
348,3,1723.76,455.12,72.55,214.75,0.7027,-1,-1,-1
348,15,951.87,927.78,71.46,148.88,0.8012,-1,-1,-1
348,5,216.86,336.35,68.37,186.10,0.4830,-1,-1,-1
348,19,394.18,490.29,79.41,229.33,0.8125,-1,-1,-1
348,37,416.39,968.10,102.48,109.30,0.7041,-1,-1,-1
348,45,456.74,889.89,107.17,160.07,0.7227,-1,-1,-1
348,54,1034.90,65.51,51.69,163.46,0.2742,-1,-1,-1
348,4,1548.73,619.34,87.94,234.49,0.5188,-1,-1,-1
348,63,993.57,409.51,63.56,193.69,0.6573,-1,-1,-1
348,49,840.52,454.44,67.50,212.78,0.2572,-1,-1,-1
348,48,906.00,465.25,64.82,198.83,0.5503,-1,-1,-1
348,66,431.19,347.23,71.29,207.40,0.3859,-1,-1,-1
348,2,470.42,576.89,76.39,241.98,0.7014,-1,-1,-1
349,3,1723.88,454.85,72.14,214.66,0.6845,-1,-1,-1
349,15,951.78,928.14,73.72,148.00,0.8095,-1,-1,-1
349,5,216.61,334.39,68.35,187.70,0.5195,-1,-1,-1
349,19,393.39,490.38,78.43,229.50,0.8112,-1,-1,-1
349,37,418.02,970.01,102.08,107.70,0.6928,-1,-1,-1
349,45,459.04,891.77,102.28,167.88,0.7007,-1,-1,-1
349,54,1033.42,64.56,53.00,160.87,0.2519,-1,-1,-1
349,4,1549.73,619.28,88.89,237.23,0.4802,-1,-1,-1
349,63,996.47,410.53,63.15,193.69,0.6742,-1,-1,-1
349,48,907.28,466.38,63.23,201.12,0.4590,-1,-1,-1
349,66,431.68,344.73,70.76,212.55,0.3761,-1,-1,-1
349,2,474.85,576.88,75.46,242.20,0.7765,-1,-1,-1
350,3,1723.59,454.58,72.29,213.97,0.6962,-1,-1,-1
350,15,951.27,928.95,75.81,146.99,0.7924,-1,-1,-1
350,5,215.27,333.34,68.63,187.07,0.4655,-1,-1,-1
350,19,391.86,491.65,78.46,229.52,0.7549,-1,-1,-1
350,37,419.52,972.50,102.76,105.58,0.6938,-1,-1,-1
350,45,462.19,893.88,94.64,167.07,0.6212,-1,-1,-1
350,4,1550.16,617.50,91.61,241.09,0.5159,-1,-1,-1
350,63,1000.56,410.09,62.99,194.85,0.7247,-1,-1,-1
350,48,906.91,467.25,64.86,203.83,0.4183,-1,-1,-1
350,66,432.07,341.77,70.22,213.54,0.3710,-1,-1,-1
350,2,478.81,576.78,75.92,242.86,0.6871,-1,-1,-1
351,3,1723.82,454.65,71.98,214.05,0.6830,-1,-1,-1
351,15,951.05,930.01,78.03,146.74,0.7977,-1,-1,-1
351,5,213.59,330.48,68.83,187.40,0.3626,-1,-1,-1
351,19,391.69,493.42,77.42,230.52,0.7390,-1,-1,-1
351,37,420.95,975.81,102.81,102.35,0.6835,-1,-1,-1
351,45,466.09,897.00,87.19,163.13,0.5683,-1,-1,-1
351,4,1549.25,621.27,94.96,237.83,0.6619,-1,-1,-1
351,63,1003.63,409.34,62.60,195.66,0.7050,-1,-1,-1
351,48,907.37,468.42,66.08,205.75,0.3916,-1,-1,-1
351,66,431.75,339.06,70.69,213.44,0.4481,-1,-1,-1
351,2,481.12,544.10,85.42,274.57,0.4297,-1,-1,-1
351,42,479.35,519.71,89.71,287.67,0.5633,-1,-1,-1
352,3,1723.75,454.07,72.55,214.61,0.7007,-1,-1,-1
352,15,950.56,930.32,79.69,147.28,0.7842,-1,-1,-1
352,5,212.57,327.97,67.76,188.87,0.3676,-1,-1,-1
352,19,391.01,495.04,77.21,231.39,0.4511,-1,-1,-1
352,37,422.83,979.36,105.49,98.98,0.7054,-1,-1,-1
352,45,468.01,899.60,83.90,153.76,0.5191,-1,-1,-1
352,4,1549.46,621.45,96.38,239.57,0.6177,-1,-1,-1
352,63,1007.78,409.24,61.31,195.13,0.7106,-1,-1,-1
352,48,908.64,470.98,65.75,204.72,0.4848,-1,-1,-1
352,66,431.09,337.02,71.58,214.05,0.4273,-1,-1,-1
352,2,482.44,557.19,96.59,260.59,0.7154,-1,-1,-1
352,42,479.81,549.01,98.34,268.36,0.7154,-1,-1,-1
353,3,1723.48,454.70,72.45,215.00,0.7109,-1,-1,-1
353,15,950.79,930.72,80.87,147.53,0.8065,-1,-1,-1
353,5,212.70,325.31,66.81,188.52,0.3379,-1,-1,-1
353,19,390.44,495.64,77.08,233.46,0.7870,-1,-1,-1
353,37,424.92,983.21,105.73,94.92,0.5946,-1,-1,-1
353,45,466.72,902.64,85.68,150.77,0.4896,-1,-1,-1
353,4,1550.96,623.33,96.85,238.66,0.5572,-1,-1,-1
353,63,1009.28,409.72,63.46,195.65,0.7704,-1,-1,-1
353,48,909.47,472.84,65.27,203.65,0.5708,-1,-1,-1
353,66,431.20,335.14,72.44,213.65,0.4587,-1,-1,-1
353,2,482.95,569.95,106.13,247.27,0.7886,-1,-1,-1
353,42,480.03,568.94,106.66,251.76,0.7886,-1,-1,-1
353,49,846.14,458.18,69.78,219.98,0.4483,-1,-1,-1
354,3,1723.28,454.85,72.39,215.41,0.6728,-1,-1,-1
354,15,951.26,931.19,81.06,147.22,0.8058,-1,-1,-1
354,5,214.14,323.78,64.42,187.06,0.3180,-1,-1,-1
354,19,389.34,497.67,78.68,233.93,0.7772,-1,-1,-1
354,37,427.44,988.07,104.07,89.44,0.3425,-1,-1,-1
354,45,469.95,907.40,83.86,153.72,0.4240,-1,-1,-1
354,4,1552.97,623.40,96.60,241.71,0.5254,-1,-1,-1
354,63,1011.94,411.65,65.08,195.68,0.6965,-1,-1,-1
354,48,908.86,475.76,67.47,202.10,0.5645,-1,-1,-1
354,66,429.92,334.52,74.59,210.56,0.4674,-1,-1,-1
354,2,482.60,575.66,111.58,241.43,0.7902,-1,-1,-1
354,42,479.70,577.21,111.55,244.40,0.7902,-1,-1,-1
354,49,846.30,460.04,69.31,221.14,0.4227,-1,-1,-1
355,3,1723.56,455.03,71.19,214.67,0.7004,-1,-1,-1
355,15,951.16,930.42,82.13,147.86,0.8063,-1,-1,-1
355,5,213.12,322.36,63.79,186.49,0.2863,-1,-1,-1
355,19,388.34,499.94,80.21,234.91,0.7761,-1,-1,-1
355,37,430.76,994.50,100.08,84.67,0.3769,-1,-1,-1
355,45,472.21,910.54,84.01,158.40,0.4595,-1,-1,-1
355,4,1554.28,618.19,97.99,251.40,0.4184,-1,-1,-1
355,63,1014.72,414.72,66.68,194.57,0.6439,-1,-1,-1
355,48,908.73,478.95,67.37,199.59,0.4778,-1,-1,-1
355,66,427.94,333.11,77.33,211.05,0.4894,-1,-1,-1
355,2,482.09,579.86,114.62,237.44,0.8104,-1,-1,-1
355,42,479.39,582.17,114.36,239.73,0.8104,-1,-1,-1
355,49,845.72,462.49,69.73,221.56,0.4063,-1,-1,-1
356,3,1723.49,455.29,70.97,214.28,0.7091,-1,-1,-1
356,15,951.73,929.67,81.43,147.77,0.8054,-1,-1,-1
356,19,387.02,502.43,80.09,235.47,0.8022,-1,-1,-1
356,37,434.31,998.17,96.66,81.67,0.4576,-1,-1,-1
356,45,472.93,915.08,85.71,156.24,0.3898,-1,-1,-1
356,4,1556.56,619.57,97.12,251.97,0.4981,-1,-1,-1
356,63,1017.04,416.38,68.84,193.91,0.5757,-1,-1,-1
356,48,907.71,480.83,68.27,202.37,0.5084,-1,-1,-1
356,66,426.53,331.69,79.32,211.64,0.5406,-1,-1,-1
356,2,482.22,579.16,116.47,238.37,0.7778,-1,-1,-1
356,42,479.76,581.63,116.13,240.23,0.7778,-1,-1,-1
356,49,846.46,463.89,68.80,219.89,0.4607,-1,-1,-1
357,3,1723.40,454.69,71.10,214.18,0.6983,-1,-1,-1
357,15,952.52,928.60,81.05,148.87,0.7913,-1,-1,-1
357,19,385.60,504.33,79.85,236.29,0.7934,-1,-1,-1
357,37,437.91,1003.80,94.58,75.80,0.5711,-1,-1,-1
357,45,474.52,919.12,86.06,155.52,0.4214,-1,-1,-1
357,4,1562.23,622.26,92.74,250.16,0.4883,-1,-1,-1
357,63,1018.50,418.93,72.67,192.90,0.4369,-1,-1,-1
357,48,908.26,483.27,67.64,200.30,0.5807,-1,-1,-1
357,66,424.98,330.38,81.21,213.35,0.5264,-1,-1,-1
357,2,483.61,576.40,116.96,241.26,0.7475,-1,-1,-1
357,42,481.38,578.80,116.61,242.83,0.7475,-1,-1,-1
357,49,847.03,466.33,68.65,215.13,0.5236,-1,-1,-1
358,3,1723.73,454.58,70.97,214.41,0.7024,-1,-1,-1
358,15,953.56,928.07,79.78,149.37,0.7732,-1,-1,-1
358,19,384.28,505.68,79.99,240.00,0.8059,-1,-1,-1
358,37,439.77,1008.97,93.31,70.96,0.6053,-1,-1,-1
358,45,479.98,921.69,84.75,154.04,0.6183,-1,-1,-1
358,4,1563.49,623.39,91.89,249.96,0.4221,-1,-1,-1
358,63,1018.88,421.86,77.29,193.77,0.5837,-1,-1,-1
358,48,910.77,486.27,65.71,200.07,0.5002,-1,-1,-1
358,66,424.43,329.76,82.27,214.89,0.5250,-1,-1,-1
358,2,485.94,578.16,116.28,239.22,0.7986,-1,-1,-1
358,42,483.94,580.33,115.94,240.63,0.7986,-1,-1,-1
358,49,847.58,467.58,68.65,215.03,0.5621,-1,-1,-1
358,5,211.70,317.83,63.33,186.44,0.3448,-1,-1,-1
359,3,1723.40,454.04,71.40,214.98,0.7035,-1,-1,-1
359,15,954.33,927.61,79.44,149.82,0.7761,-1,-1,-1
359,19,382.93,506.75,80.29,241.99,0.7984,-1,-1,-1
359,37,441.71,1013.53,94.76,66.50,0.5953,-1,-1,-1
359,45,482.16,923.72,85.54,153.54,0.5843,-1,-1,-1
359,4,1565.15,625.31,90.99,248.35,0.5926,-1,-1,-1
359,63,1020.59,424.91,78.64,193.10,0.5786,-1,-1,-1
359,48,912.68,488.15,64.90,199.42,0.5091,-1,-1,-1
359,66,425.25,328.77,81.23,216.77,0.5251,-1,-1,-1
359,2,487.81,578.60,113.83,238.30,0.7850,-1,-1,-1
359,42,486.02,580.53,113.52,239.53,0.7850,-1,-1,-1
359,49,848.07,469.54,68.98,216.28,0.5772,-1,-1,-1
359,69,473.72,523.78,66.14,216.64,0.5498,-1,-1,-1
359,5,210.58,316.74,63.96,186.39,0.4057,-1,-1,-1
359,50,966.50,56.27,53.78,170.20,0.4254,-1,-1,-1
360,3,1723.38,454.03,71.42,214.38,0.7326,-1,-1,-1
360,15,955.47,927.08,78.31,150.83,0.7732,-1,-1,-1
360,19,381.44,507.67,80.10,242.75,0.8325,-1,-1,-1
360,37,443.77,1015.14,93.96,64.99,0.5762,-1,-1,-1
360,45,486.91,925.39,84.72,153.53,0.6324,-1,-1,-1
360,4,1566.82,628.04,89.12,247.07,0.6231,-1,-1,-1
360,63,1023.52,425.59,78.99,196.93,0.5994,-1,-1,-1
360,48,913.92,486.95,64.83,199.71,0.5220,-1,-1,-1
360,66,426.80,327.55,79.39,217.35,0.5452,-1,-1,-1
360,2,491.89,580.01,109.88,236.86,0.7527,-1,-1,-1
360,42,490.32,581.71,109.59,237.94,0.7527,-1,-1,-1
360,49,848.29,471.33,70.90,219.31,0.5564,-1,-1,-1
360,69,473.65,525.43,66.61,219.94,0.6959,-1,-1,-1
360,5,210.18,316.71,63.48,186.17,0.3745,-1,-1,-1
360,50,965.01,55.45,54.28,171.21,0.3901,-1,-1,-1
360,60,798.46,156.10,50.81,167.28,0.3400,-1,-1,-1
361,3,1723.19,454.09,72.02,214.56,0.7361,-1,-1,-1
361,15,956.55,926.62,77.59,151.64,0.7701,-1,-1,-1
361,19,380.20,508.83,79.60,242.50,0.8317,-1,-1,-1
361,37,445.87,1016.14,90.74,64.03,0.5150,-1,-1,-1
361,45,491.74,925.67,84.34,154.87,0.7007,-1,-1,-1
361,4,1566.53,628.48,89.36,247.48,0.6602,-1,-1,-1
361,63,1026.97,427.87,77.77,196.64,0.4895,-1,-1,-1
361,48,914.33,486.72,66.75,200.93,0.5659,-1,-1,-1
361,66,428.19,325.92,77.83,217.46,0.5601,-1,-1,-1
361,2,499.46,578.55,102.19,238.13,0.7658,-1,-1,-1
361,42,498.10,580.05,101.93,239.07,0.7658,-1,-1,-1
361,49,849.50,473.46,71.01,220.94,0.5825,-1,-1,-1
361,69,472.62,527.08,66.40,224.94,0.5990,-1,-1,-1
361,5,214.73,318.43,56.62,182.09,0.2815,-1,-1,-1
361,50,961.46,54.29,56.59,171.59,0.3800,-1,-1,-1
361,60,798.24,155.00,50.34,168.16,0.3706,-1,-1,-1
362,3,1723.27,454.24,72.62,214.29,0.6997,-1,-1,-1
362,15,958.43,926.42,75.36,152.00,0.7346,-1,-1,-1
362,19,378.32,509.87,79.01,240.90,0.8225,-1,-1,-1
362,37,448.78,1017.86,84.16,62.20,0.4626,-1,-1,-1
362,45,494.32,927.52,89.55,153.45,0.7205,-1,-1,-1
362,4,1567.81,627.47,89.55,250.20,0.6522,-1,-1,-1
362,63,1029.62,429.25,76.64,196.14,0.5185,-1,-1,-1
362,48,914.60,488.78,66.72,200.89,0.4766,-1,-1,-1
362,66,431.13,324.12,74.94,218.07,0.5168,-1,-1,-1
362,2,508.99,577.30,94.81,236.93,0.7561,-1,-1,-1
362,42,507.85,578.64,94.58,237.76,0.7561,-1,-1,-1
362,49,850.00,475.07,70.48,221.12,0.4540,-1,-1,-1
362,69,473.84,531.24,63.48,225.69,0.8036,-1,-1,-1
362,50,959.52,51.61,57.65,174.36,0.4248,-1,-1,-1
362,60,797.85,155.27,51.00,167.60,0.3394,-1,-1,-1
363,3,1723.40,454.32,72.45,213.87,0.7092,-1,-1,-1
363,15,960.32,926.32,73.45,152.08,0.6921,-1,-1,-1
363,19,377.00,509.88,77.89,241.12,0.8361,-1,-1,-1
363,37,450.26,1018.59,85.67,61.50,0.5179,-1,-1,-1
363,45,496.41,929.60,95.08,151.51,0.7016,-1,-1,-1
363,4,1570.37,629.50,86.78,248.32,0.6559,-1,-1,-1
363,63,1034.05,429.81,73.19,196.16,0.5980,-1,-1,-1
363,48,915.23,490.99,66.10,199.61,0.5637,-1,-1,-1
363,66,434.65,322.96,71.61,218.18,0.5079,-1,-1,-1
363,2,515.29,576.96,92.84,234.06,0.7484,-1,-1,-1
363,42,514.33,578.13,92.65,234.80,0.7484,-1,-1,-1
363,49,851.36,476.39,68.65,221.85,0.5039,-1,-1,-1
363,69,474.08,535.34,63.71,224.84,0.7992,-1,-1,-1
363,50,959.45,50.51,56.78,172.69,0.3715,-1,-1,-1
363,60,797.73,154.38,51.36,167.73,0.3077,-1,-1,-1
364,3,1722.74,453.99,72.76,214.07,0.6847,-1,-1,-1
364,15,962.43,925.78,72.09,153.11,0.7158,-1,-1,-1
364,19,375.15,511.14,77.61,240.08,0.8251,-1,-1,-1
364,37,452.92,1018.66,84.73,61.44,0.5293,-1,-1,-1
364,45,500.05,932.19,99.61,148.90,0.7302,-1,-1,-1
364,4,1572.13,628.18,86.24,250.76,0.6337,-1,-1,-1
364,63,1039.52,430.33,70.39,195.23,0.6764,-1,-1,-1
364,48,916.42,491.83,64.53,198.98,0.4993,-1,-1,-1
364,66,435.97,321.66,70.20,215.08,0.5159,-1,-1,-1
364,2,524.27,576.42,87.13,236.09,0.7714,-1,-1,-1
364,42,523.43,577.44,86.97,236.72,0.7714,-1,-1,-1
364,49,851.51,477.19,70.69,222.89,0.4412,-1,-1,-1
364,69,473.34,538.39,63.64,222.85,0.8099,-1,-1,-1
364,50,959.80,49.68,55.84,171.66,0.3577,-1,-1,-1
364,60,797.52,154.40,51.12,167.56,0.3432,-1,-1,-1
364,71,1754.57,83.71,54.63,171.99,0.3429,-1,-1,-1
365,3,1723.18,453.81,72.33,214.04,0.6847,-1,-1,-1
365,15,963.56,924.33,71.14,155.03,0.7444,-1,-1,-1
365,19,371.74,512.33,78.68,238.36,0.8194,-1,-1,-1
365,37,455.76,1019.07,82.86,61.00,0.4843,-1,-1,-1
365,45,503.47,934.88,102.97,146.07,0.7416,-1,-1,-1
365,4,1574.12,630.14,84.60,248.16,0.6483,-1,-1,-1
365,63,1043.73,430.97,69.04,194.51,0.6736,-1,-1,-1
365,48,915.80,489.58,66.53,201.39,0.4314,-1,-1,-1
365,66,437.30,319.31,69.14,212.22,0.5709,-1,-1,-1
365,2,535.20,575.04,79.64,237.89,0.7379,-1,-1,-1
365,42,534.51,575.95,79.50,238.45,0.7379,-1,-1,-1
365,49,851.55,478.19,70.88,222.77,0.4640,-1,-1,-1
365,69,471.47,539.98,63.92,224.93,0.8259,-1,-1,-1
365,50,958.87,50.24,56.77,168.06,0.2772,-1,-1,-1
365,60,797.30,154.60,51.44,166.96,0.3580,-1,-1,-1
365,71,1755.46,84.30,53.20,172.33,0.3203,-1,-1,-1
366,3,1722.94,454.10,72.00,213.43,0.6737,-1,-1,-1
366,15,965.27,923.39,70.39,156.25,0.7680,-1,-1,-1
366,19,367.24,512.55,81.42,237.75,0.8429,-1,-1,-1
366,37,457.97,1019.68,68.82,60.28,0.3571,-1,-1,-1
366,45,506.99,937.49,104.61,143.25,0.7430,-1,-1,-1
366,4,1574.99,631.65,87.77,248.80,0.5313,-1,-1,-1
366,63,1047.19,430.74,68.21,195.36,0.7003,-1,-1,-1
366,48,915.32,489.25,67.43,202.25,0.5143,-1,-1,-1
366,66,438.90,316.32,68.27,210.96,0.6220,-1,-1,-1
366,2,543.83,573.41,74.22,239.49,0.8079,-1,-1,-1
366,42,543.27,574.21,74.11,239.99,0.8079,-1,-1,-1
366,49,851.47,478.78,71.06,221.32,0.5248,-1,-1,-1
366,69,470.01,541.05,63.71,228.62,0.8289,-1,-1,-1
366,50,958.63,49.93,56.85,166.13,0.3807,-1,-1,-1
366,60,797.37,154.20,51.01,167.76,0.3676,-1,-1,-1
366,71,1756.59,85.38,53.14,171.20,0.3057,-1,-1,-1
367,3,1722.66,454.44,71.71,213.47,0.6509,-1,-1,-1
367,15,966.59,922.14,69.84,157.08,0.7818,-1,-1,-1
367,19,362.93,514.18,84.32,236.46,0.8445,-1,-1,-1
367,37,464.54,1022.12,57.77,57.91,0.3056,-1,-1,-1
367,45,509.35,941.48,106.54,139.22,0.7212,-1,-1,-1
367,4,1575.54,632.94,92.00,248.25,0.5871,-1,-1,-1
367,63,1050.45,431.15,67.45,194.82,0.6795,-1,-1,-1
367,48,915.32,490.19,66.56,203.26,0.2828,-1,-1,-1
367,66,439.68,313.88,68.37,210.44,0.6455,-1,-1,-1
367,2,547.53,572.55,73.01,242.13,0.8109,-1,-1,-1
367,42,547.06,573.26,72.92,242.56,0.8109,-1,-1,-1
367,49,851.73,479.24,71.34,220.64,0.5328,-1,-1,-1
367,69,468.60,541.95,63.46,231.04,0.8315,-1,-1,-1
367,50,958.68,48.63,56.20,166.01,0.3703,-1,-1,-1
367,71,1759.21,86.71,51.12,168.66,0.2715,-1,-1,-1
368,3,1722.31,454.39,73.84,213.35,0.6797,-1,-1,-1
368,15,968.24,921.56,69.64,157.89,0.7647,-1,-1,-1
368,19,359.40,515.16,86.75,235.77,0.8490,-1,-1,-1
368,37,469.18,1024.01,49.60,56.01,0.2698,-1,-1,-1
368,45,511.74,944.83,108.34,135.42,0.6472,-1,-1,-1
368,4,1575.97,634.54,93.46,247.07,0.4703,-1,-1,-1
368,63,1054.22,432.15,67.19,196.73,0.7347,-1,-1,-1
368,48,914.75,491.10,67.69,203.24,0.5536,-1,-1,-1
368,66,440.16,312.28,68.75,209.41,0.6577,-1,-1,-1
368,2,549.41,572.10,75.29,241.78,0.8103,-1,-1,-1
368,42,549.01,572.73,75.22,242.17,0.8103,-1,-1,-1
368,49,852.04,479.51,69.81,219.08,0.5759,-1,-1,-1
368,69,467.06,542.36,64.40,231.84,0.8395,-1,-1,-1
368,50,959.50,49.25,55.35,166.16,0.3477,-1,-1,-1
368,71,1759.06,87.08,52.00,166.46,0.3279,-1,-1,-1
369,3,1722.43,454.75,75.83,212.27,0.6503,-1,-1,-1
369,15,969.35,921.21,70.11,158.59,0.7831,-1,-1,-1
369,19,355.83,515.94,89.78,238.92,0.8350,-1,-1,-1
369,37,474.65,1027.59,43.25,52.37,0.2635,-1,-1,-1
369,45,513.46,946.73,111.24,132.49,0.6421,-1,-1,-1
369,4,1577.07,637.43,92.31,244.28,0.5368,-1,-1,-1
369,63,1057.19,432.93,68.27,195.49,0.6954,-1,-1,-1
369,48,913.53,492.74,68.51,205.11,0.4855,-1,-1,-1
369,66,440.71,310.86,68.64,209.66,0.6198,-1,-1,-1
369,2,549.66,572.55,78.41,241.36,0.8035,-1,-1,-1
369,42,549.30,573.10,78.35,241.70,0.8035,-1,-1,-1
369,49,851.78,480.43,67.75,217.42,0.5122,-1,-1,-1
369,69,466.03,542.50,64.55,231.55,0.8241,-1,-1,-1
369,50,960.66,49.92,53.73,164.88,0.3670,-1,-1,-1
369,71,1760.82,89.54,51.44,163.73,0.3482,-1,-1,-1
369,60,797.30,154.62,50.83,168.28,0.3780,-1,-1,-1
370,3,1722.56,454.33,75.11,213.09,0.6405,-1,-1,-1
370,15,969.65,919.79,71.78,159.84,0.7772,-1,-1,-1
370,19,352.65,518.12,90.94,242.43,0.7966,-1,-1,-1
370,45,515.40,950.55,114.72,128.19,0.7089,-1,-1,-1
370,4,1577.02,637.63,93.06,243.47,0.5100,-1,-1,-1
370,63,1059.98,434.37,67.98,198.47,0.6690,-1,-1,-1
370,48,914.78,496.07,67.40,205.16,0.4472,-1,-1,-1
370,66,441.49,309.67,68.84,211.04,0.5983,-1,-1,-1
370,2,549.39,572.73,82.53,241.15,0.7764,-1,-1,-1
370,42,549.06,573.21,82.48,241.45,0.7764,-1,-1,-1
370,49,852.43,481.11,66.53,215.64,0.4043,-1,-1,-1
370,69,464.73,542.65,65.37,231.20,0.8198,-1,-1,-1
370,50,960.91,48.45,52.87,166.54,0.3035,-1,-1,-1
370,71,1762.78,92.42,51.48,161.75,0.2842,-1,-1,-1
370,60,796.94,155.62,50.92,166.66,0.3515,-1,-1,-1
371,3,1722.42,454.14,75.56,212.99,0.6247,-1,-1,-1
371,15,970.27,917.90,72.98,161.62,0.7361,-1,-1,-1
371,19,348.78,521.25,92.70,242.97,0.7673,-1,-1,-1
371,45,516.64,954.54,117.27,124.82,0.7345,-1,-1,-1
371,4,1576.18,637.61,93.89,242.85,0.4306,-1,-1,-1
371,63,1062.53,435.46,69.37,199.79,0.7275,-1,-1,-1
371,48,914.74,500.66,68.29,205.72,0.5782,-1,-1,-1
371,66,441.77,309.22,69.68,211.58,0.5572,-1,-1,-1
371,2,549.37,572.53,91.57,241.70,0.7468,-1,-1,-1
371,42,549.08,572.95,91.52,241.96,0.7468,-1,-1,-1
371,49,852.62,482.34,66.91,221.76,0.5019,-1,-1,-1
371,69,463.43,542.68,65.74,231.31,0.8073,-1,-1,-1
371,71,1763.71,93.48,52.91,160.28,0.3540,-1,-1,-1
371,60,796.95,156.24,51.22,166.64,0.3225,-1,-1,-1
372,3,1721.81,454.75,77.46,212.63,0.6035,-1,-1,-1
372,15,970.78,917.08,75.52,162.41,0.7880,-1,-1,-1
372,19,347.14,524.33,93.56,242.65,0.7917,-1,-1,-1
372,45,518.11,958.61,117.66,121.01,0.7330,-1,-1,-1
372,4,1575.28,640.21,95.44,240.19,0.3800,-1,-1,-1
372,63,1064.57,438.22,70.36,202.70,0.7225,-1,-1,-1
372,48,913.12,503.72,70.41,206.00,0.5894,-1,-1,-1
372,66,442.61,309.21,69.80,212.10,0.5917,-1,-1,-1
372,2,550.38,571.67,102.74,243.01,0.7377,-1,-1,-1
372,42,550.11,572.04,102.69,243.24,0.7377,-1,-1,-1
372,49,852.14,483.82,67.96,222.85,0.4447,-1,-1,-1
372,69,461.97,542.85,66.43,230.33,0.8081,-1,-1,-1
372,71,1764.24,95.68,55.86,158.73,0.3263,-1,-1,-1
372,60,796.42,156.06,51.65,166.44,0.3121,-1,-1,-1
373,3,1721.43,454.46,79.37,213.26,0.5747,-1,-1,-1
373,15,971.78,915.71,76.85,163.28,0.7880,-1,-1,-1
373,19,345.81,526.68,93.07,239.92,0.7656,-1,-1,-1
373,45,519.09,962.11,117.47,117.84,0.7190,-1,-1,-1
373,4,1575.49,638.93,95.67,241.15,0.3484,-1,-1,-1
373,63,1066.98,440.35,70.17,203.71,0.7612,-1,-1,-1
373,48,913.48,504.62,70.51,207.43,0.5778,-1,-1,-1
373,66,443.35,308.16,69.58,212.77,0.5586,-1,-1,-1
373,2,551.40,571.15,108.29,243.47,0.7155,-1,-1,-1
373,42,551.14,571.49,108.24,243.68,0.7155,-1,-1,-1
373,49,851.87,485.40,67.05,223.62,0.3964,-1,-1,-1
373,69,460.15,543.67,66.81,229.69,0.7942,-1,-1,-1
373,60,795.91,156.70,52.19,164.76,0.3363,-1,-1,-1
374,3,1720.44,453.28,80.23,213.61,0.6068,-1,-1,-1
374,15,972.51,915.26,77.63,163.86,0.7903,-1,-1,-1
374,19,344.14,528.08,92.11,238.82,0.7708,-1,-1,-1
374,45,521.41,964.64,115.51,115.51,0.7063,-1,-1,-1
374,4,1574.49,639.93,96.62,240.22,0.3443,-1,-1,-1
374,63,1072.06,442.36,67.13,202.95,0.7516,-1,-1,-1
374,48,913.50,505.48,70.19,207.70,0.6619,-1,-1,-1
374,66,443.56,307.99,69.50,210.75,0.4148,-1,-1,-1
374,2,554.87,569.99,108.61,244.44,0.7298,-1,-1,-1
374,42,554.64,570.29,108.57,244.62,0.7298,-1,-1,-1
374,49,852.14,487.42,65.72,220.22,0.4830,-1,-1,-1
374,69,457.76,545.39,67.88,226.80,0.7915,-1,-1,-1
374,60,794.71,156.39,53.51,165.38,0.3361,-1,-1,-1
374,54,1016.30,54.32,53.77,158.83,0.3715,-1,-1,-1
375,3,1719.70,453.04,79.44,213.83,0.6303,-1,-1,-1
375,15,973.10,914.26,78.31,165.35,0.7859,-1,-1,-1
375,19,342.72,529.19,92.04,238.07,0.7577,-1,-1,-1
375,45,524.78,966.56,112.10,113.64,0.6944,-1,-1,-1
375,63,1076.37,443.78,66.81,203.55,0.7195,-1,-1,-1
375,48,913.81,506.29,69.59,207.61,0.6533,-1,-1,-1
375,66,444.72,306.84,69.71,210.39,0.6507,-1,-1,-1
375,2,559.57,568.57,109.21,246.30,0.6275,-1,-1,-1
375,42,559.36,568.83,109.17,246.46,0.6275,-1,-1,-1
375,49,853.10,488.80,64.72,215.58,0.3901,-1,-1,-1
375,69,455.50,547.08,69.98,223.57,0.8217,-1,-1,-1
375,60,793.87,155.90,54.39,165.69,0.2784,-1,-1,-1
375,54,1015.90,54.02,53.65,157.80,0.3967,-1,-1,-1
376,3,1720.35,453.56,75.97,213.28,0.6367,-1,-1,-1
376,15,974.37,912.89,78.21,167.01,0.7854,-1,-1,-1
376,19,340.33,531.82,92.20,235.43,0.7476,-1,-1,-1
376,45,528.96,969.02,107.09,111.18,0.6821,-1,-1,-1
376,63,1079.44,444.73,67.18,202.22,0.6964,-1,-1,-1
376,48,914.39,506.45,68.32,208.18,0.6976,-1,-1,-1
376,66,446.17,305.89,69.81,209.95,0.6529,-1,-1,-1
376,2,564.24,566.48,107.33,249.56,0.6248,-1,-1,-1
376,42,564.06,566.72,107.30,249.70,0.6248,-1,-1,-1
376,49,853.21,490.39,64.91,221.40,0.6058,-1,-1,-1
376,69,453.98,549.18,69.72,223.48,0.8410,-1,-1,-1
376,60,793.51,156.06,54.57,165.98,0.3087,-1,-1,-1
376,54,1015.53,54.14,53.68,158.74,0.3351,-1,-1,-1
377,3,1720.70,453.17,74.78,213.05,0.6524,-1,-1,-1
377,15,973.35,911.74,81.03,168.21,0.7702,-1,-1,-1
377,19,338.53,533.60,91.88,232.45,0.7524,-1,-1,-1
377,45,530.98,969.86,104.23,110.28,0.7001,-1,-1,-1
377,63,1081.40,446.58,67.39,201.75,0.7066,-1,-1,-1
377,48,914.13,507.09,67.96,207.53,0.6952,-1,-1,-1
377,66,447.19,303.83,69.70,210.98,0.7210,-1,-1,-1
377,2,568.35,565.01,105.84,250.08,0.6536,-1,-1,-1
377,42,568.19,565.22,105.81,250.21,0.6536,-1,-1,-1
377,49,852.73,490.93,64.98,223.09,0.6268,-1,-1,-1
377,69,453.13,550.81,69.15,226.37,0.8483,-1,-1,-1
377,60,793.22,157.24,55.11,165.25,0.2886,-1,-1,-1
377,54,1015.08,53.15,53.69,159.20,0.3646,-1,-1,-1
378,3,1720.54,453.08,75.30,213.56,0.6389,-1,-1,-1
378,15,974.01,910.41,81.98,169.60,0.7814,-1,-1,-1
378,19,337.56,534.78,90.73,230.68,0.7613,-1,-1,-1
378,45,533.41,971.50,101.36,108.66,0.6871,-1,-1,-1
378,63,1084.98,448.70,66.48,199.34,0.7515,-1,-1,-1
378,48,915.05,507.94,66.59,206.80,0.6726,-1,-1,-1
378,66,447.53,302.55,71.25,210.55,0.7238,-1,-1,-1
378,2,572.81,563.66,100.83,249.50,0.5639,-1,-1,-1
378,42,572.67,563.84,100.80,249.62,0.5639,-1,-1,-1
378,49,852.00,491.28,65.88,227.07,0.6380,-1,-1,-1
378,69,452.27,553.12,68.89,228.78,0.8509,-1,-1,-1
378,60,793.64,157.37,54.57,165.20,0.2885,-1,-1,-1
378,54,1014.94,53.32,52.97,159.71,0.3343,-1,-1,-1
379,3,1720.32,453.28,76.40,213.38,0.6494,-1,-1,-1
379,15,974.32,909.75,83.49,170.31,0.7835,-1,-1,-1
379,19,337.03,536.05,89.44,228.06,0.7599,-1,-1,-1
379,45,535.86,973.08,98.21,107.09,0.6280,-1,-1,-1
379,63,1090.67,448.53,64.03,200.82,0.7536,-1,-1,-1
379,48,915.77,508.00,66.10,206.87,0.6686,-1,-1,-1
379,66,447.28,300.99,72.34,209.34,0.7424,-1,-1,-1
379,2,579.05,562.28,93.55,249.47,0.4626,-1,-1,-1
379,42,578.93,562.44,93.53,249.57,0.4626,-1,-1,-1
379,49,850.77,491.92,67.65,229.01,0.6412,-1,-1,-1
379,69,451.28,555.22,69.37,231.87,0.8406,-1,-1,-1
379,60,793.63,156.78,54.99,165.91,0.2911,-1,-1,-1
379,54,1014.42,52.36,52.59,160.71,0.3607,-1,-1,-1
380,3,1720.43,453.35,76.20,213.02,0.6322,-1,-1,-1
380,15,974.92,908.90,84.28,171.03,0.7717,-1,-1,-1
380,19,336.09,537.00,89.16,227.03,0.7502,-1,-1,-1
380,45,538.05,974.33,95.96,105.48,0.5936,-1,-1,-1
380,63,1092.93,448.70,64.02,200.11,0.4821,-1,-1,-1
380,48,915.88,507.33,66.40,207.18,0.5632,-1,-1,-1
380,66,447.53,299.40,72.48,206.45,0.6602,-1,-1,-1
380,49,848.86,492.21,69.10,227.56,0.4450,-1,-1,-1
380,69,449.99,558.31,68.95,230.79,0.8441,-1,-1,-1
380,60,793.71,157.55,54.76,165.15,0.2795,-1,-1,-1
380,54,1014.01,51.26,52.32,163.86,0.4134,-1,-1,-1
380,50,960.15,39.07,51.46,172.06,0.3636,-1,-1,-1
381,3,1720.71,453.03,74.90,213.25,0.6580,-1,-1,-1
381,15,975.61,907.98,84.38,171.97,0.7647,-1,-1,-1
381,19,335.39,537.85,87.92,231.93,0.3432,-1,-1,-1
381,45,540.26,976.96,93.47,102.77,0.5395,-1,-1,-1
381,63,1094.40,448.84,65.02,199.17,0.7709,-1,-1,-1
381,48,916.72,507.13,66.00,206.93,0.5428,-1,-1,-1
381,66,447.64,298.01,72.23,203.55,0.7124,-1,-1,-1
381,49,848.74,492.57,68.70,225.13,0.3973,-1,-1,-1
381,69,449.56,561.21,67.95,233.41,0.8472,-1,-1,-1
381,60,788.93,153.62,63.12,168.26,0.2773,-1,-1,-1
381,54,1013.90,50.37,51.62,165.73,0.4235,-1,-1,-1
381,50,960.07,37.35,51.59,171.59,0.3740,-1,-1,-1
382,3,1720.29,453.63,74.23,211.83,0.6017,-1,-1,-1
382,15,975.96,907.29,84.76,172.27,0.7813,-1,-1,-1
382,19,335.52,539.38,85.96,235.10,0.5427,-1,-1,-1
382,63,1096.34,449.62,65.09,199.90,0.7320,-1,-1,-1
382,48,915.96,508.55,67.92,205.68,0.4921,-1,-1,-1
382,66,447.71,295.54,72.79,202.93,0.7209,-1,-1,-1
382,69,448.69,562.54,67.99,235.30,0.8470,-1,-1,-1
382,60,787.60,152.11,65.73,169.52,0.2653,-1,-1,-1
382,54,1013.96,48.72,51.04,169.76,0.4293,-1,-1,-1
382,50,960.06,35.77,52.27,170.87,0.3871,-1,-1,-1
383,3,1720.54,453.64,73.72,212.00,0.5797,-1,-1,-1
383,15,977.48,906.46,83.61,172.69,0.7599,-1,-1,-1
383,19,334.78,540.29,85.38,235.92,0.8191,-1,-1,-1
383,63,1099.12,450.28,65.64,198.32,0.7039,-1,-1,-1
383,48,915.17,509.51,69.14,204.79,0.5391,-1,-1,-1
383,66,447.60,292.68,73.69,203.25,0.6860,-1,-1,-1
383,69,447.39,563.23,68.98,236.85,0.8527,-1,-1,-1
383,60,786.89,151.23,66.79,170.58,0.2952,-1,-1,-1
383,54,1014.15,47.67,50.48,170.42,0.4205,-1,-1,-1
384,3,1720.67,453.71,72.23,211.37,0.5468,-1,-1,-1
384,15,978.47,906.21,83.51,172.97,0.7672,-1,-1,-1
384,19,334.74,540.79,83.57,237.35,0.8342,-1,-1,-1
384,63,1100.50,452.71,68.37,197.82,0.7335,-1,-1,-1
384,48,915.61,511.33,69.40,203.82,0.6405,-1,-1,-1
384,66,447.73,290.25,74.24,204.83,0.7184,-1,-1,-1
384,69,445.22,565.13,70.26,236.30,0.8445,-1,-1,-1
384,60,786.19,150.71,67.76,171.02,0.3090,-1,-1,-1
384,54,1014.06,46.62,50.31,169.31,0.4204,-1,-1,-1
384,71,1774.47,99.18,56.16,162.53,0.3563,-1,-1,-1
384,45,551.27,992.48,86.35,87.81,0.4372,-1,-1,-1
384,49,850.26,494.02,66.64,204.38,0.3866,-1,-1,-1
385,3,1720.13,453.97,71.69,210.29,0.5762,-1,-1,-1
385,15,979.76,905.87,82.27,173.30,0.7782,-1,-1,-1
385,19,334.06,541.55,83.74,238.89,0.8343,-1,-1,-1
385,63,1102.37,453.66,71.09,199.77,0.6699,-1,-1,-1
385,48,916.59,513.16,68.81,204.23,0.5695,-1,-1,-1
385,66,445.75,288.97,76.51,206.64,0.6784,-1,-1,-1
385,69,444.51,565.76,70.59,236.99,0.8408,-1,-1,-1
385,60,786.18,150.34,68.06,171.39,0.3386,-1,-1,-1
385,54,1014.14,46.10,50.03,169.81,0.3780,-1,-1,-1
385,71,1774.61,99.26,56.97,163.98,0.3296,-1,-1,-1
385,45,554.64,997.01,84.54,83.33,0.5684,-1,-1,-1
385,49,850.93,495.57,66.75,197.79,0.3913,-1,-1,-1
385,50,960.82,32.18,53.45,171.00,0.3547,-1,-1,-1
386,3,1720.44,453.92,71.55,210.30,0.5615,-1,-1,-1
386,15,981.59,905.28,80.03,173.73,0.7512,-1,-1,-1
386,19,332.62,543.76,85.23,239.56,0.8246,-1,-1,-1
386,63,1106.29,455.46,71.63,199.37,0.5805,-1,-1,-1
386,48,917.04,514.50,69.51,206.02,0.5354,-1,-1,-1
386,66,443.93,287.87,79.13,207.81,0.6776,-1,-1,-1
386,69,442.91,566.72,71.00,236.27,0.8116,-1,-1,-1
386,60,785.03,150.26,69.14,171.53,0.3322,-1,-1,-1
386,54,1013.79,46.00,50.23,165.17,0.4012,-1,-1,-1
386,45,556.57,1002.33,85.38,78.03,0.4763,-1,-1,-1
386,49,850.90,496.71,66.68,197.63,0.4166,-1,-1,-1
386,50,956.99,32.10,57.31,169.54,0.2811,-1,-1,-1
387,3,1719.88,454.40,72.32,209.80,0.5350,-1,-1,-1
387,15,983.36,904.78,78.20,173.76,0.7355,-1,-1,-1
387,19,331.57,545.36,86.27,244.20,0.8398,-1,-1,-1
387,63,1108.10,457.72,76.48,198.51,0.6058,-1,-1,-1
387,48,918.07,515.46,69.60,210.25,0.3842,-1,-1,-1
387,66,443.08,287.66,81.13,207.83,0.6944,-1,-1,-1
387,69,442.42,567.17,69.69,234.65,0.8334,-1,-1,-1
387,60,785.17,150.00,68.97,171.99,0.3272,-1,-1,-1
387,54,1013.55,45.44,50.49,161.95,0.3426,-1,-1,-1
387,45,558.47,1006.63,86.17,73.65,0.4723,-1,-1,-1
387,49,851.20,496.83,66.55,203.28,0.3769,-1,-1,-1
387,50,956.07,31.60,58.14,168.61,0.3342,-1,-1,-1
388,3,1719.78,453.64,72.53,210.54,0.5122,-1,-1,-1
388,15,983.86,904.53,78.78,174.17,0.6856,-1,-1,-1
388,19,329.66,548.40,87.57,246.80,0.8599,-1,-1,-1
388,63,1109.44,461.26,81.45,198.49,0.6853,-1,-1,-1
388,48,918.67,517.22,69.96,209.54,0.4712,-1,-1,-1
388,66,442.70,287.19,82.34,208.32,0.6953,-1,-1,-1
388,69,441.33,568.85,69.35,232.93,0.8555,-1,-1,-1
388,60,786.68,150.27,67.17,171.37,0.3249,-1,-1,-1
388,54,1013.38,45.32,50.65,158.81,0.3489,-1,-1,-1
388,45,560.85,1012.18,85.65,68.09,0.4792,-1,-1,-1
388,49,850.93,499.09,66.54,209.01,0.3890,-1,-1,-1
388,50,956.89,31.31,56.77,169.19,0.3059,-1,-1,-1
389,3,1720.18,453.81,72.53,211.05,0.5703,-1,-1,-1
389,15,984.18,904.71,80.01,174.09,0.7241,-1,-1,-1
389,19,327.62,550.69,89.25,246.38,0.8774,-1,-1,-1
389,63,1111.41,462.97,86.16,200.65,0.6203,-1,-1,-1
389,48,918.40,520.33,72.23,206.75,0.4215,-1,-1,-1
389,66,441.59,286.65,83.63,208.93,0.7105,-1,-1,-1
389,69,439.43,569.68,70.91,231.69,0.8738,-1,-1,-1
389,60,787.13,150.39,66.81,171.23,0.3272,-1,-1,-1
389,54,1012.66,44.76,51.11,160.43,0.4068,-1,-1,-1
389,45,562.74,1015.56,85.36,64.68,0.5234,-1,-1,-1
389,49,851.10,501.19,67.12,197.77,0.4045,-1,-1,-1
389,50,955.18,31.16,57.85,168.89,0.3878,-1,-1,-1
390,3,1720.16,453.23,72.30,212.75,0.5716,-1,-1,-1
390,15,983.75,904.56,81.16,174.16,0.6833,-1,-1,-1
390,19,325.01,552.98,90.21,246.28,0.8845,-1,-1,-1
390,63,1117.54,464.30,82.21,202.09,0.5765,-1,-1,-1
390,48,921.12,522.89,71.43,205.49,0.5465,-1,-1,-1
390,66,441.11,286.41,83.60,209.03,0.7387,-1,-1,-1
390,69,438.03,569.60,71.41,231.98,0.6464,-1,-1,-1
390,60,788.25,150.72,65.58,170.70,0.3563,-1,-1,-1
390,54,1012.36,43.89,51.64,162.05,0.4256,-1,-1,-1
390,45,565.14,1017.46,84.13,62.74,0.4721,-1,-1,-1
390,49,852.22,502.54,67.75,209.84,0.5313,-1,-1,-1
390,50,956.32,30.52,56.12,169.98,0.3926,-1,-1,-1
391,3,1720.19,453.12,73.18,213.19,0.5719,-1,-1,-1
391,15,982.18,904.53,82.52,174.40,0.6749,-1,-1,-1
391,19,322.92,555.65,91.05,246.34,0.8876,-1,-1,-1
391,63,1120.39,465.40,81.10,202.57,0.5314,-1,-1,-1
391,48,922.46,524.48,71.78,210.01,0.6447,-1,-1,-1
391,66,441.38,284.74,83.14,209.08,0.7405,-1,-1,-1
391,69,435.76,571.73,72.35,231.02,0.8866,-1,-1,-1
391,60,788.04,150.84,66.19,170.14,0.3451,-1,-1,-1
391,54,1011.77,42.83,52.37,162.30,0.3831,-1,-1,-1
391,45,567.96,1019.32,84.31,60.82,0.4540,-1,-1,-1
391,49,852.28,503.90,68.42,216.83,0.5339,-1,-1,-1
391,50,954.68,30.35,57.66,169.78,0.3304,-1,-1,-1
392,3,1721.04,453.27,72.44,213.28,0.6119,-1,-1,-1
392,15,980.91,904.95,84.32,174.11,0.7355,-1,-1,-1
392,19,320.87,557.16,92.49,248.15,0.8983,-1,-1,-1
392,63,1125.90,467.46,77.19,200.69,0.5917,-1,-1,-1
392,48,922.31,525.74,73.29,211.41,0.6724,-1,-1,-1
392,66,442.45,282.92,81.42,210.21,0.7630,-1,-1,-1
392,69,434.61,574.15,72.57,229.90,0.8358,-1,-1,-1
392,60,788.81,150.87,64.88,170.17,0.3348,-1,-1,-1
392,45,570.03,1019.67,84.24,60.52,0.4625,-1,-1,-1
392,49,852.39,506.89,69.04,225.02,0.5945,-1,-1,-1
392,50,954.72,30.34,57.57,169.74,0.3861,-1,-1,-1
393,3,1721.57,453.16,72.10,214.16,0.5866,-1,-1,-1
393,15,980.31,905.71,84.75,173.30,0.7577,-1,-1,-1
393,19,319.47,559.44,93.62,248.36,0.8955,-1,-1,-1
393,63,1131.30,467.13,73.69,202.33,0.5761,-1,-1,-1
393,48,924.63,526.96,72.23,212.02,0.7363,-1,-1,-1
393,66,444.37,279.96,79.28,211.37,0.7680,-1,-1,-1
393,69,433.24,576.51,72.70,231.62,0.8677,-1,-1,-1
393,60,789.35,150.43,63.79,170.47,0.3282,-1,-1,-1
393,45,573.17,1020.04,83.38,60.15,0.4675,-1,-1,-1
393,49,851.56,509.66,70.00,223.20,0.5738,-1,-1,-1
393,50,954.37,30.98,57.90,169.20,0.3708,-1,-1,-1
393,71,1772.28,110.66,60.41,161.12,0.4007,-1,-1,-1
394,3,1720.57,453.27,72.25,213.92,0.5804,-1,-1,-1
394,15,980.66,906.65,84.12,172.17,0.7562,-1,-1,-1
394,19,319.14,560.87,93.20,248.36,0.8946,-1,-1,-1
394,63,1137.03,467.29,70.78,202.97,0.5968,-1,-1,-1
394,48,926.06,527.86,71.38,211.62,0.7463,-1,-1,-1
394,66,446.44,277.63,77.08,211.81,0.7855,-1,-1,-1
394,69,433.07,579.15,70.41,231.99,0.8646,-1,-1,-1
394,60,789.19,150.41,63.59,170.44,0.3331,-1,-1,-1
394,45,575.28,1020.30,84.01,59.81,0.5001,-1,-1,-1
394,49,851.85,511.36,70.45,227.83,0.4959,-1,-1,-1
394,50,955.45,31.64,55.13,169.32,0.3566,-1,-1,-1
394,71,1771.22,112.14,62.59,160.78,0.3537,-1,-1,-1
394,54,1009.51,42.52,55.69,161.40,0.3410,-1,-1,-1
395,3,1720.70,453.40,72.19,214.13,0.5782,-1,-1,-1
395,15,981.16,906.93,84.36,171.88,0.7412,-1,-1,-1
395,19,318.40,561.65,91.84,248.76,0.8946,-1,-1,-1
395,63,1139.93,468.26,71.24,202.94,0.4315,-1,-1,-1
395,48,927.12,528.55,72.49,210.54,0.7675,-1,-1,-1
395,66,448.70,275.56,74.87,210.59,0.7742,-1,-1,-1
395,69,432.41,582.21,69.13,233.82,0.8636,-1,-1,-1
395,60,788.43,150.17,64.72,170.79,0.3815,-1,-1,-1
395,45,576.34,1021.21,84.41,58.85,0.4204,-1,-1,-1
395,49,853.58,514.60,69.89,222.72,0.5885,-1,-1,-1
395,50,955.73,31.45,53.87,168.77,0.3382,-1,-1,-1
395,71,1771.09,113.44,62.49,160.77,0.3247,-1,-1,-1
395,54,1009.08,42.22,56.76,161.50,0.3310,-1,-1,-1
396,3,1720.91,455.26,72.34,211.53,0.6086,-1,-1,-1
396,15,980.93,907.73,84.83,171.20,0.7600,-1,-1,-1
396,19,317.35,563.08,88.69,248.92,0.8947,-1,-1,-1
396,63,1144.82,468.56,69.91,201.63,0.5058,-1,-1,-1
396,48,928.19,529.67,72.44,209.80,0.7345,-1,-1,-1
396,66,450.15,273.88,72.91,207.45,0.7836,-1,-1,-1
396,69,431.46,584.83,68.14,233.51,0.8710,-1,-1,-1
396,60,787.68,149.83,65.59,171.70,0.3983,-1,-1,-1
396,45,577.45,1023.45,82.34,56.64,0.2615,-1,-1,-1
396,49,854.77,517.08,69.37,224.44,0.6462,-1,-1,-1
396,50,955.42,31.79,53.87,167.53,0.3006,-1,-1,-1
396,71,1770.86,112.70,61.71,161.95,0.2774,-1,-1,-1
396,54,1009.39,41.36,56.55,161.57,0.3175,-1,-1,-1
397,3,1720.75,455.90,73.34,210.47,0.6455,-1,-1,-1
397,15,980.68,908.38,85.30,170.90,0.7778,-1,-1,-1
397,19,316.12,563.56,86.68,249.66,0.8951,-1,-1,-1
397,63,1147.78,470.71,70.50,200.10,0.5011,-1,-1,-1
397,48,928.77,530.12,72.65,208.14,0.7179,-1,-1,-1
397,66,451.52,271.96,71.33,203.55,0.7831,-1,-1,-1
397,69,430.61,586.90,66.64,233.94,0.8754,-1,-1,-1
397,60,787.43,149.77,65.71,171.66,0.3881,-1,-1,-1
397,49,854.88,518.66,70.65,226.35,0.6334,-1,-1,-1
397,71,1770.72,114.48,60.55,160.06,0.3034,-1,-1,-1
397,54,1008.84,41.51,57.60,161.29,0.2812,-1,-1,-1
398,3,1720.58,456.39,74.19,210.41,0.6370,-1,-1,-1
398,15,981.51,908.49,83.55,170.78,0.7965,-1,-1,-1
398,19,314.17,564.18,85.69,249.30,0.8968,-1,-1,-1
398,63,1151.12,469.68,73.55,201.24,0.5760,-1,-1,-1
398,48,931.04,531.10,70.13,206.53,0.7771,-1,-1,-1
398,66,451.42,270.09,72.22,201.17,0.7436,-1,-1,-1
398,69,430.44,588.94,65.55,235.26,0.8710,-1,-1,-1
398,60,787.33,149.90,65.64,171.13,0.3979,-1,-1,-1
398,49,856.21,519.11,70.74,226.45,0.6360,-1,-1,-1
398,54,1007.48,41.85,58.87,159.27,0.2946,-1,-1,-1
398,50,955.50,31.36,53.91,166.21,0.3700,-1,-1,-1
399,3,1720.79,456.27,74.39,210.61,0.6232,-1,-1,-1
399,15,982.61,909.25,82.18,170.17,0.8075,-1,-1,-1
399,19,312.45,564.64,85.25,247.55,0.8977,-1,-1,-1
399,63,1154.78,467.59,75.34,205.75,0.6450,-1,-1,-1
399,48,932.39,532.19,69.56,206.38,0.7678,-1,-1,-1
399,66,452.20,267.28,72.75,202.06,0.7245,-1,-1,-1
399,69,429.70,591.01,65.80,235.98,0.8680,-1,-1,-1
399,60,787.37,149.78,65.22,170.60,0.3937,-1,-1,-1
399,49,856.65,519.92,71.25,223.88,0.6296,-1,-1,-1
399,54,1006.70,42.12,59.44,158.10,0.2810,-1,-1,-1
400,3,1720.41,455.27,74.48,211.31,0.5559,-1,-1,-1
400,15,983.67,910.14,80.96,169.08,0.7978,-1,-1,-1
400,19,311.34,565.77,84.61,244.64,0.8874,-1,-1,-1
400,63,1158.02,469.44,74.66,206.96,0.6081,-1,-1,-1
400,48,930.83,533.60,71.54,206.03,0.6928,-1,-1,-1
400,66,452.06,266.16,73.50,202.72,0.7210,-1,-1,-1
400,69,428.83,592.45,65.45,236.63,0.8641,-1,-1,-1
400,60,786.99,149.62,66.14,170.97,0.4621,-1,-1,-1
400,49,857.37,520.82,71.40,224.41,0.6397,-1,-1,-1
400,54,1006.28,41.99,60.03,157.11,0.2920,-1,-1,-1
401,3,1721.02,455.22,73.13,211.48,0.5270,-1,-1,-1
401,15,983.47,911.27,79.53,167.82,0.7845,-1,-1,-1
401,19,309.43,567.11,85.45,240.80,0.8823,-1,-1,-1
401,63,1163.05,470.89,71.41,207.46,0.7200,-1,-1,-1
401,48,933.83,535.17,69.39,206.51,0.7910,-1,-1,-1
401,66,451.37,265.58,74.87,202.62,0.7224,-1,-1,-1
401,69,428.06,593.66,66.10,236.80,0.8504,-1,-1,-1
401,60,787.24,150.10,65.70,170.30,0.4131,-1,-1,-1
401,49,857.38,521.03,72.43,226.71,0.6651,-1,-1,-1
401,54,1005.91,41.83,60.33,157.38,0.2635,-1,-1,-1
402,3,1721.23,455.54,73.31,210.56,0.5099,-1,-1,-1
402,15,984.54,912.72,77.44,166.62,0.7823,-1,-1,-1
402,19,307.70,568.69,86.73,241.59,0.8702,-1,-1,-1
402,63,1166.02,474.74,73.71,202.47,0.6812,-1,-1,-1
402,48,934.34,536.34,70.34,208.85,0.6216,-1,-1,-1
402,66,451.68,264.78,75.50,203.78,0.7068,-1,-1,-1
402,69,427.87,594.88,65.34,236.22,0.8468,-1,-1,-1
402,60,787.58,150.21,65.66,170.20,0.4249,-1,-1,-1
402,49,856.85,522.16,73.63,226.91,0.6498,-1,-1,-1
402,54,1005.37,41.51,60.31,157.56,0.2507,-1,-1,-1
402,74,465.75,68.23,74.67,191.82,0.3633,-1,-1,-1
402,50,952.43,23.78,54.41,162.62,0.3665,-1,-1,-1
403,3,1721.51,455.97,73.80,210.55,0.5059,-1,-1,-1
403,15,984.80,914.06,75.92,165.74,0.8009,-1,-1,-1
403,19,306.92,571.35,85.41,243.62,0.8463,-1,-1,-1
403,63,1169.74,479.93,74.56,198.48,0.3546,-1,-1,-1
403,48,933.25,538.12,72.08,207.43,0.7319,-1,-1,-1
403,66,451.97,264.51,75.93,204.39,0.7184,-1,-1,-1
403,69,427.00,596.16,64.82,235.91,0.8321,-1,-1,-1
403,60,788.69,150.30,65.03,170.21,0.4495,-1,-1,-1
403,49,857.15,522.99,74.38,225.61,0.6945,-1,-1,-1
403,54,1004.54,38.66,61.07,159.66,0.3733,-1,-1,-1
403,74,465.33,68.52,73.55,191.71,0.3609,-1,-1,-1
403,50,951.57,22.85,54.91,160.36,0.3657,-1,-1,-1
404,3,1721.52,456.54,73.43,209.83,0.4702,-1,-1,-1
404,15,985.30,915.87,74.34,164.10,0.7810,-1,-1,-1
404,19,306.39,574.37,84.29,245.38,0.8502,-1,-1,-1
404,63,1171.28,482.48,78.26,199.89,0.5610,-1,-1,-1
404,48,932.56,540.06,72.86,211.12,0.7333,-1,-1,-1
404,66,452.65,263.66,75.33,206.17,0.7375,-1,-1,-1
404,69,425.78,597.07,65.60,235.30,0.8169,-1,-1,-1
404,60,789.57,150.17,64.13,170.00,0.4080,-1,-1,-1
404,49,857.35,523.46,74.98,225.04,0.7186,-1,-1,-1
404,54,1003.13,37.26,61.61,158.49,0.3110,-1,-1,-1
404,74,466.00,68.85,71.41,191.24,0.3444,-1,-1,-1
404,50,951.17,21.48,54.25,160.30,0.3936,-1,-1,-1
405,3,1721.56,455.73,73.38,210.58,0.5049,-1,-1,-1
405,15,985.18,918.05,73.43,161.93,0.7799,-1,-1,-1
405,19,305.69,576.12,82.80,248.01,0.8399,-1,-1,-1
405,63,1172.52,483.84,80.96,201.30,0.6279,-1,-1,-1
405,48,934.26,541.27,71.66,213.33,0.7609,-1,-1,-1
405,66,452.71,263.20,75.48,206.08,0.7525,-1,-1,-1
405,69,423.18,598.41,67.40,234.15,0.8271,-1,-1,-1
405,60,789.17,149.68,64.70,170.36,0.4122,-1,-1,-1
405,49,858.78,524.13,76.44,225.41,0.7601,-1,-1,-1
405,54,1003.38,39.13,59.95,154.27,0.2618,-1,-1,-1
405,74,466.34,69.10,70.87,190.41,0.3330,-1,-1,-1
405,50,950.88,20.57,54.13,160.28,0.3774,-1,-1,-1
406,3,1721.63,455.71,73.95,210.90,0.5436,-1,-1,-1
406,15,984.15,919.14,74.71,160.89,0.7914,-1,-1,-1
406,19,305.25,578.20,81.99,249.27,0.8255,-1,-1,-1
406,63,1176.44,485.70,81.52,203.70,0.4892,-1,-1,-1
406,48,933.13,543.51,73.40,214.59,0.7724,-1,-1,-1
406,66,452.20,262.68,77.29,204.66,0.7394,-1,-1,-1
406,69,420.76,600.30,68.55,232.06,0.8176,-1,-1,-1
406,60,789.91,150.13,63.09,169.65,0.4331,-1,-1,-1
406,49,860.29,525.90,76.75,225.21,0.7850,-1,-1,-1
406,54,1003.20,39.55,58.80,152.58,0.2573,-1,-1,-1
406,74,466.29,68.76,70.98,190.09,0.3319,-1,-1,-1
406,50,951.61,19.74,53.74,160.20,0.3548,-1,-1,-1
407,3,1721.30,456.58,74.77,210.13,0.4811,-1,-1,-1
407,15,982.98,920.65,75.30,159.21,0.7788,-1,-1,-1
407,19,304.73,580.39,81.25,248.57,0.8208,-1,-1,-1
407,63,1180.54,486.89,80.02,203.26,0.3563,-1,-1,-1
407,48,932.76,545.86,73.11,216.17,0.7936,-1,-1,-1
407,66,452.90,262.44,76.95,204.03,0.7599,-1,-1,-1
407,69,418.57,600.90,67.60,231.17,0.8383,-1,-1,-1
407,60,788.94,149.58,63.88,170.47,0.4693,-1,-1,-1
407,49,858.96,526.51,78.09,231.71,0.7240,-1,-1,-1
407,54,1002.78,39.27,58.69,151.93,0.2886,-1,-1,-1
407,74,466.84,67.93,70.83,189.27,0.3218,-1,-1,-1
407,50,951.01,18.57,53.75,161.20,0.3608,-1,-1,-1
408,3,1721.65,455.29,74.23,212.26,0.4795,-1,-1,-1
408,15,981.97,922.74,75.73,156.20,0.7886,-1,-1,-1
408,19,303.13,583.24,81.24,249.50,0.8219,-1,-1,-1
408,63,1186.49,487.03,75.54,204.62,0.4314,-1,-1,-1
408,48,930.98,547.65,74.46,214.79,0.8042,-1,-1,-1
408,66,453.41,261.06,76.73,204.99,0.7592,-1,-1,-1
408,69,417.12,603.73,69.50,230.20,0.8481,-1,-1,-1
408,60,788.50,149.64,63.94,170.43,0.4774,-1,-1,-1
408,49,859.86,527.42,77.38,235.70,0.7521,-1,-1,-1
408,54,1003.03,39.21,57.92,151.76,0.3621,-1,-1,-1
408,74,466.88,67.98,70.93,188.99,0.2528,-1,-1,-1
408,50,950.79,19.97,53.95,160.74,0.3359,-1,-1,-1
409,3,1721.82,452.13,73.17,215.10,0.5849,-1,-1,-1
409,15,981.15,924.27,76.29,154.52,0.7590,-1,-1,-1
409,19,301.78,585.64,81.00,249.70,0.8302,-1,-1,-1
409,63,1194.90,487.39,71.08,204.45,0.5172,-1,-1,-1
409,48,931.85,549.14,73.46,212.98,0.8004,-1,-1,-1
409,66,455.49,259.91,74.96,203.65,0.7489,-1,-1,-1
409,69,415.43,607.98,70.21,230.34,0.8545,-1,-1,-1
409,60,788.46,149.57,64.57,170.48,0.4440,-1,-1,-1
409,49,860.53,529.95,77.92,238.18,0.7325,-1,-1,-1
409,54,1003.20,39.00,57.88,151.82,0.3384,-1,-1,-1
409,74,466.02,67.76,71.59,188.76,0.2606,-1,-1,-1
409,50,952.15,20.27,52.43,161.09,0.3808,-1,-1,-1
410,3,1722.62,448.59,72.20,219.49,0.6324,-1,-1,-1
410,15,980.71,925.48,76.35,153.24,0.7688,-1,-1,-1
410,19,298.54,587.13,83.63,250.66,0.8502,-1,-1,-1
410,63,1203.07,487.15,67.86,204.70,0.4991,-1,-1,-1
410,48,932.89,550.94,72.27,212.05,0.8065,-1,-1,-1
410,66,457.33,259.13,73.33,200.97,0.7581,-1,-1,-1
410,69,413.82,610.47,70.11,232.77,0.8340,-1,-1,-1
410,60,788.50,149.59,65.02,170.39,0.4434,-1,-1,-1
410,49,861.08,532.52,75.73,241.32,0.7148,-1,-1,-1
410,54,1003.25,38.76,57.61,152.44,0.3503,-1,-1,-1
410,74,464.46,66.65,72.98,191.37,0.2616,-1,-1,-1
410,50,951.53,20.84,53.50,161.27,0.3589,-1,-1,-1
410,2,702.71,558.36,88.54,236.75,0.4081,-1,-1,-1
411,3,1722.26,446.99,72.86,221.68,0.6252,-1,-1,-1
411,15,979.34,926.05,78.09,152.32,0.7598,-1,-1,-1
411,19,296.97,588.48,83.62,249.46,0.8534,-1,-1,-1
411,63,1208.51,486.73,65.46,206.09,0.4439,-1,-1,-1
411,48,933.33,551.62,71.30,211.02,0.7857,-1,-1,-1
411,66,457.73,257.30,72.62,198.34,0.7775,-1,-1,-1
411,69,411.76,613.24,70.20,233.11,0.8251,-1,-1,-1
411,60,787.65,149.68,65.66,170.19,0.4575,-1,-1,-1
411,49,862.50,535.02,73.97,244.00,0.7519,-1,-1,-1
411,54,1003.10,38.25,56.49,151.61,0.3366,-1,-1,-1
411,50,951.47,20.44,52.91,161.70,0.3574,-1,-1,-1
411,75,1651.70,48.48,70.68,176.80,0.3513,-1,-1,-1
411,2,704.24,559.46,89.49,236.15,0.4082,-1,-1,-1
412,3,1722.08,445.16,72.80,223.77,0.6590,-1,-1,-1
412,15,978.41,926.11,80.35,152.62,0.7763,-1,-1,-1
412,19,295.50,589.04,83.06,248.69,0.8540,-1,-1,-1
412,63,1212.02,486.43,65.03,206.60,0.5395,-1,-1,-1
412,48,935.08,552.86,69.48,210.00,0.7590,-1,-1,-1
412,66,456.84,254.40,73.24,198.31,0.7551,-1,-1,-1
412,69,407.60,615.04,72.37,234.96,0.8513,-1,-1,-1
412,60,788.01,149.58,65.26,169.81,0.4150,-1,-1,-1
412,49,862.52,537.65,73.09,237.72,0.7493,-1,-1,-1
412,54,1002.94,38.16,55.96,153.62,0.3742,-1,-1,-1
412,50,952.40,19.71,52.19,162.80,0.3469,-1,-1,-1
412,75,1653.09,51.05,69.68,174.84,0.3174,-1,-1,-1
412,2,705.97,559.32,92.43,237.96,0.5150,-1,-1,-1
413,3,1722.65,447.08,72.27,222.29,0.6269,-1,-1,-1
413,15,977.24,927.15,82.54,151.23,0.7670,-1,-1,-1
413,19,292.86,590.48,84.42,247.11,0.8492,-1,-1,-1
413,63,1216.53,487.17,64.23,205.70,0.6532,-1,-1,-1
413,48,936.91,553.13,68.51,210.13,0.7316,-1,-1,-1
413,66,455.92,251.56,73.85,199.34,0.7558,-1,-1,-1
413,69,406.21,617.08,72.33,234.79,0.8667,-1,-1,-1
413,60,787.10,149.72,66.23,169.76,0.4494,-1,-1,-1
413,49,863.89,539.26,72.38,239.95,0.7304,-1,-1,-1
413,54,1002.76,37.89,55.12,152.72,0.3688,-1,-1,-1
413,50,951.44,19.22,53.28,164.28,0.3530,-1,-1,-1
413,2,706.62,559.15,93.16,239.00,0.5540,-1,-1,-1
413,4,1573.87,615.19,115.68,240.51,0.3691,-1,-1,-1
414,3,1722.85,450.27,72.51,218.69,0.5487,-1,-1,-1
414,15,976.57,927.63,84.22,150.65,0.7750,-1,-1,-1
414,19,291.38,591.04,85.04,246.65,0.8448,-1,-1,-1
414,63,1220.08,486.00,66.51,207.52,0.6288,-1,-1,-1
414,48,932.18,555.58,74.45,206.86,0.7608,-1,-1,-1
414,66,453.77,249.13,75.26,201.32,0.7651,-1,-1,-1
414,69,405.54,618.97,71.81,235.56,0.8514,-1,-1,-1
414,60,786.86,149.78,66.62,169.74,0.4387,-1,-1,-1
414,49,865.16,540.44,71.41,243.02,0.7286,-1,-1,-1
414,54,1002.62,38.03,55.12,151.68,0.3717,-1,-1,-1
414,50,950.46,18.38,53.94,165.32,0.4012,-1,-1,-1
414,2,707.42,559.46,93.31,239.18,0.5555,-1,-1,-1
414,4,1575.11,616.66,112.27,240.20,0.5944,-1,-1,-1
414,75,1654.95,54.21,73.18,179.23,0.3468,-1,-1,-1
415,3,1722.24,449.24,73.05,219.64,0.5527,-1,-1,-1
415,15,976.65,928.85,86.29,149.32,0.7945,-1,-1,-1
415,19,290.00,592.56,85.35,245.00,0.8526,-1,-1,-1
415,63,1222.21,487.54,69.86,207.76,0.6587,-1,-1,-1
415,48,931.94,557.02,76.64,206.29,0.7180,-1,-1,-1
415,66,451.36,248.56,77.77,200.25,0.7252,-1,-1,-1
415,69,403.85,620.35,71.42,237.65,0.8066,-1,-1,-1
415,60,786.26,150.04,67.73,169.58,0.3947,-1,-1,-1
415,49,865.76,542.10,69.93,242.10,0.7077,-1,-1,-1
415,54,1002.69,38.17,55.00,151.43,0.3749,-1,-1,-1
415,50,950.43,16.32,53.48,166.96,0.3894,-1,-1,-1
415,2,708.37,559.90,92.12,239.47,0.5340,-1,-1,-1
415,4,1574.11,617.86,111.83,238.67,0.5591,-1,-1,-1
415,75,1656.83,61.36,73.55,174.72,0.2940,-1,-1,-1
416,3,1721.28,448.98,73.92,219.49,0.5313,-1,-1,-1
416,15,975.85,929.28,88.06,148.80,0.8034,-1,-1,-1
416,19,289.63,593.52,85.03,242.47,0.8624,-1,-1,-1
416,63,1225.92,487.59,75.68,209.12,0.4945,-1,-1,-1
416,48,932.60,558.44,76.74,206.87,0.7265,-1,-1,-1
416,66,449.99,248.17,78.95,199.55,0.7124,-1,-1,-1
416,69,401.80,621.45,72.20,238.27,0.8286,-1,-1,-1
416,60,785.79,149.84,68.15,169.56,0.3929,-1,-1,-1
416,49,866.30,543.07,69.94,242.95,0.6611,-1,-1,-1
416,54,1002.82,37.71,55.04,151.10,0.3897,-1,-1,-1
416,50,950.73,15.57,52.49,168.05,0.3546,-1,-1,-1
416,2,709.39,560.10,91.53,240.18,0.5251,-1,-1,-1
416,4,1574.71,616.98,110.15,239.99,0.5812,-1,-1,-1
416,75,1657.18,64.20,73.77,174.28,0.3075,-1,-1,-1
417,3,1721.89,449.18,73.49,218.86,0.5424,-1,-1,-1
417,15,975.68,930.34,89.08,147.63,0.7857,-1,-1,-1
417,19,288.61,596.00,86.20,240.21,0.8420,-1,-1,-1
417,63,1229.35,489.88,82.36,209.43,0.6213,-1,-1,-1
417,48,932.09,560.77,78.36,205.79,0.6806,-1,-1,-1
417,66,447.99,248.97,80.59,198.44,0.7092,-1,-1,-1
417,69,399.14,624.07,72.97,235.89,0.8251,-1,-1,-1
417,60,784.80,149.87,68.92,169.89,0.3519,-1,-1,-1
417,49,865.87,543.86,69.37,242.15,0.4357,-1,-1,-1
417,54,1002.89,37.58,54.99,151.45,0.3914,-1,-1,-1
417,50,951.10,14.95,52.35,169.49,0.3500,-1,-1,-1
417,2,712.99,559.48,87.38,239.28,0.4888,-1,-1,-1
417,4,1573.43,614.69,109.68,242.19,0.6065,-1,-1,-1
418,3,1721.35,449.39,74.15,218.38,0.5212,-1,-1,-1
418,15,974.79,931.00,90.97,147.21,0.7834,-1,-1,-1
418,19,287.49,597.83,87.01,240.69,0.7190,-1,-1,-1
418,63,1231.11,490.59,88.19,212.45,0.6368,-1,-1,-1
418,48,931.89,563.09,79.79,206.51,0.6592,-1,-1,-1
418,66,446.57,249.03,81.75,198.80,0.6544,-1,-1,-1
418,69,396.16,625.05,73.44,236.10,0.8442,-1,-1,-1
418,60,785.28,149.63,68.51,170.26,0.3375,-1,-1,-1
418,49,865.63,545.19,70.68,219.64,0.3037,-1,-1,-1
418,54,1003.41,35.41,54.75,151.17,0.3915,-1,-1,-1
418,50,950.32,14.15,53.13,169.62,0.3802,-1,-1,-1
418,2,717.01,558.78,81.94,238.95,0.5191,-1,-1,-1
418,4,1574.68,616.57,106.04,239.74,0.6483,-1,-1,-1
419,3,1721.54,445.09,73.77,222.10,0.5909,-1,-1,-1
419,15,973.70,931.69,93.09,146.46,0.7923,-1,-1,-1
419,19,287.39,599.08,86.79,245.47,0.6626,-1,-1,-1
419,63,1232.20,492.40,90.39,213.13,0.5481,-1,-1,-1
419,48,937.12,563.95,76.51,210.43,0.6273,-1,-1,-1
419,66,446.61,248.57,81.73,199.67,0.6652,-1,-1,-1
419,69,394.00,625.10,73.24,236.23,0.7227,-1,-1,-1
419,60,786.10,149.54,67.83,170.19,0.3451,-1,-1,-1
419,49,865.88,546.22,71.43,212.30,0.4408,-1,-1,-1
419,54,1003.73,34.33,54.75,152.75,0.3903,-1,-1,-1
419,50,950.35,11.35,53.34,171.29,0.3810,-1,-1,-1
419,2,722.43,558.69,74.56,237.76,0.5536,-1,-1,-1
419,4,1574.69,617.30,105.86,238.65,0.6502,-1,-1,-1
420,3,1721.04,445.02,74.16,222.03,0.5673,-1,-1,-1
420,15,973.47,931.84,95.02,146.55,0.7750,-1,-1,-1
420,19,287.52,600.08,86.38,250.21,0.8341,-1,-1,-1
420,63,1233.42,490.57,89.57,217.25,0.4238,-1,-1,-1
420,48,941.89,565.74,72.87,211.76,0.6328,-1,-1,-1
420,66,446.74,248.31,81.88,199.51,0.6479,-1,-1,-1
420,69,392.24,625.82,74.04,235.32,0.7666,-1,-1,-1
420,60,786.57,149.15,68.05,170.35,0.3471,-1,-1,-1
420,49,866.68,546.40,72.66,217.27,0.5093,-1,-1,-1
420,54,1004.33,32.86,54.48,154.09,0.4700,-1,-1,-1
420,50,950.74,9.57,52.87,172.70,0.3704,-1,-1,-1
420,2,725.92,558.37,72.41,239.09,0.5345,-1,-1,-1
420,4,1575.57,617.33,103.13,237.90,0.6588,-1,-1,-1
421,3,1721.33,450.37,74.28,218.49,0.5461,-1,-1,-1
421,15,973.59,932.38,94.87,146.30,0.7768,-1,-1,-1
421,19,286.71,601.85,87.30,253.69,0.8318,-1,-1,-1
421,63,1235.08,494.51,90.61,214.80,0.3888,-1,-1,-1
421,48,944.53,568.92,71.64,212.85,0.5317,-1,-1,-1
421,66,446.36,246.36,82.29,200.46,0.7120,-1,-1,-1
421,69,392.09,626.87,73.47,233.87,0.8929,-1,-1,-1
421,60,787.53,149.61,66.82,169.87,0.3485,-1,-1,-1
421,49,867.81,546.67,71.48,224.20,0.4447,-1,-1,-1
421,54,1004.93,31.32,54.03,153.98,0.5274,-1,-1,-1
421,50,950.49,9.24,53.09,169.68,0.3462,-1,-1,-1
421,2,728.70,558.33,70.29,238.22,0.5671,-1,-1,-1
421,4,1575.27,621.95,101.40,232.83,0.6093,-1,-1,-1
422,3,1721.59,455.07,74.21,211.32,0.5999,-1,-1,-1
422,15,974.14,932.11,94.30,146.66,0.7916,-1,-1,-1
422,19,286.17,604.04,89.46,256.56,0.8205,-1,-1,-1
422,63,1238.82,500.63,90.83,209.14,0.4359,-1,-1,-1
422,48,946.46,572.01,70.57,211.38,0.6521,-1,-1,-1
422,66,446.64,244.68,80.61,201.93,0.7245,-1,-1,-1
422,69,391.92,629.10,73.49,231.17,0.8953,-1,-1,-1
422,60,787.96,149.44,66.20,169.84,0.3227,-1,-1,-1
422,49,868.64,547.78,71.56,228.86,0.4957,-1,-1,-1
422,54,1005.49,30.16,53.60,151.39,0.5434,-1,-1,-1
422,50,950.21,8.80,53.25,165.66,0.3278,-1,-1,-1
422,2,731.36,560.57,68.23,232.05,0.4594,-1,-1,-1
422,4,1574.73,623.98,101.04,230.99,0.5397,-1,-1,-1
422,71,1759.31,100.07,77.52,200.73,0.4037,-1,-1,-1
423,3,1721.67,454.87,74.52,211.43,0.6178,-1,-1,-1
423,15,975.05,931.65,93.83,146.86,0.7660,-1,-1,-1
423,19,286.14,606.54,90.49,257.37,0.8185,-1,-1,-1
423,48,946.03,574.43,72.18,210.60,0.6192,-1,-1,-1
423,66,446.10,242.96,80.03,201.23,0.5554,-1,-1,-1
423,69,391.09,631.82,73.87,230.44,0.8961,-1,-1,-1
423,60,787.87,149.52,66.17,169.88,0.3037,-1,-1,-1
423,54,1006.24,28.25,52.99,150.58,0.5370,-1,-1,-1
423,2,734.97,560.59,67.13,229.46,0.7484,-1,-1,-1
423,4,1573.99,624.31,100.27,230.26,0.4711,-1,-1,-1
423,71,1759.96,100.82,73.70,200.57,0.3434,-1,-1,-1
424,3,1721.54,456.22,74.90,211.34,0.6326,-1,-1,-1
424,15,975.89,932.14,93.00,146.35,0.7796,-1,-1,-1
424,19,286.15,609.14,89.71,257.35,0.8358,-1,-1,-1
424,48,946.58,576.40,73.55,209.50,0.7015,-1,-1,-1
424,66,446.07,242.34,78.70,201.24,0.6763,-1,-1,-1
424,69,388.18,634.12,78.71,232.97,0.8818,-1,-1,-1
424,60,788.81,149.08,65.11,170.38,0.3377,-1,-1,-1
424,54,1006.72,26.45,52.53,151.82,0.5376,-1,-1,-1
424,2,736.88,560.32,70.84,230.51,0.8073,-1,-1,-1
424,4,1574.55,627.36,98.67,227.65,0.4114,-1,-1,-1
424,63,1252.27,503.82,85.48,208.63,0.3603,-1,-1,-1
424,49,867.97,549.72,72.80,227.37,0.3748,-1,-1,-1
425,3,1721.10,455.60,75.48,212.60,0.6138,-1,-1,-1
425,15,977.39,932.24,92.24,146.55,0.7702,-1,-1,-1
425,19,285.65,611.15,90.49,258.64,0.8128,-1,-1,-1
425,48,946.79,576.83,74.26,209.53,0.7023,-1,-1,-1
425,66,445.89,239.77,78.06,201.65,0.7368,-1,-1,-1
425,69,386.38,635.54,80.27,235.19,0.8825,-1,-1,-1
425,60,789.59,149.39,64.23,169.84,0.3158,-1,-1,-1
425,54,1007.19,25.52,52.10,152.00,0.5104,-1,-1,-1
425,2,738.77,559.58,74.78,235.18,0.7541,-1,-1,-1
425,4,1574.47,631.38,97.03,223.63,0.3072,-1,-1,-1
425,49,868.70,552.77,71.41,169.49,0.3076,-1,-1,-1
426,3,1721.02,455.45,75.34,212.90,0.6450,-1,-1,-1
426,15,978.98,932.26,91.89,146.90,0.7821,-1,-1,-1
426,19,285.29,613.13,91.07,258.60,0.8137,-1,-1,-1
426,48,947.00,577.14,75.24,209.97,0.7083,-1,-1,-1
426,66,445.62,237.41,77.24,199.21,0.7152,-1,-1,-1
426,69,385.29,637.19,80.13,236.21,0.8659,-1,-1,-1
426,60,788.86,149.50,65.27,169.99,0.3171,-1,-1,-1
426,54,1007.70,25.18,52.19,152.40,0.5327,-1,-1,-1
426,2,740.65,559.86,77.32,237.66,0.7499,-1,-1,-1
426,4,1574.55,632.79,95.63,221.86,0.2763,-1,-1,-1
426,49,868.40,554.66,73.73,211.34,0.5271,-1,-1,-1
427,3,1720.32,456.72,76.06,211.86,0.6180,-1,-1,-1
427,15,980.42,931.38,91.21,148.12,0.7813,-1,-1,-1
427,19,283.81,614.51,92.81,258.84,0.7925,-1,-1,-1
427,48,948.33,577.77,75.82,210.53,0.6937,-1,-1,-1
427,66,445.80,236.31,76.67,196.05,0.7026,-1,-1,-1
427,69,383.74,639.35,84.59,238.18,0.7921,-1,-1,-1
427,60,789.46,149.70,64.77,170.11,0.3754,-1,-1,-1
427,54,1007.90,25.05,52.10,152.29,0.5128,-1,-1,-1
427,2,742.66,559.92,77.91,240.89,0.6647,-1,-1,-1
427,49,868.75,556.38,73.72,220.35,0.5595,-1,-1,-1
428,3,1718.71,458.31,77.54,209.48,0.6289,-1,-1,-1
428,15,981.77,930.73,91.30,148.82,0.8014,-1,-1,-1
428,19,282.67,615.98,93.04,258.54,0.8003,-1,-1,-1
428,48,950.70,577.98,75.58,211.59,0.6934,-1,-1,-1
428,66,445.94,234.09,76.11,194.32,0.7127,-1,-1,-1
428,69,383.21,642.18,76.59,237.92,0.8562,-1,-1,-1
428,60,789.65,149.10,64.21,170.72,0.3995,-1,-1,-1
428,54,1008.06,25.09,52.10,151.65,0.4774,-1,-1,-1
428,2,745.04,560.73,80.91,242.25,0.7063,-1,-1,-1
428,49,869.47,558.88,75.28,225.81,0.5905,-1,-1,-1
428,63,1284.04,498.21,66.19,215.43,0.4769,-1,-1,-1
429,3,1719.02,457.16,77.22,211.86,0.6594,-1,-1,-1
429,15,983.14,930.77,90.65,148.76,0.8052,-1,-1,-1
429,19,280.97,617.67,94.44,256.88,0.8196,-1,-1,-1
429,48,954.36,579.70,73.28,210.89,0.7528,-1,-1,-1
429,66,445.29,233.16,76.71,193.26,0.6742,-1,-1,-1
429,69,382.35,644.52,73.01,238.61,0.8543,-1,-1,-1
429,60,789.77,148.78,64.50,170.95,0.4056,-1,-1,-1
429,54,1008.01,24.32,52.26,156.25,0.4354,-1,-1,-1
429,2,747.57,561.39,84.29,246.90,0.7867,-1,-1,-1
429,49,870.93,562.21,74.92,221.68,0.6235,-1,-1,-1
429,63,1288.61,501.14,65.38,214.12,0.4936,-1,-1,-1
429,4,1573.49,628.98,94.14,225.99,0.3515,-1,-1,-1
430,3,1720.23,459.60,75.93,208.92,0.6148,-1,-1,-1
430,15,986.62,930.12,87.79,149.30,0.7750,-1,-1,-1
430,19,280.12,619.20,93.54,255.78,0.8157,-1,-1,-1
430,48,956.50,581.35,73.28,208.51,0.7418,-1,-1,-1
430,66,445.44,231.38,76.34,193.45,0.6251,-1,-1,-1
430,69,380.18,646.63,71.73,242.01,0.8479,-1,-1,-1
430,60,791.00,148.39,63.43,171.55,0.3650,-1,-1,-1
430,54,1008.11,24.38,52.28,155.82,0.3975,-1,-1,-1
430,2,749.76,562.34,86.41,246.60,0.7857,-1,-1,-1
430,49,872.38,564.01,74.33,215.77,0.5528,-1,-1,-1
430,4,1573.41,629.26,93.66,225.10,0.3552,-1,-1,-1
431,3,1721.43,459.38,74.55,209.00,0.6326,-1,-1,-1
431,15,988.79,929.31,86.13,150.06,0.7665,-1,-1,-1
431,19,280.53,620.43,92.31,254.18,0.8353,-1,-1,-1
431,48,959.65,582.83,71.56,207.21,0.7622,-1,-1,-1
431,66,445.01,229.88,75.99,194.06,0.6361,-1,-1,-1
431,69,378.24,648.76,71.80,242.09,0.8602,-1,-1,-1
431,60,787.62,148.85,66.80,171.28,0.3887,-1,-1,-1
431,54,1008.47,23.96,52.24,153.78,0.4330,-1,-1,-1
431,2,751.86,562.97,87.07,245.89,0.8056,-1,-1,-1
431,49,872.74,566.36,75.86,221.62,0.6556,-1,-1,-1
431,4,1573.59,626.40,93.88,227.42,0.3149,-1,-1,-1
432,3,1721.51,459.08,74.48,209.26,0.6226,-1,-1,-1
432,15,991.18,927.96,83.87,151.37,0.7700,-1,-1,-1
432,19,279.99,622.08,92.02,251.08,0.8281,-1,-1,-1
432,48,961.44,583.30,70.97,207.81,0.7548,-1,-1,-1
432,66,444.47,228.11,76.18,195.78,0.6512,-1,-1,-1
432,69,377.50,650.22,72.45,241.25,0.8483,-1,-1,-1
432,60,788.69,148.33,65.53,171.57,0.4106,-1,-1,-1
432,54,1008.04,24.45,52.68,153.22,0.4182,-1,-1,-1
432,2,753.69,564.00,87.22,246.68,0.8276,-1,-1,-1
432,49,874.06,569.03,74.45,223.25,0.6456,-1,-1,-1
432,4,1572.57,623.72,93.76,229.86,0.3011,-1,-1,-1
433,3,1721.39,459.59,74.92,209.06,0.6068,-1,-1,-1
433,15,992.88,927.97,83.04,151.19,0.7519,-1,-1,-1
433,19,279.57,622.81,89.98,249.31,0.8375,-1,-1,-1
433,48,963.55,583.93,70.39,210.42,0.7316,-1,-1,-1
433,66,444.12,227.01,76.66,196.84,0.6806,-1,-1,-1
433,69,376.32,651.96,72.58,240.47,0.8231,-1,-1,-1
433,60,789.53,148.47,64.83,171.23,0.3840,-1,-1,-1
433,54,1008.02,23.99,53.00,154.13,0.4402,-1,-1,-1
433,2,755.15,564.67,87.03,248.91,0.8053,-1,-1,-1
433,49,875.59,570.12,74.20,224.05,0.6825,-1,-1,-1
433,4,1572.54,621.03,91.30,232.32,0.3368,-1,-1,-1
434,3,1722.66,460.75,73.39,207.93,0.5590,-1,-1,-1
434,15,995.01,928.09,82.44,150.73,0.7952,-1,-1,-1
434,19,279.15,623.93,89.47,248.03,0.8213,-1,-1,-1
434,48,964.18,585.83,71.27,211.93,0.7457,-1,-1,-1
434,66,444.63,226.14,76.15,197.81,0.6688,-1,-1,-1
434,69,374.54,653.02,74.40,239.78,0.8265,-1,-1,-1
434,60,790.51,148.76,63.90,170.42,0.4007,-1,-1,-1
434,54,1007.70,24.31,53.57,153.29,0.4303,-1,-1,-1
434,2,756.61,566.06,86.07,249.52,0.8291,-1,-1,-1
434,49,878.65,570.85,72.72,224.95,0.7172,-1,-1,-1
434,4,1572.72,626.52,89.11,227.32,0.3015,-1,-1,-1
435,3,1723.24,461.17,73.02,208.25,0.5829,-1,-1,-1
435,15,997.22,927.13,81.74,151.63,0.7691,-1,-1,-1
435,19,278.47,624.91,89.11,247.78,0.8338,-1,-1,-1
435,48,965.54,587.07,70.28,216.51,0.7320,-1,-1,-1
435,66,444.41,225.42,76.05,198.76,0.6732,-1,-1,-1
435,69,372.08,653.53,75.27,240.97,0.8224,-1,-1,-1
435,60,791.24,148.51,62.68,170.38,0.3865,-1,-1,-1
435,54,1006.96,23.97,54.65,153.11,0.3714,-1,-1,-1
435,2,758.37,566.62,83.89,249.94,0.8161,-1,-1,-1
435,49,879.53,571.57,73.61,223.15,0.7141,-1,-1,-1
435,63,1305.05,519.60,90.10,195.10,0.3948,-1,-1,-1
436,3,1723.92,462.66,72.15,206.46,0.5564,-1,-1,-1
436,15,999.06,926.69,82.41,151.75,0.7504,-1,-1,-1
436,19,277.36,625.86,89.12,250.26,0.8409,-1,-1,-1
436,48,967.54,588.00,69.53,222.57,0.7439,-1,-1,-1
436,66,444.35,224.80,75.95,199.74,0.7030,-1,-1,-1
436,69,370.05,654.27,74.73,240.49,0.8365,-1,-1,-1
436,60,790.36,148.76,63.68,170.08,0.3672,-1,-1,-1
436,54,1006.52,22.94,54.94,152.37,0.3552,-1,-1,-1
436,2,759.50,567.00,82.44,250.61,0.7923,-1,-1,-1
436,49,880.51,572.78,73.06,215.51,0.7447,-1,-1,-1
436,63,1310.83,521.53,91.57,188.80,0.4762,-1,-1,-1
437,3,1723.56,462.51,72.75,205.59,0.6078,-1,-1,-1
437,15,1000.97,925.75,82.86,152.85,0.7748,-1,-1,-1
437,19,275.71,627.87,89.63,254.85,0.8587,-1,-1,-1
437,48,967.90,589.83,69.24,224.70,0.7325,-1,-1,-1
437,66,445.19,223.81,74.56,199.54,0.6940,-1,-1,-1
437,69,368.93,655.42,74.39,239.11,0.8512,-1,-1,-1
437,60,790.90,148.96,62.94,169.91,0.3543,-1,-1,-1
437,54,1006.01,22.02,55.46,152.86,0.3696,-1,-1,-1
437,2,760.28,567.21,82.12,251.11,0.7936,-1,-1,-1
437,49,881.73,573.67,72.65,218.67,0.7742,-1,-1,-1
437,63,1316.10,526.10,89.30,181.63,0.4502,-1,-1,-1
437,50,943.84,2.41,52.91,166.62,0.3722,-1,-1,-1
438,3,1722.87,461.12,73.47,207.98,0.6422,-1,-1,-1
438,15,1004.01,925.87,82.40,152.88,0.7614,-1,-1,-1
438,19,274.47,630.33,88.78,259.63,0.8657,-1,-1,-1
438,48,967.72,591.94,70.84,226.00,0.6902,-1,-1,-1
438,66,446.09,224.19,73.78,198.27,0.7014,-1,-1,-1
438,69,368.50,656.62,72.27,238.50,0.8599,-1,-1,-1
438,60,790.47,148.79,63.56,169.46,0.3812,-1,-1,-1
438,54,1005.75,20.98,55.52,152.53,0.3404,-1,-1,-1
438,2,762.06,567.46,80.28,251.79,0.7912,-1,-1,-1
438,49,882.33,574.45,72.86,224.12,0.8043,-1,-1,-1
438,63,1320.97,529.50,86.70,182.20,0.3375,-1,-1,-1
438,50,943.78,1.91,52.32,165.45,0.4087,-1,-1,-1
439,3,1722.60,458.62,73.67,209.46,0.6353,-1,-1,-1
439,15,1006.40,925.94,83.07,153.12,0.7447,-1,-1,-1
439,19,274.84,631.85,86.36,261.92,0.8694,-1,-1,-1
439,48,967.66,594.93,71.35,225.49,0.6674,-1,-1,-1
439,66,447.26,223.92,72.73,199.11,0.7041,-1,-1,-1
439,69,367.83,657.69,71.51,238.76,0.8737,-1,-1,-1
439,60,790.43,148.45,63.95,170.22,0.4037,-1,-1,-1
439,54,1005.99,19.23,55.46,151.88,0.2744,-1,-1,-1
439,2,763.87,568.41,78.98,251.32,0.7636,-1,-1,-1
439,49,883.47,575.39,73.49,226.46,0.7923,-1,-1,-1
439,63,1328.19,535.60,80.04,180.62,0.2862,-1,-1,-1
439,50,943.48,0.48,51.46,165.20,0.4716,-1,-1,-1
440,3,1723.05,457.40,73.13,209.92,0.6600,-1,-1,-1
440,15,1008.30,925.86,83.90,153.23,0.7503,-1,-1,-1
440,19,272.81,633.89,87.44,262.31,0.8688,-1,-1,-1
440,48,967.82,597.02,72.65,224.87,0.7128,-1,-1,-1
440,66,446.94,222.94,73.25,198.86,0.6958,-1,-1,-1
440,69,367.36,658.83,70.99,240.55,0.8780,-1,-1,-1
440,60,791.81,147.82,62.25,170.84,0.4133,-1,-1,-1
440,2,766.65,568.88,76.53,251.80,0.7846,-1,-1,-1
440,49,884.48,576.15,74.18,225.53,0.7903,-1,-1,-1
440,50,942.50,-0.05,51.35,162.46,0.4965,-1,-1,-1
441,3,1723.22,456.05,72.89,211.20,0.6644,-1,-1,-1
441,15,1009.95,924.78,84.65,154.84,0.4469,-1,-1,-1
441,19,270.93,636.19,88.64,260.82,0.8760,-1,-1,-1
441,48,966.16,598.95,75.05,222.84,0.6263,-1,-1,-1
441,66,446.79,220.67,73.10,199.31,0.7036,-1,-1,-1
441,69,366.30,660.86,71.20,244.34,0.8828,-1,-1,-1
441,60,791.41,147.94,62.26,170.35,0.4158,-1,-1,-1
441,2,770.31,569.75,72.01,251.58,0.7722,-1,-1,-1
441,49,885.24,576.91,74.52,223.24,0.7513,-1,-1,-1
441,50,942.11,-0.18,51.70,159.75,0.4610,-1,-1,-1
442,3,1724.20,455.58,71.82,212.43,0.6661,-1,-1,-1
442,15,1011.52,924.67,85.17,155.17,0.7700,-1,-1,-1
442,19,267.75,638.48,89.33,260.71,0.8623,-1,-1,-1
442,48,966.96,599.98,74.82,221.49,0.5647,-1,-1,-1
442,66,446.64,218.63,72.72,197.62,0.6155,-1,-1,-1
442,69,363.69,663.37,73.20,244.47,0.6865,-1,-1,-1
442,60,791.90,148.21,61.24,169.54,0.3578,-1,-1,-1
442,2,773.98,570.53,68.66,251.94,0.7647,-1,-1,-1
442,49,885.80,577.77,74.73,225.78,0.7329,-1,-1,-1
442,50,941.10,-0.25,52.60,157.10,0.4923,-1,-1,-1
443,3,1724.66,454.73,71.36,213.41,0.6787,-1,-1,-1
443,15,1013.05,924.48,85.78,155.46,0.7748,-1,-1,-1
443,19,264.05,640.80,89.85,260.38,0.8330,-1,-1,-1
443,48,967.71,601.26,73.65,220.69,0.4450,-1,-1,-1
443,66,446.99,217.27,72.51,194.96,0.6070,-1,-1,-1
443,69,359.97,665.88,75.80,244.76,0.8386,-1,-1,-1
443,60,791.57,147.83,61.56,170.35,0.3998,-1,-1,-1
443,2,776.70,570.95,67.34,251.72,0.7435,-1,-1,-1
443,49,886.41,579.85,75.32,228.28,0.6871,-1,-1,-1
443,50,940.44,-0.29,53.31,156.86,0.4820,-1,-1,-1
443,63,1354.43,528.57,73.90,202.52,0.4398,-1,-1,-1
444,3,1725.37,455.06,71.20,213.55,0.6662,-1,-1,-1
444,15,1015.21,924.79,85.21,155.27,0.8114,-1,-1,-1
444,19,260.82,643.45,90.76,258.23,0.8406,-1,-1,-1
444,48,967.47,602.57,74.04,219.02,0.4316,-1,-1,-1
444,66,445.78,215.50,73.30,192.32,0.5947,-1,-1,-1
444,69,358.06,668.88,76.53,245.64,0.8582,-1,-1,-1
444,60,790.60,147.52,61.65,170.45,0.3827,-1,-1,-1
444,2,779.34,571.01,66.84,253.27,0.7720,-1,-1,-1
444,49,887.69,582.37,74.00,229.35,0.7280,-1,-1,-1
444,50,940.37,-0.29,53.04,157.72,0.4973,-1,-1,-1
444,63,1358.78,529.85,76.86,203.42,0.2745,-1,-1,-1
445,3,1725.12,454.44,71.36,213.75,0.6468,-1,-1,-1
445,15,1016.35,923.87,85.01,156.18,0.8076,-1,-1,-1
445,19,257.82,644.52,91.59,256.75,0.8206,-1,-1,-1
445,48,967.61,604.16,75.32,218.02,0.5732,-1,-1,-1
445,66,444.83,213.81,73.69,191.73,0.6472,-1,-1,-1
445,69,357.49,672.57,75.91,242.86,0.8535,-1,-1,-1
445,60,790.65,147.85,61.38,171.35,0.3600,-1,-1,-1
445,49,886.53,583.66,74.54,233.83,0.5254,-1,-1,-1
445,50,940.81,-0.24,52.41,156.75,0.5185,-1,-1,-1
446,3,1725.15,454.16,71.05,213.80,0.6315,-1,-1,-1
446,15,1018.77,923.49,83.28,156.18,0.8128,-1,-1,-1
446,19,254.40,646.01,93.53,255.10,0.8190,-1,-1,-1
446,48,965.84,603.75,76.96,218.36,0.6490,-1,-1,-1
446,66,444.19,212.03,73.59,192.53,0.6348,-1,-1,-1
446,69,355.94,675.44,75.55,243.56,0.8465,-1,-1,-1
446,60,791.02,147.81,60.64,172.01,0.3384,-1,-1,-1
446,49,885.66,586.30,75.32,235.50,0.7650,-1,-1,-1
446,50,942.25,-0.20,50.47,154.96,0.5349,-1,-1,-1
446,2,782.42,571.98,70.16,252.47,0.7552,-1,-1,-1
447,3,1723.33,454.33,72.66,214.40,0.6323,-1,-1,-1
447,15,1020.19,922.03,82.49,157.84,0.8232,-1,-1,-1
447,19,252.52,647.85,94.83,253.52,0.8356,-1,-1,-1
447,48,967.62,606.92,76.25,212.31,0.5813,-1,-1,-1
447,66,443.97,210.58,73.24,194.05,0.6247,-1,-1,-1
447,69,354.30,677.56,75.77,243.28,0.8541,-1,-1,-1
447,60,790.47,148.08,61.40,172.32,0.3159,-1,-1,-1
447,49,885.46,588.96,75.39,235.53,0.7424,-1,-1,-1
447,50,942.53,-0.16,49.32,154.26,0.5002,-1,-1,-1
447,2,784.34,572.30,71.46,251.34,0.7643,-1,-1,-1
448,3,1721.75,454.30,74.44,215.10,0.6897,-1,-1,-1
448,15,1022.18,921.15,80.76,158.73,0.8270,-1,-1,-1
448,19,251.09,648.71,94.96,252.29,0.8511,-1,-1,-1
448,48,968.24,608.06,76.02,211.75,0.6991,-1,-1,-1
448,66,442.92,209.76,73.45,194.11,0.6502,-1,-1,-1
448,69,353.04,679.36,75.26,242.53,0.8550,-1,-1,-1
448,60,791.48,148.11,60.05,172.00,0.3091,-1,-1,-1
448,49,884.14,591.03,77.29,240.78,0.7861,-1,-1,-1
448,50,941.01,-0.11,49.97,154.90,0.5474,-1,-1,-1
448,2,785.98,571.96,74.25,251.18,0.7926,-1,-1,-1
449,3,1721.63,454.03,74.78,214.55,0.6709,-1,-1,-1
449,15,1023.34,921.57,80.22,158.34,0.8256,-1,-1,-1
449,19,249.92,650.07,94.89,250.20,0.8546,-1,-1,-1
449,48,967.45,609.77,77.96,210.69,0.7263,-1,-1,-1
449,66,442.53,209.26,72.94,194.12,0.6056,-1,-1,-1
449,69,350.32,680.19,76.34,242.13,0.8549,-1,-1,-1
449,60,791.17,148.12,60.61,172.08,0.3331,-1,-1,-1
449,49,883.29,593.65,79.08,244.62,0.7922,-1,-1,-1
449,50,940.31,-0.12,50.60,155.90,0.5340,-1,-1,-1
449,2,787.10,572.50,75.65,250.39,0.7936,-1,-1,-1
450,3,1721.43,453.99,74.76,214.55,0.6769,-1,-1,-1
450,15,1024.63,920.63,79.06,158.93,0.8257,-1,-1,-1
450,19,249.08,651.18,94.90,248.35,0.8630,-1,-1,-1
450,48,969.11,611.21,76.71,210.83,0.7393,-1,-1,-1
450,66,442.32,208.76,72.24,194.99,0.6190,-1,-1,-1
450,69,348.05,680.57,77.35,242.84,0.8480,-1,-1,-1
450,60,791.78,147.91,59.64,172.30,0.3101,-1,-1,-1
450,49,882.97,594.92,80.28,245.77,0.7689,-1,-1,-1
450,50,939.89,-0.11,50.94,155.54,0.5323,-1,-1,-1
450,2,787.98,573.12,76.46,249.45,0.7773,-1,-1,-1
451,3,1720.63,454.19,75.41,213.99,0.6274,-1,-1,-1
451,15,1026.49,920.88,77.66,158.23,0.8030,-1,-1,-1
451,19,249.25,653.01,92.43,246.01,0.8481,-1,-1,-1
451,48,971.10,612.49,75.58,214.97,0.7092,-1,-1,-1
451,66,440.74,208.62,73.10,194.88,0.5701,-1,-1,-1
451,69,345.98,681.40,78.02,243.29,0.8380,-1,-1,-1
451,49,882.86,597.34,80.25,244.69,0.7148,-1,-1,-1
451,50,939.25,-0.12,51.52,156.01,0.4958,-1,-1,-1
451,2,789.49,574.61,75.32,247.00,0.7703,-1,-1,-1
451,63,1409.76,545.73,63.64,148.76,0.3590,-1,-1,-1
452,3,1720.04,454.83,76.10,212.82,0.6313,-1,-1,-1
452,15,1027.74,921.03,76.63,158.08,0.8127,-1,-1,-1
452,19,249.22,654.51,90.61,248.46,0.8683,-1,-1,-1
452,48,972.45,614.16,76.14,218.79,0.7122,-1,-1,-1
452,66,439.90,207.62,73.91,196.03,0.5231,-1,-1,-1
452,69,343.50,682.43,78.52,242.08,0.8564,-1,-1,-1
452,49,885.05,598.58,78.46,244.95,0.7545,-1,-1,-1
452,50,938.93,-0.12,51.74,157.77,0.5197,-1,-1,-1
452,2,791.80,574.95,74.95,247.35,0.7667,-1,-1,-1
453,3,1719.52,455.29,76.81,212.31,0.6159,-1,-1,-1
453,15,1028.27,920.81,76.23,158.37,0.8124,-1,-1,-1
453,19,249.17,656.89,89.00,251.17,0.8700,-1,-1,-1
453,48,972.96,616.90,76.56,220.19,0.7083,-1,-1,-1
453,66,436.88,206.36,76.82,196.77,0.2671,-1,-1,-1
453,69,341.80,683.03,79.07,240.81,0.8501,-1,-1,-1
453,49,888.65,599.97,75.60,243.32,0.7392,-1,-1,-1
453,50,938.15,-0.07,52.22,157.52,0.5103,-1,-1,-1
453,2,794.59,576.09,75.45,247.70,0.7285,-1,-1,-1
453,4,1544.20,615.01,82.01,234.65,0.4124,-1,-1,-1
454,3,1717.74,454.82,78.17,211.59,0.6451,-1,-1,-1
454,15,1028.16,920.56,76.33,158.54,0.8233,-1,-1,-1
454,19,248.25,658.20,89.50,254.40,0.8721,-1,-1,-1
454,48,975.77,619.05,74.53,220.05,0.7645,-1,-1,-1
454,66,435.96,205.24,77.39,197.19,0.2855,-1,-1,-1
454,69,340.09,683.95,80.98,239.54,0.8603,-1,-1,-1
454,49,885.83,600.96,79.31,242.19,0.7273,-1,-1,-1
454,50,937.51,-0.01,52.52,157.67,0.5176,-1,-1,-1
454,2,796.80,576.96,73.61,247.26,0.7184,-1,-1,-1
454,4,1543.60,613.62,81.69,235.93,0.3485,-1,-1,-1
455,3,1716.78,454.23,79.40,212.89,0.6485,-1,-1,-1
455,15,1028.70,920.81,76.44,157.92,0.8159,-1,-1,-1
455,19,247.21,659.16,90.80,257.96,0.8710,-1,-1,-1
455,48,976.70,621.82,76.05,216.97,0.7481,-1,-1,-1
455,66,439.70,203.67,73.24,198.41,0.4777,-1,-1,-1
455,69,340.75,685.09,78.76,239.93,0.8722,-1,-1,-1
455,49,886.40,601.64,79.24,238.28,0.7129,-1,-1,-1
455,50,937.88,0.01,51.78,157.36,0.5650,-1,-1,-1
455,2,798.03,578.40,74.20,246.03,0.7295,-1,-1,-1
455,4,1540.33,612.89,83.41,236.97,0.4863,-1,-1,-1
455,54,1006.04,9.87,53.10,155.42,0.3535,-1,-1,-1
456,3,1716.81,454.11,79.09,213.26,0.6447,-1,-1,-1
456,15,1029.01,920.52,77.01,158.45,0.8119,-1,-1,-1
456,19,246.83,659.53,90.55,262.42,0.5636,-1,-1,-1
456,48,978.31,623.86,76.34,218.99,0.7910,-1,-1,-1
456,66,441.99,201.60,70.77,199.32,0.5422,-1,-1,-1
456,69,339.48,686.30,78.74,243.37,0.8996,-1,-1,-1
456,49,885.91,601.99,81.83,237.39,0.7298,-1,-1,-1
456,50,938.10,-0.05,51.39,156.33,0.5956,-1,-1,-1
456,2,799.21,580.26,74.17,243.24,0.6882,-1,-1,-1
456,4,1546.10,613.16,76.95,237.47,0.4497,-1,-1,-1
456,54,1006.41,8.69,52.63,155.02,0.4448,-1,-1,-1
457,3,1716.04,454.19,79.58,212.84,0.6686,-1,-1,-1
457,15,1028.97,920.77,77.36,158.13,0.8084,-1,-1,-1
457,19,245.75,660.97,91.29,263.75,0.8720,-1,-1,-1
457,48,979.48,625.20,75.88,221.08,0.7854,-1,-1,-1
457,66,443.76,199.10,68.83,199.63,0.5074,-1,-1,-1
457,69,338.48,688.77,77.23,247.17,0.8787,-1,-1,-1
457,49,886.66,602.66,82.68,238.35,0.7511,-1,-1,-1
457,50,938.09,-0.02,51.17,154.72,0.5886,-1,-1,-1
457,2,800.90,581.26,72.38,242.33,0.7853,-1,-1,-1
457,4,1548.75,612.66,73.97,239.26,0.4268,-1,-1,-1
457,54,1006.49,8.22,52.56,152.11,0.4483,-1,-1,-1
458,3,1716.01,453.98,79.68,213.29,0.6319,-1,-1,-1
458,15,1028.81,920.74,78.59,157.97,0.8104,-1,-1,-1
458,19,244.59,663.55,92.99,263.53,0.8739,-1,-1,-1
458,48,979.78,625.88,77.50,222.17,0.7798,-1,-1,-1
458,66,445.18,197.49,66.99,197.37,0.4999,-1,-1,-1
458,69,337.33,691.91,76.88,247.62,0.8743,-1,-1,-1
458,49,892.37,603.82,78.53,239.62,0.7546,-1,-1,-1
458,50,937.71,-0.01,51.39,153.43,0.5514,-1,-1,-1
458,2,802.52,583.03,73.79,241.37,0.7713,-1,-1,-1
458,4,1549.56,612.24,72.98,239.54,0.4216,-1,-1,-1
458,54,1006.53,7.16,52.79,149.36,0.4498,-1,-1,-1
459,3,1717.94,454.05,78.26,213.26,0.6065,-1,-1,-1
459,15,1028.34,920.34,79.62,158.01,0.8030,-1,-1,-1
459,19,243.79,666.45,93.10,264.84,0.8821,-1,-1,-1
459,48,979.95,627.39,79.85,221.54,0.7834,-1,-1,-1
459,66,445.61,195.25,66.84,196.24,0.4704,-1,-1,-1
459,69,336.20,695.49,76.25,247.30,0.8759,-1,-1,-1
459,49,895.32,605.58,76.98,239.84,0.7217,-1,-1,-1
459,50,937.68,-0.00,51.22,150.93,0.5337,-1,-1,-1
459,2,803.90,583.92,76.12,240.84,0.7468,-1,-1,-1
459,4,1550.12,612.87,70.96,239.17,0.4617,-1,-1,-1
459,54,1006.60,7.50,53.11,146.69,0.4178,-1,-1,-1
459,81,1836.18,382.37,82.73,199.07,0.3912,-1,-1,-1
460,3,1718.59,453.15,77.75,214.60,0.6030,-1,-1,-1
460,15,1028.25,920.26,80.20,158.05,0.8104,-1,-1,-1
460,19,243.49,667.97,93.05,265.58,0.8794,-1,-1,-1
460,48,981.74,628.74,78.52,221.32,0.7524,-1,-1,-1
460,66,445.67,193.67,67.14,192.86,0.3625,-1,-1,-1
460,69,335.83,698.84,76.19,244.21,0.8560,-1,-1,-1
460,49,897.33,607.10,77.24,242.03,0.7516,-1,-1,-1
460,50,936.82,0.16,52.46,149.08,0.5575,-1,-1,-1
460,2,805.67,584.11,78.45,240.71,0.7811,-1,-1,-1
460,4,1550.97,614.27,68.47,237.99,0.2939,-1,-1,-1
460,54,1007.00,5.81,52.54,147.68,0.4894,-1,-1,-1
460,81,1831.49,380.01,83.08,201.87,0.3685,-1,-1,-1
461,3,1719.86,453.31,76.64,214.13,0.6347,-1,-1,-1
461,15,1027.82,920.74,80.93,157.35,0.8167,-1,-1,-1
461,19,243.26,670.17,94.22,263.95,0.8814,-1,-1,-1
461,48,981.74,629.10,80.31,221.00,0.7526,-1,-1,-1
461,66,444.77,191.57,67.54,191.31,0.3860,-1,-1,-1
461,69,336.10,701.68,75.90,246.77,0.8544,-1,-1,-1
461,49,898.47,609.67,77.62,242.48,0.7376,-1,-1,-1
461,50,936.78,0.79,52.70,147.39,0.4969,-1,-1,-1
461,2,807.62,583.57,79.24,240.63,0.7795,-1,-1,-1
461,4,1550.71,612.95,67.75,239.01,0.3794,-1,-1,-1
461,54,1006.90,5.57,52.88,148.69,0.4304,-1,-1,-1
461,81,1827.96,378.45,79.30,201.59,0.4002,-1,-1,-1
462,3,1720.49,453.09,76.26,215.06,0.5945,-1,-1,-1
462,15,1027.64,920.76,80.73,157.57,0.8098,-1,-1,-1
462,19,242.36,671.91,93.43,262.61,0.8761,-1,-1,-1
462,48,982.30,630.22,81.52,219.66,0.6950,-1,-1,-1
462,69,335.22,703.79,76.70,250.27,0.8476,-1,-1,-1
462,49,899.45,611.76,77.57,242.33,0.7579,-1,-1,-1
462,50,936.58,2.68,53.35,144.89,0.4212,-1,-1,-1
462,2,809.55,583.46,81.28,242.27,0.7610,-1,-1,-1
462,54,1006.98,4.91,53.05,150.08,0.4363,-1,-1,-1
462,81,1825.21,376.90,83.88,205.82,0.3856,-1,-1,-1
463,3,1720.66,452.96,76.28,215.53,0.6123,-1,-1,-1
463,15,1027.35,920.83,81.04,157.72,0.7965,-1,-1,-1
463,19,242.05,673.74,92.36,262.45,0.8690,-1,-1,-1
463,48,985.01,631.25,79.69,216.68,0.7662,-1,-1,-1
463,69,335.04,704.88,76.63,252.37,0.8624,-1,-1,-1
463,49,900.86,613.79,77.15,239.95,0.7393,-1,-1,-1
463,50,936.86,3.30,53.30,143.52,0.4862,-1,-1,-1
463,2,811.38,583.47,83.59,243.38,0.7124,-1,-1,-1
463,54,1007.32,3.88,52.96,151.48,0.4734,-1,-1,-1
463,81,1820.50,375.58,81.76,205.62,0.3231,-1,-1,-1
463,66,443.35,190.21,69.64,190.94,0.4900,-1,-1,-1
464,3,1720.24,452.14,76.59,216.13,0.5675,-1,-1,-1
464,15,1027.10,920.81,81.15,158.03,0.8004,-1,-1,-1
464,19,241.05,675.91,94.22,261.53,0.8564,-1,-1,-1
464,48,984.54,632.01,80.56,216.65,0.3556,-1,-1,-1
464,69,336.27,706.26,74.11,253.53,0.8571,-1,-1,-1
464,49,901.30,614.28,76.38,244.84,0.5480,-1,-1,-1
464,50,936.54,2.70,53.54,143.94,0.4644,-1,-1,-1
464,2,812.53,583.44,86.67,244.75,0.7921,-1,-1,-1
464,54,1007.62,2.67,52.81,153.58,0.4713,-1,-1,-1
464,81,1817.62,373.46,80.25,206.84,0.3223,-1,-1,-1
464,66,443.73,190.24,70.47,190.92,0.5069,-1,-1,-1
464,71,1729.97,71.48,78.60,256.66,0.3440,-1,-1,-1
464,60,794.43,144.24,57.43,174.38,0.3481,-1,-1,-1
465,3,1720.85,452.59,76.27,216.04,0.5782,-1,-1,-1
465,15,1026.78,921.20,80.87,157.96,0.7999,-1,-1,-1
465,19,240.07,678.07,94.35,258.86,0.8541,-1,-1,-1
465,48,987.15,634.53,77.65,216.12,0.7148,-1,-1,-1
465,69,336.81,707.22,70.91,253.43,0.8467,-1,-1,-1
465,49,902.82,617.36,77.32,238.62,0.7163,-1,-1,-1
465,50,936.54,2.63,53.59,143.50,0.4866,-1,-1,-1
465,2,813.17,583.79,89.17,244.67,0.7895,-1,-1,-1
465,54,1007.51,3.15,53.04,152.05,0.4121,-1,-1,-1
465,81,1812.89,371.67,80.32,206.48,0.3323,-1,-1,-1
465,66,443.20,190.51,71.87,191.16,0.5498,-1,-1,-1
465,60,796.32,144.14,55.92,175.22,0.3638,-1,-1,-1
466,3,1721.61,452.28,75.48,216.05,0.6047,-1,-1,-1
466,15,1026.44,921.36,81.25,157.82,0.8014,-1,-1,-1
466,19,239.22,680.13,89.24,255.36,0.8511,-1,-1,-1
466,48,989.15,636.60,75.82,218.43,0.7021,-1,-1,-1
466,69,335.88,707.95,70.63,253.00,0.8537,-1,-1,-1
466,49,903.91,620.04,78.11,237.65,0.7282,-1,-1,-1
466,50,937.75,2.04,52.42,143.59,0.5340,-1,-1,-1
466,2,812.75,584.29,92.60,243.51,0.8209,-1,-1,-1
466,54,1006.93,2.85,53.82,151.56,0.4177,-1,-1,-1
466,81,1810.88,370.07,79.88,206.81,0.4320,-1,-1,-1
466,66,443.23,190.44,72.04,190.44,0.5723,-1,-1,-1
466,60,797.54,143.96,54.96,175.99,0.3476,-1,-1,-1
467,3,1721.73,452.10,74.96,215.99,0.5876,-1,-1,-1
467,15,1026.06,921.96,81.73,157.03,0.8016,-1,-1,-1
467,19,238.27,681.52,87.78,250.20,0.8493,-1,-1,-1
467,48,990.36,637.24,75.05,220.47,0.7010,-1,-1,-1
467,69,335.91,707.70,69.97,253.07,0.8481,-1,-1,-1
467,49,904.57,619.78,78.17,246.86,0.7301,-1,-1,-1
467,50,938.84,2.54,51.45,143.70,0.5157,-1,-1,-1
467,2,811.76,584.36,94.93,244.31,0.8283,-1,-1,-1
467,54,1006.84,3.88,54.64,150.06,0.3773,-1,-1,-1
467,81,1809.80,368.12,78.31,208.77,0.4293,-1,-1,-1
467,66,444.06,190.53,72.63,189.75,0.6495,-1,-1,-1
467,60,798.60,143.54,54.16,175.99,0.2673,-1,-1,-1
468,3,1721.74,452.72,74.64,215.10,0.5832,-1,-1,-1
468,15,1026.27,922.49,81.41,156.50,0.7975,-1,-1,-1
468,19,236.87,682.28,87.83,249.50,0.6148,-1,-1,-1
468,48,990.62,639.58,75.22,220.56,0.6738,-1,-1,-1
468,69,335.16,708.72,70.16,251.16,0.8290,-1,-1,-1
468,49,906.45,621.91,78.04,241.47,0.7395,-1,-1,-1
468,50,939.19,3.11,51.25,143.24,0.5524,-1,-1,-1
468,2,811.05,584.58,97.48,245.93,0.7829,-1,-1,-1
468,54,1006.25,4.55,55.37,148.67,0.3706,-1,-1,-1
468,81,1806.31,366.62,79.31,210.04,0.5388,-1,-1,-1
468,66,445.71,190.28,71.86,189.05,0.6033,-1,-1,-1
468,60,797.44,143.16,55.58,176.88,0.3628,-1,-1,-1
469,3,1722.27,452.11,73.65,214.86,0.5679,-1,-1,-1
469,15,1026.96,922.79,79.93,156.31,0.8066,-1,-1,-1
469,19,235.55,682.81,90.03,252.82,0.7491,-1,-1,-1
469,48,989.18,641.66,77.10,213.98,0.6542,-1,-1,-1
469,69,333.98,709.85,71.75,250.80,0.8416,-1,-1,-1
469,49,908.17,623.38,77.71,237.92,0.7437,-1,-1,-1
469,50,938.61,3.15,52.33,142.68,0.5265,-1,-1,-1
469,2,809.97,585.86,100.71,246.11,0.6703,-1,-1,-1
469,54,1005.72,4.29,56.29,148.80,0.3275,-1,-1,-1
469,81,1803.03,365.07,80.38,210.49,0.5387,-1,-1,-1
469,66,447.30,188.95,70.80,188.56,0.6306,-1,-1,-1
469,60,798.52,142.21,54.79,177.94,0.3201,-1,-1,-1
470,3,1722.59,452.71,73.62,214.22,0.5483,-1,-1,-1
470,15,1026.13,922.50,80.17,156.84,0.8011,-1,-1,-1
470,19,234.03,684.68,91.33,256.85,0.8552,-1,-1,-1
470,48,989.47,643.43,74.82,219.00,0.5303,-1,-1,-1
470,69,332.50,711.30,72.78,248.61,0.8646,-1,-1,-1
470,49,910.75,624.82,76.06,235.10,0.6626,-1,-1,-1
470,50,938.17,2.79,52.70,142.70,0.4765,-1,-1,-1
470,2,808.92,586.47,102.85,247.73,0.8158,-1,-1,-1
470,54,1005.10,3.24,57.10,149.54,0.2865,-1,-1,-1
470,81,1802.96,363.77,78.97,210.77,0.5082,-1,-1,-1
470,66,447.06,187.78,71.78,189.17,0.6214,-1,-1,-1
470,60,798.31,142.02,54.93,178.32,0.3841,-1,-1,-1
471,3,1722.32,452.70,74.38,215.51,0.5569,-1,-1,-1
471,15,1025.80,923.01,79.72,156.55,0.7864,-1,-1,-1
471,19,232.00,686.59,93.52,261.59,0.8575,-1,-1,-1
471,48,988.29,645.68,76.97,223.35,0.5608,-1,-1,-1
471,69,330.10,713.29,74.21,246.84,0.8606,-1,-1,-1
471,49,912.71,625.31,75.14,237.46,0.5140,-1,-1,-1
471,50,938.71,2.90,52.03,142.16,0.4856,-1,-1,-1
471,2,808.44,587.18,105.07,250.01,0.7957,-1,-1,-1
471,54,1004.66,3.08,56.45,149.00,0.3241,-1,-1,-1
471,81,1801.47,363.56,79.86,210.28,0.5503,-1,-1,-1
471,66,448.40,185.07,70.70,192.31,0.6424,-1,-1,-1
471,60,798.09,142.16,55.34,178.67,0.3517,-1,-1,-1
472,3,1721.55,453.35,75.05,215.02,0.5773,-1,-1,-1
472,15,1025.86,923.12,78.75,156.79,0.7659,-1,-1,-1
472,19,230.49,688.85,94.32,265.98,0.8636,-1,-1,-1
472,48,988.35,647.03,77.71,226.12,0.5646,-1,-1,-1
472,69,328.60,715.17,75.32,246.78,0.8738,-1,-1,-1
472,49,914.54,626.64,73.79,234.96,0.5883,-1,-1,-1
472,50,937.99,2.82,52.88,142.13,0.4554,-1,-1,-1
472,2,808.37,587.86,104.67,252.36,0.8145,-1,-1,-1
472,54,1003.93,2.04,56.09,149.51,0.2921,-1,-1,-1
472,81,1800.97,363.43,79.01,208.53,0.5327,-1,-1,-1
472,66,450.12,182.61,68.83,193.49,0.6503,-1,-1,-1
472,60,798.86,141.93,54.64,178.84,0.3782,-1,-1,-1
473,3,1720.47,452.53,76.66,217.48,0.6113,-1,-1,-1
473,15,1024.83,924.04,79.48,156.06,0.7796,-1,-1,-1
473,19,228.75,691.85,95.23,267.98,0.8618,-1,-1,-1
473,48,989.26,648.35,77.14,227.06,0.5824,-1,-1,-1
473,69,326.36,718.36,76.73,249.48,0.8685,-1,-1,-1
473,49,915.19,628.60,74.82,234.68,0.7215,-1,-1,-1
473,50,937.91,3.43,52.59,141.55,0.4434,-1,-1,-1
473,2,808.04,588.26,103.02,254.06,0.8298,-1,-1,-1
473,81,1798.58,362.47,80.92,208.55,0.5234,-1,-1,-1
473,66,450.20,180.33,69.30,192.34,0.6135,-1,-1,-1
473,60,799.60,141.83,53.90,178.58,0.3443,-1,-1,-1
474,3,1718.87,453.33,78.23,216.81,0.6052,-1,-1,-1
474,15,1024.59,924.64,79.07,155.46,0.7830,-1,-1,-1
474,19,227.19,694.01,95.43,268.61,0.8646,-1,-1,-1
474,48,990.07,649.67,76.52,227.92,0.6190,-1,-1,-1
474,69,324.66,721.22,77.52,253.75,0.8621,-1,-1,-1
474,49,915.16,629.97,76.81,234.99,0.6813,-1,-1,-1
474,50,938.21,3.36,52.28,141.32,0.4748,-1,-1,-1
474,2,808.32,587.98,100.48,256.59,0.5122,-1,-1,-1
474,81,1794.88,361.93,83.75,207.57,0.5266,-1,-1,-1
474,66,451.94,177.40,68.37,191.93,0.5178,-1,-1,-1
474,60,799.34,142.20,54.16,178.39,0.3839,-1,-1,-1
475,3,1716.04,453.84,81.41,215.79,0.5686,-1,-1,-1
475,15,1024.74,925.15,77.83,154.92,0.7840,-1,-1,-1
475,19,225.50,696.57,95.03,269.85,0.8568,-1,-1,-1
475,48,991.54,651.82,76.39,226.52,0.6875,-1,-1,-1
475,69,322.87,724.39,78.32,256.01,0.8553,-1,-1,-1
475,49,916.77,631.70,76.64,235.53,0.7234,-1,-1,-1
475,50,938.12,3.14,52.04,142.16,0.4508,-1,-1,-1
475,2,808.50,588.43,97.99,256.68,0.8494,-1,-1,-1
475,81,1792.29,362.08,85.10,207.01,0.5267,-1,-1,-1
475,66,452.74,175.65,67.58,191.67,0.5377,-1,-1,-1
475,60,800.24,142.69,53.47,177.89,0.3775,-1,-1,-1
476,3,1713.41,454.25,83.80,214.99,0.5451,-1,-1,-1
476,15,1024.13,926.10,78.02,153.92,0.7912,-1,-1,-1
476,19,224.26,699.79,94.84,269.15,0.8508,-1,-1,-1
476,48,994.03,653.71,74.56,225.07,0.6313,-1,-1,-1
476,69,321.73,726.87,78.03,254.45,0.8606,-1,-1,-1
476,49,916.16,632.82,78.28,236.21,0.5882,-1,-1,-1
476,50,937.93,3.18,52.25,142.31,0.4037,-1,-1,-1
476,2,808.31,588.81,95.04,256.77,0.8523,-1,-1,-1
476,81,1788.15,361.53,86.76,207.68,0.4995,-1,-1,-1
476,66,451.93,174.68,68.53,190.67,0.5076,-1,-1,-1
476,60,801.49,142.13,52.40,178.34,0.3796,-1,-1,-1
477,3,1712.37,455.19,85.00,213.66,0.5516,-1,-1,-1
477,15,1023.69,926.65,78.09,153.33,0.7806,-1,-1,-1
477,19,223.08,701.94,94.22,267.38,0.8536,-1,-1,-1
477,48,996.03,655.40,72.64,223.88,0.6608,-1,-1,-1
477,69,320.52,729.36,77.05,254.91,0.8631,-1,-1,-1
477,49,916.04,634.77,80.02,235.19,0.6681,-1,-1,-1
477,50,937.83,3.31,52.29,141.34,0.3627,-1,-1,-1
477,2,808.59,589.50,92.08,255.92,0.8736,-1,-1,-1
477,81,1787.58,360.95,85.49,207.11,0.5864,-1,-1,-1
477,66,450.34,173.46,70.16,190.78,0.5858,-1,-1,-1
477,60,801.17,141.54,52.96,178.64,0.4308,-1,-1,-1
477,54,1000.91,2.86,52.10,146.19,0.3485,-1,-1,-1
478,3,1709.47,455.62,88.14,212.88,0.4981,-1,-1,-1
478,15,1023.10,928.16,77.96,151.93,0.7892,-1,-1,-1
478,19,220.71,703.68,94.95,266.18,0.8458,-1,-1,-1
478,48,997.71,656.26,71.50,222.17,0.6542,-1,-1,-1
478,69,320.27,732.24,75.93,255.66,0.8628,-1,-1,-1
478,49,913.23,636.45,82.81,232.79,0.6961,-1,-1,-1
478,50,937.37,3.19,52.62,141.05,0.4106,-1,-1,-1
478,2,808.11,590.13,89.12,255.57,0.8737,-1,-1,-1
478,81,1788.06,359.78,83.69,208.55,0.5301,-1,-1,-1
478,66,448.71,172.48,71.99,191.39,0.5617,-1,-1,-1
478,60,801.37,141.19,52.90,178.87,0.4322,-1,-1,-1
478,54,1000.74,2.68,51.53,146.25,0.3969,-1,-1,-1
479,3,1709.38,456.01,88.61,212.02,0.5068,-1,-1,-1
479,15,1022.04,929.36,77.82,150.69,0.7794,-1,-1,-1
479,19,220.10,704.58,95.79,265.17,0.8381,-1,-1,-1
479,48,997.39,656.63,72.41,222.98,0.7298,-1,-1,-1
479,69,318.37,734.29,77.22,257.65,0.8574,-1,-1,-1
479,49,913.97,639.49,81.22,235.83,0.7397,-1,-1,-1
479,50,936.92,3.03,52.13,140.66,0.4293,-1,-1,-1
479,2,807.32,590.89,86.33,254.66,0.8708,-1,-1,-1
479,81,1787.17,359.28,82.06,207.05,0.6445,-1,-1,-1
479,66,447.10,171.91,73.61,192.30,0.6011,-1,-1,-1
479,60,802.23,141.26,52.26,179.02,0.4166,-1,-1,-1
479,54,1000.55,2.33,50.82,145.31,0.3874,-1,-1,-1
480,3,1698.34,456.50,99.92,211.13,0.3790,-1,-1,-1
480,15,1020.37,931.70,78.40,148.48,0.7878,-1,-1,-1
480,19,219.34,705.34,94.66,264.11,0.8496,-1,-1,-1
480,48,998.40,657.65,71.20,221.79,0.7169,-1,-1,-1
480,69,314.43,736.22,79.17,257.31,0.8511,-1,-1,-1
480,49,912.34,641.79,83.33,242.72,0.6986,-1,-1,-1
480,50,936.57,1.97,51.75,140.27,0.3931,-1,-1,-1
480,2,806.01,591.88,85.43,254.20,0.8631,-1,-1,-1
480,81,1787.28,358.65,78.27,207.28,0.6220,-1,-1,-1
480,66,444.86,171.09,76.28,193.57,0.5814,-1,-1,-1
480,60,803.62,141.61,50.58,179.04,0.3400,-1,-1,-1
480,54,999.88,2.46,50.75,143.03,0.3167,-1,-1,-1
481,3,1701.03,457.45,97.70,210.76,0.4066,-1,-1,-1
481,15,1019.28,931.37,78.86,148.70,0.7885,-1,-1,-1
481,19,219.43,705.54,92.71,263.86,0.8443,-1,-1,-1
481,48,994.57,659.30,74.65,221.95,0.7012,-1,-1,-1
481,69,308.28,737.48,83.65,256.36,0.8616,-1,-1,-1
481,49,909.86,644.59,85.48,241.18,0.7406,-1,-1,-1
481,50,935.49,1.58,52.22,139.06,0.4538,-1,-1,-1
481,2,805.45,593.03,83.85,253.56,0.8723,-1,-1,-1
481,81,1787.84,357.38,74.53,205.75,0.6211,-1,-1,-1
481,66,444.41,169.98,77.01,194.48,0.5859,-1,-1,-1
481,60,803.53,141.44,50.63,179.73,0.3686,-1,-1,-1
481,54,999.10,1.63,52.10,143.54,0.4067,-1,-1,-1
481,71,1727.54,166.83,65.56,175.14,0.3416,-1,-1,-1
482,3,1704.28,457.69,93.96,210.51,0.4474,-1,-1,-1
482,15,1018.93,932.64,78.91,147.44,0.7825,-1,-1,-1
482,19,219.78,706.79,91.03,262.57,0.8303,-1,-1,-1
482,48,995.21,661.52,74.18,222.43,0.7560,-1,-1,-1
482,69,306.86,738.49,83.90,256.61,0.8648,-1,-1,-1
482,49,908.15,646.73,87.56,248.28,0.7596,-1,-1,-1
482,50,935.02,1.29,52.33,136.36,0.3905,-1,-1,-1
482,2,804.49,593.99,83.28,253.30,0.8652,-1,-1,-1
482,81,1787.48,354.38,71.07,210.05,0.5345,-1,-1,-1
482,66,444.62,169.85,77.51,193.98,0.5196,-1,-1,-1
482,60,804.32,140.23,50.05,181.24,0.4081,-1,-1,-1
482,54,998.95,1.27,52.16,143.09,0.3913,-1,-1,-1
482,71,1726.69,168.89,66.69,173.15,0.3380,-1,-1,-1
483,3,1697.91,457.78,101.05,209.79,0.3562,-1,-1,-1
483,15,1018.54,933.06,79.28,146.96,0.7853,-1,-1,-1
483,19,219.31,707.90,90.66,260.65,0.8414,-1,-1,-1
483,48,997.51,664.00,72.71,222.20,0.7478,-1,-1,-1
483,69,304.31,739.69,84.48,256.09,0.8611,-1,-1,-1
483,49,908.76,649.35,86.44,249.43,0.7799,-1,-1,-1
483,50,935.16,1.55,51.81,134.99,0.4023,-1,-1,-1
483,2,802.54,594.99,83.81,252.35,0.8615,-1,-1,-1
483,81,1785.97,352.83,70.41,211.80,0.5558,-1,-1,-1
483,66,448.26,169.07,73.71,194.24,0.4875,-1,-1,-1
483,60,805.10,140.26,49.27,181.11,0.3366,-1,-1,-1
483,54,998.93,0.66,52.41,143.75,0.4198,-1,-1,-1
483,71,1726.75,169.67,65.36,172.85,0.3171,-1,-1,-1
484,3,1694.60,457.87,104.37,210.13,0.3635,-1,-1,-1
484,15,1017.88,933.46,80.23,146.48,0.7695,-1,-1,-1
484,19,219.16,709.42,89.64,257.78,0.8226,-1,-1,-1
484,48,998.44,667.41,72.72,223.05,0.7469,-1,-1,-1
484,69,303.09,740.84,84.11,254.79,0.8551,-1,-1,-1
484,49,909.79,650.38,85.25,252.12,0.7669,-1,-1,-1
484,50,935.54,2.03,51.48,132.54,0.3305,-1,-1,-1
484,2,801.00,596.00,85.47,251.27,0.8557,-1,-1,-1
484,81,1785.48,351.17,68.52,211.96,0.5079,-1,-1,-1
484,66,453.51,168.29,67.51,194.62,0.4400,-1,-1,-1
484,60,806.91,140.22,47.67,180.08,0.3579,-1,-1,-1
484,54,999.16,0.17,52.42,145.45,0.4109,-1,-1,-1
484,71,1727.09,168.36,66.70,175.16,0.3963,-1,-1,-1
485,3,1682.63,457.68,115.82,209.00,0.3582,-1,-1,-1
485,15,1017.51,933.93,81.02,146.06,0.7573,-1,-1,-1
485,19,218.57,711.28,89.69,256.57,0.8399,-1,-1,-1
485,48,999.16,668.29,73.03,226.67,0.7454,-1,-1,-1
485,69,301.14,742.30,84.53,253.12,0.8619,-1,-1,-1
485,49,911.43,651.46,82.56,251.09,0.7925,-1,-1,-1
485,2,799.58,596.83,87.09,250.61,0.8651,-1,-1,-1
485,81,1784.24,349.71,68.03,207.89,0.4385,-1,-1,-1
485,66,454.71,166.85,65.89,195.35,0.4423,-1,-1,-1
485,60,807.80,140.49,46.87,179.73,0.3174,-1,-1,-1
485,54,998.92,-0.06,52.66,145.37,0.3988,-1,-1,-1
485,71,1727.04,168.37,67.98,177.00,0.2822,-1,-1,-1
486,15,1016.71,934.34,82.00,145.66,0.7582,-1,-1,-1
486,19,217.44,713.03,89.97,258.36,0.8564,-1,-1,-1
486,48,1000.86,670.24,71.58,224.70,0.7565,-1,-1,-1
486,69,299.52,743.52,85.04,251.81,0.8766,-1,-1,-1
486,49,911.33,652.46,82.20,249.26,0.8076,-1,-1,-1
486,2,798.85,597.30,88.60,251.12,0.8696,-1,-1,-1
486,81,1782.45,348.54,67.78,210.35,0.4845,-1,-1,-1
486,66,457.22,163.93,63.82,197.42,0.5326,-1,-1,-1
486,60,808.25,141.23,46.90,179.09,0.3643,-1,-1,-1
486,54,998.67,-0.12,52.64,145.60,0.4150,-1,-1,-1
486,71,1727.24,171.10,68.04,177.61,0.2799,-1,-1,-1
487,15,1017.03,935.10,82.01,145.01,0.7522,-1,-1,-1
487,19,217.43,714.29,90.27,261.97,0.8566,-1,-1,-1
487,48,1003.94,672.24,69.35,225.60,0.7533,-1,-1,-1
487,69,300.11,745.23,83.19,250.55,0.8761,-1,-1,-1
487,49,911.39,653.50,82.61,246.18,0.8200,-1,-1,-1
487,2,797.93,598.02,91.45,251.26,0.8732,-1,-1,-1
487,81,1780.80,348.01,67.51,211.36,0.4287,-1,-1,-1
487,66,457.78,160.54,62.31,198.23,0.4672,-1,-1,-1
487,60,807.36,141.66,48.70,179.06,0.3758,-1,-1,-1
487,54,998.62,-0.19,52.58,145.03,0.3685,-1,-1,-1
487,71,1728.41,173.62,67.76,179.35,0.2563,-1,-1,-1
487,3,1688.39,456.33,106.95,210.30,0.3420,-1,-1,-1
488,15,1017.27,936.12,82.01,143.97,0.7620,-1,-1,-1
488,19,217.04,716.42,90.90,267.21,0.8615,-1,-1,-1
488,48,1006.53,674.56,68.42,226.06,0.7938,-1,-1,-1
488,69,299.81,748.23,81.38,248.26,0.8764,-1,-1,-1
488,49,911.94,654.88,83.62,244.72,0.7730,-1,-1,-1
488,2,797.14,599.05,93.10,250.73,0.8628,-1,-1,-1
488,81,1778.52,354.15,67.06,205.04,0.2794,-1,-1,-1
488,66,460.16,157.11,59.66,198.53,0.3983,-1,-1,-1
488,60,806.97,142.44,49.90,178.60,0.4028,-1,-1,-1
488,54,999.13,-0.14,52.45,144.09,0.4068,-1,-1,-1
488,71,1729.02,175.15,67.84,179.21,0.3279,-1,-1,-1
488,3,1682.54,455.95,111.34,210.85,0.3234,-1,-1,-1
489,15,1016.94,936.54,82.88,143.48,0.7596,-1,-1,-1
489,19,216.54,718.66,90.66,269.36,0.8665,-1,-1,-1
489,48,1008.83,677.33,68.23,225.57,0.8291,-1,-1,-1
489,69,299.76,750.35,80.33,250.52,0.8757,-1,-1,-1
489,49,912.53,656.24,84.54,241.88,0.7748,-1,-1,-1
489,2,797.08,599.85,93.05,252.23,0.8663,-1,-1,-1
489,66,460.52,159.42,58.67,192.40,0.3959,-1,-1,-1
489,60,807.47,142.08,50.48,178.57,0.3544,-1,-1,-1
489,54,999.85,1.20,51.90,142.05,0.4034,-1,-1,-1
489,71,1730.20,177.23,67.30,177.87,0.3178,-1,-1,-1
489,3,1688.62,454.85,104.81,212.44,0.3327,-1,-1,-1
490,15,1015.34,937.05,84.99,143.01,0.7489,-1,-1,-1
490,19,215.20,721.49,92.34,271.32,0.8671,-1,-1,-1
490,48,1010.78,679.23,68.02,225.91,0.8465,-1,-1,-1
490,69,299.78,752.20,78.78,252.30,0.8772,-1,-1,-1
490,49,914.41,657.59,83.61,236.55,0.7271,-1,-1,-1
490,2,796.81,600.36,93.89,255.16,0.8685,-1,-1,-1
490,66,461.41,159.24,58.33,188.44,0.3259,-1,-1,-1
490,60,808.36,141.91,50.36,179.10,0.2849,-1,-1,-1
490,54,1000.03,2.08,51.77,139.04,0.3353,-1,-1,-1
490,71,1731.40,177.92,65.53,177.84,0.3168,-1,-1,-1
490,3,1695.80,454.41,97.10,213.62,0.3414,-1,-1,-1
491,15,1016.11,937.74,84.53,142.28,0.7503,-1,-1,-1
491,19,214.35,724.02,93.14,272.57,0.8729,-1,-1,-1
491,48,1011.86,680.84,69.41,225.79,0.8245,-1,-1,-1
491,69,297.45,754.77,81.13,257.64,0.8702,-1,-1,-1
491,49,918.46,660.19,80.14,239.51,0.7852,-1,-1,-1
491,2,797.12,601.25,94.52,257.84,0.8591,-1,-1,-1
491,66,460.83,158.44,59.30,186.72,0.3404,-1,-1,-1
491,60,807.91,142.11,51.96,178.74,0.3236,-1,-1,-1
491,54,1000.58,4.08,51.26,135.79,0.3868,-1,-1,-1
491,71,1732.42,179.16,64.79,178.53,0.2726,-1,-1,-1
491,3,1702.13,455.14,91.95,213.62,0.3904,-1,-1,-1
492,15,1016.47,938.10,84.39,141.92,0.7629,-1,-1,-1
492,19,213.91,726.33,94.14,274.82,0.8808,-1,-1,-1
492,48,1012.63,683.18,71.35,223.65,0.8354,-1,-1,-1
492,69,296.84,757.31,80.76,257.20,0.8640,-1,-1,-1
492,49,919.91,661.63,79.06,240.79,0.8280,-1,-1,-1
492,2,798.03,602.58,94.65,257.95,0.8690,-1,-1,-1
492,60,807.79,142.47,53.01,177.98,0.2666,-1,-1,-1
492,54,1001.02,4.29,50.19,133.20,0.3531,-1,-1,-1
492,71,1733.42,180.40,63.93,175.12,0.3267,-1,-1,-1
492,3,1705.00,455.13,89.80,212.85,0.4067,-1,-1,-1
493,15,1016.46,938.29,84.67,141.71,0.7518,-1,-1,-1
493,19,213.49,729.45,93.68,274.02,0.8824,-1,-1,-1
493,48,1014.58,683.71,72.25,224.51,0.8011,-1,-1,-1
493,69,297.71,760.14,81.00,255.13,0.8097,-1,-1,-1
493,49,920.07,663.35,79.91,243.55,0.8237,-1,-1,-1
493,2,799.57,603.83,94.05,257.49,0.8608,-1,-1,-1
493,60,806.36,141.94,55.59,178.34,0.2912,-1,-1,-1
493,54,1001.32,4.09,49.55,133.10,0.3860,-1,-1,-1
493,71,1734.19,183.11,63.79,173.97,0.3281,-1,-1,-1
493,3,1710.44,455.25,85.93,213.52,0.4711,-1,-1,-1
494,15,1016.62,938.59,84.66,141.45,0.7477,-1,-1,-1
494,19,213.79,731.83,93.25,274.32,0.8834,-1,-1,-1
494,48,1015.55,686.35,74.25,220.74,0.7197,-1,-1,-1
494,69,298.07,763.58,79.90,254.51,0.8456,-1,-1,-1
494,49,921.57,665.63,79.42,242.45,0.7909,-1,-1,-1
494,2,800.77,605.22,93.66,256.15,0.8500,-1,-1,-1
494,60,805.21,141.73,57.58,177.78,0.2910,-1,-1,-1
494,54,1001.15,4.75,50.02,130.12,0.3574,-1,-1,-1
494,71,1735.12,184.09,64.74,174.23,0.3234,-1,-1,-1
494,3,1716.72,453.89,79.89,215.37,0.5025,-1,-1,-1
495,15,1017.25,938.00,84.42,142.00,0.7408,-1,-1,-1
495,19,213.40,733.96,92.24,273.17,0.8818,-1,-1,-1
495,48,1017.60,687.73,75.04,219.14,0.6528,-1,-1,-1
495,69,298.11,767.19,79.22,257.56,0.8449,-1,-1,-1
495,49,921.98,667.61,79.60,245.67,0.7791,-1,-1,-1
495,2,803.47,605.83,90.66,254.37,0.8428,-1,-1,-1
495,60,804.90,141.30,58.60,178.27,0.3129,-1,-1,-1
495,54,1001.67,5.13,49.56,129.11,0.3948,-1,-1,-1
495,71,1734.79,185.88,66.35,176.53,0.4160,-1,-1,-1
495,3,1721.64,451.54,75.26,216.06,0.5493,-1,-1,-1
495,88,1624.83,323.58,59.75,189.71,0.3524,-1,-1,-1
496,15,1018.64,938.89,83.30,141.10,0.7532,-1,-1,-1
496,19,212.85,736.84,92.15,270.71,0.8827,-1,-1,-1
496,48,1018.58,689.14,75.34,217.77,0.6371,-1,-1,-1
496,69,296.54,770.02,80.31,259.24,0.8478,-1,-1,-1
496,49,922.89,670.55,79.66,240.71,0.7869,-1,-1,-1
496,2,808.07,605.91,85.72,251.62,0.8312,-1,-1,-1
496,60,804.16,140.80,59.25,178.71,0.2794,-1,-1,-1
496,54,1002.10,4.59,49.06,127.16,0.3858,-1,-1,-1
496,71,1734.64,187.06,67.07,177.38,0.3449,-1,-1,-1
496,3,1725.02,450.66,72.63,217.12,0.5173,-1,-1,-1
496,88,1623.80,322.27,60.03,189.08,0.4079,-1,-1,-1
496,89,1630.74,584.77,103.56,227.10,0.6083,-1,-1,-1
497,15,1020.03,938.97,81.90,140.97,0.7445,-1,-1,-1
497,19,212.44,738.32,91.17,268.87,0.8686,-1,-1,-1
497,48,1020.47,689.95,74.58,218.59,0.5575,-1,-1,-1
497,69,294.48,771.57,82.06,260.16,0.8591,-1,-1,-1
497,49,924.22,673.18,79.02,239.42,0.7280,-1,-1,-1
497,2,813.56,606.10,80.27,249.53,0.8212,-1,-1,-1
497,60,803.82,141.13,59.10,178.79,0.3197,-1,-1,-1
497,54,1002.52,4.40,48.92,128.18,0.3983,-1,-1,-1
497,71,1734.60,187.93,67.71,177.21,0.3884,-1,-1,-1
497,3,1727.18,450.60,70.42,217.13,0.5025,-1,-1,-1
497,88,1622.68,321.96,61.16,188.21,0.3258,-1,-1,-1
497,89,1636.23,590.97,96.81,221.32,0.2773,-1,-1,-1
497,4,1540.18,614.03,86.96,218.15,0.3496,-1,-1,-1
498,15,1020.21,938.39,81.92,141.53,0.7234,-1,-1,-1
498,19,212.07,740.04,90.70,266.16,0.8614,-1,-1,-1
498,48,1020.39,691.28,77.16,218.87,0.5052,-1,-1,-1
498,69,294.29,773.15,82.06,259.58,0.8523,-1,-1,-1
498,49,924.34,675.13,79.31,241.01,0.7397,-1,-1,-1
498,2,816.37,606.27,78.08,248.23,0.8161,-1,-1,-1
498,60,802.64,141.42,59.32,178.51,0.3464,-1,-1,-1
498,54,1002.49,4.18,49.00,127.82,0.3539,-1,-1,-1
498,71,1734.10,188.45,68.52,178.37,0.3848,-1,-1,-1
498,3,1729.05,450.90,69.40,217.00,0.4489,-1,-1,-1
498,88,1622.66,321.50,59.98,188.90,0.3100,-1,-1,-1
498,89,1641.21,592.52,92.92,220.96,0.4382,-1,-1,-1
498,4,1540.45,613.77,86.99,218.29,0.5186,-1,-1,-1
499,15,1021.97,937.72,80.18,142.20,0.7426,-1,-1,-1
499,19,211.35,742.26,90.71,264.82,0.8661,-1,-1,-1
499,48,1023.54,693.67,74.39,218.43,0.5407,-1,-1,-1
499,69,293.64,774.22,82.22,259.03,0.8468,-1,-1,-1
499,49,925.76,677.68,79.17,239.27,0.6756,-1,-1,-1
499,2,819.79,607.17,75.25,247.37,0.8062,-1,-1,-1
499,60,800.81,141.51,59.83,178.41,0.3494,-1,-1,-1
499,54,1002.42,3.55,49.27,128.80,0.3592,-1,-1,-1
499,71,1733.09,188.39,69.65,177.34,0.3328,-1,-1,-1
499,3,1729.48,450.50,70.37,217.01,0.2776,-1,-1,-1
499,89,1644.73,590.81,88.00,223.22,0.3644,-1,-1,-1
499,4,1540.11,614.67,87.19,217.30,0.5185,-1,-1,-1
500,15,1024.27,936.39,78.55,143.53,0.7313,-1,-1,-1
500,19,210.22,743.48,91.18,264.37,0.8748,-1,-1,-1
500,48,1024.82,696.82,72.51,213.68,0.5309,-1,-1,-1
500,69,293.29,774.94,81.38,258.28,0.8304,-1,-1,-1
500,49,923.83,679.20,83.32,246.68,0.7184,-1,-1,-1
500,2,821.67,607.10,74.56,247.59,0.8178,-1,-1,-1
500,60,800.42,141.81,58.79,178.05,0.3941,-1,-1,-1
500,54,1001.43,3.42,50.94,128.90,0.3396,-1,-1,-1
500,71,1732.71,188.67,70.57,176.60,0.3781,-1,-1,-1
500,3,1729.53,449.39,69.40,218.21,0.4431,-1,-1,-1
500,89,1653.92,594.22,79.09,220.05,0.4697,-1,-1,-1
500,4,1539.15,615.95,88.74,215.55,0.4234,-1,-1,-1
500,91,405.99,166.94,61.89,179.87,0.3979,-1,-1,-1
500,92,1822.98,178.44,81.33,190.43,0.3549,-1,-1,-1
501,15,1027.14,935.98,76.25,143.95,0.6961,-1,-1,-1
501,19,209.66,744.70,91.09,260.63,0.8763,-1,-1,-1
501,48,1024.72,698.60,73.29,212.44,0.5919,-1,-1,-1
501,69,293.34,775.56,80.10,257.87,0.8171,-1,-1,-1
501,49,926.22,679.84,82.58,251.38,0.7186,-1,-1,-1
501,2,822.99,607.82,74.07,247.70,0.8289,-1,-1,-1
501,60,801.22,142.44,57.09,177.40,0.3567,-1,-1,-1
501,54,1001.04,3.29,51.58,128.03,0.3020,-1,-1,-1
501,71,1732.43,188.73,71.11,177.89,0.3494,-1,-1,-1
501,3,1729.77,448.81,68.29,218.75,0.4019,-1,-1,-1
501,89,1658.76,593.45,74.06,220.32,0.5454,-1,-1,-1
501,4,1539.71,614.91,88.97,214.20,0.2925,-1,-1,-1
501,91,406.16,167.94,61.46,179.23,0.4279,-1,-1,-1
501,92,1824.67,179.61,80.53,193.64,0.3300,-1,-1,-1
501,66,462.75,160.44,66.56,177.71,0.3660,-1,-1,-1
502,15,1028.48,935.04,76.12,144.93,0.7385,-1,-1,-1
502,19,209.22,746.29,91.21,259.57,0.8790,-1,-1,-1
502,48,1025.88,700.98,73.50,208.95,0.6845,-1,-1,-1
502,69,292.84,776.23,80.10,256.85,0.8213,-1,-1,-1
502,49,926.62,681.26,83.48,253.95,0.7399,-1,-1,-1
502,2,823.45,608.53,73.98,248.06,0.8265,-1,-1,-1
502,60,799.19,142.89,57.46,177.86,0.2964,-1,-1,-1
502,71,1732.62,189.08,71.03,176.23,0.3483,-1,-1,-1
502,3,1730.37,448.54,67.00,218.89,0.4223,-1,-1,-1
502,89,1662.21,595.80,70.41,219.97,0.5231,-1,-1,-1
502,91,405.76,168.05,61.19,178.86,0.3452,-1,-1,-1
502,92,1827.11,180.34,78.34,197.63,0.3194,-1,-1,-1
502,66,464.99,160.16,65.88,177.23,0.2773,-1,-1,-1
503,15,1029.87,934.66,76.02,145.30,0.7000,-1,-1,-1
503,19,209.29,747.86,90.52,260.75,0.8763,-1,-1,-1
503,48,1026.60,703.51,73.61,203.32,0.6901,-1,-1,-1
503,69,291.05,777.74,79.79,253.04,0.5022,-1,-1,-1
503,49,927.93,682.64,83.65,252.55,0.7180,-1,-1,-1
503,2,823.29,608.88,74.19,247.64,0.8243,-1,-1,-1
503,60,798.27,142.58,56.53,178.56,0.2695,-1,-1,-1
503,71,1733.53,189.38,70.02,176.22,0.3748,-1,-1,-1
503,3,1731.28,446.49,65.56,220.07,0.3599,-1,-1,-1
503,89,1666.97,598.89,66.24,216.48,0.4812,-1,-1,-1
503,91,404.15,168.29,63.61,177.38,0.4247,-1,-1,-1
503,92,1827.51,181.05,76.38,199.07,0.3193,-1,-1,-1
503,66,471.20,160.46,56.76,173.94,0.2861,-1,-1,-1
503,4,1537.07,615.32,90.79,215.46,0.5167,-1,-1,-1
504,15,1031.90,933.90,74.84,146.03,0.6794,-1,-1,-1
504,19,208.94,749.61,90.15,265.92,0.8103,-1,-1,-1
504,48,1028.71,704.96,71.50,213.16,0.7003,-1,-1,-1
504,69,288.65,778.82,80.32,251.48,0.8484,-1,-1,-1
504,49,927.72,683.99,85.40,250.70,0.6808,-1,-1,-1
504,2,823.42,609.34,73.72,247.76,0.8138,-1,-1,-1
504,71,1734.80,190.20,68.37,174.93,0.4266,-1,-1,-1
504,3,1731.28,445.24,65.38,222.04,0.3264,-1,-1,-1
504,91,403.11,169.85,64.78,175.56,0.4165,-1,-1,-1
504,92,1827.78,182.12,75.73,200.85,0.3116,-1,-1,-1
504,4,1536.28,615.53,91.58,215.42,0.3747,-1,-1,-1
505,15,1032.99,934.46,74.33,145.51,0.7307,-1,-1,-1
505,19,208.63,750.44,89.06,271.75,0.8437,-1,-1,-1
505,48,1029.93,706.69,70.53,216.46,0.7259,-1,-1,-1
505,69,285.10,779.90,83.50,251.77,0.4938,-1,-1,-1
505,49,928.47,684.71,85.18,250.54,0.6402,-1,-1,-1
505,2,823.57,609.84,73.55,248.44,0.7840,-1,-1,-1
505,71,1737.60,191.65,65.40,172.14,0.4053,-1,-1,-1
505,3,1730.74,449.72,64.69,217.18,0.4456,-1,-1,-1
505,91,401.83,170.51,66.18,175.77,0.4201,-1,-1,-1
505,92,1828.69,182.83,79.13,201.96,0.2561,-1,-1,-1
505,4,1535.66,623.54,92.41,208.17,0.2734,-1,-1,-1
506,15,1034.46,933.86,74.06,146.11,0.7289,-1,-1,-1
506,19,208.38,751.72,87.57,277.03,0.8380,-1,-1,-1
506,48,1030.46,707.91,71.10,219.39,0.7555,-1,-1,-1
506,69,281.36,780.97,86.84,253.99,0.6179,-1,-1,-1
506,49,920.71,686.41,94.28,248.76,0.7128,-1,-1,-1
506,2,823.42,609.79,74.32,249.55,0.7464,-1,-1,-1
506,71,1739.30,192.96,63.64,170.71,0.3686,-1,-1,-1
506,3,1730.20,453.12,64.74,213.55,0.5560,-1,-1,-1
506,91,400.72,170.84,66.62,177.39,0.3819,-1,-1,-1
507,15,1036.06,934.54,74.34,145.50,0.7044,-1,-1,-1
507,19,207.66,753.56,87.15,278.68,0.8390,-1,-1,-1
507,48,1030.24,709.18,71.82,222.03,0.7258,-1,-1,-1
507,69,279.71,782.43,88.35,258.98,0.8241,-1,-1,-1
507,49,926.83,687.46,89.72,246.37,0.7018,-1,-1,-1
507,2,823.55,609.92,74.47,249.75,0.5928,-1,-1,-1
507,71,1740.08,194.04,63.00,169.55,0.2823,-1,-1,-1
507,3,1729.66,454.32,65.13,212.53,0.3744,-1,-1,-1
507,91,399.28,168.42,67.24,181.75,0.3039,-1,-1,-1
508,15,1037.17,934.29,74.78,145.72,0.7135,-1,-1,-1
508,19,206.75,755.65,88.24,278.85,0.8520,-1,-1,-1
508,48,1030.32,710.60,72.37,223.16,0.7364,-1,-1,-1
508,69,278.38,784.98,90.42,261.75,0.7292,-1,-1,-1
508,49,923.30,688.65,94.40,247.07,0.7138,-1,-1,-1
508,2,824.72,609.86,73.65,250.33,0.6402,-1,-1,-1
508,71,1741.33,195.11,61.73,168.18,0.3428,-1,-1,-1
508,3,1728.98,455.66,64.95,210.60,0.3775,-1,-1,-1
508,88,1617.41,304.59,63.13,190.09,0.3635,-1,-1,-1
509,15,1038.45,933.92,74.94,146.11,0.6916,-1,-1,-1
509,19,205.33,758.36,87.59,275.51,0.8448,-1,-1,-1
509,48,1030.72,711.14,74.54,227.54,0.7406,-1,-1,-1
509,69,279.67,788.91,87.54,260.08,0.8014,-1,-1,-1
509,49,928.48,690.29,91.33,248.32,0.7294,-1,-1,-1
509,2,825.67,610.09,73.80,252.09,0.4395,-1,-1,-1
509,3,1728.30,456.07,65.47,210.30,0.3707,-1,-1,-1
509,88,1618.32,302.80,59.86,190.84,0.3118,-1,-1,-1
510,15,1039.49,934.53,75.69,145.53,0.5076,-1,-1,-1
510,19,204.74,761.66,83.69,275.27,0.8455,-1,-1,-1
510,48,1029.16,712.20,79.40,227.92,0.7046,-1,-1,-1
510,69,280.26,792.76,85.81,257.65,0.8377,-1,-1,-1
510,49,927.99,691.97,93.31,249.24,0.7360,-1,-1,-1
510,2,826.39,610.14,72.43,251.61,0.4048,-1,-1,-1
510,3,1727.79,455.21,65.87,209.95,0.4097,-1,-1,-1
510,88,1618.20,302.48,59.09,191.66,0.3090,-1,-1,-1
511,15,1040.79,932.94,75.09,147.12,0.6641,-1,-1,-1
511,19,203.01,763.75,87.05,276.23,0.8656,-1,-1,-1
511,48,1029.96,713.88,79.31,220.32,0.6863,-1,-1,-1
511,69,281.77,797.61,82.19,255.62,0.8421,-1,-1,-1
511,49,932.09,694.44,91.54,255.30,0.7527,-1,-1,-1
511,2,826.93,610.59,73.31,252.22,0.8034,-1,-1,-1
511,3,1726.05,455.33,66.74,208.77,0.3889,-1,-1,-1
512,15,1041.49,932.53,74.93,147.49,0.6807,-1,-1,-1
512,19,202.12,766.47,89.82,274.14,0.8667,-1,-1,-1
512,48,1031.36,715.57,78.02,215.55,0.6583,-1,-1,-1
512,69,282.20,800.00,80.07,261.05,0.8125,-1,-1,-1
512,49,933.94,696.68,91.22,260.14,0.7273,-1,-1,-1
512,2,827.49,610.82,73.05,251.99,0.8058,-1,-1,-1
512,3,1725.60,454.57,66.56,208.60,0.3435,-1,-1,-1
513,15,1042.28,933.33,75.14,145.34,0.6084,-1,-1,-1
513,19,201.01,768.02,90.89,273.06,0.8592,-1,-1,-1
513,48,1033.94,717.36,76.11,222.98,0.6447,-1,-1,-1
513,69,282.11,801.87,78.23,265.63,0.8048,-1,-1,-1
513,49,936.62,699.98,87.68,260.46,0.6978,-1,-1,-1
513,2,827.80,610.43,72.59,252.78,0.7863,-1,-1,-1
513,3,1725.12,454.70,65.53,207.28,0.3387,-1,-1,-1
514,15,1043.09,932.91,74.40,145.13,0.6423,-1,-1,-1
514,19,198.42,770.45,91.96,271.30,0.8527,-1,-1,-1
514,48,1035.19,718.83,75.13,225.51,0.6733,-1,-1,-1
514,69,280.72,802.46,76.91,267.21,0.8227,-1,-1,-1
514,49,942.57,703.14,82.03,260.52,0.7030,-1,-1,-1
514,2,827.81,610.25,72.41,252.92,0.7688,-1,-1,-1
514,3,1725.24,456.47,64.48,204.19,0.3193,-1,-1,-1
515,15,1043.77,932.92,74.10,144.68,0.6567,-1,-1,-1
515,19,196.72,771.96,93.50,269.15,0.8574,-1,-1,-1
515,48,1034.03,719.95,77.13,230.05,0.7181,-1,-1,-1
515,69,278.42,803.03,78.10,267.25,0.8308,-1,-1,-1
515,49,939.42,705.52,86.37,258.33,0.6825,-1,-1,-1
515,2,828.24,610.28,71.72,252.56,0.7572,-1,-1,-1
515,3,1724.92,455.77,63.67,204.31,0.2769,-1,-1,-1
516,15,1044.58,932.79,73.59,145.11,0.6043,-1,-1,-1
516,19,194.06,773.51,94.72,267.00,0.8544,-1,-1,-1
516,48,1035.38,721.47,75.97,237.96,0.7135,-1,-1,-1
516,69,275.94,803.03,79.25,265.77,0.7232,-1,-1,-1
516,49,939.56,708.29,87.72,254.66,0.7594,-1,-1,-1
516,2,829.00,610.49,70.14,251.86,0.7310,-1,-1,-1
516,3,1723.75,455.38,65.44,206.75,0.3268,-1,-1,-1
517,15,1045.16,932.20,73.11,145.37,0.6280,-1,-1,-1
517,19,192.60,775.34,94.32,264.30,0.8469,-1,-1,-1
517,48,1036.59,723.60,73.98,238.76,0.6909,-1,-1,-1
517,69,275.51,803.49,78.65,266.42,0.8393,-1,-1,-1
517,49,939.37,710.60,88.95,255.12,0.7470,-1,-1,-1
517,2,828.24,610.02,70.74,252.37,0.7405,-1,-1,-1
518,15,1045.42,930.72,72.02,146.57,0.6671,-1,-1,-1
518,19,191.18,776.79,92.54,262.77,0.5200,-1,-1,-1
518,48,1038.42,726.11,71.71,233.33,0.6969,-1,-1,-1
518,69,273.57,804.03,80.31,264.55,0.7993,-1,-1,-1
518,49,941.79,712.32,88.06,259.00,0.7488,-1,-1,-1
518,2,828.33,609.43,69.84,252.49,0.6074,-1,-1,-1
519,15,1045.33,929.70,71.65,147.53,0.6386,-1,-1,-1
519,19,190.56,777.32,92.69,262.41,0.7395,-1,-1,-1
519,48,1038.15,730.34,72.05,229.34,0.5856,-1,-1,-1
519,69,272.64,804.60,80.19,264.65,0.8583,-1,-1,-1
519,49,943.96,713.71,86.45,260.83,0.7478,-1,-1,-1
519,2,827.43,608.28,69.53,253.26,0.6311,-1,-1,-1
520,15,1044.68,927.22,71.96,150.99,0.6863,-1,-1,-1
520,19,189.82,778.29,92.91,262.40,0.7937,-1,-1,-1
520,48,1038.49,733.35,74.50,213.82,0.6572,-1,-1,-1
520,69,271.14,806.42,81.43,263.51,0.8668,-1,-1,-1
520,49,945.11,715.71,85.39,261.18,0.7822,-1,-1,-1
520,2,827.73,607.44,68.33,254.26,0.6363,-1,-1,-1
520,3,1719.81,454.60,68.24,215.00,0.3452,-1,-1,-1
521,15,1045.11,927.88,71.68,150.24,0.6575,-1,-1,-1
521,19,189.26,779.09,94.42,266.41,0.8244,-1,-1,-1
521,48,1039.72,735.87,74.75,205.48,0.6813,-1,-1,-1
521,69,269.64,808.57,81.88,262.14,0.8663,-1,-1,-1
521,49,948.81,717.81,82.69,259.70,0.7689,-1,-1,-1
521,2,827.66,607.33,67.88,254.25,0.7021,-1,-1,-1
521,98,1734.31,632.60,84.46,216.17,0.6678,-1,-1,-1
521,3,1716.86,455.51,70.71,215.14,0.3432,-1,-1,-1
522,15,1045.14,929.10,71.39,149.19,0.6521,-1,-1,-1
522,19,189.04,780.28,95.41,269.52,0.8263,-1,-1,-1
522,48,1040.51,738.97,75.65,204.46,0.7375,-1,-1,-1
522,69,269.74,811.47,81.08,259.64,0.8515,-1,-1,-1
522,49,949.58,719.19,82.99,257.50,0.7984,-1,-1,-1
522,2,827.72,606.77,66.80,253.93,0.6905,-1,-1,-1
522,98,1737.20,634.61,88.15,214.73,0.6534,-1,-1,-1
522,3,1715.35,456.77,72.43,214.11,0.3253,-1,-1,-1
522,81,1712.53,312.37,86.26,184.01,0.3582,-1,-1,-1
523,15,1045.07,929.64,70.93,148.47,0.6104,-1,-1,-1
523,19,188.51,782.01,96.27,272.31,0.8304,-1,-1,-1
523,48,1043.03,740.59,73.99,206.90,0.7210,-1,-1,-1
523,69,268.45,814.70,81.93,258.81,0.8490,-1,-1,-1
523,49,951.10,719.97,83.19,257.05,0.7274,-1,-1,-1
523,2,827.84,607.18,66.26,253.31,0.7690,-1,-1,-1
523,98,1740.58,636.48,90.07,215.81,0.5410,-1,-1,-1
523,3,1716.22,457.99,72.06,212.68,0.3949,-1,-1,-1
523,81,1711.81,311.83,81.76,183.04,0.4461,-1,-1,-1
523,66,468.57,133.89,56.47,175.43,0.3535,-1,-1,-1
524,15,1044.95,930.00,70.41,148.01,0.5626,-1,-1,-1
524,19,189.35,783.91,92.84,273.24,0.8387,-1,-1,-1
524,48,1043.64,742.68,74.73,217.63,0.6985,-1,-1,-1
524,69,265.20,817.81,84.13,259.71,0.8580,-1,-1,-1
524,49,953.42,720.58,81.69,252.35,0.6836,-1,-1,-1
524,2,827.15,608.05,66.06,252.07,0.7687,-1,-1,-1
524,98,1743.36,639.80,91.29,217.18,0.3827,-1,-1,-1
524,3,1718.92,458.32,70.24,212.37,0.3409,-1,-1,-1
524,81,1711.07,308.51,76.88,193.09,0.4803,-1,-1,-1
525,15,1044.53,930.78,71.30,147.61,0.4690,-1,-1,-1
525,19,189.16,785.06,93.57,277.71,0.8419,-1,-1,-1
525,48,1044.40,743.55,75.81,226.53,0.7156,-1,-1,-1
525,69,265.19,820.44,83.96,259.32,0.8558,-1,-1,-1
525,49,957.76,721.08,78.79,243.98,0.5325,-1,-1,-1
525,2,826.92,607.92,66.11,251.81,0.7972,-1,-1,-1
525,98,1751.32,642.89,86.88,220.56,0.3685,-1,-1,-1
525,3,1718.29,458.52,70.75,211.33,0.4499,-1,-1,-1
525,81,1709.49,306.75,74.58,193.34,0.4102,-1,-1,-1
526,15,1044.43,929.88,71.03,148.87,0.5714,-1,-1,-1
526,19,189.65,787.13,92.19,278.38,0.8412,-1,-1,-1
526,48,1047.36,743.98,75.31,219.00,0.5921,-1,-1,-1
526,69,262.86,822.95,85.98,257.59,0.8568,-1,-1,-1
526,49,961.74,721.94,77.59,244.32,0.4054,-1,-1,-1
526,2,826.66,606.81,66.49,252.81,0.8051,-1,-1,-1
526,3,1716.67,457.88,73.02,211.18,0.4513,-1,-1,-1
526,81,1707.21,305.54,74.34,190.62,0.4159,-1,-1,-1
527,15,1044.20,928.18,70.76,150.92,0.6499,-1,-1,-1
527,19,189.92,788.10,91.75,280.86,0.8526,-1,-1,-1
527,48,1049.52,744.74,75.94,206.57,0.5680,-1,-1,-1
527,69,261.24,825.38,87.05,255.25,0.8574,-1,-1,-1
527,2,826.37,606.11,66.27,252.54,0.8028,-1,-1,-1
527,3,1716.41,457.89,73.93,210.30,0.4744,-1,-1,-1
527,81,1704.28,305.08,75.52,189.43,0.4515,-1,-1,-1
528,15,1044.12,925.45,69.38,153.44,0.7214,-1,-1,-1
528,19,190.49,789.39,89.44,280.92,0.8438,-1,-1,-1
528,48,1051.98,745.78,76.16,200.13,0.5984,-1,-1,-1
528,69,259.23,826.99,88.11,253.62,0.8671,-1,-1,-1
528,2,825.89,605.61,66.62,252.70,0.8205,-1,-1,-1
528,3,1715.96,458.05,75.93,209.66,0.5131,-1,-1,-1
528,81,1701.45,304.77,75.57,188.36,0.4939,-1,-1,-1
529,15,1042.92,925.61,69.70,153.55,0.7425,-1,-1,-1
529,19,191.79,790.64,87.29,279.89,0.8476,-1,-1,-1
529,48,1054.52,746.87,75.78,201.11,0.6537,-1,-1,-1
529,69,258.59,828.97,87.03,251.14,0.8715,-1,-1,-1
529,2,825.29,605.49,67.11,252.23,0.8302,-1,-1,-1
529,3,1716.24,457.96,76.50,209.71,0.5208,-1,-1,-1
529,81,1698.48,304.96,77.65,187.66,0.3680,-1,-1,-1
529,91,388.47,200.83,60.53,189.97,0.3389,-1,-1,-1
529,71,1767.32,212.75,67.01,176.00,0.3899,-1,-1,-1
530,15,1041.36,927.33,70.71,152.00,0.6559,-1,-1,-1
530,19,192.36,791.91,86.33,279.62,0.8316,-1,-1,-1
530,48,1055.32,748.45,77.25,199.44,0.6352,-1,-1,-1
530,69,257.85,831.42,87.44,248.46,0.8720,-1,-1,-1
530,2,823.64,605.00,67.33,251.71,0.8240,-1,-1,-1
530,3,1716.37,456.87,76.37,210.75,0.5313,-1,-1,-1
530,81,1696.63,306.18,77.68,184.17,0.4232,-1,-1,-1
530,91,388.39,200.46,60.10,191.39,0.3426,-1,-1,-1
530,71,1767.03,213.99,68.74,175.16,0.3821,-1,-1,-1
530,49,964.72,731.34,78.57,250.81,0.4546,-1,-1,-1
531,15,1040.31,929.59,71.01,150.16,0.6724,-1,-1,-1
531,19,191.94,793.57,86.61,277.43,0.7766,-1,-1,-1
531,48,1057.33,749.99,76.42,203.88,0.6961,-1,-1,-1
531,69,258.07,832.98,86.75,247.25,0.8699,-1,-1,-1
531,2,821.51,604.31,68.13,252.17,0.8165,-1,-1,-1
531,3,1716.75,457.43,75.80,209.78,0.5457,-1,-1,-1
531,81,1696.03,305.31,76.80,184.23,0.4387,-1,-1,-1
531,91,379.48,196.88,68.55,195.81,0.4708,-1,-1,-1
531,71,1765.94,215.31,70.47,174.24,0.3969,-1,-1,-1
531,49,965.42,732.67,79.05,251.85,0.6754,-1,-1,-1
531,66,468.81,127.36,56.21,175.38,0.3550,-1,-1,-1
532,15,1040.12,934.60,70.66,145.30,0.5949,-1,-1,-1
532,19,191.89,795.31,86.72,275.09,0.8042,-1,-1,-1
532,48,1057.98,751.11,76.97,208.56,0.7541,-1,-1,-1
532,69,258.42,834.14,86.61,246.19,0.8714,-1,-1,-1
532,2,818.88,603.44,69.15,251.42,0.8138,-1,-1,-1
532,3,1715.71,457.41,76.76,210.42,0.6475,-1,-1,-1
532,81,1696.94,304.30,75.48,186.54,0.3407,-1,-1,-1
532,91,377.09,194.92,70.85,196.94,0.4628,-1,-1,-1
532,71,1765.65,216.88,71.97,173.99,0.4022,-1,-1,-1
532,49,965.85,734.84,82.59,254.03,0.7614,-1,-1,-1
532,66,469.14,125.10,56.32,178.89,0.3272,-1,-1,-1
533,15,1039.47,941.65,70.97,138.31,0.4577,-1,-1,-1
533,19,191.12,796.68,88.56,273.36,0.8020,-1,-1,-1
533,48,1059.25,753.00,77.53,210.43,0.6558,-1,-1,-1
533,69,258.46,835.46,86.58,244.85,0.8662,-1,-1,-1
533,2,814.60,602.75,69.65,253.54,0.8012,-1,-1,-1
533,3,1715.64,456.72,77.10,210.65,0.6987,-1,-1,-1
533,81,1697.64,305.50,73.33,184.62,0.3534,-1,-1,-1
533,91,376.90,194.34,70.95,198.09,0.3962,-1,-1,-1
533,71,1766.36,219.50,72.22,172.90,0.3410,-1,-1,-1
533,49,966.93,737.55,85.94,250.84,0.7531,-1,-1,-1
533,66,469.43,126.72,55.53,177.89,0.3092,-1,-1,-1
534,15,1038.01,946.38,72.46,133.63,0.3445,-1,-1,-1
534,19,190.51,798.11,90.53,270.51,0.8042,-1,-1,-1
534,48,1062.59,755.49,75.19,208.97,0.4897,-1,-1,-1
534,69,258.55,836.86,86.92,243.48,0.8590,-1,-1,-1
534,2,810.60,601.57,70.39,256.14,0.8109,-1,-1,-1
534,3,1714.72,457.37,78.42,210.03,0.6707,-1,-1,-1
534,81,1696.94,304.64,71.99,184.90,0.4056,-1,-1,-1
534,91,380.53,195.23,68.24,196.58,0.4085,-1,-1,-1
534,71,1766.88,220.96,73.23,171.58,0.3537,-1,-1,-1
534,49,966.48,739.63,89.13,249.50,0.7635,-1,-1,-1
535,19,190.20,798.66,92.49,270.50,0.8369,-1,-1,-1
535,48,1062.15,757.98,77.27,219.85,0.4287,-1,-1,-1
535,69,258.68,837.92,87.40,242.18,0.8636,-1,-1,-1
535,2,805.82,600.28,72.81,255.11,0.8241,-1,-1,-1
535,3,1714.91,456.64,78.09,211.22,0.7296,-1,-1,-1
535,91,384.73,198.58,65.19,192.76,0.4720,-1,-1,-1
535,71,1767.20,222.14,72.98,172.94,0.4972,-1,-1,-1
535,49,967.29,742.10,90.03,247.74,0.7275,-1,-1,-1
535,100,137.80,310.92,94.80,189.45,0.3771,-1,-1,-1
536,19,190.31,799.14,92.85,272.52,0.8395,-1,-1,-1
536,48,1061.86,760.61,78.01,223.01,0.4902,-1,-1,-1
536,69,259.30,839.12,86.13,241.04,0.8640,-1,-1,-1
536,2,802.69,599.82,73.61,253.97,0.8169,-1,-1,-1
536,3,1715.45,457.46,77.73,210.04,0.7443,-1,-1,-1
536,91,387.91,198.23,63.10,193.28,0.4710,-1,-1,-1
536,71,1767.07,222.94,72.94,173.26,0.5058,-1,-1,-1
536,49,969.42,744.18,89.13,247.85,0.6538,-1,-1,-1
536,100,141.19,310.08,91.32,189.46,0.4984,-1,-1,-1
537,19,191.27,799.87,92.28,275.20,0.8408,-1,-1,-1
537,48,1063.55,762.52,77.02,228.32,0.5750,-1,-1,-1
537,69,259.58,841.22,84.79,239.01,0.8635,-1,-1,-1
537,2,798.61,599.66,76.00,255.67,0.8171,-1,-1,-1
537,3,1716.97,458.27,76.27,209.15,0.7439,-1,-1,-1
537,91,388.73,198.74,62.57,192.20,0.5055,-1,-1,-1
537,71,1768.27,223.31,72.63,173.90,0.5133,-1,-1,-1
537,49,971.39,745.82,90.27,247.42,0.7376,-1,-1,-1
537,100,143.08,309.64,89.88,189.70,0.5072,-1,-1,-1
538,19,192.32,801.48,91.73,276.22,0.8449,-1,-1,-1
538,48,1062.16,764.82,78.80,228.88,0.6481,-1,-1,-1
538,69,258.79,844.12,84.82,236.14,0.8672,-1,-1,-1
538,2,796.73,600.05,77.41,255.42,0.8231,-1,-1,-1
538,3,1718.68,458.10,74.20,208.89,0.7220,-1,-1,-1
538,91,389.33,192.49,61.87,198.84,0.4060,-1,-1,-1
538,71,1770.19,223.75,70.16,173.53,0.4897,-1,-1,-1
538,49,973.15,747.61,91.14,245.48,0.7824,-1,-1,-1
538,100,145.95,308.64,88.36,189.95,0.4607,-1,-1,-1
538,81,1690.47,296.72,72.10,191.78,0.3810,-1,-1,-1
539,19,192.99,803.44,91.35,275.17,0.8207,-1,-1,-1
539,48,1060.57,767.09,81.37,228.91,0.7103,-1,-1,-1
539,69,257.31,846.81,85.17,233.40,0.8613,-1,-1,-1
539,2,794.02,600.19,78.93,255.09,0.8254,-1,-1,-1
539,3,1718.01,457.78,75.57,209.40,0.7051,-1,-1,-1
539,91,389.43,187.42,61.27,204.56,0.4898,-1,-1,-1
539,71,1772.01,224.17,68.40,172.68,0.5029,-1,-1,-1
539,49,974.38,748.97,90.82,243.79,0.7991,-1,-1,-1
539,100,148.02,308.24,87.61,189.72,0.3411,-1,-1,-1
539,81,1688.27,294.61,72.38,194.04,0.3736,-1,-1,-1
539,15,1029.09,940.35,81.38,139.93,0.4287,-1,-1,-1
540,19,193.81,805.91,90.97,272.78,0.8538,-1,-1,-1
540,48,1060.44,769.01,82.54,223.63,0.6228,-1,-1,-1
540,69,256.68,848.94,83.69,231.24,0.8546,-1,-1,-1
540,2,791.63,599.90,80.07,254.60,0.8391,-1,-1,-1
540,3,1717.91,456.81,75.59,210.07,0.7276,-1,-1,-1
540,91,390.27,182.21,59.86,209.89,0.5200,-1,-1,-1
540,71,1773.91,224.66,66.63,172.03,0.4575,-1,-1,-1
540,49,976.74,749.40,90.59,242.11,0.7718,-1,-1,-1
540,100,148.79,307.36,87.23,190.35,0.3587,-1,-1,-1
540,81,1685.07,291.53,74.80,195.53,0.4036,-1,-1,-1
540,15,1028.26,942.00,82.19,138.27,0.2974,-1,-1,-1
541,19,196.17,808.65,89.51,271.05,0.8279,-1,-1,-1
541,48,1054.80,770.45,88.44,225.86,0.7049,-1,-1,-1
541,69,257.05,850.59,83.03,229.60,0.8600,-1,-1,-1
541,2,790.70,600.16,80.12,252.69,0.8245,-1,-1,-1
541,3,1718.08,456.37,75.58,210.37,0.7193,-1,-1,-1
541,91,390.05,181.37,59.63,212.44,0.5613,-1,-1,-1
541,71,1775.67,225.15,65.38,172.02,0.5149,-1,-1,-1
541,49,980.63,751.05,87.44,238.34,0.7992,-1,-1,-1
541,100,149.90,307.14,87.37,188.86,0.2620,-1,-1,-1
541,81,1680.01,288.74,78.15,198.10,0.4100,-1,-1,-1
541,15,1026.90,939.64,83.32,140.63,0.5027,-1,-1,-1
542,19,199.05,810.71,87.09,268.59,0.7895,-1,-1,-1
542,48,1063.09,771.48,81.15,225.12,0.6527,-1,-1,-1
542,69,257.93,853.22,81.22,226.93,0.8129,-1,-1,-1
542,2,789.30,599.74,79.68,252.18,0.8282,-1,-1,-1
542,3,1717.45,456.21,76.56,210.60,0.7133,-1,-1,-1
542,91,390.45,183.36,58.37,211.45,0.4537,-1,-1,-1
542,71,1777.50,226.18,64.33,171.40,0.4875,-1,-1,-1
542,49,984.84,751.42,82.73,237.94,0.7521,-1,-1,-1
542,100,150.52,306.96,87.66,190.62,0.2623,-1,-1,-1
542,81,1676.01,286.16,80.20,199.64,0.4457,-1,-1,-1
543,19,202.05,813.07,84.67,267.09,0.4563,-1,-1,-1
543,48,1067.26,772.42,78.25,227.80,0.6281,-1,-1,-1
543,69,257.99,857.92,79.56,222.23,0.8063,-1,-1,-1
543,2,787.57,599.33,80.62,252.08,0.8253,-1,-1,-1
543,3,1716.64,455.56,77.91,211.40,0.6851,-1,-1,-1
543,91,390.39,197.93,56.80,198.41,0.3005,-1,-1,-1
543,71,1779.74,225.94,63.13,174.07,0.4349,-1,-1,-1
543,49,988.47,753.17,81.21,231.93,0.6970,-1,-1,-1
543,100,158.00,306.82,81.90,191.89,0.2528,-1,-1,-1
543,81,1671.84,284.79,83.12,200.20,0.4593,-1,-1,-1
543,15,1028.16,942.88,81.28,137.33,0.3800,-1,-1,-1
544,19,204.75,814.84,83.29,265.53,0.8059,-1,-1,-1
544,48,1069.36,773.12,77.96,228.71,0.7009,-1,-1,-1
544,69,258.21,862.57,78.76,217.51,0.7822,-1,-1,-1
544,2,784.06,598.90,82.76,252.86,0.8423,-1,-1,-1
544,3,1716.15,455.13,79.04,212.86,0.6636,-1,-1,-1
544,91,390.60,198.36,56.65,198.40,0.3425,-1,-1,-1
544,71,1781.13,226.22,62.81,173.27,0.4240,-1,-1,-1
544,49,988.28,755.12,84.37,227.25,0.7164,-1,-1,-1
544,81,1668.81,284.22,85.64,200.21,0.4516,-1,-1,-1
544,15,1026.47,942.83,82.68,137.23,0.4137,-1,-1,-1
544,60,778.79,85.19,72.05,236.29,0.3420,-1,-1,-1
545,19,207.48,816.77,81.98,263.71,0.7238,-1,-1,-1
545,48,1069.70,775.79,79.25,227.20,0.6537,-1,-1,-1
545,69,256.18,866.50,79.38,213.61,0.8036,-1,-1,-1
545,2,778.32,598.07,87.40,254.60,0.8512,-1,-1,-1
545,3,1716.13,455.85,78.35,210.52,0.7006,-1,-1,-1
545,91,390.86,206.89,56.18,192.21,0.3944,-1,-1,-1
545,71,1783.73,226.20,61.33,174.96,0.4299,-1,-1,-1
545,49,991.20,756.98,83.22,225.39,0.7090,-1,-1,-1
545,81,1665.54,283.66,88.28,200.92,0.4346,-1,-1,-1
545,15,1020.31,942.18,87.75,137.74,0.5597,-1,-1,-1
545,60,778.18,84.35,72.45,237.53,0.3138,-1,-1,-1
546,19,209.66,818.21,81.96,262.21,0.6713,-1,-1,-1
546,48,1071.89,777.40,78.84,228.66,0.6824,-1,-1,-1
546,69,254.22,869.02,79.19,211.04,0.8009,-1,-1,-1
546,2,773.17,597.75,91.07,255.22,0.8551,-1,-1,-1
546,3,1714.26,455.38,80.51,211.63,0.7373,-1,-1,-1
546,91,391.37,185.45,56.58,215.54,0.2918,-1,-1,-1
546,71,1786.32,227.15,59.59,175.84,0.3817,-1,-1,-1
546,49,992.94,759.34,83.83,225.83,0.6782,-1,-1,-1
546,81,1664.68,283.95,88.75,200.18,0.4351,-1,-1,-1
546,15,1020.22,942.11,86.75,137.85,0.5759,-1,-1,-1
546,60,778.20,84.31,72.76,236.67,0.4352,-1,-1,-1
547,19,211.46,819.84,81.97,260.55,0.7164,-1,-1,-1
547,48,1074.25,779.44,78.01,230.13,0.7533,-1,-1,-1
547,69,253.72,872.60,78.63,207.46,0.7779,-1,-1,-1
547,2,771.07,597.34,92.50,256.95,0.8576,-1,-1,-1
547,3,1712.97,456.02,82.01,211.63,0.7115,-1,-1,-1
547,91,389.39,205.32,57.08,197.98,0.2909,-1,-1,-1
547,71,1788.04,228.83,59.12,176.38,0.3712,-1,-1,-1
547,49,995.21,761.65,84.32,222.15,0.7131,-1,-1,-1
547,81,1661.01,284.60,91.43,198.71,0.3533,-1,-1,-1
547,15,1024.64,943.30,82.27,136.39,0.4840,-1,-1,-1
547,60,778.12,83.10,73.03,238.22,0.4710,-1,-1,-1
548,19,213.30,821.14,80.57,259.25,0.6085,-1,-1,-1
548,48,1069.50,781.82,85.15,235.18,0.7469,-1,-1,-1
548,69,253.48,874.98,78.46,205.10,0.7764,-1,-1,-1
548,2,769.20,597.45,93.60,257.31,0.8536,-1,-1,-1
548,3,1717.36,456.02,77.31,211.85,0.6813,-1,-1,-1
548,91,385.31,214.15,60.39,191.74,0.3956,-1,-1,-1
548,71,1789.43,231.15,60.97,177.83,0.3932,-1,-1,-1
548,49,995.43,765.07,85.24,219.63,0.7526,-1,-1,-1
548,81,1659.64,284.87,92.87,197.67,0.3925,-1,-1,-1
548,15,1025.04,939.31,81.88,140.33,0.5491,-1,-1,-1
548,60,778.14,83.32,73.53,239.16,0.4508,-1,-1,-1
549,19,213.58,821.04,81.00,258.74,0.5237,-1,-1,-1
549,48,1068.94,783.33,86.55,242.02,0.7479,-1,-1,-1
549,69,251.03,874.86,79.11,205.19,0.7154,-1,-1,-1
549,2,768.60,598.28,93.45,256.33,0.8533,-1,-1,-1
549,3,1721.46,456.61,73.00,211.12,0.6940,-1,-1,-1
549,91,384.64,218.05,59.67,188.89,0.4445,-1,-1,-1
549,71,1791.13,232.58,62.24,179.19,0.3590,-1,-1,-1
549,49,997.22,768.04,83.06,215.74,0.6489,-1,-1,-1
549,81,1658.46,284.56,95.04,198.59,0.4406,-1,-1,-1
549,15,1023.58,935.53,83.34,143.89,0.5252,-1,-1,-1
549,60,778.42,84.07,73.00,237.77,0.4744,-1,-1,-1
549,100,181.90,300.39,69.09,199.99,0.3661,-1,-1,-1
550,19,214.55,822.52,81.89,256.88,0.3538,-1,-1,-1
550,48,1068.70,786.18,88.29,244.55,0.7015,-1,-1,-1
550,69,233.09,868.15,92.38,211.91,0.3471,-1,-1,-1
550,2,767.25,599.06,94.00,254.95,0.8493,-1,-1,-1
550,3,1721.16,456.67,73.05,211.06,0.6859,-1,-1,-1
550,91,383.12,225.97,60.83,181.52,0.3995,-1,-1,-1
550,71,1793.59,234.02,61.33,179.04,0.3271,-1,-1,-1
550,49,998.38,771.24,81.72,207.69,0.5547,-1,-1,-1
550,81,1657.89,283.99,95.24,197.87,0.4563,-1,-1,-1
550,15,1022.14,934.55,84.17,144.66,0.5283,-1,-1,-1
550,60,780.29,84.44,72.46,237.82,0.4840,-1,-1,-1
550,100,184.07,300.09,67.68,200.51,0.2804,-1,-1,-1
551,19,223.18,852.32,94.07,227.55,0.5777,-1,-1,-1
551,48,1073.01,789.50,86.62,242.91,0.7030,-1,-1,-1
551,69,236.48,872.60,90.24,207.40,0.5767,-1,-1,-1
551,2,766.76,598.59,93.11,254.26,0.8428,-1,-1,-1
551,3,1722.26,456.63,71.75,211.47,0.6928,-1,-1,-1
551,91,381.40,225.84,62.22,182.16,0.5068,-1,-1,-1
551,49,1001.71,772.94,79.42,197.72,0.5383,-1,-1,-1
551,81,1658.90,282.51,94.28,201.38,0.4755,-1,-1,-1
551,15,1018.66,935.68,87.08,143.51,0.6126,-1,-1,-1
551,60,780.65,84.50,72.63,237.93,0.5274,-1,-1,-1
552,19,230.63,869.95,94.13,210.07,0.7394,-1,-1,-1
552,48,1072.39,792.67,90.14,241.85,0.7008,-1,-1,-1
552,69,233.96,875.12,92.73,204.84,0.7394,-1,-1,-1
552,2,766.28,598.03,92.41,253.37,0.8447,-1,-1,-1
552,3,1724.99,455.19,68.98,212.33,0.6875,-1,-1,-1
552,91,380.07,225.50,63.81,182.57,0.4265,-1,-1,-1
552,49,1006.17,774.87,77.10,185.22,0.4854,-1,-1,-1
552,81,1660.17,281.23,91.19,207.53,0.4630,-1,-1,-1
552,15,1007.09,933.57,96.98,146.10,0.5438,-1,-1,-1
552,60,782.78,83.68,72.27,238.59,0.5162,-1,-1,-1
553,19,234.03,876.07,92.74,204.01,0.7565,-1,-1,-1
553,48,1072.56,794.93,94.12,243.06,0.7050,-1,-1,-1
553,69,233.48,876.28,92.30,203.70,0.7565,-1,-1,-1
553,2,765.91,596.49,91.99,253.26,0.8462,-1,-1,-1
553,3,1724.52,454.81,69.69,211.84,0.6485,-1,-1,-1
553,91,379.63,223.16,64.73,184.53,0.4258,-1,-1,-1
553,49,1009.68,777.48,74.90,172.84,0.5356,-1,-1,-1
553,81,1660.60,279.35,90.47,215.49,0.4268,-1,-1,-1
553,15,999.74,929.58,103.77,150.02,0.5554,-1,-1,-1
553,60,785.19,82.47,72.19,238.79,0.4687,-1,-1,-1
554,19,234.09,874.42,94.04,205.70,0.7362,-1,-1,-1
554,48,1078.74,796.96,92.26,243.06,0.6296,-1,-1,-1
554,69,232.26,873.22,93.96,206.78,0.7362,-1,-1,-1
554,2,766.14,595.95,89.61,252.11,0.8456,-1,-1,-1
554,3,1723.88,454.92,69.44,210.94,0.6986,-1,-1,-1
554,91,377.92,220.43,65.83,186.72,0.5677,-1,-1,-1
554,81,1662.26,277.20,87.00,210.94,0.4287,-1,-1,-1
554,60,787.35,82.49,72.79,238.06,0.4647,-1,-1,-1
555,19,234.21,856.58,95.53,223.55,0.7680,-1,-1,-1
555,48,1084.78,799.03,87.42,241.78,0.7177,-1,-1,-1
555,69,232.02,855.41,95.57,224.61,0.7680,-1,-1,-1
555,2,764.99,595.91,89.09,251.50,0.8208,-1,-1,-1
555,3,1723.63,454.73,68.98,210.71,0.6472,-1,-1,-1
555,91,376.73,218.38,65.86,188.91,0.5574,-1,-1,-1
555,81,1665.94,275.97,82.06,201.71,0.5155,-1,-1,-1
555,60,787.34,81.54,75.19,239.11,0.4224,-1,-1,-1
556,19,236.87,871.00,93.53,209.12,0.7296,-1,-1,-1
556,48,1092.02,799.63,83.28,240.87,0.6780,-1,-1,-1
556,69,234.68,869.29,93.63,210.72,0.7296,-1,-1,-1
556,2,763.85,594.17,87.74,250.51,0.8573,-1,-1,-1
556,3,1723.33,454.08,68.79,209.94,0.6915,-1,-1,-1
556,91,376.66,219.18,65.97,190.03,0.5092,-1,-1,-1
556,81,1666.92,274.00,78.66,196.73,0.5338,-1,-1,-1
556,60,787.71,82.10,75.88,238.04,0.4364,-1,-1,-1
556,49,1010.61,783.16,94.20,279.20,0.3735,-1,-1,-1
556,15,1010.79,807.34,97.59,271.58,0.3532,-1,-1,-1
557,19,238.14,848.37,95.80,231.77,0.8015,-1,-1,-1
557,48,1098.48,800.74,79.86,239.08,0.6293,-1,-1,-1
557,69,236.15,847.28,95.90,232.77,0.8015,-1,-1,-1
557,2,761.94,593.33,86.96,248.21,0.8176,-1,-1,-1
557,3,1722.48,455.29,70.23,208.32,0.6945,-1,-1,-1
557,91,375.41,221.26,67.12,188.03,0.5114,-1,-1,-1
557,81,1667.98,272.71,77.91,195.06,0.5526,-1,-1,-1
557,60,789.37,81.58,74.50,238.06,0.4805,-1,-1,-1
557,49,1006.98,784.96,99.57,293.47,0.4123,-1,-1,-1
557,15,1005.99,790.49,100.08,288.84,0.4123,-1,-1,-1
558,19,239.10,841.15,98.92,238.90,0.7881,-1,-1,-1
558,48,1101.28,800.74,80.16,237.19,0.6634,-1,-1,-1
558,69,237.26,840.06,99.01,239.91,0.7881,-1,-1,-1
558,2,758.62,593.26,87.20,245.41,0.8120,-1,-1,-1
558,3,1721.46,455.19,70.01,208.23,0.7393,-1,-1,-1
558,91,375.03,222.10,67.36,188.34,0.5630,-1,-1,-1
558,81,1668.61,271.52,76.70,194.09,0.6204,-1,-1,-1
558,60,791.09,80.93,73.01,239.24,0.4571,-1,-1,-1
558,49,1008.54,784.26,99.43,300.59,0.5493,-1,-1,-1
558,15,1007.71,781.67,98.50,297.85,0.5493,-1,-1,-1
559,19,240.18,872.35,97.86,207.71,0.7764,-1,-1,-1
559,48,1102.18,801.66,82.90,237.02,0.5493,-1,-1,-1
559,69,238.51,871.01,97.95,208.97,0.7764,-1,-1,-1
559,2,755.82,592.68,84.07,243.73,0.7935,-1,-1,-1
559,3,1723.12,455.46,68.05,207.48,0.7234,-1,-1,-1
559,91,374.55,224.12,67.67,187.75,0.5737,-1,-1,-1
559,81,1668.98,271.15,75.15,193.29,0.5746,-1,-1,-1
559,60,792.00,80.02,71.68,240.76,0.3807,-1,-1,-1
559,15,1012.80,780.20,87.12,240.23,0.2869,-1,-1,-1
560,19,240.94,887.03,96.22,193.04,0.7718,-1,-1,-1
560,48,1103.30,802.29,83.69,236.14,0.3850,-1,-1,-1
560,69,239.47,885.88,96.31,194.12,0.7718,-1,-1,-1
560,2,752.69,591.67,80.90,243.36,0.8071,-1,-1,-1
560,3,1723.91,455.43,67.11,206.22,0.7439,-1,-1,-1
560,91,373.42,224.80,67.50,188.96,0.5697,-1,-1,-1
560,81,1667.32,270.62,75.40,192.40,0.5521,-1,-1,-1
560,60,793.72,87.43,68.63,232.80,0.4162,-1,-1,-1
560,15,1016.38,782.15,82.34,214.12,0.3911,-1,-1,-1
560,49,1016.38,789.15,85.90,227.32,0.3911,-1,-1,-1
561,19,242.99,892.75,95.56,187.31,0.7051,-1,-1,-1
561,48,1105.67,804.30,82.38,232.14,0.6395,-1,-1,-1
561,69,241.70,891.81,95.63,188.20,0.7051,-1,-1,-1
561,2,749.43,591.51,76.42,241.33,0.8136,-1,-1,-1
561,3,1724.17,455.52,67.35,205.67,0.7726,-1,-1,-1
561,91,373.16,226.74,67.11,188.07,0.6085,-1,-1,-1
561,81,1665.32,270.36,76.57,192.87,0.5756,-1,-1,-1
561,60,794.69,81.31,67.55,238.49,0.4449,-1,-1,-1
561,15,1006.48,782.83,92.66,268.40,0.4130,-1,-1,-1
561,49,1006.69,790.11,94.27,273.97,0.4130,-1,-1,-1
562,19,256.97,859.36,86.97,213.73,0.3449,-1,-1,-1
562,48,1108.11,806.47,82.95,232.74,0.6521,-1,-1,-1
562,69,243.55,894.47,96.08,185.53,0.6693,-1,-1,-1
562,2,746.27,591.57,72.83,239.73,0.8164,-1,-1,-1
562,3,1723.53,455.36,68.08,206.51,0.7401,-1,-1,-1
562,91,372.85,229.59,67.62,186.73,0.6287,-1,-1,-1
562,81,1662.95,270.14,77.86,192.29,0.5807,-1,-1,-1
562,60,794.46,77.51,68.06,241.60,0.4207,-1,-1,-1
562,15,1014.19,784.58,84.45,228.61,0.6864,-1,-1,-1
562,49,1015.02,793.49,85.01,224.30,0.6864,-1,-1,-1
563,19,264.97,847.89,84.86,223.52,0.5564,-1,-1,-1
563,48,1107.16,808.83,86.99,237.34,0.6831,-1,-1,-1
563,69,244.57,901.71,88.31,178.22,0.7600,-1,-1,-1
563,2,741.37,590.92,74.34,240.41,0.8243,-1,-1,-1
563,3,1721.85,455.53,70.59,206.92,0.7483,-1,-1,-1
563,91,373.96,232.81,66.92,185.12,0.5912,-1,-1,-1
563,81,1662.21,269.75,77.14,191.04,0.5519,-1,-1,-1
563,60,795.71,75.60,67.44,243.58,0.3871,-1,-1,-1
563,15,1014.96,787.41,85.80,222.76,0.5437,-1,-1,-1
563,49,1015.78,794.72,85.99,217.59,0.5437,-1,-1,-1
563,106,990.34,937.68,104.74,139.80,0.4991,-1,-1,-1
564,19,268.43,844.21,85.86,227.69,0.6219,-1,-1,-1
564,48,1106.63,811.61,87.54,240.96,0.6656,-1,-1,-1
564,69,245.75,906.37,84.31,173.63,0.7653,-1,-1,-1
564,2,736.54,590.18,77.15,241.60,0.8265,-1,-1,-1
564,3,1720.73,454.85,72.08,207.42,0.7337,-1,-1,-1
564,91,374.37,233.72,66.24,188.19,0.6644,-1,-1,-1
564,81,1662.06,269.43,76.26,190.59,0.5428,-1,-1,-1
564,60,796.28,73.97,67.88,245.71,0.4747,-1,-1,-1
564,15,1017.29,791.01,84.04,245.33,0.6993,-1,-1,-1
564,49,1018.08,797.64,84.10,241.06,0.6993,-1,-1,-1
564,106,987.58,937.21,107.80,140.02,0.5883,-1,-1,-1
565,19,269.90,843.42,89.76,230.33,0.6262,-1,-1,-1
565,48,1106.52,814.28,89.55,244.05,0.6987,-1,-1,-1
565,69,247.44,908.56,82.30,171.27,0.7859,-1,-1,-1
565,2,733.45,589.65,78.89,241.97,0.7629,-1,-1,-1
565,3,1719.58,455.63,74.12,207.30,0.7577,-1,-1,-1
565,91,374.79,234.92,64.81,190.44,0.7235,-1,-1,-1
565,81,1662.71,269.05,74.97,190.86,0.5485,-1,-1,-1
565,60,796.93,72.60,68.30,247.80,0.4875,-1,-1,-1
565,15,1017.27,793.17,87.24,263.36,0.7317,-1,-1,-1
565,49,1017.98,799.59,87.25,259.12,0.7317,-1,-1,-1
565,106,985.38,937.93,106.92,138.77,0.4376,-1,-1,-1
565,71,1822.25,243.27,73.95,178.19,0.3442,-1,-1,-1
566,19,271.16,844.58,95.82,232.39,0.6781,-1,-1,-1
566,48,1104.24,816.85,92.85,246.81,0.6777,-1,-1,-1
566,69,248.44,910.63,80.49,169.28,0.7975,-1,-1,-1
566,2,732.37,590.32,78.04,240.74,0.7706,-1,-1,-1
566,3,1718.48,455.59,75.27,207.76,0.7509,-1,-1,-1
566,91,375.01,234.96,64.00,191.56,0.7385,-1,-1,-1
566,81,1664.31,269.35,71.38,188.12,0.5403,-1,-1,-1
566,60,797.68,72.49,68.34,247.64,0.4942,-1,-1,-1
566,15,1018.92,796.31,87.06,269.26,0.6841,-1,-1,-1
566,49,1019.57,802.28,87.05,265.07,0.6841,-1,-1,-1
566,106,984.74,935.10,104.44,142.05,0.5578,-1,-1,-1
566,71,1824.11,244.39,73.59,174.81,0.3423,-1,-1,-1
567,19,271.94,846.23,100.44,232.64,0.6125,-1,-1,-1
567,48,1111.62,819.39,85.97,246.83,0.5255,-1,-1,-1
567,69,248.98,912.70,79.61,167.25,0.8165,-1,-1,-1
567,2,730.26,590.51,78.50,241.68,0.7291,-1,-1,-1
567,3,1717.28,456.03,77.99,209.17,0.7550,-1,-1,-1
567,91,374.78,235.78,63.61,191.61,0.7493,-1,-1,-1
567,81,1666.35,269.28,67.17,185.28,0.5569,-1,-1,-1
567,60,797.36,73.38,69.42,246.70,0.4924,-1,-1,-1
567,15,1024.58,800.71,83.04,267.92,0.5159,-1,-1,-1
567,49,1025.15,806.05,83.03,263.99,0.5159,-1,-1,-1
567,106,985.23,932.65,101.04,143.92,0.6259,-1,-1,-1
567,71,1825.14,245.93,73.49,173.53,0.3428,-1,-1,-1
568,19,272.71,847.38,104.28,232.22,0.6427,-1,-1,-1
568,48,1114.47,821.57,83.56,248.17,0.5645,-1,-1,-1
568,69,248.88,914.47,80.60,165.49,0.8224,-1,-1,-1
568,2,729.69,589.54,77.72,243.21,0.7759,-1,-1,-1
568,3,1716.97,456.03,77.55,209.89,0.7935,-1,-1,-1
568,91,375.13,236.90,63.50,190.90,0.7169,-1,-1,-1
568,81,1668.37,269.38,62.94,184.21,0.6104,-1,-1,-1
568,60,796.41,72.56,71.53,247.75,0.5166,-1,-1,-1
568,15,1026.20,805.02,83.80,267.71,0.5193,-1,-1,-1
568,49,1026.68,809.72,83.79,264.19,0.5193,-1,-1,-1
568,106,984.58,933.29,99.07,143.96,0.3623,-1,-1,-1
568,71,1825.48,248.36,73.26,173.48,0.3227,-1,-1,-1
568,108,1569.20,590.37,108.51,236.48,0.4562,-1,-1,-1
569,19,276.90,849.28,106.50,230.63,0.5867,-1,-1,-1
569,48,1115.80,824.62,82.74,246.02,0.5636,-1,-1,-1
569,69,248.96,915.79,80.71,164.21,0.8292,-1,-1,-1
569,2,727.16,588.56,79.04,244.62,0.7811,-1,-1,-1
569,3,1715.98,456.58,78.27,209.66,0.7878,-1,-1,-1
569,91,375.47,237.07,64.10,189.73,0.7031,-1,-1,-1
569,81,1667.76,267.09,61.36,184.46,0.6074,-1,-1,-1
569,60,796.72,72.05,72.08,248.50,0.4796,-1,-1,-1
569,15,1030.47,807.53,83.66,268.78,0.6169,-1,-1,-1
569,49,1030.90,811.67,83.64,265.65,0.6169,-1,-1,-1
569,71,1826.78,249.92,72.33,175.59,0.3185,-1,-1,-1
569,108,1568.75,592.55,111.08,234.37,0.5003,-1,-1,-1
570,19,280.95,851.12,107.02,228.91,0.7041,-1,-1,-1
570,48,1118.45,826.58,83.20,246.33,0.6654,-1,-1,-1
570,69,248.84,917.07,80.41,162.94,0.8209,-1,-1,-1
570,2,725.57,587.70,79.56,245.73,0.7597,-1,-1,-1
570,3,1715.20,456.51,78.63,209.23,0.7873,-1,-1,-1
570,91,375.83,237.10,64.55,190.11,0.7009,-1,-1,-1
570,81,1666.74,265.54,60.80,182.78,0.6101,-1,-1,-1
570,60,796.17,70.58,73.35,250.57,0.5376,-1,-1,-1
570,15,1033.74,809.71,82.35,269.37,0.6461,-1,-1,-1
570,49,1034.11,813.40,82.34,266.57,0.6461,-1,-1,-1
570,71,1827.84,251.46,72.52,177.23,0.3246,-1,-1,-1
570,108,1569.50,594.14,109.42,231.87,0.5623,-1,-1,-1
571,19,284.77,853.78,105.27,226.31,0.7335,-1,-1,-1
571,48,1125.13,828.37,77.67,247.42,0.7632,-1,-1,-1
571,69,248.80,918.26,80.06,161.78,0.8204,-1,-1,-1
571,2,721.68,587.85,83.02,246.04,0.6855,-1,-1,-1
571,3,1715.05,455.50,79.87,208.96,0.7801,-1,-1,-1
571,91,376.28,236.95,64.70,190.75,0.6830,-1,-1,-1
571,81,1664.92,263.39,61.75,181.40,0.6500,-1,-1,-1
571,60,795.41,69.44,75.61,251.15,0.4858,-1,-1,-1
571,15,1038.74,811.63,78.95,268.72,0.7322,-1,-1,-1
571,49,1039.06,814.89,78.94,266.22,0.7322,-1,-1,-1
571,71,1829.37,251.79,71.99,180.03,0.3339,-1,-1,-1
571,108,1562.70,589.51,115.86,235.75,0.6154,-1,-1,-1
572,19,293.00,856.00,99.99,224.08,0.7663,-1,-1,-1
572,48,1124.08,829.88,78.84,246.09,0.7176,-1,-1,-1
572,69,248.58,919.49,81.27,160.53,0.8173,-1,-1,-1
572,2,718.23,587.48,85.60,246.71,0.6592,-1,-1,-1
572,3,1715.15,456.47,79.85,208.23,0.7496,-1,-1,-1
572,91,377.03,237.83,64.36,189.02,0.6800,-1,-1,-1
572,81,1663.42,260.74,62.82,181.59,0.5749,-1,-1,-1
572,60,794.09,69.04,77.87,251.16,0.4574,-1,-1,-1
572,15,1042.14,814.41,77.33,265.42,0.7093,-1,-1,-1
572,49,1042.41,817.30,77.33,263.18,0.7093,-1,-1,-1
572,71,1830.15,252.16,71.54,180.13,0.2804,-1,-1,-1
572,106,989.87,930.25,84.94,149.39,0.5971,-1,-1,-1
573,19,294.00,858.06,96.51,222.04,0.7809,-1,-1,-1
573,48,1124.92,831.65,77.98,246.24,0.7625,-1,-1,-1
573,69,248.31,921.83,81.90,158.22,0.8040,-1,-1,-1
573,2,714.91,587.32,87.41,247.58,0.7540,-1,-1,-1
573,3,1715.03,456.24,81.02,209.54,0.7307,-1,-1,-1
573,91,377.28,239.30,64.09,186.01,0.6943,-1,-1,-1
573,81,1660.96,258.69,64.17,183.64,0.6015,-1,-1,-1
573,60,793.52,68.36,79.69,252.16,0.4740,-1,-1,-1
573,15,1044.92,816.88,77.34,261.13,0.7076,-1,-1,-1
573,49,1045.16,819.42,77.33,259.16,0.7076,-1,-1,-1
573,71,1831.48,251.86,70.97,182.10,0.3287,-1,-1,-1
573,106,992.07,930.14,81.73,149.77,0.6321,-1,-1,-1
573,108,1562.90,589.83,117.34,237.28,0.5408,-1,-1,-1
574,19,296.38,860.02,96.98,220.04,0.7918,-1,-1,-1
574,48,1124.94,832.73,79.49,245.54,0.7296,-1,-1,-1
574,69,248.32,924.69,82.79,155.32,0.7971,-1,-1,-1
574,2,710.44,585.69,89.51,249.23,0.7785,-1,-1,-1
574,3,1715.51,455.79,80.60,210.36,0.7485,-1,-1,-1
574,91,377.76,240.40,63.71,184.90,0.7172,-1,-1,-1
574,81,1659.32,256.25,65.95,185.57,0.6092,-1,-1,-1
574,60,792.68,67.45,81.03,254.15,0.4763,-1,-1,-1
574,15,1046.85,818.11,78.58,258.01,0.6872,-1,-1,-1
574,49,1047.06,820.32,78.57,256.28,0.6872,-1,-1,-1
574,71,1833.02,252.27,70.46,180.71,0.3086,-1,-1,-1
574,106,994.76,929.28,78.06,150.66,0.6287,-1,-1,-1
574,108,1564.04,592.54,117.83,235.03,0.4905,-1,-1,-1
575,19,297.73,862.15,95.96,217.90,0.7919,-1,-1,-1
575,48,1122.33,834.78,85.22,243.97,0.7481,-1,-1,-1
575,69,248.03,927.85,83.71,152.15,0.7966,-1,-1,-1
575,2,707.78,584.23,90.10,250.62,0.6090,-1,-1,-1
575,3,1715.83,455.57,80.17,209.23,0.7554,-1,-1,-1
575,91,377.85,240.34,64.22,186.76,0.7183,-1,-1,-1
575,81,1657.43,254.19,67.76,187.47,0.5787,-1,-1,-1
575,60,796.38,66.53,77.94,254.71,0.3657,-1,-1,-1
575,15,1047.62,819.24,80.85,257.74,0.7233,-1,-1,-1
575,49,1047.81,821.18,80.84,256.25,0.7233,-1,-1,-1
575,71,1834.54,252.16,69.33,181.29,0.3423,-1,-1,-1
575,106,998.15,928.67,74.15,150.81,0.5960,-1,-1,-1
576,19,297.94,864.85,94.58,215.13,0.7939,-1,-1,-1
576,48,1123.48,836.12,86.96,242.30,0.7203,-1,-1,-1
576,69,247.59,930.87,85.15,149.07,0.8135,-1,-1,-1
576,2,705.96,582.80,90.36,252.21,0.7902,-1,-1,-1
576,3,1716.20,455.61,80.51,209.68,0.7269,-1,-1,-1
576,91,377.74,243.47,64.38,187.10,0.7270,-1,-1,-1
576,81,1655.14,252.51,70.16,188.15,0.6185,-1,-1,-1
576,60,799.99,66.28,74.60,254.47,0.3450,-1,-1,-1
576,15,1048.55,820.08,80.53,257.18,0.6661,-1,-1,-1
576,49,1048.72,821.79,80.53,255.86,0.6661,-1,-1,-1
576,71,1835.82,251.72,69.58,182.30,0.3171,-1,-1,-1
576,106,1002.90,927.93,67.55,151.02,0.4078,-1,-1,-1
576,108,1566.59,598.25,111.28,227.29,0.6502,-1,-1,-1
577,19,297.88,868.87,97.01,211.11,0.7883,-1,-1,-1
577,48,1120.91,838.45,92.63,239.75,0.6331,-1,-1,-1
577,69,247.07,934.70,85.79,145.24,0.8008,-1,-1,-1
577,2,704.03,580.92,89.96,250.63,0.7894,-1,-1,-1
577,3,1716.73,456.41,80.27,208.90,0.7050,-1,-1,-1
577,91,378.13,246.74,63.84,187.72,0.7111,-1,-1,-1
577,81,1652.92,250.58,72.33,189.62,0.5747,-1,-1,-1
577,60,801.95,66.49,73.23,253.58,0.4010,-1,-1,-1
577,15,1050.27,821.84,79.90,254.98,0.5552,-1,-1,-1
577,49,1050.41,823.34,79.90,253.82,0.5552,-1,-1,-1
577,71,1837.76,251.42,68.26,182.54,0.3121,-1,-1,-1
577,106,1004.21,927.20,66.50,151.37,0.5573,-1,-1,-1
577,108,1564.27,597.83,113.35,227.45,0.5669,-1,-1,-1
578,19,297.47,871.32,96.82,208.70,0.7851,-1,-1,-1
578,48,1120.65,839.82,93.38,238.15,0.5739,-1,-1,-1
578,69,247.05,939.26,85.38,140.39,0.8204,-1,-1,-1
578,2,702.99,578.17,88.86,248.15,0.7782,-1,-1,-1
578,3,1716.75,456.96,79.81,208.72,0.6669,-1,-1,-1
578,91,377.68,249.02,63.79,188.86,0.7274,-1,-1,-1
578,81,1651.73,248.54,73.74,191.94,0.6224,-1,-1,-1
578,60,804.40,66.26,71.00,252.94,0.3695,-1,-1,-1
578,15,1053.37,823.37,78.26,251.94,0.5169,-1,-1,-1
578,49,1053.50,824.68,78.26,250.92,0.5169,-1,-1,-1
578,71,1840.56,251.47,66.04,181.61,0.2816,-1,-1,-1
578,106,1004.78,926.73,68.29,151.87,0.5250,-1,-1,-1
578,108,1562.51,598.82,114.08,226.96,0.2784,-1,-1,-1
579,19,297.16,873.34,96.73,206.68,0.7895,-1,-1,-1
579,48,1124.97,840.25,92.27,237.52,0.6742,-1,-1,-1
579,69,246.87,942.90,84.95,136.64,0.8040,-1,-1,-1
579,2,702.70,576.24,84.63,236.13,0.6887,-1,-1,-1
579,3,1717.04,457.42,79.39,208.52,0.6714,-1,-1,-1
579,91,377.52,250.40,63.76,188.96,0.7705,-1,-1,-1
579,81,1649.00,246.96,76.91,194.52,0.6210,-1,-1,-1
579,60,805.57,65.18,69.74,254.09,0.4166,-1,-1,-1
579,15,1053.84,825.43,80.53,249.49,0.5534,-1,-1,-1
579,49,1053.95,826.58,80.53,248.60,0.5534,-1,-1,-1
579,106,1006.31,925.85,70.19,152.38,0.5497,-1,-1,-1
579,108,1562.57,599.71,114.17,225.98,0.6347,-1,-1,-1
580,19,296.33,874.76,96.15,205.26,0.8169,-1,-1,-1
580,48,1126.66,840.69,94.09,238.36,0.6567,-1,-1,-1
580,69,246.48,945.95,84.50,133.16,0.7912,-1,-1,-1
580,2,703.15,575.34,80.89,246.74,0.6685,-1,-1,-1
580,3,1717.05,457.47,79.16,210.42,0.6890,-1,-1,-1
580,91,377.31,252.28,63.42,188.57,0.7951,-1,-1,-1
580,81,1647.38,246.14,78.33,194.17,0.6322,-1,-1,-1
580,60,804.83,63.72,70.19,256.17,0.4717,-1,-1,-1
580,15,1055.33,827.87,79.96,247.34,0.5360,-1,-1,-1
580,49,1055.43,828.88,79.95,246.56,0.5360,-1,-1,-1
580,106,1006.00,925.73,74.71,152.23,0.6142,-1,-1,-1
580,108,1561.40,599.69,115.80,226.23,0.6285,-1,-1,-1
581,19,295.35,876.22,97.85,203.80,0.8138,-1,-1,-1
581,48,1129.27,841.73,95.11,237.72,0.6141,-1,-1,-1
581,69,246.41,947.68,84.10,131.24,0.7931,-1,-1,-1
581,2,703.32,574.08,76.04,249.98,0.7048,-1,-1,-1
581,3,1717.68,456.76,77.58,210.22,0.6716,-1,-1,-1
581,91,376.72,254.38,63.92,187.03,0.7554,-1,-1,-1
581,81,1646.81,245.67,79.03,193.03,0.5765,-1,-1,-1
581,60,805.14,63.03,69.52,256.58,0.3977,-1,-1,-1
581,15,1058.33,830.82,79.87,243.44,0.6107,-1,-1,-1
581,49,1058.42,831.70,79.87,242.76,0.6107,-1,-1,-1
581,106,1006.09,925.52,77.15,152.36,0.6575,-1,-1,-1
581,108,1561.53,598.81,115.93,226.79,0.5796,-1,-1,-1
582,19,296.29,878.00,99.27,202.07,0.8296,-1,-1,-1
582,48,1129.73,844.59,95.94,235.47,0.6486,-1,-1,-1
582,69,245.88,948.69,83.90,130.49,0.7755,-1,-1,-1
582,2,702.98,572.08,73.59,243.36,0.5581,-1,-1,-1
582,3,1718.58,455.44,77.12,211.29,0.6362,-1,-1,-1
582,91,375.91,255.42,64.49,187.85,0.7437,-1,-1,-1
582,81,1645.85,245.78,79.73,192.62,0.5490,-1,-1,-1
582,60,805.19,62.32,69.18,257.18,0.4113,-1,-1,-1
582,15,1061.02,834.34,79.17,235.18,0.6238,-1,-1,-1
582,49,1061.10,835.11,79.17,234.59,0.6238,-1,-1,-1
582,106,1005.06,925.53,81.92,153.40,0.6757,-1,-1,-1
582,108,1562.14,599.26,115.72,227.22,0.6017,-1,-1,-1
583,19,297.60,880.00,97.92,200.05,0.8415,-1,-1,-1
583,48,1137.62,845.68,89.49,234.35,0.4040,-1,-1,-1
583,69,245.12,949.31,83.90,129.70,0.7797,-1,-1,-1
583,2,702.68,570.90,69.19,232.42,0.4942,-1,-1,-1
583,3,1719.04,454.57,76.54,211.88,0.6905,-1,-1,-1
583,91,375.17,256.58,65.22,189.17,0.7650,-1,-1,-1
583,81,1645.09,245.83,80.80,191.55,0.5823,-1,-1,-1
583,60,805.20,61.43,68.80,257.84,0.4390,-1,-1,-1
583,15,1063.92,837.94,77.29,236.00,0.7278,-1,-1,-1
583,49,1063.99,838.60,77.29,235.50,0.7278,-1,-1,-1
583,106,1005.02,926.33,80.65,153.16,0.5860,-1,-1,-1
583,108,1561.98,602.48,113.07,224.70,0.3845,-1,-1,-1
583,71,1850.88,254.58,67.71,183.96,0.4205,-1,-1,-1
584,19,299.04,881.80,96.12,198.23,0.8462,-1,-1,-1
584,48,1139.19,847.49,88.28,232.86,0.4160,-1,-1,-1
584,69,244.49,950.52,83.29,128.43,0.7759,-1,-1,-1
584,2,702.27,569.42,63.93,239.04,0.2828,-1,-1,-1
584,3,1718.80,453.36,77.91,212.77,0.7303,-1,-1,-1
584,91,373.67,257.44,65.89,190.38,0.7832,-1,-1,-1
584,81,1643.86,246.06,82.29,190.35,0.5981,-1,-1,-1
584,60,807.29,61.07,66.75,257.84,0.3936,-1,-1,-1
584,15,1062.08,841.30,79.21,236.87,0.7778,-1,-1,-1
584,49,1062.13,841.88,79.21,236.43,0.7778,-1,-1,-1
584,106,1004.25,926.63,69.22,153.07,0.6065,-1,-1,-1
585,19,299.57,883.85,95.10,196.24,0.8468,-1,-1,-1
585,48,1140.39,850.54,88.27,229.90,0.7981,-1,-1,-1
585,69,244.28,951.87,83.05,126.86,0.7738,-1,-1,-1
585,2,700.78,568.76,61.76,243.21,0.3034,-1,-1,-1
585,3,1719.32,453.54,76.82,211.90,0.7405,-1,-1,-1
585,91,372.79,258.10,65.90,190.10,0.7960,-1,-1,-1
585,81,1643.47,246.30,83.18,189.06,0.6234,-1,-1,-1
585,60,806.89,61.59,67.12,257.59,0.4322,-1,-1,-1
585,15,1062.50,843.95,77.22,235.80,0.8163,-1,-1,-1
585,49,1062.56,844.45,77.21,235.42,0.8163,-1,-1,-1
585,106,1003.41,927.44,64.89,151.83,0.6525,-1,-1,-1
585,71,1851.66,255.79,68.13,187.42,0.3501,-1,-1,-1
586,19,300.63,886.48,94.00,193.60,0.8484,-1,-1,-1
586,48,1144.39,853.49,86.14,226.93,0.7750,-1,-1,-1
586,69,244.27,953.83,82.39,125.07,0.7570,-1,-1,-1
586,3,1719.54,453.88,74.93,210.59,0.7326,-1,-1,-1
586,91,372.47,258.45,65.16,190.28,0.7982,-1,-1,-1
586,81,1644.70,246.65,82.07,187.84,0.6117,-1,-1,-1
586,60,806.66,61.96,66.97,257.64,0.3901,-1,-1,-1
586,15,1062.85,846.24,77.62,233.23,0.7029,-1,-1,-1
586,49,1062.90,846.69,77.62,232.89,0.7029,-1,-1,-1
586,106,1003.98,928.19,60.71,151.17,0.6404,-1,-1,-1
586,108,1562.48,598.78,115.32,226.83,0.5527,-1,-1,-1
587,19,301.91,888.82,93.68,191.22,0.8485,-1,-1,-1
587,48,1148.13,856.71,85.78,223.67,0.7800,-1,-1,-1
587,69,244.63,956.59,82.86,122.73,0.7677,-1,-1,-1
587,3,1721.05,452.52,73.63,212.95,0.7528,-1,-1,-1
587,91,371.71,258.88,65.09,190.03,0.7744,-1,-1,-1
587,81,1645.34,246.47,81.39,186.82,0.5898,-1,-1,-1
587,60,807.10,64.96,66.32,254.96,0.4792,-1,-1,-1
587,15,1065.31,847.94,77.81,230.38,0.8014,-1,-1,-1
587,49,1065.35,848.32,77.81,230.09,0.8014,-1,-1,-1
587,106,1003.05,929.20,60.91,150.08,0.6796,-1,-1,-1
587,108,1562.91,598.46,115.48,228.72,0.5548,-1,-1,-1
588,19,302.36,891.33,93.29,188.70,0.8491,-1,-1,-1
588,48,1149.95,857.64,90.15,222.68,0.6672,-1,-1,-1
588,69,244.85,959.16,83.39,120.64,0.7532,-1,-1,-1
588,3,1722.14,452.33,72.84,213.60,0.7409,-1,-1,-1
588,91,371.47,259.03,65.11,190.11,0.7848,-1,-1,-1
588,81,1646.99,245.11,79.64,187.27,0.5742,-1,-1,-1
588,60,807.50,66.20,65.80,253.45,0.4523,-1,-1,-1
588,15,1067.01,849.79,77.07,227.57,0.7889,-1,-1,-1
588,49,1067.04,850.13,77.07,227.31,0.7889,-1,-1,-1
588,106,1001.93,930.12,61.53,149.65,0.6424,-1,-1,-1
588,108,1562.44,598.82,115.12,228.63,0.5531,-1,-1,-1
589,19,303.05,893.73,92.85,186.29,0.7863,-1,-1,-1
589,48,1154.01,858.91,89.97,221.36,0.7321,-1,-1,-1
589,69,245.14,962.31,84.00,117.65,0.7456,-1,-1,-1
589,3,1723.36,452.18,71.84,212.00,0.7293,-1,-1,-1
589,91,370.85,259.98,64.97,188.44,0.7880,-1,-1,-1
589,81,1648.85,242.93,78.26,184.15,0.5446,-1,-1,-1
589,60,808.10,70.98,64.70,247.73,0.3918,-1,-1,-1
589,15,1067.76,851.14,77.96,226.63,0.8101,-1,-1,-1
589,49,1067.79,851.43,77.96,226.41,0.8101,-1,-1,-1
589,106,1002.14,930.77,60.19,149.17,0.6571,-1,-1,-1
589,108,1561.73,599.23,117.29,228.33,0.5225,-1,-1,-1
590,19,305.41,895.57,91.28,183.48,0.8387,-1,-1,-1
590,48,1156.95,861.63,89.48,218.58,0.6844,-1,-1,-1
590,69,244.99,964.46,83.94,115.54,0.6962,-1,-1,-1
590,3,1723.16,451.74,72.45,212.04,0.6762,-1,-1,-1
590,91,370.33,261.36,64.78,187.00,0.8057,-1,-1,-1
590,81,1651.29,240.73,76.56,186.09,0.5922,-1,-1,-1
590,60,807.89,69.47,64.31,249.44,0.3445,-1,-1,-1
590,15,1068.52,852.69,79.72,225.81,0.8305,-1,-1,-1
590,49,1068.55,852.95,79.72,225.62,0.8305,-1,-1,-1
590,106,1001.69,931.23,60.12,148.75,0.6641,-1,-1,-1
591,19,306.75,897.66,90.51,179.93,0.8404,-1,-1,-1
591,48,1159.41,863.60,88.94,216.54,0.7528,-1,-1,-1
591,69,244.90,967.20,83.95,112.74,0.5916,-1,-1,-1
591,3,1723.66,451.59,71.86,211.70,0.7236,-1,-1,-1
591,91,369.35,262.53,65.60,185.98,0.8168,-1,-1,-1
591,81,1653.21,239.20,75.29,185.65,0.6590,-1,-1,-1
591,60,807.53,71.52,62.78,247.05,0.3064,-1,-1,-1
591,15,1069.57,853.71,81.37,225.22,0.8263,-1,-1,-1
591,49,1069.59,853.93,81.37,225.05,0.8263,-1,-1,-1
591,106,1001.28,932.10,58.72,147.86,0.6205,-1,-1,-1
591,71,1859.74,255.17,60.07,192.00,0.3752,-1,-1,-1
591,108,1560.80,598.69,117.14,228.93,0.5764,-1,-1,-1
592,19,308.07,901.41,89.64,176.20,0.8251,-1,-1,-1
592,48,1160.19,865.57,89.99,214.57,0.7058,-1,-1,-1
592,69,246.23,969.46,83.90,110.55,0.5447,-1,-1,-1
592,3,1723.63,451.63,70.91,211.69,0.6894,-1,-1,-1
592,91,369.00,263.99,65.25,183.96,0.8127,-1,-1,-1
592,81,1654.49,237.40,74.21,186.08,0.7321,-1,-1,-1
592,60,808.01,77.46,60.63,240.65,0.2792,-1,-1,-1
592,15,1070.39,854.70,80.88,224.44,0.8098,-1,-1,-1
592,49,1070.42,854.89,80.88,224.29,0.8098,-1,-1,-1
592,106,1000.51,932.92,58.60,147.07,0.5641,-1,-1,-1
592,71,1861.52,253.35,58.03,194.64,0.2766,-1,-1,-1
592,108,1561.63,598.76,117.12,228.74,0.5675,-1,-1,-1
593,19,310.23,905.09,88.40,172.93,0.8235,-1,-1,-1
593,48,1161.85,868.03,89.91,212.08,0.7489,-1,-1,-1
593,69,247.40,971.84,83.91,108.21,0.5137,-1,-1,-1
593,3,1722.52,452.36,71.87,212.15,0.7133,-1,-1,-1
593,91,368.57,264.88,65.22,184.66,0.8187,-1,-1,-1
593,81,1655.60,235.43,73.49,185.70,0.7603,-1,-1,-1
593,60,808.78,80.63,59.73,237.39,0.2875,-1,-1,-1
593,15,1071.87,855.78,80.19,222.93,0.8130,-1,-1,-1
593,49,1071.89,855.95,80.19,222.80,0.8130,-1,-1,-1
593,106,1000.51,933.50,58.60,146.50,0.5107,-1,-1,-1
593,71,1864.99,256.01,54.55,191.51,0.2977,-1,-1,-1
593,108,1561.08,601.74,116.28,225.84,0.2738,-1,-1,-1
594,19,311.88,908.23,89.07,169.90,0.8252,-1,-1,-1
594,48,1162.84,870.26,90.05,209.87,0.7535,-1,-1,-1
594,3,1722.00,452.85,71.50,211.75,0.7118,-1,-1,-1
594,91,368.39,266.37,64.54,186.15,0.8132,-1,-1,-1
594,81,1656.95,233.17,72.08,186.57,0.7323,-1,-1,-1
594,15,1072.93,857.03,79.57,222.66,0.8053,-1,-1,-1
594,49,1072.94,857.18,79.57,222.55,0.8053,-1,-1,-1
594,106,1000.52,934.06,58.81,145.97,0.5073,-1,-1,-1
594,108,1561.71,598.82,115.90,228.62,0.4541,-1,-1,-1
595,19,312.94,909.94,90.43,168.09,0.8308,-1,-1,-1
595,48,1164.44,872.01,89.50,208.12,0.7372,-1,-1,-1
595,3,1721.90,452.60,72.21,212.05,0.7379,-1,-1,-1
595,91,367.61,268.75,64.85,188.19,0.8122,-1,-1,-1
595,81,1657.89,231.10,71.13,188.05,0.7194,-1,-1,-1
595,15,1074.09,858.98,80.42,221.06,0.8045,-1,-1,-1
595,49,1074.11,859.11,80.42,220.96,0.8045,-1,-1,-1
595,106,1000.14,934.68,58.80,145.23,0.4749,-1,-1,-1
595,108,1562.59,595.63,117.01,231.81,0.3922,-1,-1,-1
596,19,314.40,911.93,90.69,166.35,0.8352,-1,-1,-1
596,48,1168.15,873.92,86.13,206.22,0.7804,-1,-1,-1
596,3,1720.28,451.93,73.93,212.87,0.7674,-1,-1,-1
596,91,366.74,269.60,65.17,191.41,0.8173,-1,-1,-1
596,81,1657.80,229.70,70.79,187.83,0.6948,-1,-1,-1
596,15,1074.63,861.13,81.39,219.05,0.7924,-1,-1,-1
596,49,1074.64,861.25,81.39,218.96,0.7924,-1,-1,-1
596,106,999.81,935.12,58.56,144.28,0.4221,-1,-1,-1
596,108,1562.97,595.74,116.88,231.82,0.4354,-1,-1,-1
597,19,314.59,913.62,93.30,165.15,0.8259,-1,-1,-1
597,48,1170.75,875.83,84.55,204.28,0.6933,-1,-1,-1
597,3,1719.01,452.63,75.53,212.39,0.7732,-1,-1,-1
597,91,365.86,271.26,65.54,191.87,0.7995,-1,-1,-1
597,81,1657.92,228.16,70.10,188.15,0.6541,-1,-1,-1
597,15,1076.38,863.35,79.29,216.84,0.7408,-1,-1,-1
597,49,1076.39,863.45,79.29,216.76,0.7408,-1,-1,-1
597,106,999.30,935.83,58.82,143.03,0.5252,-1,-1,-1
597,108,1562.76,600.27,114.02,227.41,0.3001,-1,-1,-1
597,69,250.77,980.91,84.27,99.49,0.4906,-1,-1,-1
598,19,314.34,914.53,97.10,163.70,0.8280,-1,-1,-1
598,48,1169.41,877.39,87.02,202.68,0.7381,-1,-1,-1
598,3,1717.16,452.01,77.15,212.72,0.8047,-1,-1,-1
598,91,365.38,272.19,65.64,191.61,0.8021,-1,-1,-1
598,81,1656.71,227.59,69.73,187.97,0.6757,-1,-1,-1
598,15,1077.74,865.03,79.13,215.12,0.7364,-1,-1,-1
598,49,1077.75,865.12,79.13,215.05,0.7364,-1,-1,-1
598,106,999.42,936.38,60.86,142.33,0.5806,-1,-1,-1
598,108,1562.52,602.00,111.79,224.85,0.2819,-1,-1,-1
598,69,251.64,982.57,84.19,97.54,0.5668,-1,-1,-1
599,19,313.86,916.56,100.38,161.42,0.8355,-1,-1,-1
599,48,1171.33,880.33,86.20,199.73,0.7567,-1,-1,-1
599,3,1715.66,452.08,78.95,212.60,0.8006,-1,-1,-1
599,91,364.94,273.04,65.89,191.47,0.7638,-1,-1,-1
599,81,1654.72,227.36,70.30,188.28,0.6449,-1,-1,-1
599,15,1079.17,867.24,80.39,212.89,0.6917,-1,-1,-1
599,49,1079.18,867.32,80.39,212.83,0.6917,-1,-1,-1
599,106,998.91,936.84,60.63,141.84,0.5841,-1,-1,-1
599,69,251.36,986.01,82.59,94.23,0.4530,-1,-1,-1
600,19,314.13,918.81,103.39,158.60,0.8189,-1,-1,-1
600,48,1175.84,884.17,82.21,195.92,0.7517,-1,-1,-1
600,3,1715.41,452.30,78.65,211.34,0.8011,-1,-1,-1
600,91,364.97,274.83,65.89,191.49,0.7790,-1,-1,-1
600,81,1652.53,226.86,70.84,186.31,0.6433,-1,-1,-1
600,15,1080.76,869.48,80.53,210.69,0.7347,-1,-1,-1
600,49,1080.77,869.54,80.53,210.64,0.7347,-1,-1,-1
600,106,998.86,938.12,60.23,140.78,0.5584,-1,-1,-1
600,69,251.13,988.13,83.42,92.20,0.3850,-1,-1,-1
600,109,430.88,76.41,53.49,156.84,0.3680,-1,-1,-1
601,19,314.37,920.61,103.99,156.89,0.8348,-1,-1,-1
601,48,1175.72,886.79,83.08,193.27,0.7521,-1,-1,-1
601,3,1715.09,452.07,79.60,212.25,0.8018,-1,-1,-1
601,91,364.00,274.80,66.29,194.59,0.7940,-1,-1,-1
601,81,1649.22,226.53,72.14,186.78,0.6827,-1,-1,-1
601,15,1081.99,871.96,82.69,208.17,0.6920,-1,-1,-1
601,49,1082.00,872.02,82.69,208.12,0.6920,-1,-1,-1
601,106,998.76,939.19,58.81,139.77,0.3473,-1,-1,-1
601,69,251.11,988.88,84.32,91.41,0.4461,-1,-1,-1
601,108,1561.50,601.88,111.85,226.03,0.3857,-1,-1,-1
602,19,315.33,922.47,104.66,154.50,0.8088,-1,-1,-1
602,48,1175.39,888.80,84.34,191.23,0.7367,-1,-1,-1
602,3,1713.91,452.48,81.13,211.64,0.7722,-1,-1,-1
602,91,364.58,274.83,64.91,195.74,0.7804,-1,-1,-1
602,81,1648.22,226.94,71.71,184.53,0.6916,-1,-1,-1
602,15,1081.12,874.87,85.23,205.22,0.7420,-1,-1,-1
602,49,1081.12,874.92,85.23,205.18,0.7420,-1,-1,-1
602,106,997.18,939.90,59.27,139.22,0.4933,-1,-1,-1
602,69,251.23,990.74,84.55,89.46,0.5281,-1,-1,-1
602,108,1561.65,600.16,114.64,226.00,0.6220,-1,-1,-1
603,19,315.91,924.89,104.54,151.81,0.7517,-1,-1,-1
603,48,1175.91,891.09,83.75,188.94,0.6705,-1,-1,-1
603,3,1713.18,452.85,82.62,212.99,0.7996,-1,-1,-1
603,91,363.67,276.43,65.95,194.89,0.7910,-1,-1,-1
603,81,1647.52,227.59,69.83,183.57,0.7117,-1,-1,-1
603,15,1081.48,877.75,85.97,202.32,0.7289,-1,-1,-1
603,49,1081.48,877.80,85.97,202.29,0.7289,-1,-1,-1
603,106,996.56,940.47,58.78,138.75,0.4381,-1,-1,-1
603,69,251.72,993.32,84.54,86.87,0.5107,-1,-1,-1
603,108,1561.93,598.31,115.01,228.73,0.5685,-1,-1,-1
604,19,317.19,927.02,104.49,151.36,0.8169,-1,-1,-1
604,48,1177.81,893.07,81.46,186.93,0.5570,-1,-1,-1
604,3,1711.83,452.65,83.62,211.97,0.7942,-1,-1,-1
604,91,364.33,277.03,65.25,195.56,0.7701,-1,-1,-1
604,81,1648.77,227.42,66.39,182.67,0.6783,-1,-1,-1
604,15,1080.91,880.61,89.00,199.43,0.6670,-1,-1,-1
604,49,1080.91,880.65,89.00,199.40,0.6670,-1,-1,-1
604,106,997.56,942.37,57.13,137.21,0.3150,-1,-1,-1
604,69,253.22,995.86,83.92,84.32,0.4223,-1,-1,-1
604,108,1562.17,596.68,115.60,230.63,0.4809,-1,-1,-1
605,19,318.79,930.20,102.27,147.33,0.8015,-1,-1,-1
605,48,1181.60,895.19,76.17,184.82,0.5475,-1,-1,-1
605,3,1712.10,452.08,83.81,212.65,0.7937,-1,-1,-1
605,91,363.24,277.22,66.80,195.28,0.7705,-1,-1,-1
605,81,1648.35,227.86,65.65,180.00,0.6132,-1,-1,-1
605,15,1083.94,883.02,89.28,197.03,0.5819,-1,-1,-1
605,49,1083.95,883.05,89.28,197.01,0.5819,-1,-1,-1
605,106,997.77,943.61,56.55,136.26,0.3242,-1,-1,-1
605,69,253.45,997.75,84.40,82.40,0.6789,-1,-1,-1
605,108,1563.14,600.69,111.32,227.08,0.3133,-1,-1,-1
606,19,320.61,933.39,100.21,144.59,0.8228,-1,-1,-1
606,48,1180.96,897.22,76.52,182.79,0.5459,-1,-1,-1
606,3,1712.59,452.84,83.66,212.20,0.7960,-1,-1,-1
606,91,362.64,277.67,67.35,194.78,0.7838,-1,-1,-1
606,81,1646.77,228.59,65.71,176.97,0.3387,-1,-1,-1
606,15,1088.51,885.72,86.21,194.32,0.5791,-1,-1,-1
606,49,1088.52,885.75,86.21,194.30,0.5791,-1,-1,-1
606,106,997.56,944.79,55.95,135.18,0.3656,-1,-1,-1
606,69,252.66,1000.46,84.59,79.67,0.6994,-1,-1,-1
606,108,1561.57,601.50,113.03,226.22,0.3006,-1,-1,-1
607,19,321.70,936.22,98.24,142.05,0.8087,-1,-1,-1
607,48,1181.25,897.35,76.78,182.65,0.4919,-1,-1,-1
607,3,1711.52,453.10,85.10,211.92,0.8097,-1,-1,-1
607,91,362.97,278.35,67.04,193.71,0.7905,-1,-1,-1
607,81,1645.79,228.13,65.48,175.77,0.5978,-1,-1,-1
607,15,1093.43,887.34,84.38,192.69,0.5823,-1,-1,-1
607,49,1093.44,887.37,84.38,192.68,0.5823,-1,-1,-1
607,106,997.06,945.11,55.84,134.89,0.3214,-1,-1,-1
607,69,252.07,1003.41,83.88,76.69,0.7199,-1,-1,-1
607,108,1563.37,603.38,111.30,224.06,0.3134,-1,-1,-1
608,19,321.99,940.30,98.39,137.96,0.8079,-1,-1,-1
608,48,1182.74,898.28,74.96,181.73,0.5205,-1,-1,-1
608,3,1711.28,452.85,85.39,212.34,0.8069,-1,-1,-1
608,91,361.50,278.26,68.33,192.91,0.7403,-1,-1,-1
608,81,1644.09,226.63,65.84,178.30,0.6185,-1,-1,-1
608,15,1097.66,888.48,80.84,191.55,0.5094,-1,-1,-1
608,49,1097.67,888.51,80.84,191.54,0.5094,-1,-1,-1
608,69,251.32,1006.00,84.74,74.11,0.7257,-1,-1,-1
608,108,1563.52,603.33,111.68,223.92,0.2809,-1,-1,-1
609,19,320.71,943.51,99.52,133.83,0.8000,-1,-1,-1
609,48,1182.34,899.13,79.53,180.87,0.5584,-1,-1,-1
609,3,1712.52,453.10,83.58,211.66,0.8279,-1,-1,-1
609,91,361.48,277.61,68.23,192.92,0.7709,-1,-1,-1
609,81,1642.57,224.59,66.33,183.26,0.6640,-1,-1,-1
609,15,1100.19,889.19,79.80,190.84,0.2686,-1,-1,-1
609,69,251.11,1010.05,84.62,70.04,0.6828,-1,-1,-1
609,106,994.33,945.97,59.71,134.14,0.3679,-1,-1,-1
610,19,320.53,946.31,98.93,130.88,0.7937,-1,-1,-1
610,48,1182.27,900.21,79.79,179.77,0.5367,-1,-1,-1
610,3,1712.75,453.30,83.27,211.11,0.8228,-1,-1,-1
610,91,360.93,278.90,68.39,191.70,0.7798,-1,-1,-1
610,81,1640.71,222.66,66.90,182.67,0.6408,-1,-1,-1
610,15,1101.82,890.17,80.11,189.83,0.5908,-1,-1,-1
610,69,250.82,1013.62,82.96,66.44,0.6384,-1,-1,-1
610,111,592.00,553.05,86.40,228.30,0.5571,-1,-1,-1
610,106,992.66,945.78,61.11,134.35,0.4003,-1,-1,-1
611,19,320.21,948.67,97.26,128.69,0.7840,-1,-1,-1
611,48,1182.40,901.15,81.49,178.81,0.5368,-1,-1,-1
611,3,1712.29,453.36,83.84,211.51,0.8350,-1,-1,-1
611,91,360.06,280.31,69.30,190.92,0.7952,-1,-1,-1
611,81,1639.76,219.87,66.57,183.11,0.6551,-1,-1,-1
611,15,1103.33,891.05,81.58,188.93,0.5895,-1,-1,-1
611,69,251.06,1016.71,80.54,63.30,0.5552,-1,-1,-1
611,111,586.56,549.48,91.78,232.33,0.6554,-1,-1,-1
611,106,991.37,945.61,61.90,134.51,0.3883,-1,-1,-1
611,108,1564.64,596.80,112.45,228.04,0.4794,-1,-1,-1
612,19,320.38,950.43,96.45,127.47,0.7858,-1,-1,-1
612,48,1180.95,903.07,83.44,176.90,0.5289,-1,-1,-1
612,3,1711.31,452.73,84.91,211.53,0.8405,-1,-1,-1
612,91,359.33,282.43,68.89,191.12,0.7600,-1,-1,-1
612,81,1638.05,217.13,67.16,184.70,0.6776,-1,-1,-1
612,15,1106.33,892.35,79.76,187.64,0.5982,-1,-1,-1
612,69,250.37,1019.25,80.43,60.77,0.5220,-1,-1,-1
612,111,581.17,548.25,97.15,234.10,0.7246,-1,-1,-1
612,106,990.51,945.60,62.78,134.53,0.4759,-1,-1,-1
612,108,1565.13,598.51,111.48,227.68,0.5602,-1,-1,-1
613,19,320.29,952.82,95.31,124.44,0.6421,-1,-1,-1
613,48,1182.22,905.62,84.10,174.35,0.3396,-1,-1,-1
613,3,1712.07,452.34,83.59,211.94,0.8341,-1,-1,-1
613,91,359.40,285.33,67.64,192.29,0.7691,-1,-1,-1
613,81,1636.46,214.28,67.79,187.41,0.6920,-1,-1,-1
613,15,1107.08,893.40,80.06,186.58,0.5067,-1,-1,-1
613,69,251.03,1020.48,70.52,59.46,0.3827,-1,-1,-1
613,111,579.48,547.84,99.43,234.83,0.7617,-1,-1,-1
613,106,989.44,946.43,63.62,133.66,0.5225,-1,-1,-1
613,108,1564.57,599.70,113.20,226.83,0.4173,-1,-1,-1
613,60,804.75,133.89,60.06,184.17,0.3874,-1,-1,-1
614,19,320.48,954.40,95.13,122.94,0.8023,-1,-1,-1
614,48,1184.79,909.56,81.66,170.45,0.5087,-1,-1,-1
614,3,1712.66,451.95,82.83,211.84,0.8248,-1,-1,-1
614,91,358.56,285.99,67.62,195.59,0.7702,-1,-1,-1
614,81,1634.84,212.29,68.79,188.20,0.6472,-1,-1,-1
614,15,1108.00,896.06,81.29,183.96,0.5966,-1,-1,-1
614,69,251.71,1021.82,67.45,58.20,0.3779,-1,-1,-1
614,111,577.28,548.44,101.07,235.06,0.7439,-1,-1,-1
614,106,988.02,946.04,64.58,134.09,0.6042,-1,-1,-1
614,108,1564.45,601.81,114.23,225.48,0.4646,-1,-1,-1
614,60,806.53,136.40,58.50,181.12,0.3581,-1,-1,-1
615,19,320.34,956.43,95.35,120.99,0.8134,-1,-1,-1
615,48,1187.63,913.09,80.67,166.93,0.4091,-1,-1,-1
615,3,1713.15,451.69,82.01,212.53,0.8266,-1,-1,-1
615,91,357.64,286.78,67.58,197.03,0.7632,-1,-1,-1
615,81,1632.44,210.14,70.11,189.11,0.6237,-1,-1,-1
615,15,1107.98,898.23,80.94,181.81,0.5953,-1,-1,-1
615,69,252.23,1023.18,65.48,56.87,0.3903,-1,-1,-1
615,111,576.62,548.42,100.28,234.69,0.7201,-1,-1,-1
615,106,987.08,945.86,64.67,134.27,0.6261,-1,-1,-1
615,108,1563.01,600.05,115.05,227.28,0.5578,-1,-1,-1
615,60,806.03,140.60,58.86,177.76,0.3905,-1,-1,-1
616,19,320.45,959.35,95.08,118.27,0.7979,-1,-1,-1
616,48,1192.60,914.96,78.90,165.00,0.4968,-1,-1,-1
616,3,1714.02,451.41,81.25,213.93,0.8256,-1,-1,-1
616,91,356.69,287.36,68.35,197.00,0.7747,-1,-1,-1
616,81,1630.52,209.15,71.70,188.29,0.6059,-1,-1,-1
616,15,1109.32,901.00,82.08,178.99,0.6604,-1,-1,-1
616,69,253.24,1024.04,64.39,55.91,0.4132,-1,-1,-1
616,111,577.24,548.29,96.35,232.52,0.6255,-1,-1,-1
616,106,985.13,946.62,64.99,133.45,0.6787,-1,-1,-1
616,108,1561.51,600.47,116.21,226.86,0.5429,-1,-1,-1
616,60,805.44,142.55,59.53,176.29,0.4185,-1,-1,-1
617,19,320.76,962.04,95.86,115.89,0.7935,-1,-1,-1
617,48,1192.48,917.50,80.01,162.52,0.4009,-1,-1,-1
617,3,1714.31,451.86,81.07,212.58,0.8080,-1,-1,-1
617,91,356.04,290.12,67.49,195.90,0.7477,-1,-1,-1
617,81,1628.67,208.13,73.26,188.86,0.5153,-1,-1,-1
617,15,1110.27,903.13,80.94,176.90,0.6688,-1,-1,-1
617,69,254.05,1024.77,62.27,55.25,0.3815,-1,-1,-1
617,111,577.21,545.80,79.48,232.42,0.6233,-1,-1,-1
617,106,982.96,945.84,65.81,134.26,0.7095,-1,-1,-1
617,108,1560.50,597.79,117.54,229.14,0.5531,-1,-1,-1
617,60,805.90,143.80,59.50,175.58,0.3739,-1,-1,-1
618,19,320.47,964.62,96.91,113.66,0.7934,-1,-1,-1
618,48,1191.64,919.53,81.54,160.50,0.4313,-1,-1,-1
618,3,1714.65,452.49,80.24,212.19,0.7961,-1,-1,-1
618,91,355.33,291.81,67.06,195.55,0.7596,-1,-1,-1
618,81,1626.93,207.64,74.66,189.66,0.5857,-1,-1,-1
618,15,1111.73,906.80,79.08,173.23,0.7063,-1,-1,-1
618,69,254.75,1026.10,58.58,53.96,0.3196,-1,-1,-1
618,111,574.51,542.11,72.82,234.90,0.7141,-1,-1,-1
618,106,981.57,945.14,65.92,134.97,0.7237,-1,-1,-1
618,108,1560.64,601.62,114.68,225.34,0.3003,-1,-1,-1
618,60,806.39,144.94,59.09,174.12,0.3840,-1,-1,-1
619,19,320.38,967.24,97.61,111.01,0.7858,-1,-1,-1
619,48,1191.50,921.18,83.97,158.50,0.5358,-1,-1,-1
619,3,1715.55,452.26,79.20,212.19,0.8038,-1,-1,-1
619,91,354.10,294.41,66.77,195.11,0.6852,-1,-1,-1
619,81,1624.22,207.51,76.47,190.50,0.5664,-1,-1,-1
619,15,1112.41,911.23,81.27,168.78,0.6457,-1,-1,-1
619,69,255.51,1027.31,54.10,52.73,0.2943,-1,-1,-1
619,111,572.09,541.04,71.17,236.18,0.7417,-1,-1,-1
619,106,979.15,944.10,66.13,135.98,0.7229,-1,-1,-1
619,108,1559.92,605.89,113.58,221.22,0.2576,-1,-1,-1
619,60,807.29,145.32,58.41,172.94,0.3440,-1,-1,-1
620,19,320.33,968.97,97.72,109.40,0.7877,-1,-1,-1
620,48,1191.35,922.59,86.12,157.26,0.6218,-1,-1,-1
620,3,1715.56,452.44,79.16,212.27,0.8047,-1,-1,-1
620,91,353.60,294.70,65.95,196.37,0.6139,-1,-1,-1
620,81,1622.38,207.90,77.93,188.73,0.5356,-1,-1,-1
620,15,1113.24,914.61,80.41,165.36,0.6885,-1,-1,-1
620,69,256.95,1029.37,50.76,50.53,0.3269,-1,-1,-1
620,111,570.56,539.33,70.60,237.42,0.7671,-1,-1,-1
620,106,976.43,943.58,66.70,136.45,0.4236,-1,-1,-1
620,108,1562.89,604.91,110.34,222.81,0.3017,-1,-1,-1
620,60,806.28,145.76,59.92,172.28,0.3303,-1,-1,-1
621,19,319.79,971.73,99.16,106.71,0.7409,-1,-1,-1
621,48,1190.75,923.62,87.40,156.15,0.4767,-1,-1,-1
621,3,1715.63,451.71,78.98,213.01,0.8187,-1,-1,-1
621,91,351.83,294.33,66.92,197.25,0.7078,-1,-1,-1
621,81,1620.64,208.37,79.28,186.41,0.3477,-1,-1,-1
621,15,1113.59,916.72,77.17,163.28,0.7278,-1,-1,-1
621,69,257.87,1032.23,50.33,47.76,0.3454,-1,-1,-1
621,111,569.14,538.12,67.78,237.95,0.7651,-1,-1,-1
621,106,974.33,943.09,66.10,136.96,0.6459,-1,-1,-1
621,108,1562.09,605.08,110.46,222.47,0.2721,-1,-1,-1
621,60,805.94,145.13,60.32,173.03,0.3532,-1,-1,-1
622,19,320.34,975.33,98.80,102.82,0.7051,-1,-1,-1
622,48,1192.13,924.98,86.13,154.54,0.3650,-1,-1,-1
622,3,1716.67,451.53,77.83,212.75,0.8105,-1,-1,-1
622,91,350.74,294.00,66.18,195.87,0.4821,-1,-1,-1
622,81,1620.55,208.63,79.74,184.89,0.4500,-1,-1,-1
622,15,1114.28,918.33,74.40,161.67,0.7636,-1,-1,-1
622,69,259.67,1036.38,49.50,42.95,0.3175,-1,-1,-1
622,111,566.33,537.38,64.03,237.95,0.7993,-1,-1,-1
622,106,972.06,942.87,64.74,137.17,0.6521,-1,-1,-1
622,60,805.64,144.69,60.45,174.18,0.3703,-1,-1,-1
623,19,321.07,980.52,97.34,97.06,0.6906,-1,-1,-1
623,48,1192.61,926.26,88.78,152.96,0.3763,-1,-1,-1
623,3,1717.72,451.68,77.03,212.64,0.8084,-1,-1,-1
623,91,348.30,294.50,66.49,194.41,0.6145,-1,-1,-1
623,81,1620.73,208.76,78.41,183.27,0.2890,-1,-1,-1
623,15,1114.50,920.06,77.44,159.68,0.6656,-1,-1,-1
623,69,261.10,1040.21,47.51,38.88,0.3078,-1,-1,-1
623,111,562.48,537.72,61.95,241.15,0.7765,-1,-1,-1
623,106,969.84,943.28,64.05,136.84,0.6715,-1,-1,-1
623,60,806.07,144.48,59.86,174.12,0.3228,-1,-1,-1
624,19,322.45,984.80,95.60,92.32,0.6267,-1,-1,-1
624,48,1195.24,929.49,88.96,149.96,0.2837,-1,-1,-1
624,3,1718.05,451.42,76.84,213.02,0.8061,-1,-1,-1
624,91,346.21,294.88,67.69,193.83,0.6227,-1,-1,-1
624,81,1620.74,208.34,77.50,182.78,0.5084,-1,-1,-1
624,15,1114.46,921.44,78.39,158.47,0.7173,-1,-1,-1
624,69,261.76,1042.89,46.29,35.66,0.2881,-1,-1,-1
624,111,559.29,537.28,62.39,241.77,0.7899,-1,-1,-1
624,106,965.42,942.44,65.16,137.63,0.6942,-1,-1,-1
624,60,805.62,144.16,60.04,174.90,0.3970,-1,-1,-1
624,108,1561.39,606.02,112.43,221.61,0.3550,-1,-1,-1
625,19,323.55,987.27,94.05,89.68,0.5406,-1,-1,-1
625,48,1196.79,933.71,88.05,145.87,0.3919,-1,-1,-1
625,3,1718.22,451.42,77.47,214.32,0.8030,-1,-1,-1
625,91,345.62,294.75,67.36,194.17,0.6185,-1,-1,-1
625,81,1620.88,207.09,76.83,186.60,0.4809,-1,-1,-1
625,15,1114.63,922.39,78.59,157.59,0.7217,-1,-1,-1
625,111,554.14,537.40,64.04,241.73,0.8030,-1,-1,-1
625,106,962.59,939.99,65.07,140.07,0.7145,-1,-1,-1
625,60,805.87,143.61,59.55,175.33,0.4113,-1,-1,-1
626,19,324.19,989.18,93.58,88.25,0.5559,-1,-1,-1
626,48,1195.69,932.86,88.86,146.56,0.3821,-1,-1,-1
626,3,1718.50,451.16,77.39,214.18,0.7953,-1,-1,-1
626,91,344.07,295.31,67.78,193.92,0.6836,-1,-1,-1
626,81,1621.71,205.69,75.14,183.11,0.5129,-1,-1,-1
626,15,1114.65,922.83,80.55,157.17,0.7006,-1,-1,-1
626,111,547.52,537.51,68.32,241.56,0.7988,-1,-1,-1
626,106,959.05,938.85,65.74,141.21,0.7061,-1,-1,-1
626,60,805.03,142.97,60.41,176.44,0.4267,-1,-1,-1
627,19,325.28,991.17,93.44,86.78,0.3937,-1,-1,-1
627,48,1194.13,935.97,92.25,143.80,0.5069,-1,-1,-1
627,3,1718.53,452.00,77.65,213.74,0.7938,-1,-1,-1
627,91,343.18,295.86,68.41,193.43,0.6693,-1,-1,-1
627,81,1623.22,204.38,73.19,184.13,0.5030,-1,-1,-1
627,15,1114.85,923.44,80.13,156.54,0.7423,-1,-1,-1
627,111,531.70,537.82,83.85,241.99,0.7757,-1,-1,-1
627,106,957.84,937.77,64.28,142.23,0.7295,-1,-1,-1
627,60,805.12,142.41,60.11,176.44,0.4059,-1,-1,-1
628,19,325.61,991.95,94.37,86.46,0.5187,-1,-1,-1
628,48,1195.30,938.01,92.17,141.92,0.4187,-1,-1,-1
628,3,1718.62,451.15,77.36,214.76,0.7715,-1,-1,-1
628,91,342.78,296.24,68.40,192.89,0.6836,-1,-1,-1
628,81,1624.47,202.18,71.48,188.47,0.4494,-1,-1,-1
628,15,1114.26,924.28,81.98,155.71,0.7240,-1,-1,-1
628,111,516.92,538.17,97.93,241.08,0.8327,-1,-1,-1
628,106,955.93,936.50,62.78,143.51,0.7324,-1,-1,-1
628,60,805.54,142.37,59.85,175.70,0.4031,-1,-1,-1
629,19,325.35,993.96,94.94,84.80,0.5497,-1,-1,-1
629,48,1194.67,939.48,95.17,140.51,0.5560,-1,-1,-1
629,3,1718.82,450.69,77.51,215.14,0.7770,-1,-1,-1
629,91,342.68,297.18,68.04,192.29,0.7158,-1,-1,-1
629,81,1624.97,200.86,70.86,190.27,0.4844,-1,-1,-1
629,15,1114.06,924.69,83.33,155.31,0.7563,-1,-1,-1
629,111,506.20,537.79,108.50,240.33,0.8541,-1,-1,-1
629,106,953.84,935.07,62.25,144.95,0.7170,-1,-1,-1
629,60,806.19,142.68,59.51,175.49,0.3673,-1,-1,-1
630,19,324.67,996.47,95.89,82.49,0.5188,-1,-1,-1
630,48,1194.90,942.69,96.11,137.30,0.4774,-1,-1,-1
630,3,1718.15,450.07,78.44,215.55,0.7776,-1,-1,-1
630,91,341.40,297.56,68.96,193.65,0.7061,-1,-1,-1
630,81,1625.26,199.48,69.60,189.69,0.5407,-1,-1,-1
630,15,1113.97,925.95,85.47,154.03,0.7567,-1,-1,-1
630,111,499.55,537.63,115.33,240.08,0.5569,-1,-1,-1
630,106,952.28,933.63,60.52,146.36,0.7154,-1,-1,-1
630,60,807.59,143.11,58.17,174.66,0.3799,-1,-1,-1
630,113,1444.58,1005.58,72.76,74.39,0.4141,-1,-1,-1
631,19,324.63,997.79,96.23,81.06,0.4329,-1,-1,-1
631,48,1196.51,945.29,94.22,134.20,0.4741,-1,-1,-1
631,3,1718.00,450.23,78.76,216.29,0.7815,-1,-1,-1
631,91,340.84,297.83,69.25,198.93,0.7486,-1,-1,-1
631,81,1625.95,198.24,68.72,186.34,0.5768,-1,-1,-1
631,15,1114.21,927.56,87.75,152.42,0.7471,-1,-1,-1
631,111,497.13,538.92,117.86,238.29,0.8400,-1,-1,-1
631,106,950.28,932.21,59.82,147.79,0.7169,-1,-1,-1
631,60,808.07,143.10,57.80,173.22,0.3098,-1,-1,-1
631,113,1441.52,1003.33,72.63,76.64,0.2707,-1,-1,-1
631,108,1562.21,600.48,109.81,226.34,0.3615,-1,-1,-1
632,19,323.76,999.99,97.49,78.68,0.3551,-1,-1,-1
632,48,1197.67,946.92,92.21,132.69,0.4554,-1,-1,-1
632,3,1717.49,450.74,79.64,215.95,0.8001,-1,-1,-1
632,91,340.26,297.99,69.11,202.88,0.6624,-1,-1,-1
632,81,1626.41,196.42,67.88,182.88,0.5934,-1,-1,-1
632,15,1114.06,930.30,92.56,149.68,0.7590,-1,-1,-1
632,111,492.58,539.75,122.92,238.19,0.8560,-1,-1,-1
632,106,948.40,930.85,59.65,149.14,0.7454,-1,-1,-1
632,60,807.44,143.27,58.39,173.32,0.3877,-1,-1,-1
632,113,1438.50,994.21,72.48,85.50,0.3099,-1,-1,-1
632,108,1562.94,602.23,108.71,224.59,0.2579,-1,-1,-1
633,19,324.41,1002.90,96.27,76.41,0.4884,-1,-1,-1
633,3,1717.95,450.57,79.33,215.93,0.8038,-1,-1,-1
633,91,340.08,298.91,68.39,204.41,0.7891,-1,-1,-1
633,81,1626.50,195.09,66.84,181.75,0.6247,-1,-1,-1
633,15,1114.47,933.72,95.99,146.18,0.7350,-1,-1,-1
633,111,490.52,539.99,123.45,238.06,0.8595,-1,-1,-1
633,106,946.67,929.77,59.69,150.28,0.6896,-1,-1,-1
633,60,806.15,143.36,59.46,173.74,0.3664,-1,-1,-1
633,113,1436.93,988.05,72.86,91.87,0.3207,-1,-1,-1
633,108,1564.04,600.38,109.20,226.77,0.5293,-1,-1,-1
634,19,324.20,1005.95,96.48,73.26,0.5182,-1,-1,-1
634,3,1717.50,449.85,79.91,215.71,0.7953,-1,-1,-1
634,91,339.66,299.75,68.34,205.28,0.8156,-1,-1,-1
634,81,1626.44,193.73,66.63,182.79,0.6085,-1,-1,-1
634,15,1114.03,937.76,98.44,142.12,0.7574,-1,-1,-1
634,111,489.65,540.05,124.08,237.74,0.8493,-1,-1,-1
634,106,945.25,928.73,59.40,151.34,0.7114,-1,-1,-1
634,60,806.85,143.31,58.91,174.27,0.3807,-1,-1,-1
634,108,1562.38,599.31,110.87,228.34,0.3363,-1,-1,-1
635,19,324.23,1009.14,95.90,69.90,0.5558,-1,-1,-1
635,3,1717.03,449.98,80.36,215.06,0.8065,-1,-1,-1
635,91,339.73,301.83,67.34,205.65,0.8074,-1,-1,-1
635,81,1625.42,193.15,66.58,182.93,0.6172,-1,-1,-1
635,15,1113.48,940.52,100.77,139.49,0.7487,-1,-1,-1
635,111,489.76,538.81,123.59,239.03,0.8476,-1,-1,-1
635,106,941.32,928.50,61.66,151.58,0.7180,-1,-1,-1
635,60,806.89,143.29,58.98,174.32,0.4135,-1,-1,-1
635,108,1562.25,602.65,110.72,225.09,0.2529,-1,-1,-1
636,19,325.18,1012.76,93.58,66.66,0.6062,-1,-1,-1
636,3,1716.66,450.32,80.99,215.27,0.8043,-1,-1,-1
636,91,339.15,304.73,67.83,204.95,0.8224,-1,-1,-1
636,81,1623.38,192.10,67.54,183.36,0.5751,-1,-1,-1
636,15,1113.15,943.54,102.21,136.52,0.7356,-1,-1,-1
636,111,491.40,538.83,119.06,238.30,0.8369,-1,-1,-1
636,106,940.01,928.77,60.61,151.32,0.6826,-1,-1,-1
636,60,807.09,143.57,58.41,174.89,0.3960,-1,-1,-1
636,108,1561.47,604.35,110.99,223.50,0.2647,-1,-1,-1
636,116,1497.50,964.19,96.79,114.26,0.5124,-1,-1,-1
637,19,326.28,1017.24,91.31,62.69,0.6205,-1,-1,-1
637,3,1716.69,450.17,81.07,215.91,0.8104,-1,-1,-1
637,91,339.11,307.03,67.60,204.38,0.8170,-1,-1,-1
637,81,1622.52,191.42,67.31,183.76,0.6127,-1,-1,-1
637,15,1113.33,947.20,105.38,132.90,0.7194,-1,-1,-1
637,111,493.11,538.85,115.60,237.57,0.8170,-1,-1,-1
637,106,937.20,928.94,61.79,150.97,0.6755,-1,-1,-1
637,60,806.38,143.53,59.23,175.61,0.3991,-1,-1,-1
637,116,1495.42,959.76,94.81,119.14,0.6164,-1,-1,-1
638,19,327.42,1021.11,88.17,58.95,0.6224,-1,-1,-1
638,3,1717.03,450.34,80.00,215.39,0.8011,-1,-1,-1
638,91,339.04,308.23,67.70,205.29,0.8144,-1,-1,-1
638,81,1622.08,191.45,66.47,182.42,0.6095,-1,-1,-1
638,15,1113.96,950.20,109.41,129.88,0.6493,-1,-1,-1
638,111,494.32,539.06,107.70,237.19,0.8133,-1,-1,-1
638,106,935.72,929.10,61.39,150.91,0.6599,-1,-1,-1
638,60,806.30,143.91,59.51,175.07,0.4136,-1,-1,-1
638,116,1494.66,956.53,94.13,122.34,0.6071,-1,-1,-1
639,19,329.27,1024.68,83.03,55.41,0.5669,-1,-1,-1
639,3,1717.30,450.98,79.59,215.43,0.8291,-1,-1,-1
639,91,339.05,309.49,67.32,205.36,0.8239,-1,-1,-1
639,81,1622.04,191.32,65.50,181.52,0.6501,-1,-1,-1
639,15,1115.12,952.14,114.16,127.92,0.4876,-1,-1,-1
639,111,496.59,539.53,98.79,236.63,0.8120,-1,-1,-1
639,106,933.30,928.57,61.51,151.47,0.6416,-1,-1,-1
639,60,806.05,143.67,59.51,175.61,0.4187,-1,-1,-1
639,116,1492.18,952.56,95.31,126.32,0.5167,-1,-1,-1
639,117,207.39,250.80,63.50,174.94,0.3436,-1,-1,-1
639,113,1419.04,979.49,77.27,99.97,0.4780,-1,-1,-1
640,19,332.40,1028.57,69.51,51.49,0.4257,-1,-1,-1
640,3,1716.95,451.22,79.86,214.95,0.8185,-1,-1,-1
640,91,338.80,309.94,67.96,206.27,0.8219,-1,-1,-1
640,81,1622.74,191.28,63.72,181.03,0.6001,-1,-1,-1
640,15,1116.83,954.30,110.87,125.71,0.5356,-1,-1,-1
640,111,497.77,539.71,90.63,236.58,0.8292,-1,-1,-1
640,106,931.04,928.18,62.39,151.83,0.6109,-1,-1,-1
640,60,806.05,143.56,59.84,175.91,0.4299,-1,-1,-1
640,116,1490.08,950.08,96.13,128.96,0.4820,-1,-1,-1
640,117,208.40,249.98,62.63,174.83,0.3324,-1,-1,-1
640,113,1416.07,978.02,76.87,101.43,0.3642,-1,-1,-1
641,19,338.20,1033.00,53.74,47.02,0.2816,-1,-1,-1
641,3,1716.72,451.45,80.40,214.03,0.8156,-1,-1,-1
641,91,338.31,310.88,68.22,205.04,0.8174,-1,-1,-1
641,81,1622.59,190.84,63.04,181.36,0.5724,-1,-1,-1
641,15,1118.71,956.30,102.45,123.69,0.6538,-1,-1,-1
641,111,498.28,539.49,83.96,236.43,0.8208,-1,-1,-1
641,106,929.45,927.80,62.52,152.19,0.5127,-1,-1,-1
641,60,805.88,144.21,60.34,175.19,0.4032,-1,-1,-1
641,116,1486.07,948.36,99.05,130.99,0.5288,-1,-1,-1
641,113,1413.03,975.61,76.66,103.85,0.4695,-1,-1,-1
642,19,343.84,1036.05,42.57,43.96,0.3397,-1,-1,-1
642,3,1716.66,451.82,80.05,214.13,0.8076,-1,-1,-1
642,91,338.28,311.07,68.56,204.89,0.8133,-1,-1,-1
642,81,1623.41,190.22,61.33,180.06,0.5429,-1,-1,-1
642,15,1121.55,957.84,93.45,122.14,0.6546,-1,-1,-1
642,111,496.05,539.17,77.81,237.27,0.8336,-1,-1,-1
642,106,927.30,928.01,62.02,151.98,0.6342,-1,-1,-1
642,60,805.44,144.35,61.08,175.15,0.4279,-1,-1,-1
642,116,1484.55,946.13,97.05,133.45,0.4821,-1,-1,-1
642,113,1410.07,972.83,76.28,106.65,0.5303,-1,-1,-1
642,48,1187.64,962.81,86.50,117.50,0.4672,-1,-1,-1
642,117,212.25,245.41,50.92,178.62,0.3496,-1,-1,-1
643,19,345.90,1039.23,38.37,40.47,0.2755,-1,-1,-1
643,3,1716.11,452.13,80.63,213.59,0.8068,-1,-1,-1
643,91,338.15,311.64,68.86,204.45,0.7934,-1,-1,-1
643,81,1622.89,189.66,60.94,182.88,0.5934,-1,-1,-1
643,15,1123.49,959.07,87.06,120.90,0.3558,-1,-1,-1
643,111,492.34,539.21,70.65,236.46,0.8321,-1,-1,-1
643,106,925.92,928.01,61.28,151.97,0.6548,-1,-1,-1
643,60,805.27,144.67,61.18,174.94,0.4387,-1,-1,-1
643,113,1406.05,970.07,78.08,109.43,0.4657,-1,-1,-1
643,48,1186.78,965.07,86.24,115.10,0.2765,-1,-1,-1
644,19,345.87,1042.00,35.82,37.35,0.2730,-1,-1,-1
644,3,1715.81,451.84,80.83,213.68,0.8043,-1,-1,-1
644,91,337.39,312.30,69.68,203.55,0.8123,-1,-1,-1
644,81,1622.21,188.96,60.48,180.26,0.6063,-1,-1,-1
644,15,1123.41,960.20,86.35,119.77,0.6173,-1,-1,-1
644,111,486.14,539.59,66.61,236.66,0.8344,-1,-1,-1
644,106,924.10,928.65,60.72,151.33,0.7175,-1,-1,-1
644,60,805.46,144.58,60.83,175.71,0.4547,-1,-1,-1
644,113,1401.68,967.08,80.90,112.47,0.3677,-1,-1,-1
645,3,1716.03,452.06,80.69,213.69,0.8077,-1,-1,-1
645,91,337.24,313.42,69.83,201.75,0.7959,-1,-1,-1
645,81,1621.50,187.93,59.96,181.03,0.6152,-1,-1,-1
645,15,1122.67,961.11,90.44,118.82,0.5092,-1,-1,-1
645,111,478.24,539.97,68.32,237.37,0.8365,-1,-1,-1
645,106,921.95,929.08,61.27,150.83,0.7421,-1,-1,-1
645,60,805.29,144.38,60.89,175.53,0.4875,-1,-1,-1
645,116,1473.89,943.70,97.97,135.41,0.4553,-1,-1,-1
646,3,1715.83,453.04,81.24,213.10,0.8225,-1,-1,-1
646,91,336.71,315.70,70.12,199.57,0.8037,-1,-1,-1
646,81,1620.72,185.92,60.23,181.15,0.6701,-1,-1,-1
646,15,1124.32,962.54,83.65,117.41,0.4905,-1,-1,-1
646,111,470.90,539.33,72.76,238.41,0.8427,-1,-1,-1
646,106,919.65,928.90,62.06,151.06,0.7353,-1,-1,-1
646,60,805.77,144.78,60.28,174.83,0.4794,-1,-1,-1
646,116,1468.98,941.69,99.15,137.53,0.3989,-1,-1,-1
646,113,1394.06,961.03,83.65,118.37,0.6524,-1,-1,-1
647,3,1715.85,452.67,81.62,213.35,0.8168,-1,-1,-1
647,91,336.13,318.41,69.71,197.06,0.8192,-1,-1,-1
647,81,1620.46,183.92,60.44,184.62,0.6884,-1,-1,-1
647,15,1126.54,963.35,75.60,116.62,0.3797,-1,-1,-1
647,111,466.60,538.88,74.71,238.81,0.8472,-1,-1,-1
647,106,915.00,928.92,64.64,150.76,0.7343,-1,-1,-1
647,60,805.89,144.45,60.06,174.82,0.4306,-1,-1,-1
647,116,1469.28,941.49,93.85,137.47,0.5985,-1,-1,-1
647,113,1390.25,956.53,85.93,122.39,0.7461,-1,-1,-1
648,3,1716.43,452.48,80.77,212.72,0.8069,-1,-1,-1
648,91,335.87,319.56,69.06,198.21,0.8248,-1,-1,-1
648,81,1619.56,182.00,60.63,180.64,0.7044,-1,-1,-1
648,15,1126.74,964.90,74.01,114.58,0.3752,-1,-1,-1
648,111,462.02,538.24,77.29,239.22,0.8448,-1,-1,-1
648,106,911.29,929.48,67.68,150.03,0.7508,-1,-1,-1
648,60,805.68,144.60,60.11,174.55,0.4336,-1,-1,-1
648,116,1466.58,938.10,92.69,140.32,0.6501,-1,-1,-1
648,113,1387.42,952.92,86.94,124.98,0.7345,-1,-1,-1
648,48,1196.48,978.77,73.27,101.50,0.4111,-1,-1,-1
649,3,1716.86,452.45,80.92,212.76,0.8054,-1,-1,-1
649,91,335.07,320.73,68.75,200.14,0.8293,-1,-1,-1
649,81,1618.35,180.92,61.37,179.88,0.7279,-1,-1,-1
649,15,1125.52,967.52,80.07,112.27,0.4399,-1,-1,-1
649,111,458.96,538.64,78.77,238.13,0.8528,-1,-1,-1
649,106,907.35,929.72,69.51,149.83,0.7676,-1,-1,-1
649,60,805.93,144.78,60.12,174.07,0.4693,-1,-1,-1
649,116,1462.57,934.65,93.53,143.32,0.6825,-1,-1,-1
649,113,1383.78,951.15,87.73,126.20,0.7376,-1,-1,-1
649,48,1196.60,980.99,72.86,99.20,0.4008,-1,-1,-1
649,117,218.53,247.20,49.64,175.01,0.3525,-1,-1,-1
650,3,1717.58,452.69,79.96,212.51,0.8144,-1,-1,-1
650,91,334.58,322.18,67.87,203.66,0.8195,-1,-1,-1
650,81,1617.69,179.89,62.27,179.62,0.7207,-1,-1,-1
650,15,1126.45,969.58,72.84,110.37,0.4192,-1,-1,-1
650,111,454.71,537.65,81.15,238.96,0.8579,-1,-1,-1
650,106,904.35,931.26,70.20,148.14,0.7861,-1,-1,-1
650,60,805.74,144.91,60.04,174.57,0.4935,-1,-1,-1
650,116,1456.74,931.26,95.24,147.19,0.6946,-1,-1,-1
650,113,1379.30,948.19,86.89,128.84,0.6603,-1,-1,-1
650,48,1194.59,984.81,74.39,95.40,0.3525,-1,-1,-1
650,117,220.07,248.14,48.96,174.15,0.2610,-1,-1,-1
651,3,1717.77,453.05,79.86,212.29,0.8048,-1,-1,-1
651,91,333.75,323.04,67.84,205.27,0.8272,-1,-1,-1
651,81,1616.76,179.11,63.65,178.05,0.7151,-1,-1,-1
651,15,1126.11,971.90,72.84,108.10,0.4137,-1,-1,-1
651,111,452.63,537.54,81.97,238.71,0.8615,-1,-1,-1
651,106,902.03,931.48,70.84,148.14,0.7880,-1,-1,-1
651,60,804.98,144.51,60.80,175.22,0.5070,-1,-1,-1
651,116,1455.45,928.65,93.74,150.61,0.7010,-1,-1,-1
651,113,1372.78,946.22,88.86,131.29,0.6533,-1,-1,-1
651,48,1193.23,986.99,73.78,93.21,0.3681,-1,-1,-1
652,3,1717.91,453.10,78.88,212.28,0.8060,-1,-1,-1
652,91,333.12,325.28,67.42,205.64,0.8219,-1,-1,-1
652,81,1615.78,177.22,64.56,177.45,0.7339,-1,-1,-1
652,15,1126.34,975.37,68.49,104.65,0.4898,-1,-1,-1
652,111,450.54,537.02,83.55,238.83,0.8571,-1,-1,-1
652,106,899.86,931.34,71.15,147.50,0.7565,-1,-1,-1
652,60,806.27,144.60,59.91,174.71,0.5087,-1,-1,-1
652,116,1454.15,925.10,92.10,154.13,0.6263,-1,-1,-1
652,113,1368.29,944.16,90.78,134.66,0.6268,-1,-1,-1
652,48,1188.07,990.48,77.28,89.01,0.3809,-1,-1,-1
653,3,1718.62,452.57,78.66,212.66,0.8110,-1,-1,-1
653,91,333.18,326.97,66.24,205.88,0.8311,-1,-1,-1
653,81,1615.03,175.12,65.82,176.98,0.7862,-1,-1,-1
653,15,1124.74,979.08,69.32,100.80,0.5633,-1,-1,-1
653,111,448.85,536.58,85.55,238.83,0.8638,-1,-1,-1
653,106,898.34,931.79,69.61,146.61,0.7467,-1,-1,-1
653,60,806.31,144.93,59.64,174.49,0.5693,-1,-1,-1
653,116,1450.77,919.47,92.16,160.08,0.6612,-1,-1,-1
653,113,1364.77,942.18,91.67,136.71,0.7018,-1,-1,-1
653,48,1188.72,991.93,77.13,87.50,0.6009,-1,-1,-1
653,108,1557.61,594.71,117.90,233.81,0.3458,-1,-1,-1
654,3,1719.20,452.13,78.51,212.68,0.8115,-1,-1,-1
654,91,333.52,328.54,64.68,206.28,0.8235,-1,-1,-1
654,81,1614.40,172.97,67.45,178.67,0.7419,-1,-1,-1
654,15,1123.71,982.34,66.58,96.76,0.5693,-1,-1,-1
654,111,449.61,536.01,85.34,239.31,0.8635,-1,-1,-1
654,106,897.80,932.34,66.34,146.02,0.7159,-1,-1,-1
654,60,806.39,145.02,59.44,173.80,0.5332,-1,-1,-1
654,116,1448.63,915.87,91.52,163.79,0.6539,-1,-1,-1
654,113,1361.01,940.56,91.28,137.53,0.7134,-1,-1,-1
654,48,1192.98,993.35,73.97,85.95,0.5658,-1,-1,-1
654,108,1558.27,594.61,115.89,233.54,0.3858,-1,-1,-1
655,3,1719.04,451.88,78.64,213.19,0.8023,-1,-1,-1
655,91,333.07,330.09,63.97,205.45,0.8090,-1,-1,-1
655,81,1613.42,170.23,69.22,181.05,0.6781,-1,-1,-1
655,15,1122.25,985.62,73.64,92.93,0.5736,-1,-1,-1
655,111,450.39,535.70,84.04,239.58,0.8663,-1,-1,-1
655,106,895.07,932.37,65.81,145.86,0.7112,-1,-1,-1
655,60,806.07,144.93,59.99,173.95,0.5155,-1,-1,-1
655,116,1445.54,913.64,91.72,166.03,0.6733,-1,-1,-1
655,113,1358.82,938.76,90.94,139.43,0.7089,-1,-1,-1
655,48,1197.52,995.31,70.53,83.94,0.5843,-1,-1,-1
655,108,1560.94,598.48,113.24,229.98,0.3149,-1,-1,-1
656,3,1719.30,451.61,78.13,213.52,0.8101,-1,-1,-1
656,91,331.89,331.59,64.74,206.02,0.8064,-1,-1,-1
656,81,1612.60,168.88,70.55,180.12,0.6617,-1,-1,-1
656,15,1121.14,988.29,70.56,89.23,0.5112,-1,-1,-1
656,111,452.12,534.70,82.01,240.32,0.8716,-1,-1,-1
656,106,891.67,932.55,66.41,145.64,0.7416,-1,-1,-1
656,60,806.97,144.44,59.07,174.60,0.4822,-1,-1,-1
656,116,1441.08,910.23,93.81,169.08,0.6059,-1,-1,-1
656,113,1357.59,936.41,90.61,141.85,0.7244,-1,-1,-1
656,48,1199.79,996.95,70.14,82.42,0.5862,-1,-1,-1
656,108,1559.28,599.38,114.94,229.05,0.2510,-1,-1,-1
657,3,1719.21,451.57,78.57,213.55,0.8073,-1,-1,-1
657,91,330.42,333.09,64.99,205.76,0.7972,-1,-1,-1
657,81,1612.04,167.76,72.03,180.22,0.6689,-1,-1,-1
657,15,1119.65,990.32,67.31,87.02,0.4991,-1,-1,-1
657,111,453.35,534.56,80.38,240.51,0.8668,-1,-1,-1
657,106,887.74,932.28,67.77,146.42,0.7490,-1,-1,-1
657,60,805.18,144.67,61.04,174.91,0.4789,-1,-1,-1
657,116,1435.78,907.17,95.82,172.02,0.6095,-1,-1,-1
657,113,1357.53,933.61,89.75,145.16,0.7389,-1,-1,-1
657,48,1198.44,998.09,72.92,80.79,0.5814,-1,-1,-1
657,108,1560.53,597.56,112.42,230.57,0.3789,-1,-1,-1
658,3,1719.58,451.45,77.66,214.27,0.7957,-1,-1,-1
658,91,328.70,334.01,65.28,205.30,0.8080,-1,-1,-1
658,81,1611.10,167.47,73.54,179.03,0.6805,-1,-1,-1
658,15,1117.32,992.81,69.28,83.59,0.5040,-1,-1,-1
658,111,452.90,533.56,79.48,241.67,0.8518,-1,-1,-1
658,106,884.68,932.52,69.00,146.65,0.7536,-1,-1,-1
658,60,805.47,144.43,61.00,174.62,0.4575,-1,-1,-1
658,113,1354.70,930.18,90.26,148.19,0.7515,-1,-1,-1
658,48,1196.70,999.15,76.07,79.57,0.6417,-1,-1,-1
658,108,1561.09,600.45,111.02,227.52,0.2584,-1,-1,-1
659,3,1719.01,451.60,78.79,214.31,0.6780,-1,-1,-1
659,91,325.72,334.01,67.78,204.88,0.8378,-1,-1,-1
659,81,1610.78,167.23,74.52,178.57,0.6781,-1,-1,-1
659,15,1115.62,993.47,73.72,83.25,0.5268,-1,-1,-1
659,111,452.16,531.28,79.29,243.33,0.8554,-1,-1,-1
659,106,882.06,932.72,68.67,146.25,0.7451,-1,-1,-1
659,60,805.30,144.15,61.00,175.22,0.4662,-1,-1,-1
659,113,1351.97,927.27,90.54,151.20,0.7503,-1,-1,-1
659,48,1195.20,1000.16,79.48,79.41,0.6924,-1,-1,-1
660,3,1718.71,451.32,78.51,214.32,0.4973,-1,-1,-1
660,91,323.03,334.48,69.37,204.02,0.8435,-1,-1,-1
660,81,1611.53,166.86,74.57,179.18,0.7188,-1,-1,-1
660,15,1113.55,994.74,75.65,82.03,0.5176,-1,-1,-1
660,111,450.50,530.63,76.53,242.35,0.8456,-1,-1,-1
660,106,879.95,932.32,68.00,146.36,0.7008,-1,-1,-1
660,60,804.88,144.26,61.26,175.18,0.4790,-1,-1,-1
660,113,1349.55,923.87,91.27,153.66,0.7585,-1,-1,-1
660,48,1195.30,1002.90,80.78,76.94,0.5996,-1,-1,-1
661,3,1718.78,452.53,79.63,213.02,0.5301,-1,-1,-1
661,91,321.25,334.31,69.65,203.73,0.8184,-1,-1,-1
661,81,1612.31,166.64,75.31,176.60,0.7068,-1,-1,-1
661,15,1113.06,995.66,70.10,82.27,0.5275,-1,-1,-1
661,111,448.87,530.03,69.87,241.23,0.8129,-1,-1,-1
661,106,878.96,931.36,65.43,148.20,0.7091,-1,-1,-1
661,60,805.93,144.02,60.56,174.83,0.4448,-1,-1,-1
661,113,1347.60,921.03,90.41,156.12,0.7528,-1,-1,-1
661,48,1194.57,1005.70,82.93,74.31,0.6084,-1,-1,-1
661,109,426.48,135.03,47.72,144.09,0.3425,-1,-1,-1
661,116,1425.06,901.72,99.18,175.48,0.7153,-1,-1,-1
662,3,1718.53,451.70,79.63,213.29,0.8235,-1,-1,-1
662,91,320.23,335.07,69.77,202.71,0.8220,-1,-1,-1
662,81,1612.52,166.44,75.96,176.16,0.6747,-1,-1,-1
662,15,1112.31,997.41,67.01,81.21,0.5488,-1,-1,-1
662,111,445.00,529.80,67.93,241.54,0.8665,-1,-1,-1
662,106,876.64,930.71,64.34,149.18,0.7207,-1,-1,-1
662,60,806.49,143.66,59.81,174.18,0.4337,-1,-1,-1
662,113,1345.14,916.49,87.95,160.80,0.4525,-1,-1,-1
662,48,1194.83,1006.79,83.19,72.97,0.5455,-1,-1,-1
662,109,425.99,136.68,48.74,143.01,0.3598,-1,-1,-1
662,116,1423.06,899.64,100.32,177.94,0.5761,-1,-1,-1
663,3,1718.23,451.18,80.18,213.11,0.8165,-1,-1,-1
663,91,320.08,335.66,69.12,201.96,0.8265,-1,-1,-1
663,81,1614.14,165.30,75.13,175.41,0.6486,-1,-1,-1
663,15,1111.68,998.43,61.08,80.63,0.4460,-1,-1,-1
663,111,440.82,528.99,66.58,241.22,0.8712,-1,-1,-1
663,106,875.05,930.14,62.70,149.84,0.7408,-1,-1,-1
663,60,807.04,143.78,59.24,173.45,0.4269,-1,-1,-1
663,113,1342.39,912.80,86.42,165.43,0.6952,-1,-1,-1
663,48,1194.84,1008.70,82.37,70.32,0.5155,-1,-1,-1
663,109,424.90,136.34,50.47,143.00,0.3399,-1,-1,-1
663,116,1422.00,897.47,98.94,180.84,0.6977,-1,-1,-1
664,3,1718.00,451.05,80.73,213.51,0.8070,-1,-1,-1
664,91,319.70,336.67,68.86,200.88,0.8133,-1,-1,-1
664,81,1614.77,164.24,75.88,178.47,0.6575,-1,-1,-1
664,15,1109.91,1000.98,59.44,78.73,0.5575,-1,-1,-1
664,111,436.16,528.04,65.79,241.99,0.8540,-1,-1,-1
664,106,872.49,930.04,63.08,149.34,0.7578,-1,-1,-1
664,60,806.08,143.85,59.96,173.60,0.4179,-1,-1,-1
664,113,1340.86,909.17,84.64,169.58,0.6781,-1,-1,-1
664,48,1195.09,1010.60,80.48,68.30,0.4440,-1,-1,-1
664,116,1421.29,894.62,95.68,184.39,0.6883,-1,-1,-1
665,3,1718.44,452.14,81.04,212.88,0.6014,-1,-1,-1
665,91,317.40,336.91,70.47,200.53,0.8035,-1,-1,-1
665,81,1615.87,162.35,75.22,184.15,0.6356,-1,-1,-1
665,15,1107.55,1003.12,65.96,76.88,0.5785,-1,-1,-1
665,111,432.52,526.84,63.14,243.92,0.8235,-1,-1,-1
665,106,869.22,930.73,64.39,149.10,0.7484,-1,-1,-1
665,60,806.92,143.86,59.11,173.80,0.4481,-1,-1,-1
665,113,1338.58,904.80,82.75,173.93,0.7275,-1,-1,-1
665,48,1196.40,1013.65,72.57,66.02,0.4311,-1,-1,-1
665,116,1419.23,889.44,94.81,189.64,0.7269,-1,-1,-1
666,3,1718.04,450.99,80.73,213.90,0.7229,-1,-1,-1
666,91,313.75,337.69,73.44,200.95,0.7806,-1,-1,-1
666,81,1617.09,160.76,74.17,185.20,0.6128,-1,-1,-1
666,15,1105.64,1005.84,70.12,74.25,0.5510,-1,-1,-1
666,111,429.13,526.55,62.57,247.36,0.8265,-1,-1,-1
666,106,867.01,930.63,65.07,148.96,0.7713,-1,-1,-1
666,60,807.49,143.71,58.44,172.92,0.4084,-1,-1,-1
666,113,1334.98,902.67,81.84,176.10,0.7181,-1,-1,-1
666,48,1195.67,1016.40,69.45,63.54,0.4612,-1,-1,-1
666,116,1414.37,884.82,99.30,194.66,0.7389,-1,-1,-1
666,109,429.32,136.50,46.38,142.59,0.3467,-1,-1,-1
667,3,1717.34,451.15,81.37,214.00,0.7688,-1,-1,-1
667,91,308.68,339.65,78.41,200.97,0.8143,-1,-1,-1
667,81,1618.49,159.17,73.76,185.40,0.6743,-1,-1,-1
667,15,1104.19,1008.43,66.38,71.69,0.5234,-1,-1,-1
667,111,426.24,526.29,62.22,248.13,0.8278,-1,-1,-1
667,106,864.37,930.37,65.74,149.20,0.7547,-1,-1,-1
667,60,806.99,143.47,58.86,173.68,0.4129,-1,-1,-1
667,113,1332.63,899.92,80.86,178.45,0.6822,-1,-1,-1
667,48,1196.42,1019.63,66.63,60.43,0.5343,-1,-1,-1
667,116,1409.98,879.61,101.14,200.07,0.7340,-1,-1,-1
667,109,429.63,136.89,45.99,142.38,0.4080,-1,-1,-1
668,3,1717.20,451.14,82.18,213.92,0.7932,-1,-1,-1
668,91,308.27,342.38,78.24,201.76,0.8201,-1,-1,-1
668,81,1620.48,158.05,72.72,183.64,0.6705,-1,-1,-1
668,15,1103.70,1011.44,66.46,68.08,0.5428,-1,-1,-1
668,111,423.36,526.74,62.91,246.92,0.8520,-1,-1,-1
668,106,861.90,930.02,66.37,149.41,0.7600,-1,-1,-1
668,60,808.05,142.97,57.78,173.46,0.3964,-1,-1,-1
668,113,1330.67,898.53,80.98,179.52,0.6726,-1,-1,-1
668,48,1196.32,1022.55,63.56,57.52,0.5379,-1,-1,-1
668,116,1406.97,876.49,100.71,203.11,0.7422,-1,-1,-1
668,109,430.54,136.20,44.54,143.56,0.3099,-1,-1,-1
668,108,1558.58,602.38,114.57,224.02,0.3572,-1,-1,-1
669,3,1717.69,450.52,81.80,214.82,0.7721,-1,-1,-1
669,91,309.56,345.16,76.31,202.75,0.7961,-1,-1,-1
669,81,1621.63,156.60,72.71,182.96,0.6484,-1,-1,-1
669,15,1103.50,1014.02,61.15,64.45,0.4202,-1,-1,-1
669,111,418.66,527.05,66.46,247.30,0.8328,-1,-1,-1
669,106,859.16,930.26,67.06,149.41,0.7384,-1,-1,-1
669,60,807.78,143.30,58.01,173.82,0.3944,-1,-1,-1
669,113,1329.26,897.45,79.90,180.41,0.7312,-1,-1,-1
669,48,1195.64,1026.23,61.84,53.82,0.4414,-1,-1,-1
669,116,1404.72,874.12,99.92,205.59,0.7617,-1,-1,-1
669,109,430.06,136.43,44.28,142.88,0.2761,-1,-1,-1
669,108,1558.63,604.14,115.67,222.36,0.2820,-1,-1,-1
670,3,1717.18,450.62,82.70,214.59,0.7913,-1,-1,-1
670,91,310.48,346.83,74.22,204.14,0.8090,-1,-1,-1
670,81,1623.04,156.04,72.34,182.47,0.6672,-1,-1,-1
670,15,1103.52,1017.06,60.33,61.30,0.4659,-1,-1,-1
670,111,411.97,527.78,72.33,246.14,0.8435,-1,-1,-1
670,106,857.00,929.76,67.61,150.06,0.7478,-1,-1,-1
670,60,806.42,143.27,59.30,174.80,0.4174,-1,-1,-1
670,113,1326.99,896.14,78.95,181.86,0.7714,-1,-1,-1
670,48,1195.67,1029.49,59.62,50.55,0.3755,-1,-1,-1
670,116,1401.88,870.57,101.32,209.21,0.7466,-1,-1,-1
670,109,429.41,136.63,43.92,143.26,0.3497,-1,-1,-1
671,3,1716.86,451.07,83.49,213.99,0.7983,-1,-1,-1
671,91,310.46,347.24,73.74,207.81,0.8345,-1,-1,-1
671,81,1624.28,155.25,71.35,180.30,0.6711,-1,-1,-1
671,15,1102.83,1021.10,55.52,58.25,0.4699,-1,-1,-1
671,111,406.54,528.01,76.75,245.65,0.8566,-1,-1,-1
671,106,855.00,930.08,67.86,149.54,0.7575,-1,-1,-1
671,60,806.86,143.37,58.46,174.66,0.4667,-1,-1,-1
671,113,1325.05,895.15,77.35,182.87,0.7719,-1,-1,-1
671,48,1196.71,1033.74,54.95,46.31,0.3588,-1,-1,-1
671,116,1400.19,867.44,98.60,212.35,0.7065,-1,-1,-1
671,109,427.97,136.09,44.11,146.23,0.3401,-1,-1,-1
672,3,1716.75,450.47,83.53,214.36,0.7867,-1,-1,-1
672,91,310.82,348.18,72.62,208.33,0.8470,-1,-1,-1
672,81,1625.43,154.86,70.93,178.24,0.6215,-1,-1,-1
672,15,1104.39,1025.77,50.21,54.10,0.4940,-1,-1,-1
672,111,403.00,528.77,79.61,244.42,0.8594,-1,-1,-1
672,106,853.75,929.50,67.44,149.82,0.7526,-1,-1,-1
672,60,805.89,142.67,59.35,176.06,0.4537,-1,-1,-1
672,113,1320.42,894.40,79.39,183.86,0.8091,-1,-1,-1
672,48,1197.26,1036.63,51.75,43.44,0.2716,-1,-1,-1
672,116,1400.98,864.19,98.37,215.67,0.7313,-1,-1,-1
672,109,427.49,136.90,45.19,149.17,0.3933,-1,-1,-1
673,3,1716.57,451.09,84.32,214.35,0.8035,-1,-1,-1
673,91,311.12,350.05,71.70,208.63,0.8483,-1,-1,-1
673,81,1625.75,154.29,70.92,178.60,0.6079,-1,-1,-1
673,15,1106.18,1030.35,46.65,49.69,0.5026,-1,-1,-1
673,111,400.31,529.99,82.17,243.56,0.8687,-1,-1,-1
673,106,852.90,929.81,66.57,149.98,0.7462,-1,-1,-1
673,60,807.23,143.03,58.09,175.75,0.4406,-1,-1,-1
673,113,1316.82,892.28,80.33,186.07,0.7790,-1,-1,-1
673,48,1196.90,1038.26,44.90,41.81,0.4584,-1,-1,-1
673,116,1402.61,862.69,94.38,217.22,0.7095,-1,-1,-1
673,109,426.41,136.17,46.36,151.77,0.3773,-1,-1,-1
674,3,1716.06,451.10,85.71,214.63,0.8103,-1,-1,-1
674,91,311.06,351.13,71.37,209.55,0.8460,-1,-1,-1
674,81,1625.91,154.19,71.13,177.32,0.5650,-1,-1,-1
674,15,1107.80,1033.09,43.70,46.99,0.4622,-1,-1,-1
674,111,397.22,530.39,84.61,243.56,0.8654,-1,-1,-1
674,106,850.94,929.44,65.65,150.53,0.7447,-1,-1,-1
674,60,807.45,143.41,58.07,175.34,0.4172,-1,-1,-1
674,113,1312.31,889.46,81.52,188.81,0.7974,-1,-1,-1
674,48,1196.26,1039.94,43.13,40.13,0.4226,-1,-1,-1
674,116,1401.31,861.67,92.04,218.29,0.6592,-1,-1,-1
674,109,426.16,136.53,46.81,153.36,0.3594,-1,-1,-1
674,108,1561.11,606.25,110.69,220.82,0.3384,-1,-1,-1
675,3,1715.76,451.00,86.25,213.71,0.7882,-1,-1,-1
675,91,311.56,352.53,71.02,210.72,0.8351,-1,-1,-1
675,81,1625.33,153.96,71.48,177.62,0.5875,-1,-1,-1
675,15,1108.58,1036.20,42.13,43.92,0.3986,-1,-1,-1
675,111,393.55,530.31,88.17,243.25,0.8662,-1,-1,-1
675,106,850.39,930.31,63.51,149.79,0.7288,-1,-1,-1
675,60,806.92,143.63,58.66,175.56,0.4773,-1,-1,-1
675,113,1306.82,886.76,83.21,192.42,0.8459,-1,-1,-1
675,48,1196.09,1041.92,42.67,38.17,0.4238,-1,-1,-1
675,116,1395.82,860.31,101.68,219.68,0.6062,-1,-1,-1
675,109,426.99,137.54,46.67,155.41,0.3871,-1,-1,-1
675,108,1560.99,605.79,112.76,221.43,0.3593,-1,-1,-1
676,3,1716.46,451.56,85.38,212.90,0.8060,-1,-1,-1
676,91,311.79,354.42,70.21,210.36,0.8286,-1,-1,-1
676,81,1624.61,154.17,70.98,179.97,0.5865,-1,-1,-1
676,15,1109.16,1039.13,40.98,41.02,0.3321,-1,-1,-1
676,111,389.99,531.73,91.55,241.98,0.8708,-1,-1,-1
676,106,848.95,930.80,62.11,149.38,0.7052,-1,-1,-1
676,60,807.44,143.64,58.09,175.60,0.4132,-1,-1,-1
676,113,1302.66,883.67,84.48,195.45,0.8584,-1,-1,-1
676,48,1195.78,1043.59,43.65,36.53,0.4008,-1,-1,-1
676,116,1386.45,859.78,106.58,220.26,0.5830,-1,-1,-1
676,109,427.62,140.17,45.95,153.90,0.3678,-1,-1,-1
676,121,480.28,123.38,55.40,176.62,0.3742,-1,-1,-1
677,3,1716.25,451.59,85.70,213.23,0.8072,-1,-1,-1
677,91,311.48,354.95,70.90,210.27,0.8287,-1,-1,-1
677,81,1623.98,154.25,69.84,178.35,0.5498,-1,-1,-1
677,15,1109.81,1041.94,40.04,38.12,0.2504,-1,-1,-1
677,111,384.80,531.78,96.00,242.07,0.8690,-1,-1,-1
677,106,847.47,930.68,62.16,149.40,0.7161,-1,-1,-1
677,60,806.14,144.03,58.96,174.20,0.4294,-1,-1,-1
677,113,1299.66,880.47,83.64,199.24,0.8480,-1,-1,-1
677,48,1195.81,1045.24,45.30,34.79,0.3755,-1,-1,-1
677,116,1376.34,859.31,107.61,220.66,0.7657,-1,-1,-1
677,109,427.21,141.58,46.14,154.51,0.3799,-1,-1,-1
677,121,479.19,123.92,56.52,178.06,0.4135,-1,-1,-1
678,3,1716.37,451.66,85.68,213.54,0.7794,-1,-1,-1
678,91,311.59,356.03,70.59,209.95,0.8224,-1,-1,-1
678,81,1622.35,154.15,70.74,176.65,0.5353,-1,-1,-1
678,111,379.26,531.41,101.21,242.16,0.8648,-1,-1,-1
678,106,846.02,929.81,62.72,150.25,0.7262,-1,-1,-1
678,60,806.25,143.71,58.73,173.70,0.4101,-1,-1,-1
678,113,1294.50,876.95,84.78,202.99,0.8365,-1,-1,-1
678,48,1195.42,1046.44,46.95,33.58,0.3142,-1,-1,-1
678,116,1370.54,858.94,108.53,221.01,0.7533,-1,-1,-1
678,109,426.67,142.27,46.61,153.83,0.3170,-1,-1,-1
678,121,479.25,124.67,57.28,178.10,0.3978,-1,-1,-1
679,3,1716.29,451.58,85.79,213.09,0.7817,-1,-1,-1
679,91,311.79,356.44,70.18,209.86,0.8005,-1,-1,-1
679,81,1621.95,154.15,70.19,176.29,0.5782,-1,-1,-1
679,111,373.48,530.96,106.07,242.67,0.8598,-1,-1,-1
679,106,844.29,927.96,64.43,152.08,0.7696,-1,-1,-1
679,60,805.44,143.78,59.32,173.77,0.4451,-1,-1,-1
679,113,1288.95,874.07,87.71,205.96,0.8415,-1,-1,-1
679,116,1368.83,858.03,106.48,221.93,0.7475,-1,-1,-1
679,109,425.58,144.10,47.78,152.16,0.2992,-1,-1,-1
679,121,479.99,126.15,56.83,177.33,0.4285,-1,-1,-1
679,108,1560.71,600.61,112.76,227.19,0.4206,-1,-1,-1
680,3,1716.34,451.62,85.96,213.29,0.8055,-1,-1,-1
680,91,310.76,357.26,71.54,208.35,0.8050,-1,-1,-1
680,81,1621.21,154.19,69.83,174.45,0.5902,-1,-1,-1
680,111,368.07,530.64,110.16,243.50,0.8619,-1,-1,-1
680,106,843.00,927.07,65.39,152.98,0.7852,-1,-1,-1
680,60,805.09,143.48,58.72,174.43,0.4508,-1,-1,-1
680,113,1285.29,870.97,88.02,209.09,0.8530,-1,-1,-1
680,116,1367.67,857.31,102.04,222.65,0.7583,-1,-1,-1
680,121,479.26,126.92,58.21,177.48,0.3993,-1,-1,-1
680,108,1560.64,608.45,110.51,219.28,0.2749,-1,-1,-1
681,3,1717.07,451.73,85.09,213.03,0.8067,-1,-1,-1
681,91,311.07,357.48,71.31,207.45,0.7881,-1,-1,-1
681,81,1620.69,154.26,69.30,174.18,0.6243,-1,-1,-1
681,111,360.67,530.20,116.24,243.98,0.8747,-1,-1,-1
681,106,841.12,926.06,67.19,153.95,0.8006,-1,-1,-1
681,60,807.32,143.38,56.18,173.79,0.3960,-1,-1,-1
681,113,1279.63,867.87,90.78,212.16,0.8529,-1,-1,-1
681,116,1369.24,855.12,96.53,224.81,0.7943,-1,-1,-1
681,121,478.62,126.07,58.77,178.69,0.3687,-1,-1,-1
681,108,1560.07,610.44,110.86,217.15,0.3372,-1,-1,-1
681,117,238.79,234.95,54.67,164.57,0.3545,-1,-1,-1
682,3,1716.75,451.69,85.14,213.31,0.8130,-1,-1,-1
682,91,310.34,357.67,71.52,207.57,0.8009,-1,-1,-1
682,81,1620.25,154.34,69.39,175.42,0.5967,-1,-1,-1
682,111,356.93,529.76,119.86,244.95,0.8515,-1,-1,-1
682,106,838.40,924.70,69.77,155.29,0.8148,-1,-1,-1
682,60,806.60,142.96,56.37,174.62,0.3953,-1,-1,-1
682,113,1276.08,864.98,91.88,215.03,0.8539,-1,-1,-1
682,116,1370.85,851.69,91.48,228.21,0.8125,-1,-1,-1
682,121,478.16,124.93,59.73,179.88,0.3991,-1,-1,-1
682,108,1560.32,612.88,109.49,214.82,0.2827,-1,-1,-1
683,3,1716.98,452.09,84.95,212.98,0.8162,-1,-1,-1
683,91,310.10,357.73,71.24,207.44,0.8109,-1,-1,-1
683,81,1619.35,153.90,68.79,176.94,0.6085,-1,-1,-1
683,111,353.02,529.23,122.97,246.21,0.8645,-1,-1,-1
683,106,835.81,924.20,72.21,155.74,0.8114,-1,-1,-1
683,60,808.12,143.04,54.93,173.92,0.3549,-1,-1,-1
683,113,1271.72,862.95,93.54,217.00,0.8347,-1,-1,-1
683,116,1367.83,847.44,91.00,232.42,0.8247,-1,-1,-1
683,121,478.54,123.56,59.19,181.64,0.4005,-1,-1,-1
683,108,1561.65,608.75,110.29,219.02,0.3541,-1,-1,-1
684,3,1716.71,452.35,85.21,213.54,0.8051,-1,-1,-1
684,91,309.75,358.25,70.64,207.07,0.8156,-1,-1,-1
684,81,1618.61,153.69,67.96,178.13,0.6240,-1,-1,-1
684,111,351.09,528.29,123.22,247.47,0.8604,-1,-1,-1
684,106,833.32,923.55,74.50,156.46,0.8098,-1,-1,-1
684,60,806.39,142.92,56.07,174.98,0.4231,-1,-1,-1
684,113,1267.45,860.98,94.84,218.38,0.8515,-1,-1,-1
684,116,1361.38,841.53,93.27,238.39,0.8216,-1,-1,-1
684,121,481.30,131.36,56.79,176.74,0.3448,-1,-1,-1
684,108,1560.30,609.36,109.82,218.75,0.3384,-1,-1,-1
684,109,426.05,142.79,46.29,154.38,0.3695,-1,-1,-1
685,3,1716.37,451.96,85.05,213.93,0.8206,-1,-1,-1
685,91,309.67,359.53,70.08,206.84,0.8045,-1,-1,-1
685,81,1618.35,153.29,67.00,180.88,0.6447,-1,-1,-1
685,111,349.96,527.72,122.71,248.71,0.8645,-1,-1,-1
685,106,829.75,923.38,77.93,156.54,0.8171,-1,-1,-1
685,60,806.62,142.58,55.24,174.42,0.3289,-1,-1,-1
685,113,1265.80,859.15,93.02,219.55,0.8509,-1,-1,-1
685,116,1358.55,837.84,91.95,242.01,0.8466,-1,-1,-1
685,121,479.52,128.56,59.33,177.60,0.3994,-1,-1,-1
685,108,1561.21,605.14,109.72,223.15,0.3968,-1,-1,-1
685,109,426.02,145.29,46.56,152.08,0.2879,-1,-1,-1
686,3,1716.15,451.10,85.54,214.52,0.8218,-1,-1,-1
686,91,309.15,362.31,69.09,206.99,0.8033,-1,-1,-1
686,81,1617.45,151.60,67.07,181.80,0.5900,-1,-1,-1
686,111,349.80,528.37,119.91,248.40,0.8666,-1,-1,-1
686,106,828.00,922.37,79.81,157.16,0.8262,-1,-1,-1
686,60,806.37,142.36,54.98,174.17,0.3226,-1,-1,-1
686,113,1263.84,856.98,93.21,222.16,0.8594,-1,-1,-1
686,116,1356.30,834.10,91.37,245.74,0.8528,-1,-1,-1
686,121,479.32,128.36,59.13,176.78,0.3926,-1,-1,-1
686,108,1560.55,606.86,110.46,221.42,0.3874,-1,-1,-1
686,109,424.41,145.17,49.08,153.43,0.3498,-1,-1,-1
687,3,1716.18,451.01,85.85,214.16,0.8245,-1,-1,-1
687,91,309.44,365.51,67.72,207.35,0.7944,-1,-1,-1
687,81,1616.61,150.10,66.15,182.28,0.5962,-1,-1,-1
687,111,350.31,529.17,114.34,248.30,0.8635,-1,-1,-1
687,106,826.74,922.44,80.67,157.19,0.8141,-1,-1,-1
687,60,806.65,142.00,54.00,173.69,0.3078,-1,-1,-1
687,113,1262.12,855.27,90.86,224.34,0.8257,-1,-1,-1
687,116,1353.26,830.76,90.96,248.80,0.8562,-1,-1,-1
687,121,478.49,127.32,60.78,177.13,0.4498,-1,-1,-1
687,108,1559.80,603.11,112.03,225.17,0.4102,-1,-1,-1
687,109,424.35,148.00,49.14,150.84,0.4148,-1,-1,-1
688,3,1715.75,451.23,86.45,214.05,0.6616,-1,-1,-1
688,91,309.73,368.13,66.61,207.77,0.7955,-1,-1,-1
688,81,1615.15,148.10,66.35,181.28,0.6201,-1,-1,-1
688,111,351.32,529.23,109.48,248.68,0.8771,-1,-1,-1
688,106,824.56,922.71,82.57,156.88,0.8135,-1,-1,-1
688,60,805.58,141.15,54.48,173.92,0.3305,-1,-1,-1
688,113,1260.74,853.10,88.56,226.69,0.8404,-1,-1,-1
688,116,1349.12,828.50,90.70,250.35,0.8670,-1,-1,-1
688,121,479.33,126.61,60.00,177.74,0.3989,-1,-1,-1
688,108,1560.85,605.80,111.51,222.11,0.3986,-1,-1,-1
689,3,1715.72,451.16,85.95,214.58,0.8205,-1,-1,-1
689,91,310.04,369.39,65.20,207.55,0.7931,-1,-1,-1
689,81,1613.79,145.64,66.17,179.36,0.6121,-1,-1,-1
689,111,353.96,529.79,104.83,248.15,0.8826,-1,-1,-1
689,106,822.55,923.37,83.98,156.32,0.8046,-1,-1,-1
689,60,805.19,140.53,54.01,174.35,0.3068,-1,-1,-1
689,113,1258.96,850.80,86.85,229.07,0.8464,-1,-1,-1
689,116,1345.55,826.21,92.38,253.27,0.8516,-1,-1,-1
689,121,480.34,125.17,59.30,179.23,0.4292,-1,-1,-1
689,108,1559.15,600.89,113.66,226.95,0.4262,-1,-1,-1
690,3,1715.85,449.89,85.90,216.23,0.6776,-1,-1,-1
690,91,309.89,371.71,64.12,208.71,0.7815,-1,-1,-1
690,81,1612.34,144.01,66.05,178.78,0.6045,-1,-1,-1
690,111,357.10,529.77,99.42,248.95,0.8904,-1,-1,-1
690,106,821.58,924.83,85.29,154.52,0.8218,-1,-1,-1
690,60,806.18,140.25,52.32,174.02,0.2768,-1,-1,-1
690,113,1257.17,848.53,86.80,231.42,0.8123,-1,-1,-1
690,116,1341.75,823.85,92.28,255.92,0.8432,-1,-1,-1
690,121,480.28,125.38,59.29,180.08,0.4453,-1,-1,-1
691,3,1716.08,450.13,85.86,216.58,0.8239,-1,-1,-1
691,91,309.42,374.30,64.06,209.04,0.7931,-1,-1,-1
691,81,1610.76,142.30,66.25,178.55,0.6248,-1,-1,-1
691,111,362.49,531.21,92.15,248.28,0.8962,-1,-1,-1
691,106,821.88,925.64,84.79,153.21,0.8194,-1,-1,-1
691,60,804.75,140.02,53.05,173.87,0.3548,-1,-1,-1
691,113,1255.42,845.75,86.59,233.74,0.8605,-1,-1,-1
691,116,1336.57,822.25,95.70,257.63,0.8421,-1,-1,-1
691,121,479.39,126.28,60.37,181.90,0.5231,-1,-1,-1
691,108,1562.87,597.21,112.46,230.96,0.6018,-1,-1,-1
692,3,1716.27,450.83,85.83,215.54,0.8151,-1,-1,-1
692,91,308.50,374.73,64.42,211.30,0.8118,-1,-1,-1
692,81,1609.17,140.89,66.70,178.87,0.6118,-1,-1,-1
692,111,367.68,533.17,86.40,248.00,0.8868,-1,-1,-1
692,106,821.97,927.44,84.12,150.41,0.8195,-1,-1,-1
692,60,804.96,139.41,52.46,175.14,0.3701,-1,-1,-1
692,113,1254.09,842.58,85.12,236.40,0.8675,-1,-1,-1
692,116,1332.56,822.84,96.66,257.09,0.8417,-1,-1,-1
692,121,480.79,129.22,59.19,182.56,0.5484,-1,-1,-1
692,108,1562.17,598.42,114.61,229.70,0.2983,-1,-1,-1
693,3,1716.32,449.92,85.17,216.32,0.6193,-1,-1,-1
693,91,307.28,374.56,64.69,214.02,0.8060,-1,-1,-1
693,81,1607.75,139.00,66.59,178.91,0.6382,-1,-1,-1
693,111,372.69,534.30,80.53,249.02,0.8887,-1,-1,-1
693,106,822.44,928.00,83.41,149.66,0.8229,-1,-1,-1
693,60,804.46,139.52,52.58,174.77,0.3601,-1,-1,-1
693,113,1252.84,839.70,82.57,239.91,0.8849,-1,-1,-1
693,116,1329.90,821.15,95.49,258.80,0.8854,-1,-1,-1
693,121,481.52,132.20,58.11,182.67,0.5051,-1,-1,-1
693,108,1562.67,597.58,114.44,230.08,0.5062,-1,-1,-1
693,109,426.47,156.08,47.76,152.21,0.4034,-1,-1,-1
694,3,1716.13,450.02,85.48,216.83,0.8141,-1,-1,-1
694,91,305.86,374.85,65.49,215.44,0.7966,-1,-1,-1
694,81,1605.64,136.55,67.58,180.15,0.5908,-1,-1,-1
694,111,377.42,535.07,75.80,248.51,0.8923,-1,-1,-1
694,106,822.33,928.54,84.33,149.04,0.8359,-1,-1,-1
694,60,804.60,139.02,51.87,175.05,0.3027,-1,-1,-1
694,113,1251.49,836.22,80.38,243.41,0.8940,-1,-1,-1
694,116,1327.23,819.25,95.50,260.74,0.8745,-1,-1,-1
694,121,481.79,133.94,57.70,182.51,0.5040,-1,-1,-1
694,108,1562.41,596.37,114.68,230.69,0.5607,-1,-1,-1
694,109,426.88,156.01,47.29,153.39,0.4002,-1,-1,-1
695,3,1716.85,450.63,85.01,215.69,0.8045,-1,-1,-1
695,91,304.98,374.83,65.99,215.77,0.7447,-1,-1,-1
695,81,1604.84,135.39,67.69,180.25,0.5735,-1,-1,-1
695,111,380.64,535.44,72.22,248.70,0.8873,-1,-1,-1
695,106,822.14,930.10,85.07,147.87,0.8237,-1,-1,-1
695,60,803.10,138.12,51.93,176.19,0.3343,-1,-1,-1
695,113,1249.28,832.88,79.70,245.94,0.8826,-1,-1,-1
695,116,1326.19,817.48,94.48,262.52,0.8553,-1,-1,-1
695,121,481.29,136.21,58.82,181.59,0.5188,-1,-1,-1
695,108,1562.12,603.62,112.54,223.47,0.3135,-1,-1,-1
695,109,426.88,156.67,46.88,152.80,0.3742,-1,-1,-1
696,3,1717.43,451.67,85.47,214.71,0.7983,-1,-1,-1
696,91,302.92,375.00,67.91,215.51,0.7038,-1,-1,-1
696,81,1603.49,134.48,68.24,181.48,0.5665,-1,-1,-1
696,111,382.83,535.70,69.14,249.49,0.8806,-1,-1,-1
696,106,822.68,931.18,84.85,147.47,0.8180,-1,-1,-1
696,60,802.08,137.85,52.04,176.54,0.2871,-1,-1,-1
696,113,1245.69,830.36,80.28,248.03,0.8766,-1,-1,-1
696,116,1324.75,815.05,93.60,264.95,0.8611,-1,-1,-1
696,121,482.34,145.31,56.02,176.38,0.4068,-1,-1,-1
696,108,1562.13,608.24,110.25,218.42,0.2868,-1,-1,-1
696,109,426.41,158.16,47.12,150.59,0.3837,-1,-1,-1
697,3,1717.08,452.28,86.30,214.51,0.7606,-1,-1,-1
697,91,300.07,375.66,70.48,215.28,0.7155,-1,-1,-1
697,81,1601.25,133.86,69.43,181.79,0.5426,-1,-1,-1
697,111,384.00,536.61,67.62,249.11,0.8762,-1,-1,-1
697,106,823.80,932.46,84.11,146.60,0.8288,-1,-1,-1
697,60,801.13,137.19,52.19,177.80,0.3113,-1,-1,-1
697,113,1242.49,828.61,80.80,249.82,0.8708,-1,-1,-1
697,116,1321.63,812.60,94.34,267.41,0.8783,-1,-1,-1
697,121,481.72,149.13,55.84,174.86,0.3530,-1,-1,-1
697,108,1562.94,604.67,111.30,221.69,0.3029,-1,-1,-1
697,109,425.70,159.47,48.21,149.32,0.4288,-1,-1,-1
697,124,481.22,145.45,58.15,173.68,0.3975,-1,-1,-1
698,3,1717.65,451.51,84.91,214.52,0.8147,-1,-1,-1
698,91,298.79,376.22,71.85,214.69,0.7076,-1,-1,-1
698,81,1600.65,133.22,69.18,181.69,0.4974,-1,-1,-1
698,111,385.13,537.41,66.64,248.13,0.8742,-1,-1,-1
698,106,825.32,932.05,82.95,147.37,0.8408,-1,-1,-1
698,60,801.03,137.35,51.81,177.43,0.3215,-1,-1,-1
698,113,1239.21,825.82,81.99,252.92,0.8729,-1,-1,-1
698,116,1318.40,809.44,94.81,270.55,0.8707,-1,-1,-1
698,121,481.27,151.39,55.40,173.35,0.4154,-1,-1,-1
698,108,1562.07,600.62,115.34,226.08,0.3497,-1,-1,-1
698,109,424.92,158.88,49.47,150.29,0.4031,-1,-1,-1
698,124,480.81,146.69,57.89,172.70,0.3197,-1,-1,-1
699,3,1718.15,450.88,83.53,215.15,0.8058,-1,-1,-1
699,91,297.81,376.34,72.79,213.69,0.7446,-1,-1,-1
699,81,1599.70,133.34,69.34,181.92,0.4368,-1,-1,-1
699,111,385.85,537.82,64.75,247.22,0.8682,-1,-1,-1
699,106,826.27,932.43,82.73,147.08,0.8449,-1,-1,-1
699,60,801.07,136.41,51.45,178.56,0.2867,-1,-1,-1
699,113,1235.65,822.64,83.58,255.34,0.8495,-1,-1,-1
699,116,1315.52,805.88,93.80,273.88,0.4126,-1,-1,-1
699,121,480.36,149.85,58.21,171.79,0.4206,-1,-1,-1
699,108,1563.47,597.77,115.01,229.11,0.3259,-1,-1,-1
699,109,424.43,158.28,50.14,150.99,0.4107,-1,-1,-1
699,124,480.00,147.84,59.30,171.52,0.4206,-1,-1,-1
700,3,1718.16,451.02,83.21,214.19,0.8062,-1,-1,-1
700,91,296.46,376.68,73.45,212.77,0.7414,-1,-1,-1
700,81,1598.39,133.38,70.31,181.42,0.3962,-1,-1,-1
700,111,386.33,538.90,63.79,246.43,0.8748,-1,-1,-1
700,106,827.84,932.85,82.14,146.82,0.8426,-1,-1,-1
700,60,799.38,135.94,53.04,179.89,0.2975,-1,-1,-1
700,113,1232.82,820.62,84.93,255.33,0.8323,-1,-1,-1
700,116,1313.36,802.59,91.59,273.95,0.8581,-1,-1,-1
700,121,480.18,148.74,59.06,171.92,0.3887,-1,-1,-1
700,108,1563.37,601.74,112.52,224.89,0.3537,-1,-1,-1
700,109,425.50,158.37,48.82,150.58,0.4140,-1,-1,-1
700,124,479.96,147.66,59.55,171.96,0.3887,-1,-1,-1
701,3,1717.62,450.76,84.15,215.22,0.8146,-1,-1,-1
701,91,295.48,377.24,74.45,211.31,0.7502,-1,-1,-1
701,81,1597.37,134.39,71.31,180.85,0.3843,-1,-1,-1
701,111,386.53,539.36,62.58,245.25,0.8580,-1,-1,-1
701,106,828.89,932.61,83.81,146.81,0.8444,-1,-1,-1
701,60,799.14,136.48,53.14,178.81,0.3019,-1,-1,-1
701,113,1228.39,818.30,88.67,258.01,0.8450,-1,-1,-1
701,116,1311.82,798.77,91.92,273.93,0.4521,-1,-1,-1
701,121,480.47,148.61,58.66,171.25,0.4195,-1,-1,-1
701,108,1562.38,603.95,114.00,222.38,0.3079,-1,-1,-1
701,109,427.62,158.41,46.28,150.53,0.4326,-1,-1,-1
701,124,480.37,147.94,58.80,171.33,0.4195,-1,-1,-1
702,3,1717.62,451.12,85.27,215.44,0.7505,-1,-1,-1
702,91,295.05,377.30,74.88,211.11,0.7798,-1,-1,-1
702,81,1597.60,134.64,70.51,180.59,0.4164,-1,-1,-1
702,111,387.08,540.05,60.50,244.01,0.8516,-1,-1,-1
702,106,831.23,933.34,82.93,146.18,0.8461,-1,-1,-1
702,60,797.94,136.93,54.05,177.94,0.3537,-1,-1,-1
702,113,1222.41,815.97,92.62,259.04,0.8412,-1,-1,-1
702,116,1310.09,793.74,92.14,266.89,0.8576,-1,-1,-1
702,121,481.15,148.59,57.54,170.57,0.4230,-1,-1,-1
702,108,1562.36,607.05,112.25,219.15,0.3213,-1,-1,-1
702,109,427.73,158.05,45.97,150.61,0.3743,-1,-1,-1
702,124,481.12,148.09,57.50,170.65,0.4230,-1,-1,-1
703,3,1717.73,451.51,85.48,216.17,0.8146,-1,-1,-1
703,91,294.43,377.81,75.65,212.23,0.7802,-1,-1,-1
703,81,1597.30,133.95,70.26,182.64,0.4668,-1,-1,-1
703,111,388.00,540.68,58.57,243.36,0.8482,-1,-1,-1
703,106,833.28,933.96,82.73,145.45,0.8504,-1,-1,-1
703,60,797.91,137.33,53.92,176.95,0.3380,-1,-1,-1
703,113,1219.27,814.24,92.92,260.30,0.8541,-1,-1,-1
703,116,1308.29,789.16,92.60,263.90,0.8691,-1,-1,-1
703,121,482.10,148.06,55.90,173.84,0.3727,-1,-1,-1
703,108,1561.63,608.68,112.18,217.43,0.3574,-1,-1,-1
703,109,427.58,157.60,45.62,151.52,0.4356,-1,-1,-1
703,124,480.93,147.51,57.46,170.23,0.4361,-1,-1,-1
704,3,1717.45,451.44,86.37,214.88,0.8171,-1,-1,-1
704,91,293.75,379.27,76.39,213.85,0.7859,-1,-1,-1
704,81,1597.63,132.80,69.40,185.13,0.5234,-1,-1,-1
704,111,388.50,541.06,58.40,244.33,0.8409,-1,-1,-1
704,106,835.22,934.22,83.61,145.17,0.8561,-1,-1,-1
704,60,799.44,137.99,50.01,174.74,0.3513,-1,-1,-1
704,113,1218.26,812.31,90.82,262.46,0.8553,-1,-1,-1
704,116,1308.32,785.71,91.17,264.57,0.8689,-1,-1,-1
704,121,481.37,148.18,56.66,174.40,0.3511,-1,-1,-1
704,108,1561.06,607.08,112.80,219.53,0.3333,-1,-1,-1
704,109,427.81,158.45,46.04,152.78,0.4677,-1,-1,-1
704,124,480.18,147.67,58.39,169.85,0.4181,-1,-1,-1
705,3,1718.07,452.21,85.71,213.22,0.8324,-1,-1,-1
705,91,294.33,380.49,75.92,217.84,0.7910,-1,-1,-1
705,81,1599.12,131.33,68.57,187.44,0.5697,-1,-1,-1
705,111,389.65,540.92,58.05,245.30,0.8473,-1,-1,-1
705,106,837.66,934.36,83.53,145.19,0.8568,-1,-1,-1
705,60,797.11,137.41,53.93,175.02,0.3397,-1,-1,-1
705,113,1217.65,810.37,88.26,265.43,0.8676,-1,-1,-1
705,116,1309.43,783.56,88.25,266.62,0.8593,-1,-1,-1
705,121,479.67,148.93,59.59,171.46,0.5036,-1,-1,-1
705,108,1562.02,599.91,113.44,224.66,0.6385,-1,-1,-1
705,109,427.85,158.77,45.81,154.71,0.4228,-1,-1,-1
705,124,479.18,148.57,60.26,169.80,0.5036,-1,-1,-1
706,3,1717.85,452.35,85.73,213.51,0.7979,-1,-1,-1
706,91,293.16,383.79,77.22,218.92,0.7955,-1,-1,-1
706,81,1599.95,130.00,67.39,188.48,0.5869,-1,-1,-1
706,111,390.15,541.06,58.48,244.58,0.8474,-1,-1,-1
706,106,839.40,933.95,83.37,145.91,0.8590,-1,-1,-1
706,60,795.87,138.13,55.17,174.51,0.3283,-1,-1,-1
706,113,1215.64,807.37,87.67,269.32,0.8703,-1,-1,-1
706,116,1308.45,782.08,86.08,267.63,0.8635,-1,-1,-1
706,121,480.13,150.64,58.12,172.18,0.3320,-1,-1,-1
706,109,427.26,159.39,45.95,157.22,0.4245,-1,-1,-1
706,124,479.30,149.81,59.48,168.82,0.2801,-1,-1,-1
707,3,1718.33,452.86,85.17,213.09,0.5109,-1,-1,-1
707,91,293.27,388.13,76.10,216.35,0.8103,-1,-1,-1
707,81,1600.43,128.95,66.76,186.50,0.6080,-1,-1,-1
707,111,390.27,541.53,58.59,244.57,0.8616,-1,-1,-1
707,106,841.52,934.32,83.71,145.66,0.8580,-1,-1,-1
707,60,794.54,137.75,55.70,174.95,0.3578,-1,-1,-1
707,113,1213.98,805.39,85.49,265.38,0.7156,-1,-1,-1
707,116,1306.30,781.11,85.45,268.44,0.8633,-1,-1,-1
707,121,480.67,151.24,57.61,171.82,0.2620,-1,-1,-1
707,109,426.78,159.23,46.07,160.27,0.4328,-1,-1,-1
707,124,479.37,150.29,59.37,169.31,0.3096,-1,-1,-1
707,108,1563.54,596.34,114.62,229.33,0.5745,-1,-1,-1
708,3,1718.04,452.82,85.31,213.30,0.8208,-1,-1,-1
708,91,293.58,391.11,74.80,214.64,0.8031,-1,-1,-1
708,81,1600.71,127.95,66.11,181.68,0.5964,-1,-1,-1
708,111,391.30,542.00,57.59,245.04,0.8536,-1,-1,-1
708,106,842.78,934.51,84.63,145.50,0.8578,-1,-1,-1
708,60,793.64,138.21,56.30,174.87,0.3465,-1,-1,-1
708,113,1211.49,802.52,85.34,264.53,0.8342,-1,-1,-1
708,116,1303.40,779.92,86.13,268.39,0.8638,-1,-1,-1
708,121,480.70,151.72,56.91,170.51,0.2938,-1,-1,-1
708,109,426.76,158.70,46.27,163.18,0.4106,-1,-1,-1
709,3,1718.28,451.96,85.29,213.66,0.8150,-1,-1,-1
709,91,294.93,392.77,73.03,214.44,0.6848,-1,-1,-1
709,81,1601.10,126.51,66.02,178.76,0.6230,-1,-1,-1
709,111,392.15,542.55,57.89,244.01,0.8583,-1,-1,-1
709,106,843.89,934.76,85.41,145.35,0.8583,-1,-1,-1
709,60,793.43,138.27,56.06,175.21,0.3659,-1,-1,-1
709,113,1208.46,799.71,85.09,262.00,0.8528,-1,-1,-1
709,116,1297.99,779.93,90.22,266.26,0.8638,-1,-1,-1
709,121,480.07,154.10,57.56,168.74,0.3486,-1,-1,-1
709,109,426.94,157.14,46.70,166.21,0.4109,-1,-1,-1
709,108,1562.94,593.50,115.53,232.84,0.5569,-1,-1,-1
710,3,1718.81,452.14,85.11,213.62,0.8109,-1,-1,-1
710,91,296.02,394.19,71.64,215.19,0.7807,-1,-1,-1
710,81,1601.37,125.42,65.85,178.00,0.6352,-1,-1,-1
710,111,392.52,542.66,59.45,242.33,0.8506,-1,-1,-1
710,106,845.03,935.62,85.10,144.50,0.8483,-1,-1,-1
710,113,1205.87,796.71,84.52,260.70,0.8051,-1,-1,-1
710,116,1290.01,779.62,95.95,266.54,0.8606,-1,-1,-1
710,121,480.09,157.01,57.37,167.95,0.3723,-1,-1,-1
710,109,426.55,159.12,45.62,165.51,0.4257,-1,-1,-1
711,3,1718.83,452.48,85.28,213.45,0.7956,-1,-1,-1
711,91,296.40,394.55,70.58,218.29,0.8134,-1,-1,-1
711,81,1601.32,123.33,66.12,177.03,0.6421,-1,-1,-1
711,111,392.48,543.11,62.32,241.17,0.8519,-1,-1,-1
711,106,845.90,934.98,85.03,145.06,0.8572,-1,-1,-1
711,113,1202.23,794.85,85.04,259.57,0.8327,-1,-1,-1
711,116,1279.88,779.00,103.21,266.85,0.8435,-1,-1,-1
711,121,479.71,157.06,57.70,170.53,0.3519,-1,-1,-1
711,109,426.21,162.64,44.04,163.22,0.3448,-1,-1,-1
711,108,1564.07,600.49,110.78,226.10,0.3614,-1,-1,-1
712,3,1718.28,451.79,86.29,215.58,0.8002,-1,-1,-1
712,91,297.34,395.73,70.36,219.05,0.7530,-1,-1,-1
712,81,1601.31,122.42,65.95,176.94,0.6480,-1,-1,-1
712,111,392.83,543.49,64.42,240.54,0.8427,-1,-1,-1
712,106,847.40,934.87,84.54,145.20,0.8510,-1,-1,-1
712,113,1199.25,792.86,83.75,257.31,0.8852,-1,-1,-1
712,116,1275.68,778.21,104.38,267.20,0.7551,-1,-1,-1
712,121,479.37,156.52,57.55,173.53,0.4077,-1,-1,-1
712,109,424.61,167.15,45.08,159.66,0.3185,-1,-1,-1
712,108,1564.26,597.66,112.29,228.80,0.4546,-1,-1,-1
713,3,1718.53,451.84,85.62,214.69,0.7873,-1,-1,-1
713,91,297.90,397.29,70.96,218.76,0.6465,-1,-1,-1
713,81,1601.35,121.79,64.38,177.36,0.6615,-1,-1,-1
713,111,393.32,543.74,68.24,239.29,0.8219,-1,-1,-1
713,106,849.06,934.66,83.97,145.44,0.8511,-1,-1,-1
713,113,1194.80,790.71,85.11,258.92,0.8761,-1,-1,-1
713,116,1273.83,778.61,102.20,264.50,0.8386,-1,-1,-1
713,121,479.09,159.48,58.20,172.84,0.3416,-1,-1,-1
713,109,423.25,168.88,47.08,158.12,0.3744,-1,-1,-1
713,108,1567.84,598.68,109.05,225.93,0.6662,-1,-1,-1
714,3,1718.33,450.57,85.29,215.05,0.2922,-1,-1,-1
714,91,297.53,398.72,72.70,218.58,0.7516,-1,-1,-1
714,81,1601.12,121.40,63.76,177.83,0.5963,-1,-1,-1
714,111,392.90,543.96,72.64,238.90,0.8330,-1,-1,-1
714,106,851.58,934.73,82.48,145.32,0.8472,-1,-1,-1
714,113,1191.21,788.46,86.49,261.56,0.8809,-1,-1,-1
714,116,1272.04,776.94,99.84,260.38,0.8213,-1,-1,-1
714,121,477.73,158.27,58.29,176.23,0.5656,-1,-1,-1
714,109,422.65,170.39,48.66,156.80,0.2807,-1,-1,-1
714,108,1571.03,597.98,105.19,226.02,0.6812,-1,-1,-1
714,117,263.71,209.19,51.11,179.08,0.3409,-1,-1,-1
715,3,1718.02,450.51,84.72,215.13,0.7609,-1,-1,-1
715,91,298.13,399.59,72.23,217.25,0.6472,-1,-1,-1
715,81,1599.90,120.84,65.13,179.48,0.6031,-1,-1,-1
715,111,392.32,544.48,78.27,240.01,0.8013,-1,-1,-1
715,106,852.89,935.06,81.27,144.96,0.8486,-1,-1,-1
715,113,1189.54,786.06,84.90,263.16,0.8908,-1,-1,-1
715,116,1271.60,773.13,95.47,257.44,0.8690,-1,-1,-1
715,121,477.52,158.51,57.97,178.25,0.5568,-1,-1,-1
715,109,423.15,171.46,47.17,155.20,0.2604,-1,-1,-1
715,108,1572.65,598.25,103.87,225.93,0.6723,-1,-1,-1
715,117,264.00,207.77,51.38,178.34,0.3171,-1,-1,-1
716,3,1717.36,450.65,85.09,214.41,0.7493,-1,-1,-1
716,91,298.13,400.16,72.36,216.87,0.6364,-1,-1,-1
716,81,1599.26,120.20,65.03,181.66,0.5628,-1,-1,-1
716,111,392.14,545.70,83.10,239.78,0.8168,-1,-1,-1
716,106,853.75,935.53,80.82,144.51,0.8362,-1,-1,-1
716,113,1187.55,784.76,84.35,264.11,0.8777,-1,-1,-1
716,116,1270.83,769.17,92.16,256.19,0.8699,-1,-1,-1
716,121,476.27,157.50,58.89,180.73,0.5194,-1,-1,-1
716,108,1572.83,599.18,103.27,224.71,0.5677,-1,-1,-1
716,117,264.60,207.69,50.82,179.14,0.3204,-1,-1,-1
716,60,790.05,140.88,50.14,171.91,0.3546,-1,-1,-1
717,3,1718.48,451.17,85.09,214.27,0.7600,-1,-1,-1
717,91,298.87,401.46,72.77,215.76,0.7695,-1,-1,-1
717,81,1598.15,119.90,65.57,182.29,0.5024,-1,-1,-1
717,111,391.65,545.96,87.03,240.03,0.8126,-1,-1,-1
717,106,854.81,935.74,79.66,144.29,0.8449,-1,-1,-1
717,113,1185.32,783.56,84.68,264.12,0.8694,-1,-1,-1
717,116,1269.16,764.59,90.90,257.59,0.8575,-1,-1,-1
717,121,475.20,157.54,59.54,181.08,0.5011,-1,-1,-1
717,108,1571.94,599.05,105.17,225.42,0.6147,-1,-1,-1
717,117,264.92,205.99,51.75,178.89,0.2647,-1,-1,-1
717,60,789.42,140.92,49.93,171.43,0.3979,-1,-1,-1
718,3,1719.02,450.59,84.98,214.89,0.7887,-1,-1,-1
718,91,299.18,402.40,72.63,214.16,0.7801,-1,-1,-1
718,81,1597.48,119.70,65.25,183.39,0.4728,-1,-1,-1
718,111,391.55,546.29,88.91,240.70,0.8190,-1,-1,-1
718,106,854.62,935.94,79.94,144.08,0.8395,-1,-1,-1
718,113,1183.42,782.72,84.21,264.15,0.8572,-1,-1,-1
718,116,1266.93,760.67,88.63,255.26,0.8367,-1,-1,-1
718,121,473.67,158.21,60.49,181.22,0.4881,-1,-1,-1
718,108,1571.88,599.69,105.17,224.47,0.6376,-1,-1,-1
718,60,788.37,141.89,50.06,169.35,0.4517,-1,-1,-1
719,3,1718.46,450.22,84.59,214.90,0.3068,-1,-1,-1
719,91,299.20,402.88,73.08,213.28,0.7808,-1,-1,-1
719,81,1597.24,119.24,64.29,183.15,0.2811,-1,-1,-1
719,111,391.30,546.73,90.80,241.41,0.8096,-1,-1,-1
719,106,854.17,936.33,80.17,143.67,0.8476,-1,-1,-1
719,113,1182.23,782.34,83.15,263.27,0.8520,-1,-1,-1
719,116,1265.22,755.93,87.09,257.02,0.8270,-1,-1,-1
719,121,474.28,159.51,59.46,180.48,0.4592,-1,-1,-1
719,108,1571.05,597.53,105.63,228.48,0.6178,-1,-1,-1
719,60,789.01,142.41,48.49,168.84,0.3408,-1,-1,-1
719,109,421.37,158.85,48.21,168.58,0.3424,-1,-1,-1
720,3,1718.85,451.19,84.52,214.42,0.7999,-1,-1,-1
720,91,299.27,404.74,73.55,210.89,0.8070,-1,-1,-1
720,111,391.52,547.55,91.30,241.16,0.8127,-1,-1,-1
720,106,853.29,937.65,80.71,142.39,0.8473,-1,-1,-1
720,113,1180.50,781.10,82.73,264.08,0.8575,-1,-1,-1
720,116,1263.46,751.76,85.64,260.00,0.8356,-1,-1,-1
720,121,474.31,158.66,58.93,181.30,0.4648,-1,-1,-1
720,108,1569.14,597.08,106.83,229.61,0.5961,-1,-1,-1
720,60,788.45,142.15,48.47,169.43,0.3372,-1,-1,-1
720,109,421.55,160.25,48.06,167.27,0.3794,-1,-1,-1
721,3,1719.17,451.12,85.25,215.14,0.5930,-1,-1,-1
721,91,299.30,406.65,74.20,211.58,0.8185,-1,-1,-1
721,111,392.52,548.47,93.85,241.92,0.7921,-1,-1,-1
721,106,852.77,938.19,81.12,141.85,0.8498,-1,-1,-1
721,113,1178.59,779.36,81.43,264.95,0.8603,-1,-1,-1
721,116,1261.86,748.94,84.70,263.81,0.8255,-1,-1,-1
721,121,474.30,158.18,59.62,181.22,0.5174,-1,-1,-1
721,108,1569.28,597.76,106.22,227.54,0.5663,-1,-1,-1
721,109,419.16,156.27,54.08,174.20,0.3498,-1,-1,-1
722,3,1718.85,451.98,85.90,213.92,0.8051,-1,-1,-1
722,91,299.10,408.12,74.50,214.06,0.8268,-1,-1,-1
722,111,393.86,549.65,95.09,241.72,0.8206,-1,-1,-1
722,106,851.80,938.66,81.81,141.34,0.8516,-1,-1,-1
722,113,1177.07,774.98,79.35,268.46,0.8821,-1,-1,-1
722,116,1257.27,746.87,86.95,264.56,0.8587,-1,-1,-1
722,121,473.18,158.68,60.31,179.69,0.4877,-1,-1,-1
722,108,1569.35,596.21,106.94,228.66,0.5841,-1,-1,-1
722,109,418.82,155.51,56.77,176.22,0.3702,-1,-1,-1
722,134,420.88,157.86,50.16,170.96,0.3884,-1,-1,-1
723,3,1719.05,451.48,85.14,214.98,0.8103,-1,-1,-1
723,91,298.91,409.26,74.82,217.25,0.8388,-1,-1,-1
723,111,395.15,550.20,95.19,242.10,0.8276,-1,-1,-1
723,106,851.53,938.79,81.20,141.21,0.8485,-1,-1,-1
723,113,1175.78,770.71,77.72,264.07,0.8544,-1,-1,-1
723,116,1254.02,745.00,87.85,268.51,0.8506,-1,-1,-1
723,121,473.17,161.01,60.61,176.87,0.5226,-1,-1,-1
723,109,418.05,158.57,57.50,174.81,0.4750,-1,-1,-1
723,134,420.37,161.05,50.75,169.45,0.4611,-1,-1,-1
724,3,1719.40,450.63,84.46,215.61,0.5889,-1,-1,-1
724,91,298.77,410.90,74.69,219.24,0.8455,-1,-1,-1
724,111,396.84,550.56,93.93,242.90,0.8317,-1,-1,-1
724,106,850.15,939.20,81.74,140.80,0.8553,-1,-1,-1
724,113,1174.39,767.52,75.21,253.85,0.8582,-1,-1,-1
724,116,1249.72,743.54,87.32,270.00,0.8478,-1,-1,-1
724,121,471.91,161.78,61.64,176.30,0.5144,-1,-1,-1
724,109,417.20,161.38,57.27,175.87,0.4884,-1,-1,-1
724,134,419.19,164.27,51.15,171.96,0.3983,-1,-1,-1
725,3,1719.06,451.57,85.14,214.86,0.7891,-1,-1,-1
725,91,299.09,413.27,74.61,218.99,0.8373,-1,-1,-1
725,111,399.80,551.30,92.54,243.01,0.8175,-1,-1,-1
725,106,848.89,940.86,82.00,139.14,0.8426,-1,-1,-1
725,113,1172.29,763.97,74.79,251.55,0.8450,-1,-1,-1
725,116,1245.04,742.44,89.13,270.68,0.8456,-1,-1,-1
725,121,470.51,163.60,63.64,176.15,0.5244,-1,-1,-1
725,109,419.19,167.97,51.62,169.12,0.3495,-1,-1,-1
725,134,417.91,164.70,53.46,174.64,0.4065,-1,-1,-1
726,3,1719.19,452.08,84.92,214.61,0.6279,-1,-1,-1
726,91,299.07,415.20,74.23,218.65,0.8422,-1,-1,-1
726,111,402.35,551.67,90.92,243.34,0.8183,-1,-1,-1
726,106,847.07,942.07,83.14,137.93,0.8453,-1,-1,-1
726,113,1170.51,760.34,75.26,249.53,0.8645,-1,-1,-1
726,116,1241.69,741.63,89.68,271.54,0.4120,-1,-1,-1
726,121,471.17,165.23,62.42,177.57,0.5415,-1,-1,-1
726,109,419.39,172.30,50.40,166.67,0.4797,-1,-1,-1
726,134,417.61,166.32,54.71,175.54,0.4831,-1,-1,-1
727,3,1719.75,451.93,84.07,214.21,0.7822,-1,-1,-1
727,91,299.37,417.78,73.99,217.64,0.8538,-1,-1,-1
727,111,403.37,551.92,91.25,244.81,0.8324,-1,-1,-1
727,106,845.61,942.85,83.56,137.12,0.8514,-1,-1,-1
727,113,1167.57,756.70,76.63,244.81,0.8604,-1,-1,-1
727,116,1239.24,740.65,90.93,271.29,0.3796,-1,-1,-1
727,121,472.08,166.85,60.90,179.18,0.5355,-1,-1,-1
727,109,418.10,171.96,54.69,171.32,0.5467,-1,-1,-1
727,134,418.25,174.97,52.38,167.28,0.5086,-1,-1,-1
727,136,1240.30,741.05,91.28,271.90,0.8455,-1,-1,-1
728,3,1719.52,452.29,84.33,213.19,0.7538,-1,-1,-1
728,91,298.66,418.76,74.63,220.18,0.8440,-1,-1,-1
728,111,404.99,551.64,90.17,245.54,0.7413,-1,-1,-1
728,106,843.86,942.65,84.28,137.31,0.8557,-1,-1,-1
728,113,1163.58,753.94,78.71,247.81,0.8685,-1,-1,-1
728,116,1237.37,740.57,91.29,269.85,0.7842,-1,-1,-1
728,121,472.07,165.51,60.11,183.47,0.5565,-1,-1,-1
728,109,418.62,178.11,52.99,165.65,0.5061,-1,-1,-1
728,134,418.36,174.44,55.40,171.50,0.4870,-1,-1,-1
728,136,1238.52,741.48,91.39,269.45,0.7842,-1,-1,-1
729,3,1719.13,451.60,84.91,214.23,0.7592,-1,-1,-1
729,91,298.56,419.92,73.80,221.47,0.8408,-1,-1,-1
729,111,405.80,551.84,88.76,244.70,0.6474,-1,-1,-1
729,106,842.07,943.84,85.39,136.16,0.8593,-1,-1,-1
729,113,1161.06,751.25,78.84,253.59,0.7493,-1,-1,-1
729,116,1235.29,740.03,91.62,267.25,0.8602,-1,-1,-1
729,121,471.67,166.69,60.22,183.70,0.5746,-1,-1,-1
729,109,419.40,182.78,50.56,159.48,0.4602,-1,-1,-1
729,134,419.28,181.98,51.54,161.27,0.4602,-1,-1,-1
729,136,1236.16,740.93,91.65,266.22,0.8602,-1,-1,-1
729,108,1565.65,594.54,112.40,232.12,0.5860,-1,-1,-1
730,3,1719.14,451.88,85.53,214.13,0.7960,-1,-1,-1
730,91,298.39,420.81,73.24,222.54,0.8279,-1,-1,-1
730,111,407.95,551.53,87.50,245.11,0.8340,-1,-1,-1
730,106,840.25,944.08,86.36,135.92,0.8549,-1,-1,-1
730,113,1157.90,750.33,78.94,256.10,0.8380,-1,-1,-1
730,116,1232.19,739.27,92.12,266.81,0.8470,-1,-1,-1
730,121,469.08,166.26,62.04,185.80,0.5259,-1,-1,-1
730,109,418.18,185.66,51.18,156.93,0.5094,-1,-1,-1
730,134,418.11,185.89,51.54,157.15,0.5094,-1,-1,-1
730,136,1232.71,740.03,92.17,265.95,0.8470,-1,-1,-1
730,108,1566.54,594.35,110.99,232.53,0.5814,-1,-1,-1
731,3,1719.38,452.30,85.15,213.75,0.6848,-1,-1,-1
731,91,297.88,421.22,72.92,221.97,0.7959,-1,-1,-1
731,111,410.05,551.42,86.62,245.29,0.8450,-1,-1,-1
731,106,838.42,944.10,86.98,135.90,0.8578,-1,-1,-1
731,113,1155.20,749.27,78.32,257.05,0.8675,-1,-1,-1
731,116,1230.34,737.51,90.67,268.69,0.8761,-1,-1,-1
731,121,468.32,166.68,62.38,186.63,0.5263,-1,-1,-1
731,109,417.59,187.72,50.60,154.73,0.5583,-1,-1,-1
731,134,417.54,188.24,50.72,154.44,0.5583,-1,-1,-1
731,136,1230.80,738.05,90.53,268.22,0.8761,-1,-1,-1
731,108,1567.03,595.73,110.04,229.21,0.5628,-1,-1,-1
732,3,1718.37,452.16,86.30,214.26,0.6840,-1,-1,-1
732,91,297.38,421.53,73.37,221.69,0.7684,-1,-1,-1
732,111,413.25,551.22,85.24,246.06,0.8512,-1,-1,-1
732,106,837.85,944.65,86.18,135.33,0.8578,-1,-1,-1
732,113,1152.62,748.06,78.48,259.06,0.8707,-1,-1,-1
732,116,1228.96,735.37,89.98,268.32,0.8840,-1,-1,-1
732,121,467.06,167.25,64.13,187.34,0.5512,-1,-1,-1
732,109,417.73,187.94,49.45,154.16,0.5482,-1,-1,-1
732,134,417.70,188.46,49.46,153.76,0.5482,-1,-1,-1
732,136,1229.40,735.76,89.82,267.89,0.8840,-1,-1,-1
732,108,1567.23,595.91,109.73,228.71,0.4133,-1,-1,-1
733,3,1717.73,450.95,86.30,215.04,0.5426,-1,-1,-1
733,91,296.62,422.09,73.76,220.89,0.7472,-1,-1,-1
733,111,415.62,551.15,84.06,246.32,0.8462,-1,-1,-1
733,106,836.39,944.80,86.50,135.18,0.8439,-1,-1,-1
733,113,1150.58,746.44,78.55,262.32,0.8688,-1,-1,-1
733,116,1227.40,731.63,87.36,260.75,0.8685,-1,-1,-1
733,121,468.71,167.61,62.81,187.96,0.4885,-1,-1,-1
733,109,418.13,188.46,48.42,153.32,0.5966,-1,-1,-1
733,134,418.12,188.94,48.40,152.92,0.5966,-1,-1,-1
733,136,1227.80,731.84,87.10,260.02,0.8685,-1,-1,-1
733,108,1566.98,594.30,110.39,229.93,0.4724,-1,-1,-1
734,3,1717.55,450.61,86.04,216.82,0.7980,-1,-1,-1
734,91,296.09,422.66,74.08,219.83,0.7161,-1,-1,-1
734,111,419.97,551.56,81.45,246.23,0.8574,-1,-1,-1
734,106,835.52,944.93,86.53,135.02,0.8496,-1,-1,-1
734,113,1147.66,745.64,79.60,263.65,0.8720,-1,-1,-1
734,116,1226.53,727.16,84.33,253.37,0.8662,-1,-1,-1
734,121,469.52,167.42,62.06,188.28,0.4413,-1,-1,-1
734,109,419.20,186.55,47.37,154.69,0.5017,-1,-1,-1
734,134,419.21,186.95,47.33,154.35,0.5017,-1,-1,-1
734,136,1226.92,727.24,84.02,252.52,0.8662,-1,-1,-1
734,108,1564.41,599.87,109.98,226.00,0.3766,-1,-1,-1
735,3,1718.60,450.76,85.12,215.20,0.7761,-1,-1,-1
735,91,295.40,423.74,74.14,218.13,0.6811,-1,-1,-1
735,111,424.88,552.21,78.47,245.73,0.8565,-1,-1,-1
735,106,834.26,945.21,87.18,134.77,0.8441,-1,-1,-1
735,113,1143.96,743.87,81.58,266.17,0.8478,-1,-1,-1
735,116,1222.42,722.84,85.65,247.39,0.5946,-1,-1,-1
735,121,469.54,168.53,62.20,187.70,0.4364,-1,-1,-1
735,109,419.62,187.23,46.46,153.82,0.5128,-1,-1,-1
735,134,419.62,187.58,46.42,153.52,0.5128,-1,-1,-1
735,136,1222.67,722.84,85.46,246.57,0.5946,-1,-1,-1
735,108,1568.31,596.06,107.70,230.67,0.4536,-1,-1,-1
736,3,1718.79,451.24,85.42,213.83,0.5856,-1,-1,-1
736,91,294.91,424.68,74.36,217.13,0.6165,-1,-1,-1
736,111,431.64,552.32,73.54,246.68,0.8800,-1,-1,-1
736,106,833.40,945.24,87.78,134.78,0.8415,-1,-1,-1
736,113,1142.10,741.54,82.93,264.77,0.8506,-1,-1,-1
736,116,1219.71,717.43,85.85,247.26,0.8713,-1,-1,-1
736,121,470.74,167.88,61.37,188.50,0.4565,-1,-1,-1
736,109,419.35,187.79,46.71,153.32,0.4963,-1,-1,-1
736,134,419.35,188.09,46.68,153.05,0.4963,-1,-1,-1
736,136,1219.92,717.36,85.70,246.63,0.8713,-1,-1,-1
736,108,1569.02,596.14,107.42,229.00,0.6052,-1,-1,-1
737,3,1718.87,450.31,85.02,214.22,0.7078,-1,-1,-1
737,91,295.03,425.90,73.72,215.19,0.7275,-1,-1,-1
737,111,436.74,553.01,70.67,246.28,0.8786,-1,-1,-1
737,106,833.56,946.24,87.24,133.82,0.8470,-1,-1,-1
737,113,1139.56,739.32,84.13,264.29,0.8372,-1,-1,-1
737,116,1219.47,712.73,83.94,251.37,0.8645,-1,-1,-1
737,121,471.25,167.25,60.74,188.94,0.4231,-1,-1,-1
737,109,419.28,188.76,46.95,152.85,0.5028,-1,-1,-1
737,134,419.28,189.02,46.93,152.61,0.5028,-1,-1,-1
737,136,1219.69,712.65,83.78,250.93,0.8645,-1,-1,-1
737,108,1568.76,593.62,108.37,230.56,0.4448,-1,-1,-1
738,3,1718.65,449.84,84.82,214.10,0.8079,-1,-1,-1
738,91,294.74,426.73,74.13,214.87,0.4725,-1,-1,-1
738,111,440.76,553.64,68.21,246.36,0.8888,-1,-1,-1
738,106,833.68,946.28,87.16,133.74,0.8436,-1,-1,-1
738,113,1137.23,736.95,83.31,264.91,0.8335,-1,-1,-1
738,116,1219.27,710.10,81.14,254.40,0.8454,-1,-1,-1
738,121,470.42,166.88,61.68,189.23,0.3812,-1,-1,-1
738,109,417.86,188.62,47.83,154.27,0.4395,-1,-1,-1
738,134,417.86,188.84,47.81,154.07,0.4395,-1,-1,-1
738,136,1219.48,710.03,80.98,254.06,0.8454,-1,-1,-1
738,108,1569.66,594.56,107.08,229.56,0.5273,-1,-1,-1
739,3,1719.77,450.22,84.57,214.01,0.7775,-1,-1,-1
739,91,294.60,427.56,74.32,215.49,0.5407,-1,-1,-1
739,111,444.36,554.34,66.71,247.05,0.7515,-1,-1,-1
739,106,833.64,946.20,87.49,133.79,0.8431,-1,-1,-1
739,113,1134.82,734.38,82.86,261.64,0.8502,-1,-1,-1
739,116,1218.61,707.96,80.09,257.78,0.8192,-1,-1,-1
739,121,469.73,166.52,61.91,189.60,0.4678,-1,-1,-1
739,109,416.49,188.14,47.98,155.53,0.5079,-1,-1,-1
739,134,416.48,188.33,47.96,155.36,0.5079,-1,-1,-1
739,136,1218.80,707.92,79.95,257.52,0.8192,-1,-1,-1
739,108,1571.36,590.96,105.18,233.23,0.6437,-1,-1,-1
739,140,294.77,427.58,75.20,216.48,0.4123,-1,-1,-1
740,3,1718.87,450.74,85.03,213.30,0.3916,-1,-1,-1
740,91,294.19,429.38,75.59,217.46,0.8021,-1,-1,-1
740,111,445.67,554.56,68.53,250.05,0.8609,-1,-1,-1
740,106,833.82,946.12,87.48,133.87,0.8407,-1,-1,-1
740,113,1132.31,732.27,83.53,256.52,0.8468,-1,-1,-1
740,116,1217.57,705.96,79.90,261.83,0.8555,-1,-1,-1
740,121,468.75,163.23,62.50,192.96,0.4692,-1,-1,-1
740,109,415.23,188.92,48.98,157.54,0.5160,-1,-1,-1
740,134,415.22,189.09,48.97,157.40,0.5160,-1,-1,-1
740,136,1217.74,705.93,79.78,261.63,0.8555,-1,-1,-1
740,108,1571.61,593.52,104.06,230.45,0.6392,-1,-1,-1
740,140,294.28,429.28,75.98,218.11,0.8021,-1,-1,-1
741,3,1718.94,451.63,85.49,212.91,0.7941,-1,-1,-1
741,91,294.08,431.25,75.99,220.37,0.7915,-1,-1,-1
741,111,447.52,555.96,68.14,251.50,0.8520,-1,-1,-1
741,106,834.34,946.34,87.44,133.74,0.8452,-1,-1,-1
741,113,1129.87,730.20,82.09,251.80,0.8350,-1,-1,-1
741,116,1216.03,705.17,80.07,262.59,0.8489,-1,-1,-1
741,121,468.59,164.00,62.05,192.83,0.5143,-1,-1,-1
741,109,414.15,191.23,49.63,160.46,0.4577,-1,-1,-1
741,134,414.14,191.39,49.62,160.34,0.4577,-1,-1,-1
741,136,1216.17,705.15,79.98,262.41,0.8489,-1,-1,-1
741,108,1572.94,593.90,102.10,230.09,0.6534,-1,-1,-1
741,140,294.16,431.24,76.15,221.19,0.7915,-1,-1,-1
742,3,1718.92,451.21,84.46,213.44,0.6580,-1,-1,-1
742,91,294.92,434.02,74.71,220.40,0.7960,-1,-1,-1
742,111,449.40,556.17,68.49,252.31,0.8592,-1,-1,-1
742,106,834.97,946.36,87.65,133.70,0.8437,-1,-1,-1
742,113,1127.02,726.81,81.21,249.99,0.8405,-1,-1,-1
742,116,1209.95,704.09,84.30,263.16,0.8165,-1,-1,-1
742,121,468.27,164.67,61.58,191.87,0.5148,-1,-1,-1
742,136,1210.06,704.08,84.25,263.01,0.8165,-1,-1,-1
742,108,1573.44,593.87,101.92,230.31,0.6901,-1,-1,-1
742,140,295.12,434.19,74.55,220.92,0.7960,-1,-1,-1
743,3,1719.63,451.28,83.40,213.68,0.8082,-1,-1,-1
743,91,294.67,436.63,74.69,219.81,0.8137,-1,-1,-1
743,111,451.83,557.01,72.85,251.62,0.8403,-1,-1,-1
743,106,835.92,946.58,87.35,133.43,0.8382,-1,-1,-1
743,113,1124.51,722.69,80.42,250.70,0.8483,-1,-1,-1
743,116,1204.78,703.63,86.96,263.07,0.8283,-1,-1,-1
743,121,467.63,164.96,60.16,192.69,0.3680,-1,-1,-1
743,136,1204.87,703.62,86.91,262.94,0.8283,-1,-1,-1
743,108,1572.12,592.63,103.64,231.48,0.6227,-1,-1,-1
743,140,294.79,436.88,74.54,220.09,0.8137,-1,-1,-1
743,109,411.77,201.10,52.03,154.23,0.4196,-1,-1,-1
744,3,1719.81,451.77,82.80,213.59,0.8147,-1,-1,-1
744,91,295.08,439.60,74.15,218.94,0.7965,-1,-1,-1
744,111,453.54,558.44,77.83,249.47,0.8221,-1,-1,-1
744,106,836.94,947.24,87.03,132.74,0.8415,-1,-1,-1
744,113,1123.17,720.18,79.04,250.50,0.8560,-1,-1,-1
744,116,1200.82,702.87,87.51,263.27,0.8255,-1,-1,-1
744,121,466.29,171.01,60.35,188.56,0.4143,-1,-1,-1
744,136,1200.89,702.87,87.47,263.15,0.8255,-1,-1,-1
744,108,1571.98,593.56,102.84,230.57,0.6690,-1,-1,-1
744,140,295.21,439.90,73.99,219.08,0.7965,-1,-1,-1
744,109,411.13,203.46,52.55,153.90,0.4074,-1,-1,-1
745,3,1719.46,452.52,83.89,213.31,0.3628,-1,-1,-1
745,91,295.85,441.98,73.42,219.56,0.7837,-1,-1,-1
745,111,455.35,559.55,84.70,246.70,0.8252,-1,-1,-1
745,106,838.06,947.68,87.26,132.39,0.7501,-1,-1,-1
745,113,1122.29,718.07,77.98,252.92,0.8553,-1,-1,-1
745,116,1198.86,703.75,87.10,260.42,0.8028,-1,-1,-1
745,121,464.72,173.35,60.77,189.69,0.4421,-1,-1,-1
745,136,1198.93,703.75,87.06,260.31,0.8028,-1,-1,-1
745,108,1572.46,593.36,102.53,230.94,0.6873,-1,-1,-1
745,140,296.00,442.23,73.25,219.69,0.7837,-1,-1,-1
745,109,410.49,204.81,52.57,155.97,0.3956,-1,-1,-1
746,3,1719.46,452.16,84.34,213.01,0.7883,-1,-1,-1
746,91,296.66,443.90,72.76,221.38,0.7816,-1,-1,-1
746,111,456.59,560.32,91.79,245.81,0.8445,-1,-1,-1
746,106,839.65,948.01,86.81,131.96,0.8268,-1,-1,-1
746,113,1119.99,716.84,78.56,254.70,0.8435,-1,-1,-1
746,116,1196.00,702.14,87.40,260.64,0.8567,-1,-1,-1
746,121,463.82,174.96,62.98,190.23,0.4988,-1,-1,-1
746,136,1196.06,702.14,87.37,260.55,0.8567,-1,-1,-1
746,108,1573.97,595.48,101.05,228.76,0.7221,-1,-1,-1
746,140,296.81,444.12,72.59,221.55,0.7816,-1,-1,-1
746,109,410.10,204.62,50.53,157.63,0.4152,-1,-1,-1
747,3,1719.53,451.48,83.84,213.26,0.5337,-1,-1,-1
747,91,297.69,445.01,72.15,223.46,0.8010,-1,-1,-1
747,111,457.37,560.75,96.42,247.25,0.8568,-1,-1,-1
747,106,842.56,948.44,84.86,131.53,0.6053,-1,-1,-1
747,113,1117.78,715.25,77.51,255.76,0.8362,-1,-1,-1
747,116,1190.26,700.61,89.22,262.82,0.8276,-1,-1,-1
747,121,464.51,177.81,61.87,188.51,0.4840,-1,-1,-1
747,136,1190.31,700.62,89.19,262.74,0.8276,-1,-1,-1
747,108,1571.76,592.81,104.30,231.70,0.6375,-1,-1,-1
747,140,297.83,445.19,72.01,223.65,0.8010,-1,-1,-1
747,109,409.94,204.98,49.95,157.25,0.4323,-1,-1,-1
748,3,1719.45,453.29,83.41,212.29,0.4120,-1,-1,-1
748,91,297.78,445.90,72.65,222.95,0.7902,-1,-1,-1
748,111,457.48,562.02,100.69,247.66,0.8614,-1,-1,-1
748,106,844.78,949.05,83.53,130.98,0.8095,-1,-1,-1
748,113,1115.76,714.04,76.54,255.61,0.8624,-1,-1,-1
748,116,1187.53,698.60,87.45,259.24,0.8660,-1,-1,-1
748,121,464.07,180.59,61.53,187.18,0.4342,-1,-1,-1
748,136,1187.58,698.61,87.42,259.16,0.8660,-1,-1,-1
748,108,1570.48,590.88,105.97,235.09,0.5563,-1,-1,-1
748,140,297.90,446.03,72.54,223.09,0.7902,-1,-1,-1
748,109,409.18,206.01,49.44,156.73,0.3968,-1,-1,-1
749,3,1719.47,453.10,82.50,213.29,0.7904,-1,-1,-1
749,91,298.82,446.31,72.54,223.83,0.7865,-1,-1,-1
749,111,458.26,563.29,103.85,248.52,0.8630,-1,-1,-1
749,106,846.90,950.33,82.78,129.69,0.8259,-1,-1,-1
749,113,1113.80,713.82,75.77,256.36,0.8476,-1,-1,-1
749,116,1185.12,696.83,86.34,249.45,0.8761,-1,-1,-1
749,121,464.08,182.26,59.78,186.95,0.4330,-1,-1,-1
749,136,1185.16,696.83,86.32,249.38,0.8761,-1,-1,-1
749,108,1570.95,589.40,105.61,235.18,0.6258,-1,-1,-1
749,140,298.94,446.40,72.44,223.96,0.7865,-1,-1,-1
749,109,408.92,206.64,48.22,155.89,0.4950,-1,-1,-1
750,3,1718.92,452.34,83.30,214.06,0.7942,-1,-1,-1
750,91,299.40,447.17,72.91,222.93,0.7834,-1,-1,-1
750,111,459.03,563.75,105.68,249.63,0.8682,-1,-1,-1
750,106,849.43,952.02,81.49,127.99,0.8213,-1,-1,-1
750,113,1111.81,713.66,76.08,256.33,0.8467,-1,-1,-1
750,116,1183.17,694.68,85.61,252.51,0.8664,-1,-1,-1
750,121,462.87,179.19,60.27,192.09,0.3738,-1,-1,-1
750,136,1183.21,694.68,85.58,252.45,0.8664,-1,-1,-1
750,108,1572.32,591.37,103.45,232.81,0.6519,-1,-1,-1
750,140,299.50,447.24,72.83,223.02,0.7834,-1,-1,-1
750,109,408.80,205.98,49.17,156.68,0.4423,-1,-1,-1
751,3,1717.18,453.25,84.37,212.28,0.7738,-1,-1,-1
751,91,299.89,447.60,74.79,221.50,0.7629,-1,-1,-1
751,111,459.95,564.25,106.48,249.60,0.8664,-1,-1,-1
751,106,851.84,952.92,81.23,127.06,0.8084,-1,-1,-1
751,113,1109.84,712.81,73.78,255.80,0.8806,-1,-1,-1
751,116,1181.15,690.53,83.11,246.30,0.8881,-1,-1,-1
751,121,462.26,189.48,59.94,183.11,0.3415,-1,-1,-1
751,136,1181.18,690.53,83.09,246.24,0.8881,-1,-1,-1
751,108,1572.21,592.53,103.76,231.50,0.6522,-1,-1,-1
751,140,299.98,447.65,74.74,221.57,0.7629,-1,-1,-1
751,109,409.30,205.45,47.16,156.79,0.5142,-1,-1,-1
752,3,1716.99,452.61,84.13,213.28,0.7813,-1,-1,-1
752,91,300.72,448.08,75.46,221.17,0.8178,-1,-1,-1
752,111,463.47,564.74,104.46,249.09,0.8571,-1,-1,-1
752,106,853.80,952.90,81.15,127.01,0.8060,-1,-1,-1
752,113,1107.35,711.00,74.13,254.81,0.8826,-1,-1,-1
752,116,1179.38,686.70,81.13,243.47,0.8800,-1,-1,-1
752,121,461.87,193.17,60.03,180.46,0.3239,-1,-1,-1
752,136,1179.41,686.70,81.11,243.42,0.8800,-1,-1,-1
752,108,1571.49,592.01,104.49,233.49,0.5904,-1,-1,-1
752,140,300.81,448.12,75.42,221.23,0.8178,-1,-1,-1
752,109,409.55,206.78,46.36,155.12,0.4509,-1,-1,-1
753,3,1716.62,451.58,83.74,214.27,0.7727,-1,-1,-1
753,91,300.82,449.00,76.68,219.60,0.8292,-1,-1,-1
753,111,467.34,565.67,101.43,248.58,0.8184,-1,-1,-1
753,106,855.65,953.07,81.09,126.91,0.8219,-1,-1,-1
753,113,1105.65,708.75,73.39,254.80,0.8784,-1,-1,-1
753,116,1175.20,681.83,82.45,247.38,0.8486,-1,-1,-1
753,121,461.17,195.27,60.28,182.70,0.2840,-1,-1,-1
753,136,1175.22,681.82,82.44,247.33,0.8486,-1,-1,-1
753,108,1571.24,591.85,105.09,232.51,0.5925,-1,-1,-1
753,140,300.89,449.03,76.65,219.65,0.8292,-1,-1,-1
753,109,408.86,207.63,46.75,154.18,0.4691,-1,-1,-1
754,3,1716.15,452.13,84.10,213.20,0.7584,-1,-1,-1
754,91,300.64,450.26,78.00,216.79,0.8213,-1,-1,-1
754,111,473.60,566.64,93.88,248.47,0.7697,-1,-1,-1
754,106,857.45,952.95,81.37,126.73,0.8307,-1,-1,-1
754,113,1103.57,705.60,73.84,258.12,0.8756,-1,-1,-1
754,116,1172.78,677.55,82.49,250.34,0.8481,-1,-1,-1
754,121,461.59,195.72,59.94,183.64,0.2832,-1,-1,-1
754,136,1172.80,677.55,82.48,250.30,0.8481,-1,-1,-1
754,140,300.70,450.29,77.98,216.82,0.8213,-1,-1,-1
754,109,408.35,207.35,46.62,155.45,0.3914,-1,-1,-1
755,3,1716.58,451.08,82.27,213.95,0.7557,-1,-1,-1
755,91,300.69,451.53,78.78,215.17,0.8328,-1,-1,-1
755,111,479.84,566.72,85.72,248.48,0.8103,-1,-1,-1
755,106,859.61,952.87,81.12,126.97,0.8349,-1,-1,-1
755,113,1101.23,702.77,74.44,258.17,0.8467,-1,-1,-1
755,116,1169.56,673.83,82.65,254.53,0.8579,-1,-1,-1
755,121,459.80,196.52,60.92,183.11,0.2684,-1,-1,-1
755,136,1169.58,673.83,82.64,254.50,0.8579,-1,-1,-1
755,140,300.74,451.55,78.76,215.19,0.8328,-1,-1,-1
755,109,406.36,208.62,47.72,152.68,0.3855,-1,-1,-1
755,108,1572.32,591.45,103.45,233.02,0.6159,-1,-1,-1
756,3,1716.90,451.80,81.16,214.33,0.7576,-1,-1,-1
756,91,300.76,452.85,80.52,214.27,0.8324,-1,-1,-1
756,111,488.33,566.57,77.06,249.29,0.8053,-1,-1,-1
756,106,860.39,952.54,82.52,127.09,0.8338,-1,-1,-1
756,113,1099.61,698.62,73.99,252.09,0.8449,-1,-1,-1
756,116,1167.72,671.42,82.63,257.84,0.8544,-1,-1,-1
756,121,458.72,193.47,60.98,182.90,0.3502,-1,-1,-1
756,136,1167.74,671.42,82.62,257.81,0.8544,-1,-1,-1
756,140,300.81,452.87,80.51,214.29,0.8324,-1,-1,-1
756,109,404.92,207.57,49.04,153.37,0.4489,-1,-1,-1
756,108,1571.58,590.78,103.88,233.68,0.4965,-1,-1,-1
757,3,1717.68,451.77,79.65,213.69,0.7701,-1,-1,-1
757,91,300.76,455.07,81.01,215.89,0.8393,-1,-1,-1
757,111,497.36,566.64,71.07,247.51,0.8324,-1,-1,-1
757,106,861.19,953.45,83.80,126.43,0.8324,-1,-1,-1
757,113,1097.61,694.74,74.83,248.36,0.8547,-1,-1,-1
757,116,1166.81,670.17,82.27,258.84,0.8462,-1,-1,-1
757,121,456.01,190.42,63.27,184.83,0.4005,-1,-1,-1
757,136,1166.82,670.16,82.26,258.82,0.8462,-1,-1,-1
757,140,300.80,455.09,81.00,215.90,0.8393,-1,-1,-1
757,109,404.29,205.76,49.08,156.97,0.3996,-1,-1,-1
757,108,1570.78,591.79,104.93,234.16,0.5523,-1,-1,-1
758,3,1718.10,451.40,78.39,213.28,0.7958,-1,-1,-1
758,91,300.45,457.91,81.14,218.17,0.8428,-1,-1,-1
758,111,502.81,565.79,69.31,248.78,0.8426,-1,-1,-1
758,106,862.23,953.75,84.52,126.23,0.8269,-1,-1,-1
758,113,1095.36,691.22,76.39,240.19,0.8548,-1,-1,-1
758,116,1165.19,669.74,83.89,259.42,0.8412,-1,-1,-1
758,121,455.70,189.51,62.86,186.53,0.3475,-1,-1,-1
758,136,1165.20,669.74,83.88,259.39,0.8412,-1,-1,-1
758,140,300.49,457.94,81.13,218.19,0.8428,-1,-1,-1
758,109,404.30,206.42,48.64,158.95,0.4728,-1,-1,-1
758,108,1570.10,592.27,106.66,234.00,0.5415,-1,-1,-1
759,3,1718.45,451.24,77.34,213.08,0.7849,-1,-1,-1
759,91,300.46,459.24,81.02,221.30,0.8488,-1,-1,-1
759,111,507.69,565.22,68.57,249.54,0.8336,-1,-1,-1
759,106,863.70,954.44,85.53,125.52,0.5057,-1,-1,-1
759,113,1093.79,688.17,76.11,240.13,0.8435,-1,-1,-1
759,116,1162.72,669.56,86.81,260.34,0.8317,-1,-1,-1
759,121,455.24,190.09,63.42,185.32,0.3485,-1,-1,-1
759,136,1162.73,669.56,86.81,260.32,0.8317,-1,-1,-1
759,140,300.49,459.26,81.01,221.32,0.8488,-1,-1,-1
759,109,404.83,207.70,47.70,159.72,0.4859,-1,-1,-1
759,108,1569.96,594.09,106.40,230.56,0.4750,-1,-1,-1
759,143,273.71,203.17,48.23,169.32,0.3441,-1,-1,-1
760,3,1718.49,451.34,76.73,212.92,0.7892,-1,-1,-1
760,91,300.67,461.99,80.80,222.94,0.8386,-1,-1,-1
760,111,511.90,565.14,68.59,250.66,0.8322,-1,-1,-1
760,106,864.38,954.69,88.37,125.30,0.6587,-1,-1,-1
760,113,1091.99,686.62,76.50,242.81,0.8540,-1,-1,-1
760,116,1160.27,669.30,88.64,259.69,0.8425,-1,-1,-1
760,121,452.34,187.94,66.84,187.45,0.3931,-1,-1,-1
760,136,1160.28,669.30,88.63,259.67,0.8425,-1,-1,-1
760,140,300.70,462.01,80.79,222.96,0.8386,-1,-1,-1
760,109,404.97,208.48,47.17,162.45,0.4535,-1,-1,-1
760,108,1571.22,594.60,104.75,229.62,0.6559,-1,-1,-1
760,143,275.11,203.41,47.58,169.55,0.3954,-1,-1,-1
761,3,1718.29,450.77,76.88,213.29,0.7992,-1,-1,-1
761,91,300.54,464.48,80.77,222.81,0.8237,-1,-1,-1
761,111,515.10,565.33,69.89,249.98,0.8405,-1,-1,-1
761,106,865.52,954.67,89.86,125.35,0.8011,-1,-1,-1
761,113,1088.73,684.68,76.45,245.04,0.8640,-1,-1,-1
761,116,1157.97,668.37,89.48,260.68,0.8462,-1,-1,-1
761,121,450.10,188.66,69.32,186.83,0.4167,-1,-1,-1
761,136,1157.98,668.37,89.48,260.66,0.8462,-1,-1,-1
761,140,300.56,464.50,80.76,222.83,0.8237,-1,-1,-1
761,109,404.92,209.82,47.07,163.72,0.2688,-1,-1,-1
761,108,1571.03,595.03,104.73,229.05,0.6280,-1,-1,-1
762,3,1718.74,450.83,76.66,212.55,0.7895,-1,-1,-1
762,91,300.78,466.87,80.17,222.79,0.8353,-1,-1,-1
762,111,517.85,566.80,72.25,248.64,0.8436,-1,-1,-1
762,106,867.04,955.08,89.15,124.96,0.8297,-1,-1,-1
762,113,1086.73,682.50,75.37,247.50,0.8675,-1,-1,-1
762,116,1156.53,666.90,89.28,260.84,0.8400,-1,-1,-1
762,121,450.42,191.24,68.84,186.29,0.4069,-1,-1,-1
762,136,1156.54,666.90,89.27,260.82,0.8400,-1,-1,-1
762,140,300.81,466.89,80.17,222.81,0.8353,-1,-1,-1
762,108,1571.37,594.87,104.65,229.58,0.6586,-1,-1,-1
762,143,276.44,205.17,46.38,166.61,0.3778,-1,-1,-1
763,3,1718.86,452.38,77.07,212.13,0.8060,-1,-1,-1
763,91,300.80,468.86,78.71,223.91,0.8471,-1,-1,-1
763,111,520.25,567.64,74.03,247.27,0.8334,-1,-1,-1
763,106,867.87,955.66,88.91,124.44,0.8161,-1,-1,-1
763,113,1083.45,681.15,77.16,248.12,0.8739,-1,-1,-1
763,116,1154.71,664.93,87.28,260.65,0.8412,-1,-1,-1
763,121,451.81,193.99,65.76,185.09,0.3331,-1,-1,-1
763,136,1154.71,664.92,87.28,260.64,0.8412,-1,-1,-1
763,140,300.82,468.87,78.70,223.92,0.8471,-1,-1,-1
763,108,1571.30,594.80,104.36,229.56,0.5941,-1,-1,-1
763,143,277.01,201.33,46.74,169.79,0.4766,-1,-1,-1
764,3,1718.74,452.23,77.36,212.26,0.8071,-1,-1,-1
764,91,299.62,469.36,78.04,226.62,0.8475,-1,-1,-1
764,111,521.73,568.28,76.15,246.10,0.8291,-1,-1,-1
764,106,868.77,956.07,87.35,123.95,0.7190,-1,-1,-1
764,113,1081.69,679.48,76.44,251.38,0.8733,-1,-1,-1
764,116,1152.53,661.53,86.43,260.92,0.8276,-1,-1,-1
764,121,453.20,196.77,63.13,185.30,0.3753,-1,-1,-1
764,136,1152.53,661.53,86.42,260.91,0.8276,-1,-1,-1
764,140,299.64,469.37,78.03,226.63,0.8475,-1,-1,-1
764,108,1571.11,594.35,104.14,229.84,0.4075,-1,-1,-1
764,143,277.81,197.87,46.34,173.91,0.4906,-1,-1,-1
765,3,1719.06,451.89,76.80,213.09,0.8017,-1,-1,-1
765,91,299.01,469.82,76.88,229.10,0.8228,-1,-1,-1
765,111,522.32,568.43,82.35,246.55,0.8249,-1,-1,-1
765,106,869.29,956.66,86.31,123.36,0.7963,-1,-1,-1
765,113,1079.21,678.34,76.86,252.88,0.8700,-1,-1,-1
765,116,1150.42,659.22,85.89,261.08,0.7941,-1,-1,-1
765,121,454.80,199.29,61.08,185.64,0.4343,-1,-1,-1
765,136,1150.43,659.22,85.88,261.07,0.7941,-1,-1,-1
765,140,299.03,469.84,76.87,229.11,0.8228,-1,-1,-1
765,108,1571.57,593.99,104.26,229.93,0.5325,-1,-1,-1
765,143,279.11,190.24,45.53,181.43,0.3910,-1,-1,-1
766,3,1719.92,452.15,75.75,212.59,0.8073,-1,-1,-1
766,91,297.98,470.98,75.59,229.31,0.7472,-1,-1,-1
766,111,524.23,569.19,88.91,246.31,0.8274,-1,-1,-1
766,106,869.99,956.74,85.62,123.27,0.7905,-1,-1,-1
766,113,1076.47,677.85,78.24,254.54,0.8489,-1,-1,-1
766,116,1147.46,656.50,87.35,259.64,0.7799,-1,-1,-1
766,121,454.58,196.95,60.85,191.43,0.4256,-1,-1,-1
766,136,1147.46,656.50,87.34,259.63,0.7799,-1,-1,-1
766,140,298.00,470.99,75.58,229.32,0.7472,-1,-1,-1
766,108,1571.57,592.40,104.13,231.80,0.5857,-1,-1,-1
766,143,279.64,196.82,46.32,174.00,0.4559,-1,-1,-1
766,109,399.27,212.55,56.15,165.69,0.3954,-1,-1,-1
767,3,1719.89,452.02,76.05,214.25,0.8070,-1,-1,-1
767,91,296.74,472.18,75.35,228.61,0.7084,-1,-1,-1
767,111,525.61,569.53,89.75,246.98,0.8363,-1,-1,-1
767,106,869.92,957.22,85.89,122.80,0.7840,-1,-1,-1
767,113,1074.15,676.22,78.92,254.65,0.8521,-1,-1,-1
767,116,1144.83,652.83,86.48,254.25,0.6331,-1,-1,-1
767,121,453.91,196.26,61.19,193.93,0.4045,-1,-1,-1
767,136,1144.83,652.83,86.47,254.24,0.6331,-1,-1,-1
767,140,296.75,472.19,75.35,228.62,0.7084,-1,-1,-1
767,108,1572.08,593.24,102.88,232.67,0.6111,-1,-1,-1
767,143,279.72,198.48,47.38,170.33,0.4225,-1,-1,-1
767,109,398.69,211.79,57.19,167.53,0.3632,-1,-1,-1
768,3,1720.35,451.49,75.18,213.98,0.7956,-1,-1,-1
768,91,295.32,473.17,75.40,227.43,0.6547,-1,-1,-1
768,111,525.91,569.63,90.52,247.40,0.8403,-1,-1,-1
768,106,870.17,957.31,86.02,122.65,0.8057,-1,-1,-1
768,113,1072.86,674.58,78.89,254.35,0.8570,-1,-1,-1
768,116,1142.23,649.64,85.59,248.32,0.7522,-1,-1,-1
768,121,452.05,193.25,63.28,199.24,0.5155,-1,-1,-1
768,136,1142.24,649.64,85.59,248.31,0.7522,-1,-1,-1
768,140,295.33,473.18,75.40,227.44,0.6547,-1,-1,-1
768,108,1571.85,592.32,103.70,233.94,0.6259,-1,-1,-1
768,143,280.24,195.88,48.09,172.04,0.4050,-1,-1,-1
768,109,397.65,210.08,57.68,168.00,0.2747,-1,-1,-1
769,3,1721.36,451.07,74.40,214.19,0.8065,-1,-1,-1
769,91,294.26,473.69,76.18,227.22,0.7591,-1,-1,-1
769,111,525.80,571.32,91.62,246.26,0.8430,-1,-1,-1
769,106,870.18,958.05,86.80,121.91,0.8152,-1,-1,-1
769,113,1069.33,672.05,80.15,252.52,0.8749,-1,-1,-1
769,116,1141.34,647.29,82.29,243.25,0.8011,-1,-1,-1
769,121,452.81,193.46,62.29,199.94,0.4131,-1,-1,-1
769,136,1141.34,647.29,82.29,243.25,0.8011,-1,-1,-1
769,140,294.27,473.70,76.18,227.23,0.7591,-1,-1,-1
769,108,1567.49,592.59,104.95,234.00,0.3520,-1,-1,-1
769,143,280.66,198.34,47.84,168.42,0.3689,-1,-1,-1
770,3,1721.93,451.48,73.99,213.50,0.8159,-1,-1,-1
770,91,293.84,474.74,76.57,225.67,0.7379,-1,-1,-1
770,111,525.72,571.82,93.14,245.80,0.8599,-1,-1,-1
770,106,870.54,957.72,87.67,122.32,0.8294,-1,-1,-1
770,113,1065.44,670.71,80.67,249.61,0.8560,-1,-1,-1
770,116,1140.65,646.82,79.65,239.04,0.8899,-1,-1,-1
770,121,452.40,195.30,62.45,198.30,0.3972,-1,-1,-1
770,136,1140.65,646.82,79.65,239.03,0.8899,-1,-1,-1
770,140,293.84,474.75,76.57,225.68,0.7379,-1,-1,-1
770,143,280.68,201.33,48.44,165.36,0.3511,-1,-1,-1
771,3,1722.91,451.19,73.34,213.96,0.8197,-1,-1,-1
771,91,293.07,474.36,75.34,225.06,0.6853,-1,-1,-1
771,111,526.23,572.13,92.91,244.88,0.8527,-1,-1,-1
771,106,870.72,957.73,88.12,122.25,0.8325,-1,-1,-1
771,113,1063.30,669.28,80.91,241.02,0.8548,-1,-1,-1
771,116,1139.04,645.48,78.32,239.82,0.8837,-1,-1,-1
771,121,451.86,195.22,63.17,198.75,0.4890,-1,-1,-1
771,136,1139.04,645.48,78.32,239.82,0.8837,-1,-1,-1
771,140,292.82,474.95,76.51,224.80,0.2834,-1,-1,-1
771,143,280.94,202.54,47.79,161.63,0.2853,-1,-1,-1
771,108,1567.76,590.17,108.13,236.30,0.4828,-1,-1,-1
772,3,1723.07,451.56,73.43,212.93,0.8163,-1,-1,-1
772,91,292.85,475.27,74.38,223.88,0.7502,-1,-1,-1
772,111,527.96,571.57,92.14,244.33,0.8352,-1,-1,-1
772,106,871.01,958.00,89.05,121.98,0.8395,-1,-1,-1
772,113,1061.48,666.95,82.17,239.57,0.8499,-1,-1,-1
772,116,1137.09,643.28,78.52,243.62,0.8734,-1,-1,-1
772,121,451.67,196.17,62.95,197.56,0.4473,-1,-1,-1
772,136,1137.09,643.28,78.52,243.62,0.8734,-1,-1,-1
772,140,292.76,475.49,74.83,223.79,0.7502,-1,-1,-1
772,143,281.45,202.71,46.72,158.00,0.3011,-1,-1,-1
772,108,1568.27,587.56,107.87,237.14,0.3689,-1,-1,-1
773,3,1722.92,451.29,73.33,212.32,0.8185,-1,-1,-1
773,91,292.32,476.33,76.24,223.40,0.7553,-1,-1,-1
773,111,532.49,570.55,89.26,244.36,0.8148,-1,-1,-1
773,106,871.49,958.08,88.82,121.86,0.8553,-1,-1,-1
773,113,1060.48,664.09,79.17,237.73,0.8803,-1,-1,-1
773,116,1135.40,641.69,77.83,245.83,0.8573,-1,-1,-1
773,121,451.15,198.41,63.29,195.21,0.3963,-1,-1,-1
773,136,1135.40,641.69,77.83,245.82,0.8573,-1,-1,-1
773,140,292.28,476.41,76.40,223.36,0.7553,-1,-1,-1
773,143,281.76,202.01,46.41,160.02,0.3351,-1,-1,-1
773,108,1570.08,589.42,106.10,235.87,0.5873,-1,-1,-1
773,109,402.47,215.95,49.24,165.45,0.3578,-1,-1,-1
774,3,1723.82,451.40,72.51,212.30,0.8122,-1,-1,-1
774,91,291.64,477.50,76.26,222.38,0.8059,-1,-1,-1
774,111,536.52,569.90,85.46,244.68,0.8065,-1,-1,-1
774,106,871.71,958.06,89.31,121.89,0.8472,-1,-1,-1
774,113,1058.99,661.08,76.51,237.15,0.8801,-1,-1,-1
774,116,1132.59,640.38,79.16,246.96,0.8511,-1,-1,-1
774,121,450.84,198.89,63.77,194.13,0.3539,-1,-1,-1
774,136,1132.59,640.38,79.16,246.96,0.8511,-1,-1,-1
774,140,291.63,477.53,76.32,222.37,0.8059,-1,-1,-1
774,143,282.48,201.26,46.40,159.42,0.3208,-1,-1,-1
774,108,1570.78,589.35,105.91,236.55,0.5728,-1,-1,-1
774,109,402.21,216.01,47.99,167.23,0.2802,-1,-1,-1
775,3,1724.07,452.20,72.09,210.60,0.8172,-1,-1,-1
775,91,290.99,478.69,76.03,222.26,0.8526,-1,-1,-1
775,111,541.12,570.20,81.97,244.21,0.7862,-1,-1,-1
775,106,872.01,958.05,89.54,121.94,0.8559,-1,-1,-1
775,113,1056.60,658.57,75.22,237.64,0.8745,-1,-1,-1
775,116,1127.52,638.35,82.34,250.18,0.8585,-1,-1,-1
775,121,449.84,200.28,64.15,192.75,0.3550,-1,-1,-1
775,136,1127.52,638.35,82.34,250.18,0.8585,-1,-1,-1
775,140,290.99,478.70,76.05,222.26,0.8526,-1,-1,-1
775,143,282.94,199.53,45.67,161.61,0.3025,-1,-1,-1
775,108,1567.77,590.56,107.47,234.93,0.3859,-1,-1,-1
775,109,401.90,216.93,47.89,168.91,0.3194,-1,-1,-1
776,3,1723.85,451.95,72.09,211.04,0.8252,-1,-1,-1
776,91,290.38,480.08,75.68,222.70,0.8576,-1,-1,-1
776,111,546.31,571.07,77.47,243.38,0.7713,-1,-1,-1
776,106,872.19,958.74,89.20,121.27,0.8463,-1,-1,-1
776,113,1054.82,655.47,73.70,239.95,0.8602,-1,-1,-1
776,116,1126.37,636.60,81.79,252.65,0.8400,-1,-1,-1
776,121,448.73,200.23,65.47,192.45,0.3185,-1,-1,-1
776,136,1126.37,636.60,81.79,252.65,0.8400,-1,-1,-1
776,140,290.39,480.08,75.68,222.70,0.8576,-1,-1,-1
776,143,283.35,195.58,45.45,166.61,0.2818,-1,-1,-1
776,108,1569.03,590.37,107.48,234.88,0.6034,-1,-1,-1
776,109,401.61,217.24,47.89,169.19,0.2956,-1,-1,-1
777,3,1724.34,451.86,71.71,210.47,0.8246,-1,-1,-1
777,91,289.81,480.94,75.44,225.44,0.8627,-1,-1,-1
777,111,551.23,571.50,73.93,244.15,0.6479,-1,-1,-1
777,106,872.84,959.39,88.73,120.58,0.8393,-1,-1,-1
777,113,1052.22,652.29,74.25,243.57,0.8467,-1,-1,-1
777,116,1123.81,635.37,82.41,254.50,0.8317,-1,-1,-1
777,136,1123.81,635.37,82.41,254.50,0.8317,-1,-1,-1
777,140,289.82,480.94,75.43,225.44,0.8627,-1,-1,-1
777,143,283.44,194.36,45.55,168.33,0.2687,-1,-1,-1
777,108,1569.21,591.47,106.24,234.33,0.5402,-1,-1,-1
777,109,401.81,217.58,47.10,170.22,0.2829,-1,-1,-1
778,3,1724.22,451.96,71.99,210.34,0.8319,-1,-1,-1
778,91,289.98,483.78,74.56,224.79,0.8587,-1,-1,-1
778,111,558.72,571.88,68.26,244.78,0.8354,-1,-1,-1
778,106,873.32,959.50,88.74,120.53,0.8427,-1,-1,-1
778,113,1050.93,649.86,73.90,246.30,0.8500,-1,-1,-1
778,116,1123.54,634.23,81.37,253.96,0.8418,-1,-1,-1
778,136,1123.54,634.23,81.37,253.96,0.8418,-1,-1,-1
778,140,289.98,483.78,74.55,224.79,0.8587,-1,-1,-1
778,143,283.03,195.45,45.35,168.63,0.2736,-1,-1,-1
778,108,1569.54,591.76,105.83,233.03,0.4711,-1,-1,-1
779,3,1723.57,451.68,72.70,210.87,0.8249,-1,-1,-1
779,91,290.06,486.10,74.22,225.17,0.8484,-1,-1,-1
779,111,564.59,572.05,65.46,247.76,0.8281,-1,-1,-1
779,106,873.87,959.40,88.59,120.63,0.8437,-1,-1,-1
779,113,1049.54,647.01,73.91,249.42,0.8555,-1,-1,-1
779,116,1118.78,632.53,84.05,254.01,0.8435,-1,-1,-1
779,136,1118.78,632.53,84.05,254.01,0.8435,-1,-1,-1
779,140,290.07,486.10,74.21,225.17,0.8484,-1,-1,-1
779,143,283.44,196.62,45.09,168.07,0.2601,-1,-1,-1
779,108,1571.31,589.64,104.50,234.65,0.5900,-1,-1,-1
780,3,1723.71,451.60,72.84,211.47,0.8235,-1,-1,-1
780,91,290.22,488.96,74.14,225.33,0.8420,-1,-1,-1
780,111,568.82,572.38,63.05,248.00,0.8181,-1,-1,-1
780,106,873.89,959.57,88.42,120.45,0.8354,-1,-1,-1
780,113,1048.00,645.82,74.01,250.34,0.8583,-1,-1,-1
780,116,1116.50,630.20,84.41,255.05,0.8640,-1,-1,-1
780,136,1116.50,630.20,84.41,255.05,0.8640,-1,-1,-1
780,140,290.22,488.96,74.14,225.34,0.8420,-1,-1,-1
780,108,1570.65,588.79,104.73,235.08,0.5178,-1,-1,-1
780,109,400.14,225.19,47.63,168.95,0.3814,-1,-1,-1
781,3,1724.10,451.21,72.30,211.52,0.7829,-1,-1,-1
781,91,290.01,490.81,74.07,226.57,0.8514,-1,-1,-1
781,111,571.33,571.35,62.70,251.43,0.8018,-1,-1,-1
781,106,874.34,959.33,87.82,120.66,0.8299,-1,-1,-1
781,113,1046.73,645.68,73.57,248.65,0.8550,-1,-1,-1
781,116,1113.17,627.82,84.62,255.09,0.8695,-1,-1,-1
781,136,1113.17,627.82,84.62,255.09,0.8695,-1,-1,-1
781,140,290.01,490.81,74.07,226.57,0.8514,-1,-1,-1
781,108,1571.85,590.71,103.31,232.70,0.6966,-1,-1,-1
781,109,400.93,224.59,47.87,169.79,0.3831,-1,-1,-1
782,3,1723.46,450.86,72.92,211.19,0.8264,-1,-1,-1
782,91,290.24,492.51,73.88,229.59,0.8566,-1,-1,-1
782,111,571.70,572.31,64.67,255.14,0.7328,-1,-1,-1
782,106,874.90,958.99,87.08,121.04,0.8195,-1,-1,-1
782,113,1044.99,645.43,72.90,248.12,0.8564,-1,-1,-1
782,116,1110.75,625.47,83.31,248.45,0.8700,-1,-1,-1
782,136,1110.75,625.47,83.31,248.45,0.8700,-1,-1,-1
782,140,290.24,492.50,73.87,229.59,0.8566,-1,-1,-1
782,109,400.73,226.05,48.95,168.05,0.3934,-1,-1,-1
783,3,1723.35,450.71,73.14,211.43,0.7878,-1,-1,-1
783,91,290.44,493.86,73.60,232.52,0.8585,-1,-1,-1
783,111,573.19,572.86,66.17,257.63,0.7391,-1,-1,-1
783,106,875.64,958.55,86.08,121.50,0.8002,-1,-1,-1
783,113,1043.93,645.17,72.11,247.81,0.8605,-1,-1,-1
783,116,1109.69,622.76,81.24,243.58,0.8608,-1,-1,-1
783,136,1109.69,622.76,81.24,243.58,0.8608,-1,-1,-1
783,140,290.44,493.86,73.59,232.52,0.8585,-1,-1,-1
783,109,400.60,226.15,49.32,167.87,0.4110,-1,-1,-1
783,108,1572.16,593.34,103.56,230.14,0.6788,-1,-1,-1
784,3,1722.98,450.34,73.18,212.66,0.8030,-1,-1,-1
784,91,290.41,494.93,73.86,233.68,0.8501,-1,-1,-1
784,111,575.35,573.20,66.80,249.26,0.6690,-1,-1,-1
784,106,876.32,958.35,84.87,121.74,0.7862,-1,-1,-1
784,113,1042.42,644.15,70.35,246.91,0.8653,-1,-1,-1
784,116,1107.55,619.66,80.23,238.86,0.8591,-1,-1,-1
784,136,1107.55,619.66,80.23,238.86,0.8591,-1,-1,-1
784,140,290.42,494.93,73.86,233.68,0.8501,-1,-1,-1
784,109,400.51,227.84,49.48,167.46,0.4703,-1,-1,-1
784,108,1572.97,596.40,101.74,226.93,0.7612,-1,-1,-1
785,3,1722.91,450.42,73.34,212.06,0.8107,-1,-1,-1
785,91,290.76,495.93,73.72,233.53,0.8514,-1,-1,-1
785,111,579.46,573.68,64.62,246.41,0.7004,-1,-1,-1
785,106,877.67,957.03,82.89,123.02,0.7718,-1,-1,-1
785,113,1041.13,642.72,69.81,247.48,0.8669,-1,-1,-1
785,116,1104.98,617.21,79.54,239.37,0.8144,-1,-1,-1
785,136,1104.98,617.21,79.54,239.36,0.8144,-1,-1,-1
785,140,290.76,495.93,73.72,233.53,0.8514,-1,-1,-1
785,109,399.87,227.71,49.72,168.40,0.4461,-1,-1,-1
785,108,1572.53,595.08,102.37,228.47,0.6231,-1,-1,-1
786,3,1723.21,450.48,73.07,211.98,0.8158,-1,-1,-1
786,91,290.64,496.97,74.13,232.81,0.8514,-1,-1,-1
786,111,582.66,575.47,65.01,242.92,0.7049,-1,-1,-1
786,106,878.49,956.29,81.06,123.75,0.7757,-1,-1,-1
786,113,1039.41,640.69,70.11,246.74,0.8592,-1,-1,-1
786,116,1103.34,614.83,76.80,239.69,0.8740,-1,-1,-1
786,136,1103.34,614.83,76.80,239.69,0.8740,-1,-1,-1
786,140,290.64,496.97,74.13,232.81,0.8514,-1,-1,-1
786,109,399.29,229.57,49.42,166.26,0.4718,-1,-1,-1
786,108,1570.89,595.99,102.91,228.74,0.3194,-1,-1,-1
786,121,441.44,218.20,65.96,189.01,0.3552,-1,-1,-1
787,3,1723.46,451.00,73.02,211.64,0.8086,-1,-1,-1
787,91,290.52,497.97,75.41,231.49,0.8410,-1,-1,-1
787,111,585.17,577.30,73.72,239.86,0.5757,-1,-1,-1
787,106,879.43,955.61,79.22,124.49,0.8096,-1,-1,-1
787,113,1036.94,638.24,70.72,245.88,0.8621,-1,-1,-1
787,116,1102.76,611.93,73.91,242.06,0.8885,-1,-1,-1
787,136,1102.76,611.93,73.91,242.06,0.8885,-1,-1,-1
787,140,290.52,497.97,75.41,231.49,0.8410,-1,-1,-1
787,109,399.08,232.17,49.27,164.14,0.4943,-1,-1,-1
787,108,1571.78,596.08,102.73,228.22,0.6884,-1,-1,-1
787,121,441.12,219.55,66.14,188.53,0.4018,-1,-1,-1
788,3,1723.40,451.00,72.71,212.19,0.8017,-1,-1,-1
788,91,289.81,499.20,77.01,230.02,0.8317,-1,-1,-1
788,111,588.03,579.63,75.08,238.09,0.5421,-1,-1,-1
788,106,879.35,955.15,78.66,125.00,0.8122,-1,-1,-1
788,113,1034.53,635.72,71.09,241.23,0.8512,-1,-1,-1
788,116,1100.85,609.91,73.90,245.63,0.8488,-1,-1,-1
788,136,1100.85,609.91,73.90,245.63,0.8488,-1,-1,-1
788,140,289.81,499.20,77.00,230.02,0.8317,-1,-1,-1
788,109,397.89,231.63,50.09,165.02,0.4741,-1,-1,-1
788,108,1573.63,595.35,101.39,228.50,0.7452,-1,-1,-1
788,121,440.61,220.93,65.12,187.71,0.5478,-1,-1,-1
789,3,1723.83,451.16,72.52,213.27,0.8127,-1,-1,-1
789,91,288.95,500.47,78.54,228.26,0.8362,-1,-1,-1
789,111,589.99,580.83,75.52,236.65,0.6732,-1,-1,-1
789,106,879.34,955.22,78.14,124.90,0.8173,-1,-1,-1
789,113,1031.92,632.50,72.33,238.13,0.8248,-1,-1,-1
789,116,1097.29,607.59,76.32,250.30,0.8104,-1,-1,-1
789,136,1097.29,607.59,76.32,250.30,0.8104,-1,-1,-1
789,140,288.95,500.47,78.53,228.26,0.8362,-1,-1,-1
789,109,397.32,230.55,51.25,166.67,0.4120,-1,-1,-1
789,108,1572.27,595.18,102.46,228.90,0.7180,-1,-1,-1
789,121,441.38,220.86,63.02,187.60,0.4778,-1,-1,-1
789,146,394.14,224.57,58.83,174.13,0.3715,-1,-1,-1
790,3,1723.90,451.31,72.14,213.02,0.8156,-1,-1,-1
790,91,288.95,501.62,78.96,225.51,0.8297,-1,-1,-1
790,111,592.01,582.41,76.13,235.75,0.6869,-1,-1,-1
790,106,879.06,953.83,78.32,126.24,0.7606,-1,-1,-1
790,113,1030.93,629.67,72.07,226.88,0.8156,-1,-1,-1
790,116,1095.01,607.55,77.52,250.83,0.7811,-1,-1,-1
790,136,1095.01,607.55,77.52,250.83,0.7811,-1,-1,-1
790,140,288.95,501.62,78.96,225.51,0.8297,-1,-1,-1
790,109,398.57,232.35,50.52,166.48,0.3561,-1,-1,-1
790,108,1572.14,594.84,102.35,228.85,0.7321,-1,-1,-1
790,121,441.75,220.79,62.27,188.05,0.3705,-1,-1,-1
790,146,398.22,230.98,52.04,168.23,0.3561,-1,-1,-1
790,147,470.97,69.42,63.45,188.94,0.3577,-1,-1,-1
791,3,1723.18,451.25,72.85,213.49,0.8207,-1,-1,-1
791,91,288.72,502.49,79.24,225.03,0.8294,-1,-1,-1
791,111,594.25,583.55,76.93,234.44,0.6958,-1,-1,-1
791,106,880.24,953.47,76.35,126.61,0.7901,-1,-1,-1
791,113,1029.23,626.57,72.56,226.66,0.4771,-1,-1,-1
791,116,1092.79,607.26,79.77,252.13,0.6545,-1,-1,-1
791,136,1092.83,605.69,80.01,252.66,0.2782,-1,-1,-1
791,140,288.72,502.49,79.24,225.03,0.8294,-1,-1,-1
791,109,398.05,232.72,50.72,166.95,0.4276,-1,-1,-1
791,108,1571.47,594.21,102.08,229.62,0.7687,-1,-1,-1
791,121,441.65,221.15,61.72,187.92,0.4976,-1,-1,-1
791,146,398.32,232.72,50.39,166.90,0.4276,-1,-1,-1
791,147,471.29,69.64,63.48,187.69,0.3497,-1,-1,-1
792,3,1723.10,451.56,73.35,213.02,0.8424,-1,-1,-1
792,91,288.44,503.48,79.41,224.53,0.8327,-1,-1,-1
792,111,595.71,584.41,77.45,233.46,0.7116,-1,-1,-1
792,106,881.30,952.98,74.28,127.05,0.7856,-1,-1,-1
792,113,1027.55,623.73,72.59,232.61,0.8278,-1,-1,-1
792,116,1091.46,605.47,82.09,254.28,0.7254,-1,-1,-1
792,136,1091.47,604.87,82.18,254.48,0.7254,-1,-1,-1
792,140,288.44,503.48,79.41,224.53,0.8327,-1,-1,-1
792,109,397.20,234.33,51.65,167.36,0.4253,-1,-1,-1
792,108,1570.32,591.84,103.10,231.93,0.7425,-1,-1,-1
792,121,441.79,222.89,61.00,187.24,0.4628,-1,-1,-1
792,146,394.86,230.21,56.71,172.92,0.4505,-1,-1,-1
792,147,470.61,68.97,64.58,190.89,0.3078,-1,-1,-1
793,3,1723.42,451.75,72.83,212.57,0.8313,-1,-1,-1
793,91,288.56,505.92,79.32,225.39,0.8148,-1,-1,-1
793,111,598.28,585.58,76.15,229.80,0.7124,-1,-1,-1
793,106,881.67,952.19,73.06,127.85,0.6927,-1,-1,-1
793,113,1025.36,620.62,73.19,239.05,0.8333,-1,-1,-1
793,116,1090.83,604.39,82.72,255.29,0.7511,-1,-1,-1
793,136,1090.84,604.17,82.76,255.36,0.7511,-1,-1,-1
793,140,288.56,505.92,79.32,225.39,0.8148,-1,-1,-1
793,109,396.18,236.33,51.85,167.67,0.4860,-1,-1,-1
793,108,1570.17,592.57,103.11,231.10,0.7681,-1,-1,-1
793,121,441.86,224.14,59.82,186.34,0.4543,-1,-1,-1
793,146,393.56,231.05,57.97,174.34,0.4486,-1,-1,-1
793,147,469.79,68.96,65.79,194.18,0.3061,-1,-1,-1
794,3,1722.87,451.29,73.56,212.98,0.8405,-1,-1,-1
794,91,288.59,508.73,78.36,227.58,0.8092,-1,-1,-1
794,111,600.79,585.19,74.87,235.77,0.6382,-1,-1,-1
794,106,882.04,950.77,70.48,129.26,0.7278,-1,-1,-1
794,113,1023.12,618.87,74.45,242.25,0.7747,-1,-1,-1
794,116,1089.34,604.46,84.60,255.18,0.7592,-1,-1,-1
794,136,1089.34,604.38,84.62,255.20,0.7592,-1,-1,-1
794,140,288.59,508.73,78.36,227.58,0.8092,-1,-1,-1
794,109,397.25,237.88,50.19,166.65,0.4811,-1,-1,-1
794,108,1570.19,591.26,103.14,232.46,0.7487,-1,-1,-1
794,121,440.49,225.42,61.08,186.02,0.5499,-1,-1,-1
794,146,396.47,236.28,52.09,168.77,0.4811,-1,-1,-1
794,147,468.84,69.24,67.09,194.91,0.3216,-1,-1,-1
794,149,443.30,230.90,56.20,182.25,0.3683,-1,-1,-1
795,3,1722.67,451.80,73.60,211.77,0.8436,-1,-1,-1
795,91,288.63,510.69,76.91,230.56,0.8165,-1,-1,-1
795,111,603.24,584.14,73.72,258.83,0.5658,-1,-1,-1
795,106,882.70,949.41,67.09,130.50,0.7073,-1,-1,-1
795,113,1020.21,616.48,75.62,244.57,0.8364,-1,-1,-1
795,116,1087.47,603.98,85.98,256.01,0.8410,-1,-1,-1
795,136,1087.47,603.95,85.98,256.02,0.8410,-1,-1,-1
795,140,288.63,510.69,76.91,230.56,0.8165,-1,-1,-1
795,109,396.67,238.58,50.46,168.42,0.4415,-1,-1,-1
795,108,1569.65,590.53,104.02,233.64,0.7542,-1,-1,-1
795,121,438.77,224.09,62.72,187.68,0.5249,-1,-1,-1
795,146,394.31,234.09,55.90,174.66,0.4041,-1,-1,-1
795,147,469.43,70.14,67.26,195.00,0.3663,-1,-1,-1
795,149,442.69,228.58,57.58,184.27,0.2861,-1,-1,-1
796,3,1723.36,451.51,73.33,212.06,0.8410,-1,-1,-1
796,91,288.77,513.21,76.29,232.74,0.8429,-1,-1,-1
796,111,606.29,584.73,72.74,276.51,0.5375,-1,-1,-1
796,106,882.75,948.77,65.07,131.20,0.7064,-1,-1,-1
796,113,1018.04,617.14,75.45,242.49,0.8499,-1,-1,-1
796,116,1086.31,603.02,84.34,255.14,0.8695,-1,-1,-1
796,136,1086.31,603.02,84.34,255.14,0.8695,-1,-1,-1
796,140,288.77,513.21,76.29,232.74,0.8429,-1,-1,-1
796,109,396.20,240.11,50.52,168.58,0.5699,-1,-1,-1
796,108,1570.58,589.17,103.41,235.28,0.6947,-1,-1,-1
796,121,439.84,225.71,61.55,186.99,0.5688,-1,-1,-1
796,146,393.19,235.31,56.68,174.98,0.4336,-1,-1,-1
796,147,468.74,71.89,69.05,191.61,0.3135,-1,-1,-1
796,149,441.06,226.47,60.33,186.35,0.5688,-1,-1,-1
797,3,1723.66,450.90,73.26,213.64,0.8355,-1,-1,-1
797,91,288.74,515.62,75.34,233.29,0.8448,-1,-1,-1
797,111,609.38,584.73,70.72,282.67,0.4721,-1,-1,-1
797,106,882.17,947.66,65.04,132.33,0.4142,-1,-1,-1
797,113,1016.07,616.71,74.91,244.87,0.8506,-1,-1,-1
797,116,1085.46,601.02,82.06,255.51,0.8741,-1,-1,-1
797,136,1085.46,601.03,82.06,255.51,0.8741,-1,-1,-1
797,140,288.74,515.62,75.34,233.29,0.8448,-1,-1,-1
797,109,396.44,239.76,50.48,169.94,0.5133,-1,-1,-1
797,108,1569.91,587.19,104.28,236.86,0.5899,-1,-1,-1
797,121,442.14,227.32,58.53,187.04,0.4862,-1,-1,-1
797,146,393.21,234.98,56.81,177.58,0.5345,-1,-1,-1
797,149,442.59,227.03,58.39,187.30,0.4862,-1,-1,-1
798,3,1723.75,450.94,72.99,213.24,0.8403,-1,-1,-1
798,91,288.18,516.82,75.70,235.40,0.8558,-1,-1,-1
798,111,611.77,585.25,68.37,280.64,0.4465,-1,-1,-1
798,106,882.11,945.88,63.26,134.08,0.3193,-1,-1,-1
798,113,1014.80,616.45,74.49,245.20,0.8514,-1,-1,-1
798,116,1084.10,599.06,81.30,255.12,0.8669,-1,-1,-1
798,136,1084.10,599.07,81.30,255.12,0.8669,-1,-1,-1
798,140,288.18,516.82,75.70,235.40,0.8558,-1,-1,-1
798,109,396.57,238.35,50.83,172.09,0.4773,-1,-1,-1
798,108,1571.53,589.79,102.57,234.36,0.7471,-1,-1,-1
798,121,442.58,227.61,57.79,189.63,0.4971,-1,-1,-1
798,146,393.57,233.18,56.99,181.18,0.5478,-1,-1,-1
798,149,442.71,226.98,58.01,190.33,0.4971,-1,-1,-1
799,3,1724.27,451.20,71.98,212.77,0.8311,-1,-1,-1
799,91,287.58,519.42,75.67,234.37,0.8583,-1,-1,-1
799,106,882.24,944.50,61.56,135.42,0.5018,-1,-1,-1
799,113,1014.20,615.89,72.75,245.24,0.7180,-1,-1,-1
799,116,1082.66,595.78,80.05,253.47,0.8495,-1,-1,-1
799,136,1082.66,595.79,80.05,253.46,0.8495,-1,-1,-1
799,140,287.58,519.42,75.67,234.37,0.8583,-1,-1,-1
799,109,396.08,238.94,51.35,172.53,0.5405,-1,-1,-1
799,108,1571.10,585.95,103.26,238.36,0.6709,-1,-1,-1
799,121,442.66,230.48,58.02,189.25,0.5693,-1,-1,-1
799,146,393.22,234.07,57.16,180.18,0.5799,-1,-1,-1
799,149,442.67,229.97,58.37,189.88,0.5693,-1,-1,-1
800,3,1723.86,451.45,72.26,211.85,0.8268,-1,-1,-1
800,91,286.37,522.43,75.76,236.12,0.8630,-1,-1,-1
800,106,882.52,943.39,60.51,136.59,0.4972,-1,-1,-1
800,113,1012.52,615.15,73.03,244.83,0.8533,-1,-1,-1
800,116,1081.80,592.56,79.89,244.92,0.8368,-1,-1,-1
800,136,1081.80,592.57,79.89,244.92,0.8368,-1,-1,-1
800,140,286.37,522.43,75.76,236.12,0.8630,-1,-1,-1
800,109,394.06,238.61,53.64,173.19,0.4809,-1,-1,-1
800,108,1571.27,586.73,103.16,238.02,0.6583,-1,-1,-1
800,121,441.88,231.99,58.83,190.14,0.6583,-1,-1,-1
800,146,393.32,235.07,57.33,179.39,0.5946,-1,-1,-1
800,149,441.83,231.54,59.21,190.73,0.6583,-1,-1,-1
801,3,1723.27,451.74,72.66,212.40,0.8294,-1,-1,-1
801,91,284.79,523.76,76.07,236.42,0.8765,-1,-1,-1
801,106,882.74,942.59,59.76,137.41,0.5163,-1,-1,-1
801,113,1009.55,613.58,73.83,244.84,0.8816,-1,-1,-1
801,116,1079.06,589.69,80.73,236.94,0.8723,-1,-1,-1
801,136,1079.06,589.70,80.73,236.94,0.8723,-1,-1,-1
801,140,284.79,523.76,76.07,236.42,0.8765,-1,-1,-1
801,109,394.35,239.10,53.65,172.55,0.4867,-1,-1,-1
801,121,441.04,234.18,59.50,190.36,0.5997,-1,-1,-1
801,146,394.17,235.41,56.84,179.19,0.5173,-1,-1,-1
801,149,440.97,233.82,59.86,190.87,0.5997,-1,-1,-1
802,3,1723.09,451.37,72.81,212.05,0.8297,-1,-1,-1
802,91,283.40,524.84,75.75,235.36,0.8711,-1,-1,-1
802,106,883.12,941.59,58.25,138.36,0.5348,-1,-1,-1
802,113,1008.27,612.00,73.97,245.31,0.8654,-1,-1,-1
802,116,1077.03,586.61,79.47,231.25,0.8689,-1,-1,-1
802,136,1077.03,586.62,79.47,231.25,0.8689,-1,-1,-1
802,140,283.40,524.84,75.75,235.36,0.8711,-1,-1,-1
802,109,392.48,239.53,55.56,170.39,0.4934,-1,-1,-1
802,121,440.92,235.69,59.44,190.10,0.5800,-1,-1,-1
802,146,393.10,235.82,57.63,178.18,0.4528,-1,-1,-1
802,149,440.85,235.40,59.76,190.53,0.5800,-1,-1,-1
802,108,1569.84,589.53,106.36,236.61,0.5433,-1,-1,-1
803,3,1722.92,451.95,72.82,212.20,0.8266,-1,-1,-1
803,91,282.17,525.90,76.22,234.76,0.8662,-1,-1,-1
803,106,882.53,941.89,57.59,138.10,0.5901,-1,-1,-1
803,113,1006.37,609.56,74.98,246.62,0.8553,-1,-1,-1
803,116,1076.33,583.97,77.16,232.73,0.8758,-1,-1,-1
803,136,1076.33,583.97,77.16,232.73,0.8758,-1,-1,-1
803,140,282.17,525.90,76.22,234.76,0.8662,-1,-1,-1
803,109,391.91,239.48,55.59,169.74,0.5085,-1,-1,-1
803,121,440.34,237.29,59.59,189.24,0.5351,-1,-1,-1
803,146,392.59,236.04,57.70,177.19,0.3640,-1,-1,-1
803,149,440.27,237.04,59.88,189.58,0.5351,-1,-1,-1
803,108,1567.24,589.92,108.03,236.30,0.3280,-1,-1,-1
804,3,1722.71,451.96,72.96,212.43,0.8329,-1,-1,-1
804,91,281.24,527.08,75.42,233.18,0.8620,-1,-1,-1
804,106,881.88,941.14,58.13,138.86,0.6486,-1,-1,-1
804,113,1004.33,606.42,75.09,245.64,0.8262,-1,-1,-1
804,116,1075.48,580.75,75.41,235.62,0.8525,-1,-1,-1
804,136,1075.48,580.76,75.41,235.62,0.8525,-1,-1,-1
804,140,281.24,527.08,75.42,233.18,0.8620,-1,-1,-1
804,109,393.09,240.20,54.03,168.39,0.5298,-1,-1,-1
804,121,440.53,238.42,59.57,188.88,0.5614,-1,-1,-1
804,146,393.42,239.06,54.64,170.97,0.5298,-1,-1,-1
804,149,440.48,238.21,59.82,189.17,0.5614,-1,-1,-1
804,108,1567.46,589.49,109.58,236.64,0.5376,-1,-1,-1
805,3,1722.02,452.34,73.88,212.54,0.8252,-1,-1,-1
805,91,279.50,527.89,76.26,232.36,0.8693,-1,-1,-1
805,106,881.81,939.80,58.42,140.24,0.6411,-1,-1,-1
805,113,1002.54,603.01,73.26,241.49,0.8371,-1,-1,-1
805,116,1074.76,578.29,74.36,239.78,0.8637,-1,-1,-1
805,136,1074.76,578.30,74.36,239.78,0.8637,-1,-1,-1
805,140,279.50,527.89,76.26,232.36,0.8693,-1,-1,-1
805,109,392.94,241.60,53.37,168.49,0.3989,-1,-1,-1
805,121,440.54,239.15,59.79,188.29,0.6036,-1,-1,-1
805,146,393.13,241.34,53.42,169.23,0.3989,-1,-1,-1
805,149,440.50,238.96,60.01,188.53,0.6036,-1,-1,-1
805,108,1567.91,588.85,108.52,237.34,0.6198,-1,-1,-1
806,3,1722.02,452.07,74.09,212.48,0.8368,-1,-1,-1
806,91,277.94,528.78,77.27,231.51,0.8708,-1,-1,-1
806,106,881.68,938.82,58.74,141.26,0.6385,-1,-1,-1
806,113,1000.47,600.07,72.26,238.76,0.8442,-1,-1,-1
806,116,1074.91,575.96,72.92,243.16,0.8771,-1,-1,-1
806,136,1074.91,575.96,72.92,243.15,0.8771,-1,-1,-1
806,140,277.94,528.78,77.27,231.51,0.8708,-1,-1,-1
806,109,391.10,238.80,55.27,172.49,0.4178,-1,-1,-1
806,146,391.19,238.80,55.17,172.61,0.4178,-1,-1,-1
807,3,1722.01,452.43,74.20,212.85,0.8280,-1,-1,-1
807,91,277.21,529.54,77.66,230.16,0.8636,-1,-1,-1
807,106,881.58,937.82,58.21,142.22,0.6068,-1,-1,-1
807,113,998.43,597.51,71.62,235.74,0.8435,-1,-1,-1
807,116,1074.04,574.51,72.77,244.17,0.8741,-1,-1,-1
807,136,1074.04,574.52,72.77,244.17,0.8741,-1,-1,-1
807,140,277.21,529.54,77.66,230.17,0.8636,-1,-1,-1
807,109,391.34,238.22,54.93,175.30,0.3470,-1,-1,-1
807,146,391.05,237.01,57.57,178.69,0.3849,-1,-1,-1
807,108,1569.75,592.00,105.89,232.46,0.5700,-1,-1,-1
808,3,1722.10,452.36,74.22,212.53,0.8220,-1,-1,-1
808,91,276.83,530.57,77.38,228.93,0.8662,-1,-1,-1
808,106,881.56,937.00,57.86,143.01,0.6142,-1,-1,-1
808,113,997.61,595.43,70.08,232.24,0.8564,-1,-1,-1
808,116,1071.84,573.49,74.24,244.42,0.8706,-1,-1,-1
808,136,1071.84,573.49,74.24,244.42,0.8706,-1,-1,-1
808,140,276.84,530.57,77.38,228.93,0.8662,-1,-1,-1
808,109,392.75,243.51,52.71,173.72,0.3448,-1,-1,-1
808,146,392.66,243.13,53.65,174.88,0.3448,-1,-1,-1
808,108,1570.72,593.06,104.85,231.22,0.6918,-1,-1,-1
808,121,441.59,239.93,59.36,187.63,0.4370,-1,-1,-1
809,3,1722.40,452.27,73.83,212.90,0.8240,-1,-1,-1
809,91,275.90,531.84,77.77,228.40,0.8510,-1,-1,-1
809,106,881.67,937.00,57.49,143.05,0.6297,-1,-1,-1
809,113,996.65,593.85,68.12,233.16,0.8710,-1,-1,-1
809,116,1069.35,573.07,75.97,245.32,0.8804,-1,-1,-1
809,136,1069.35,573.08,75.97,245.31,0.8804,-1,-1,-1
809,140,275.90,531.84,77.77,228.40,0.8510,-1,-1,-1
809,109,391.43,245.17,57.26,176.56,0.4259,-1,-1,-1
809,146,391.41,245.14,57.54,176.87,0.4259,-1,-1,-1
809,108,1570.60,595.13,103.86,228.95,0.7343,-1,-1,-1
809,121,439.52,238.34,61.90,189.13,0.4644,-1,-1,-1
810,3,1722.69,451.79,73.61,213.62,0.8278,-1,-1,-1
810,91,275.53,533.34,77.63,228.73,0.8379,-1,-1,-1
810,106,881.21,936.52,58.18,143.51,0.6681,-1,-1,-1
810,113,995.35,592.33,67.28,235.18,0.8736,-1,-1,-1
810,116,1066.79,572.89,77.33,244.52,0.8723,-1,-1,-1
810,136,1066.79,572.89,77.33,244.52,0.8723,-1,-1,-1
810,140,275.53,533.34,77.63,228.73,0.8379,-1,-1,-1
810,109,389.99,249.36,59.75,176.35,0.4325,-1,-1,-1
810,146,390.01,249.46,59.78,176.33,0.4325,-1,-1,-1
810,108,1570.55,596.57,103.93,227.55,0.7264,-1,-1,-1
810,121,439.67,240.36,61.82,187.61,0.4799,-1,-1,-1
811,3,1722.82,451.63,73.25,212.87,0.8204,-1,-1,-1
811,91,275.27,535.12,77.86,230.94,0.8618,-1,-1,-1
811,106,880.28,935.99,60.40,144.03,0.7004,-1,-1,-1
811,113,993.09,591.75,66.83,235.77,0.8841,-1,-1,-1
811,116,1065.56,571.64,77.50,245.37,0.8741,-1,-1,-1
811,136,1065.56,571.65,77.50,245.37,0.8741,-1,-1,-1
811,140,275.27,535.12,77.86,230.94,0.8618,-1,-1,-1
811,109,390.17,251.19,60.41,177.08,0.3949,-1,-1,-1
811,146,390.20,251.31,60.34,176.96,0.3949,-1,-1,-1
811,108,1571.09,598.73,103.13,225.24,0.7645,-1,-1,-1
811,121,439.04,240.27,62.69,188.58,0.3966,-1,-1,-1
812,3,1723.54,451.30,72.92,213.42,0.8212,-1,-1,-1
812,91,274.80,536.99,77.80,232.27,0.8322,-1,-1,-1
812,106,879.83,935.76,60.91,144.23,0.6994,-1,-1,-1
812,113,991.74,591.30,65.90,237.12,0.8756,-1,-1,-1
812,116,1064.12,570.58,76.28,245.36,0.8562,-1,-1,-1
812,136,1064.12,570.58,76.28,245.36,0.8562,-1,-1,-1
812,140,274.80,536.99,77.80,232.27,0.8322,-1,-1,-1
812,109,390.07,254.52,57.81,174.66,0.4453,-1,-1,-1
812,146,390.11,254.65,57.69,174.50,0.4453,-1,-1,-1
812,108,1571.74,596.35,102.19,227.29,0.6959,-1,-1,-1
812,121,439.84,241.80,61.54,187.08,0.4609,-1,-1,-1
813,3,1723.71,451.21,72.79,213.47,0.8258,-1,-1,-1
813,91,273.94,538.68,78.01,235.51,0.8588,-1,-1,-1
813,106,879.10,935.91,61.95,144.15,0.7096,-1,-1,-1
813,113,989.11,591.11,66.59,237.84,0.8801,-1,-1,-1
813,116,1063.59,569.12,74.23,247.20,0.7879,-1,-1,-1
813,136,1063.61,569.94,74.19,245.77,0.4719,-1,-1,-1
813,140,273.94,538.68,78.01,235.51,0.8588,-1,-1,-1
813,109,389.32,256.44,56.65,175.86,0.4880,-1,-1,-1
813,146,389.36,256.56,56.52,175.71,0.4880,-1,-1,-1
813,108,1571.34,597.66,103.29,226.15,0.7087,-1,-1,-1
813,121,438.39,244.70,63.22,183.78,0.3636,-1,-1,-1
814,3,1724.11,451.66,72.50,212.80,0.8266,-1,-1,-1
814,91,272.96,540.29,78.50,234.77,0.8595,-1,-1,-1
814,106,878.37,935.69,62.30,144.29,0.6900,-1,-1,-1
814,113,986.91,590.08,66.59,236.53,0.8790,-1,-1,-1
814,116,1062.94,567.07,73.21,244.09,0.7462,-1,-1,-1
814,136,1062.95,567.38,73.19,243.54,0.7462,-1,-1,-1
814,140,272.96,540.29,78.50,234.77,0.8595,-1,-1,-1
814,109,389.02,258.07,54.80,177.21,0.4697,-1,-1,-1
814,146,389.05,258.17,54.68,177.07,0.4697,-1,-1,-1
814,108,1571.62,598.12,102.75,226.02,0.7350,-1,-1,-1
814,121,438.50,244.04,62.66,185.48,0.4749,-1,-1,-1
815,3,1724.21,452.10,72.35,211.94,0.8291,-1,-1,-1
815,91,272.33,542.33,78.52,234.62,0.8798,-1,-1,-1
815,106,878.31,935.44,62.33,144.55,0.7003,-1,-1,-1
815,113,985.64,589.84,66.51,234.06,0.8784,-1,-1,-1
815,116,1062.42,564.93,70.86,236.65,0.7964,-1,-1,-1
815,136,1062.42,565.04,70.86,236.45,0.7964,-1,-1,-1
815,140,272.33,542.33,78.52,234.62,0.8798,-1,-1,-1
815,109,388.17,260.19,54.61,176.06,0.4963,-1,-1,-1
815,146,388.20,260.28,54.50,175.93,0.4963,-1,-1,-1
815,108,1571.91,597.55,103.29,226.44,0.7350,-1,-1,-1
815,121,437.69,244.75,63.82,187.41,0.3819,-1,-1,-1
816,3,1724.66,451.63,71.68,212.93,0.8283,-1,-1,-1
816,91,271.41,545.00,79.32,236.81,0.8812,-1,-1,-1
816,106,877.51,934.77,62.73,145.18,0.7306,-1,-1,-1
816,113,983.84,589.38,67.30,229.46,0.8753,-1,-1,-1
816,116,1061.91,563.77,68.60,231.96,0.8834,-1,-1,-1
816,136,1061.91,563.81,68.60,231.90,0.8834,-1,-1,-1
816,140,271.41,545.00,79.32,236.81,0.8812,-1,-1,-1
816,109,387.89,261.93,54.61,175.05,0.5054,-1,-1,-1
816,146,387.91,262.01,54.52,174.94,0.5054,-1,-1,-1
816,108,1572.40,597.58,102.44,226.50,0.7483,-1,-1,-1
816,121,437.85,248.20,63.27,187.44,0.5588,-1,-1,-1
817,3,1724.35,451.75,71.88,212.44,0.8325,-1,-1,-1
817,91,270.87,547.86,79.87,235.71,0.8836,-1,-1,-1
817,106,876.81,934.49,62.31,145.43,0.7362,-1,-1,-1
817,113,982.24,588.36,66.89,224.47,0.8890,-1,-1,-1
817,116,1059.68,562.30,67.13,228.61,0.8829,-1,-1,-1
817,136,1059.68,562.31,67.13,228.59,0.8829,-1,-1,-1
817,140,270.87,547.86,79.87,235.71,0.8836,-1,-1,-1
817,109,387.15,263.23,55.47,173.10,0.5444,-1,-1,-1
817,146,387.16,263.30,55.39,173.00,0.5444,-1,-1,-1
817,108,1571.56,598.35,103.20,225.65,0.7393,-1,-1,-1
817,121,438.97,252.01,61.53,185.98,0.5863,-1,-1,-1
817,153,1629.86,2.56,46.23,136.35,0.4344,-1,-1,-1
818,3,1723.59,451.45,72.59,213.65,0.8239,-1,-1,-1
818,91,271.28,550.29,79.67,237.85,0.8789,-1,-1,-1
818,106,875.54,934.15,63.07,145.81,0.7792,-1,-1,-1
818,113,980.60,587.19,66.47,218.22,0.8797,-1,-1,-1
818,116,1056.77,560.17,67.61,228.16,0.8797,-1,-1,-1
818,136,1056.77,560.17,67.61,228.16,0.8797,-1,-1,-1
818,140,271.28,550.29,79.67,237.85,0.8789,-1,-1,-1
818,109,386.33,264.14,55.11,172.08,0.5157,-1,-1,-1
818,146,386.34,264.21,55.04,171.99,0.5157,-1,-1,-1
818,108,1570.33,595.57,104.04,228.81,0.7354,-1,-1,-1
818,121,439.15,256.47,60.63,184.13,0.5457,-1,-1,-1
819,3,1723.72,451.79,72.45,213.13,0.8235,-1,-1,-1
819,91,271.86,551.87,78.92,238.36,0.8644,-1,-1,-1
819,106,874.29,934.57,64.67,145.41,0.7855,-1,-1,-1
819,113,978.83,585.95,65.17,215.50,0.8130,-1,-1,-1
819,116,1053.24,556.62,69.78,230.95,0.8955,-1,-1,-1
819,136,1053.24,556.62,69.78,230.96,0.8955,-1,-1,-1
819,140,271.86,551.87,78.92,238.36,0.8644,-1,-1,-1
819,109,386.28,265.68,52.77,168.23,0.4129,-1,-1,-1
819,146,385.54,264.10,55.11,171.53,0.5149,-1,-1,-1
819,108,1570.93,597.13,102.72,227.20,0.7774,-1,-1,-1
819,121,437.95,257.56,61.00,184.94,0.6284,-1,-1,-1
820,3,1723.76,452.21,72.46,213.05,0.8213,-1,-1,-1
820,91,272.73,552.65,77.96,238.99,0.8692,-1,-1,-1
820,106,873.60,934.92,64.02,145.02,0.7747,-1,-1,-1
820,113,976.40,581.28,66.19,218.92,0.8460,-1,-1,-1
820,116,1048.45,554.38,72.92,232.98,0.8911,-1,-1,-1
820,136,1048.45,554.38,72.92,232.99,0.8911,-1,-1,-1
820,140,272.73,552.65,77.96,238.99,0.8692,-1,-1,-1
820,109,384.50,264.94,55.54,170.80,0.5571,-1,-1,-1
820,146,384.26,264.39,56.33,171.97,0.5571,-1,-1,-1
820,108,1571.08,597.05,102.95,227.04,0.7711,-1,-1,-1
820,121,437.45,260.33,61.69,183.63,0.6901,-1,-1,-1
821,3,1723.96,451.82,72.39,213.40,0.8136,-1,-1,-1
821,91,272.88,553.25,78.06,238.21,0.8569,-1,-1,-1
821,106,873.47,934.95,63.95,145.02,0.7795,-1,-1,-1
821,113,974.32,578.09,66.89,220.90,0.8570,-1,-1,-1
821,116,1045.06,552.60,76.19,234.55,0.8973,-1,-1,-1
821,136,1045.06,552.59,76.19,234.56,0.8973,-1,-1,-1
821,140,272.88,553.25,78.06,238.21,0.8569,-1,-1,-1
821,109,383.03,264.30,56.76,172.42,0.5740,-1,-1,-1
821,146,382.95,264.12,57.03,172.81,0.5740,-1,-1,-1
821,108,1570.99,597.58,102.79,226.51,0.7619,-1,-1,-1
821,121,435.90,260.99,63.50,185.05,0.7044,-1,-1,-1
822,3,1723.52,452.33,73.14,213.00,0.8255,-1,-1,-1
822,91,272.92,554.39,78.72,237.59,0.8460,-1,-1,-1
822,106,872.98,935.57,64.43,144.44,0.7759,-1,-1,-1
822,113,972.06,575.59,67.38,216.51,0.8736,-1,-1,-1
822,116,1042.24,551.20,79.07,236.47,0.8914,-1,-1,-1
822,136,1042.24,551.19,79.07,236.47,0.8914,-1,-1,-1
822,140,272.92,554.39,78.72,237.59,0.8460,-1,-1,-1
822,109,383.53,263.52,56.13,173.15,0.5377,-1,-1,-1
822,146,383.51,263.48,56.19,173.25,0.5377,-1,-1,-1
822,108,1572.16,597.32,101.91,226.54,0.7881,-1,-1,-1
822,121,435.58,262.39,64.21,184.20,0.6752,-1,-1,-1
823,3,1723.18,452.53,73.19,212.93,0.8334,-1,-1,-1
823,91,273.10,555.23,78.94,236.61,0.8527,-1,-1,-1
823,106,872.38,936.32,64.27,143.68,0.7735,-1,-1,-1
823,113,970.42,572.46,67.79,222.38,0.8856,-1,-1,-1
823,116,1040.72,549.97,81.61,239.58,0.8820,-1,-1,-1
823,136,1040.72,549.97,81.61,239.58,0.8820,-1,-1,-1
823,140,273.10,555.23,78.94,236.61,0.8527,-1,-1,-1
823,109,381.94,265.74,57.72,170.97,0.5909,-1,-1,-1
823,146,381.94,265.75,57.70,170.96,0.5909,-1,-1,-1
823,108,1571.72,596.67,102.29,227.07,0.7499,-1,-1,-1
823,121,437.19,263.72,62.85,183.36,0.6605,-1,-1,-1
824,3,1723.25,452.41,73.10,213.10,0.8178,-1,-1,-1
824,91,272.87,555.86,79.70,236.04,0.8447,-1,-1,-1
824,106,871.50,936.68,65.11,143.26,0.7845,-1,-1,-1
824,113,967.77,568.87,68.64,228.91,0.8747,-1,-1,-1
824,116,1037.37,548.35,86.04,242.50,0.8674,-1,-1,-1
824,136,1037.37,548.34,86.04,242.50,0.8674,-1,-1,-1
824,140,272.87,555.86,79.70,236.04,0.8447,-1,-1,-1
824,109,382.17,267.74,57.15,169.64,0.6149,-1,-1,-1
824,146,382.19,267.77,57.11,169.59,0.6149,-1,-1,-1
824,108,1571.31,597.14,103.23,226.85,0.7198,-1,-1,-1
824,121,437.43,265.01,62.56,182.28,0.6788,-1,-1,-1
825,3,1722.30,452.45,73.95,212.83,0.8175,-1,-1,-1
825,91,272.46,557.36,80.39,234.24,0.8474,-1,-1,-1
825,106,870.62,937.38,65.16,142.62,0.7521,-1,-1,-1
825,113,966.17,566.63,68.08,231.92,0.8830,-1,-1,-1
825,116,1035.55,547.84,90.30,244.66,0.8632,-1,-1,-1
825,136,1035.55,547.84,90.30,244.66,0.8632,-1,-1,-1
825,140,272.46,557.36,80.39,234.24,0.8474,-1,-1,-1
825,109,381.99,268.83,56.78,170.18,0.6442,-1,-1,-1
825,146,382.01,268.87,56.74,170.13,0.6442,-1,-1,-1
825,108,1572.06,599.08,101.70,224.74,0.7515,-1,-1,-1
825,121,437.21,266.06,62.59,181.70,0.6816,-1,-1,-1
825,155,789.20,133.61,66.74,179.22,0.3637,-1,-1,-1
826,3,1721.54,452.13,74.91,212.89,0.8328,-1,-1,-1
826,91,272.26,559.27,80.81,232.25,0.8577,-1,-1,-1
826,106,869.17,937.85,66.35,142.20,0.7616,-1,-1,-1
826,113,963.94,565.01,68.12,233.93,0.8837,-1,-1,-1
826,116,1034.48,547.22,92.00,243.70,0.8537,-1,-1,-1
826,136,1034.48,547.21,92.00,243.71,0.8537,-1,-1,-1
826,140,272.26,559.27,80.81,232.25,0.8577,-1,-1,-1
826,109,383.50,272.40,51.22,166.28,0.3644,-1,-1,-1
826,146,381.94,269.89,56.20,169.16,0.6033,-1,-1,-1
826,108,1572.73,598.11,101.39,225.40,0.7368,-1,-1,-1
826,121,436.07,266.46,63.41,181.67,0.6989,-1,-1,-1
826,155,790.20,132.06,66.34,180.91,0.3086,-1,-1,-1
827,3,1721.55,452.32,74.95,212.33,0.8256,-1,-1,-1
827,91,271.97,560.60,81.17,231.04,0.8606,-1,-1,-1
827,106,869.00,938.90,66.74,141.20,0.7673,-1,-1,-1
827,113,962.95,564.26,67.46,233.84,0.8755,-1,-1,-1
827,116,1033.23,546.44,92.91,243.02,0.8553,-1,-1,-1
827,136,1033.23,546.43,92.91,243.02,0.8553,-1,-1,-1
827,140,271.97,560.60,81.17,231.04,0.8606,-1,-1,-1
827,109,380.46,271.46,55.80,169.90,0.6323,-1,-1,-1
827,146,379.98,270.56,57.46,170.91,0.6323,-1,-1,-1
827,108,1572.19,597.93,102.55,225.60,0.7054,-1,-1,-1
827,121,435.96,266.68,63.40,182.09,0.6921,-1,-1,-1
827,155,789.62,131.51,67.17,181.56,0.3273,-1,-1,-1
827,153,1638.44,7.21,48.39,143.23,0.3736,-1,-1,-1
828,3,1721.60,452.48,74.64,212.35,0.8356,-1,-1,-1
828,91,271.94,562.08,81.03,230.60,0.8620,-1,-1,-1
828,106,868.63,939.36,66.75,140.70,0.7650,-1,-1,-1
828,113,960.60,563.35,68.20,234.36,0.8766,-1,-1,-1
828,116,1032.67,544.98,93.48,243.66,0.8719,-1,-1,-1
828,136,1032.67,544.97,93.48,243.66,0.8719,-1,-1,-1
828,140,271.94,562.08,81.03,230.60,0.8620,-1,-1,-1
828,109,377.21,271.64,58.24,173.25,0.6590,-1,-1,-1
828,146,377.02,271.33,58.84,173.60,0.6590,-1,-1,-1
828,108,1573.01,597.27,101.87,226.54,0.7002,-1,-1,-1
828,121,436.43,266.18,62.80,182.91,0.7304,-1,-1,-1
828,155,789.77,132.13,67.29,180.75,0.3175,-1,-1,-1
828,153,1639.81,9.22,47.91,142.26,0.2938,-1,-1,-1
829,3,1722.15,452.16,74.12,212.77,0.8341,-1,-1,-1
829,91,271.88,563.08,81.05,232.58,0.8664,-1,-1,-1
829,106,868.55,939.98,66.78,140.06,0.7708,-1,-1,-1
829,113,959.21,562.98,68.40,235.21,0.8614,-1,-1,-1
829,116,1031.68,543.28,93.07,244.22,0.8539,-1,-1,-1
829,136,1031.68,543.28,93.07,244.22,0.8539,-1,-1,-1
829,140,271.88,563.08,81.05,232.58,0.8664,-1,-1,-1
829,109,377.31,272.02,58.14,175.99,0.6892,-1,-1,-1
829,146,377.27,271.92,58.30,176.09,0.6892,-1,-1,-1
829,108,1572.49,597.07,102.41,226.38,0.7187,-1,-1,-1
829,121,436.87,266.35,62.26,183.26,0.7593,-1,-1,-1
829,155,791.69,132.84,66.46,180.22,0.2981,-1,-1,-1
830,3,1722.06,452.00,74.16,213.01,0.8423,-1,-1,-1
830,91,272.03,564.27,80.63,236.42,0.8688,-1,-1,-1
830,106,868.14,940.81,67.15,139.22,0.7588,-1,-1,-1
830,113,958.12,562.20,67.97,235.19,0.8489,-1,-1,-1
830,116,1031.65,541.42,92.94,245.25,0.8643,-1,-1,-1
830,136,1031.65,541.42,92.94,245.25,0.8643,-1,-1,-1
830,140,272.03,564.27,80.63,236.42,0.8688,-1,-1,-1
830,109,373.48,272.56,60.70,177.34,0.7024,-1,-1,-1
830,146,373.47,272.55,60.71,177.34,0.7024,-1,-1,-1
830,108,1572.67,595.44,101.81,228.01,0.7317,-1,-1,-1
830,121,435.91,266.69,63.14,183.44,0.7614,-1,-1,-1
830,155,794.23,133.58,63.98,179.94,0.3042,-1,-1,-1
831,3,1722.50,452.08,73.78,213.37,0.8320,-1,-1,-1
831,91,271.79,566.50,80.57,240.23,0.8738,-1,-1,-1
831,106,867.72,941.78,67.84,138.27,0.7529,-1,-1,-1
831,113,956.91,560.91,68.11,235.76,0.8431,-1,-1,-1
831,116,1031.19,539.21,92.39,246.29,0.8642,-1,-1,-1
831,136,1031.19,539.21,92.39,246.29,0.8642,-1,-1,-1
831,140,271.79,566.50,80.57,240.23,0.8738,-1,-1,-1
831,109,371.86,273.92,61.01,179.43,0.6602,-1,-1,-1
831,146,371.87,273.94,60.96,179.40,0.6602,-1,-1,-1
831,108,1573.34,594.56,100.80,229.03,0.7583,-1,-1,-1
831,121,435.53,266.99,63.19,183.95,0.7368,-1,-1,-1
831,155,796.40,133.67,62.39,180.25,0.3362,-1,-1,-1
832,3,1721.91,452.05,74.30,213.41,0.8432,-1,-1,-1
832,91,271.30,569.37,81.11,240.95,0.8840,-1,-1,-1
832,106,866.87,942.17,69.44,137.81,0.7196,-1,-1,-1
832,113,955.30,558.43,67.89,237.01,0.8262,-1,-1,-1
832,116,1030.39,536.10,88.89,245.00,0.8530,-1,-1,-1
832,136,1030.39,536.10,88.89,245.00,0.8530,-1,-1,-1
832,140,271.30,569.37,81.11,240.95,0.8840,-1,-1,-1
832,109,370.95,274.00,61.73,180.89,0.6465,-1,-1,-1
832,146,370.97,274.03,61.66,180.85,0.6465,-1,-1,-1
832,108,1573.80,593.55,100.79,229.90,0.7599,-1,-1,-1
832,121,435.40,267.20,63.35,184.61,0.7389,-1,-1,-1
832,155,797.22,133.90,62.26,180.54,0.3443,-1,-1,-1
833,3,1721.27,452.10,74.97,213.62,0.8407,-1,-1,-1
833,91,270.34,571.99,81.50,241.60,0.8823,-1,-1,-1
833,106,867.14,942.85,69.84,137.14,0.7393,-1,-1,-1
833,113,953.95,556.73,67.54,237.05,0.8360,-1,-1,-1
833,116,1030.00,533.89,86.45,235.71,0.8403,-1,-1,-1
833,136,1030.00,533.89,86.45,235.71,0.8403,-1,-1,-1
833,140,270.34,571.99,81.50,241.60,0.8823,-1,-1,-1
833,109,369.14,272.90,63.32,183.22,0.5580,-1,-1,-1
833,146,369.16,272.93,63.25,183.18,0.5580,-1,-1,-1
833,108,1573.32,592.05,101.12,231.43,0.7169,-1,-1,-1
833,121,435.12,267.13,63.45,187.24,0.7312,-1,-1,-1
833,155,797.79,134.51,61.82,179.48,0.3854,-1,-1,-1
834,3,1720.62,451.92,75.80,213.84,0.8366,-1,-1,-1
834,91,269.63,574.38,81.39,241.49,0.8469,-1,-1,-1
834,106,866.92,943.56,71.40,136.47,0.7594,-1,-1,-1
834,113,952.09,554.26,68.24,238.80,0.8380,-1,-1,-1
834,116,1030.19,529.84,84.12,233.35,0.8772,-1,-1,-1
834,136,1030.19,529.84,84.12,233.36,0.8772,-1,-1,-1
834,140,270.01,574.20,80.89,242.59,0.3734,-1,-1,-1
834,109,366.95,272.95,64.07,183.33,0.5235,-1,-1,-1
834,146,366.97,272.98,64.01,183.29,0.5235,-1,-1,-1
834,108,1572.67,591.23,102.37,232.33,0.7445,-1,-1,-1
834,121,435.29,267.27,62.84,190.09,0.7072,-1,-1,-1
834,155,798.44,134.84,62.07,179.62,0.3745,-1,-1,-1
835,3,1720.14,451.60,76.36,214.42,0.8288,-1,-1,-1
835,91,269.77,576.53,79.71,243.50,0.8764,-1,-1,-1
835,106,865.91,943.53,73.89,136.48,0.7517,-1,-1,-1
835,113,950.05,552.35,68.63,238.60,0.8380,-1,-1,-1
835,116,1030.02,526.77,81.71,232.20,0.8782,-1,-1,-1
835,136,1030.02,526.77,81.71,232.20,0.8782,-1,-1,-1
835,140,269.91,576.46,79.52,243.92,0.8764,-1,-1,-1
835,109,363.51,274.21,67.05,181.75,0.5709,-1,-1,-1
835,146,363.52,274.24,67.00,181.71,0.5709,-1,-1,-1
835,108,1571.75,590.02,103.33,233.59,0.7052,-1,-1,-1
835,121,437.17,269.09,61.62,191.01,0.7355,-1,-1,-1
835,155,798.87,134.91,62.60,178.86,0.3690,-1,-1,-1
836,3,1719.89,452.32,76.50,213.89,0.8269,-1,-1,-1
836,91,269.24,578.96,79.45,243.85,0.8764,-1,-1,-1
836,106,864.78,943.04,76.50,136.95,0.7853,-1,-1,-1
836,113,949.23,550.22,67.71,230.49,0.8524,-1,-1,-1
836,116,1031.29,523.82,77.78,233.03,0.8821,-1,-1,-1
836,136,1031.29,523.82,77.78,233.03,0.8821,-1,-1,-1
836,140,269.29,578.93,79.38,244.00,0.8764,-1,-1,-1
836,109,363.57,274.64,66.43,181.62,0.5970,-1,-1,-1
836,146,363.59,274.66,66.38,181.58,0.5970,-1,-1,-1
836,108,1571.34,591.42,103.65,232.48,0.7043,-1,-1,-1
836,121,437.91,270.90,60.83,191.68,0.7449,-1,-1,-1
836,155,800.99,134.40,61.38,179.80,0.3698,-1,-1,-1
837,3,1720.41,452.32,75.97,213.93,0.8283,-1,-1,-1
837,91,268.53,580.55,79.21,243.58,0.8683,-1,-1,-1
837,106,865.07,943.09,76.73,136.90,0.7754,-1,-1,-1
837,113,947.74,547.97,67.15,227.38,0.8514,-1,-1,-1
837,116,1032.16,520.92,74.00,233.73,0.8725,-1,-1,-1
837,136,1032.16,520.92,74.00,233.73,0.8725,-1,-1,-1
837,140,268.55,580.54,79.19,243.63,0.8683,-1,-1,-1
837,109,357.64,274.48,72.02,181.63,0.5524,-1,-1,-1
837,146,357.65,274.50,71.98,181.60,0.5524,-1,-1,-1
837,108,1570.26,590.79,105.79,233.35,0.6572,-1,-1,-1
837,121,439.06,273.85,59.50,190.79,0.7336,-1,-1,-1
837,155,799.98,134.43,63.19,179.79,0.3994,-1,-1,-1
838,3,1719.90,452.24,76.53,212.35,0.8321,-1,-1,-1
838,91,267.85,582.03,78.85,242.17,0.8512,-1,-1,-1
838,106,865.08,943.17,76.97,136.82,0.7675,-1,-1,-1
838,113,945.84,546.01,66.21,227.03,0.8617,-1,-1,-1
838,116,1033.50,519.51,71.36,234.16,0.8749,-1,-1,-1
838,136,1033.50,519.51,71.36,234.16,0.8749,-1,-1,-1
838,140,267.85,582.03,78.84,242.18,0.8512,-1,-1,-1
838,109,355.94,275.18,72.61,180.59,0.5993,-1,-1,-1
838,146,355.96,275.20,72.56,180.56,0.5993,-1,-1,-1
838,108,1571.34,592.13,104.50,231.68,0.7364,-1,-1,-1
838,121,436.39,273.67,62.07,192.75,0.7668,-1,-1,-1
838,155,801.39,134.46,62.81,180.00,0.3669,-1,-1,-1
839,3,1720.22,452.00,76.00,212.51,0.8363,-1,-1,-1
839,91,266.47,583.29,79.50,240.47,0.8139,-1,-1,-1
839,106,865.11,942.49,77.40,137.52,0.7624,-1,-1,-1
839,113,944.87,543.78,65.66,227.85,0.8539,-1,-1,-1
839,116,1033.92,519.00,70.16,234.54,0.8751,-1,-1,-1
839,136,1033.92,519.00,70.16,234.54,0.8751,-1,-1,-1
839,140,266.47,583.29,79.50,240.47,0.8139,-1,-1,-1
839,109,353.36,275.32,74.14,180.39,0.5922,-1,-1,-1
839,146,353.37,275.33,74.10,180.37,0.5922,-1,-1,-1
839,108,1571.25,592.60,105.29,230.98,0.6183,-1,-1,-1
839,121,436.23,275.60,61.78,192.08,0.7437,-1,-1,-1
839,155,802.06,135.79,63.52,179.05,0.3751,-1,-1,-1
840,3,1720.58,452.02,75.79,212.43,0.8404,-1,-1,-1
840,91,264.20,584.42,80.49,239.15,0.8128,-1,-1,-1
840,106,865.32,943.13,77.44,136.86,0.7505,-1,-1,-1
840,113,943.50,541.79,65.33,228.42,0.8507,-1,-1,-1
840,116,1033.65,518.62,69.69,233.85,0.8708,-1,-1,-1
840,136,1033.65,518.62,69.69,233.85,0.8708,-1,-1,-1
840,140,264.20,584.42,80.49,239.14,0.8128,-1,-1,-1
840,109,353.34,274.80,73.24,180.68,0.6675,-1,-1,-1
840,146,353.35,274.82,73.20,180.66,0.6675,-1,-1,-1
840,108,1570.81,594.51,105.94,229.30,0.6845,-1,-1,-1
840,121,435.17,274.86,63.01,193.28,0.7742,-1,-1,-1
840,155,804.20,136.54,62.03,177.92,0.4100,-1,-1,-1
840,143,311.69,190.03,50.81,161.43,0.3456,-1,-1,-1
841,3,1720.36,451.64,76.18,212.85,0.8272,-1,-1,-1
841,91,262.71,585.51,81.59,237.21,0.8395,-1,-1,-1
841,106,866.61,943.18,78.01,136.78,0.7682,-1,-1,-1
841,113,942.28,539.78,65.03,231.39,0.8536,-1,-1,-1
841,116,1032.30,518.24,69.64,233.32,0.8641,-1,-1,-1
841,136,1032.30,518.24,69.64,233.32,0.8641,-1,-1,-1
841,140,262.70,585.51,81.59,237.21,0.8395,-1,-1,-1
841,109,355.93,274.65,69.68,181.68,0.6571,-1,-1,-1
841,146,355.94,274.66,69.65,181.66,0.6571,-1,-1,-1
841,108,1571.35,595.05,105.43,229.16,0.7391,-1,-1,-1
841,121,435.69,274.21,61.51,194.02,0.7782,-1,-1,-1
841,155,803.37,135.91,63.72,177.25,0.4149,-1,-1,-1
841,143,311.83,188.75,51.12,163.10,0.2683,-1,-1,-1
842,3,1720.25,451.49,76.30,213.55,0.8137,-1,-1,-1
842,91,261.91,586.09,82.38,236.55,0.8492,-1,-1,-1
842,106,866.55,943.14,78.84,136.78,0.7497,-1,-1,-1
842,113,940.23,538.32,65.53,233.47,0.8553,-1,-1,-1
842,116,1028.67,517.24,72.09,233.02,0.8560,-1,-1,-1
842,136,1028.67,517.24,72.09,233.02,0.8560,-1,-1,-1
842,140,261.91,586.09,82.38,236.55,0.8492,-1,-1,-1
842,109,358.06,276.63,67.12,179.95,0.6693,-1,-1,-1
842,146,358.07,276.64,67.10,179.94,0.6693,-1,-1,-1
842,108,1572.45,595.68,104.58,228.22,0.7045,-1,-1,-1
842,121,435.47,273.32,62.11,194.34,0.7752,-1,-1,-1
842,155,801.89,136.58,65.97,176.82,0.4214,-1,-1,-1
843,3,1719.73,451.68,77.21,213.17,0.8149,-1,-1,-1
843,91,260.71,586.95,83.59,235.61,0.8629,-1,-1,-1
843,106,866.90,943.32,79.85,136.63,0.7588,-1,-1,-1
843,113,938.51,537.16,66.17,234.51,0.8603,-1,-1,-1
843,116,1025.27,516.81,74.56,233.40,0.8676,-1,-1,-1
843,136,1025.27,516.81,74.56,233.40,0.8676,-1,-1,-1
843,140,260.71,586.95,83.59,235.61,0.8629,-1,-1,-1
843,109,358.52,278.06,66.99,180.70,0.7067,-1,-1,-1
843,146,358.52,278.07,66.96,180.69,0.7067,-1,-1,-1
843,108,1571.71,594.88,105.22,229.49,0.6748,-1,-1,-1
843,121,436.45,274.26,61.80,193.49,0.7801,-1,-1,-1
843,155,803.01,137.50,65.85,176.46,0.3473,-1,-1,-1
844,3,1719.71,451.56,77.02,213.00,0.8276,-1,-1,-1
844,91,260.75,587.91,83.45,235.04,0.8705,-1,-1,-1
844,106,867.22,943.01,79.87,136.96,0.7638,-1,-1,-1
844,113,938.14,535.36,65.02,235.30,0.8721,-1,-1,-1
844,116,1022.81,516.43,75.03,232.39,0.8818,-1,-1,-1
844,136,1022.81,516.43,75.03,232.39,0.8818,-1,-1,-1
844,140,260.74,587.91,83.45,235.03,0.8705,-1,-1,-1
844,109,358.52,279.46,66.56,181.81,0.7097,-1,-1,-1
844,146,358.53,279.47,66.54,181.79,0.7097,-1,-1,-1
844,108,1571.93,594.10,104.13,230.07,0.2688,-1,-1,-1
844,121,436.32,275.23,62.23,192.72,0.7841,-1,-1,-1
844,155,803.23,137.67,66.35,175.86,0.3665,-1,-1,-1
845,3,1719.13,451.90,77.47,212.80,0.8291,-1,-1,-1
845,91,260.75,588.65,83.48,235.11,0.8680,-1,-1,-1
845,106,866.77,943.10,80.57,136.83,0.7503,-1,-1,-1
845,113,937.01,534.36,65.51,235.59,0.8644,-1,-1,-1
845,116,1021.95,516.42,73.62,229.97,0.8786,-1,-1,-1
845,136,1021.95,516.42,73.62,229.98,0.8786,-1,-1,-1
845,140,260.75,588.65,83.49,235.11,0.8680,-1,-1,-1
845,109,359.38,281.69,64.83,181.68,0.7242,-1,-1,-1
845,146,359.38,281.70,64.81,181.67,0.7242,-1,-1,-1
845,108,1571.38,594.03,103.84,230.00,0.6245,-1,-1,-1
845,121,436.84,275.88,61.28,192.58,0.7780,-1,-1,-1
845,155,802.64,138.13,67.45,175.38,0.3609,-1,-1,-1
846,3,1718.91,451.51,77.66,213.13,0.8282,-1,-1,-1
846,91,260.52,589.71,84.11,236.16,0.8651,-1,-1,-1
846,106,866.58,943.79,81.04,136.18,0.7599,-1,-1,-1
846,113,935.50,533.48,65.96,235.02,0.8753,-1,-1,-1
846,116,1020.71,515.60,73.71,229.31,0.8755,-1,-1,-1
846,136,1020.71,515.60,73.71,229.31,0.8755,-1,-1,-1
846,140,260.52,589.71,84.11,236.16,0.8651,-1,-1,-1
846,109,358.35,283.48,65.36,181.69,0.7372,-1,-1,-1
846,146,358.36,283.48,65.35,181.68,0.7372,-1,-1,-1
846,108,1570.72,595.63,104.23,228.30,0.7147,-1,-1,-1
846,121,437.62,277.34,60.26,191.59,0.7722,-1,-1,-1
846,155,802.79,138.40,67.61,175.45,0.3654,-1,-1,-1
847,3,1718.35,451.86,78.34,212.37,0.8300,-1,-1,-1
847,91,260.36,592.61,84.63,236.25,0.8516,-1,-1,-1
847,106,866.75,944.00,81.86,135.98,0.7247,-1,-1,-1
847,113,934.38,532.79,66.08,233.69,0.8612,-1,-1,-1
847,116,1019.24,513.37,73.27,232.47,0.8544,-1,-1,-1
847,136,1019.24,513.37,73.27,232.47,0.8544,-1,-1,-1
847,140,260.36,592.61,84.63,236.24,0.8516,-1,-1,-1
847,109,358.14,287.03,65.18,180.03,0.7049,-1,-1,-1
847,146,358.14,287.04,65.17,180.02,0.7049,-1,-1,-1
847,108,1570.37,595.29,104.51,228.41,0.7147,-1,-1,-1
847,121,437.84,277.81,59.67,190.83,0.7457,-1,-1,-1
847,155,801.91,137.91,69.14,175.94,0.4028,-1,-1,-1
848,3,1718.24,451.93,78.41,212.06,0.8364,-1,-1,-1
848,91,261.16,595.10,83.99,237.42,0.8732,-1,-1,-1
848,106,866.51,944.08,82.35,135.93,0.7432,-1,-1,-1
848,113,933.62,531.67,65.45,232.82,0.8753,-1,-1,-1
848,116,1017.84,511.29,72.07,228.67,0.8270,-1,-1,-1
848,136,1017.84,511.29,72.07,228.67,0.8270,-1,-1,-1
848,140,261.15,595.10,83.99,237.41,0.8732,-1,-1,-1
848,109,357.17,288.25,65.17,179.93,0.7192,-1,-1,-1
848,146,357.18,288.26,65.15,179.92,0.7192,-1,-1,-1
848,108,1570.63,595.00,104.69,228.34,0.6871,-1,-1,-1
848,121,436.38,276.64,60.52,192.49,0.7541,-1,-1,-1
848,155,802.74,138.46,69.28,175.02,0.3820,-1,-1,-1
849,3,1718.19,451.78,78.27,211.82,0.8319,-1,-1,-1
849,91,261.48,597.18,83.99,241.18,0.8735,-1,-1,-1
849,106,866.37,944.44,83.07,135.49,0.7155,-1,-1,-1
849,113,932.73,529.76,64.55,232.58,0.8637,-1,-1,-1
849,116,1016.50,510.48,68.91,222.08,0.8748,-1,-1,-1
849,136,1016.50,510.48,68.91,222.08,0.8748,-1,-1,-1
849,140,261.48,597.18,83.99,241.18,0.8735,-1,-1,-1
849,109,355.42,292.12,66.46,178.30,0.7344,-1,-1,-1
849,146,355.42,292.13,66.45,178.30,0.7344,-1,-1,-1
849,108,1572.46,595.30,102.77,228.49,0.7425,-1,-1,-1
849,121,435.95,276.11,60.10,193.63,0.7470,-1,-1,-1
849,155,803.53,139.00,68.98,174.28,0.3860,-1,-1,-1
850,3,1718.64,451.53,77.67,213.14,0.8276,-1,-1,-1
850,91,261.81,598.96,83.73,242.08,0.8756,-1,-1,-1
850,106,866.95,944.43,82.99,135.55,0.7233,-1,-1,-1
850,113,932.28,527.67,63.04,232.52,0.8714,-1,-1,-1
850,116,1014.92,508.16,67.33,221.82,0.8993,-1,-1,-1
850,136,1014.92,508.16,67.33,221.82,0.8993,-1,-1,-1
850,140,261.81,598.96,83.73,242.08,0.8756,-1,-1,-1
850,109,354.27,296.61,68.36,175.30,0.5764,-1,-1,-1
850,146,354.27,296.61,68.35,175.29,0.5764,-1,-1,-1
850,108,1572.99,595.74,102.77,228.08,0.7554,-1,-1,-1
850,121,436.39,276.36,60.40,196.71,0.7382,-1,-1,-1
850,155,804.63,139.03,68.34,173.90,0.3854,-1,-1,-1
851,3,1718.17,451.79,78.08,211.87,0.8243,-1,-1,-1
851,91,262.18,600.61,83.53,243.09,0.8820,-1,-1,-1
851,106,867.64,944.46,83.67,135.53,0.7029,-1,-1,-1
851,113,930.00,525.67,63.65,234.18,0.8431,-1,-1,-1
851,116,1010.75,505.34,68.67,221.54,0.8936,-1,-1,-1
851,136,1010.75,505.34,68.67,221.54,0.8936,-1,-1,-1
851,140,262.18,600.61,83.53,243.09,0.8820,-1,-1,-1
851,109,351.63,298.33,70.11,174.47,0.5813,-1,-1,-1
851,146,351.63,298.33,70.10,174.47,0.5813,-1,-1,-1
851,108,1573.05,594.86,102.82,229.06,0.7296,-1,-1,-1
851,121,437.11,280.95,60.00,194.70,0.7128,-1,-1,-1
851,155,803.59,138.89,69.48,173.81,0.4105,-1,-1,-1
852,3,1718.48,452.01,77.83,212.18,0.8155,-1,-1,-1
852,91,263.84,603.01,82.40,243.77,0.8758,-1,-1,-1
852,106,868.16,944.66,83.59,135.30,0.6357,-1,-1,-1
852,113,927.77,523.51,63.65,225.17,0.8147,-1,-1,-1
852,116,1008.48,503.07,68.75,223.11,0.8797,-1,-1,-1
852,136,1008.48,503.07,68.75,223.11,0.8797,-1,-1,-1
852,140,263.84,603.01,82.40,243.77,0.8758,-1,-1,-1
852,109,351.08,299.29,70.46,174.38,0.4677,-1,-1,-1
852,146,351.09,299.29,70.45,174.37,0.4677,-1,-1,-1
852,108,1572.07,594.78,104.23,229.02,0.7016,-1,-1,-1
852,121,436.35,285.46,60.42,192.30,0.6757,-1,-1,-1
852,155,805.09,138.98,68.14,173.58,0.3802,-1,-1,-1
853,3,1719.29,451.68,77.31,212.21,0.8135,-1,-1,-1
853,91,264.92,605.74,82.69,244.00,0.8663,-1,-1,-1
853,106,868.57,944.61,83.66,135.36,0.6565,-1,-1,-1
853,113,925.77,521.19,65.11,216.13,0.8346,-1,-1,-1
853,116,1004.33,501.26,70.85,224.76,0.8880,-1,-1,-1
853,136,1004.33,501.26,70.85,224.77,0.8880,-1,-1,-1
853,140,264.91,605.74,82.69,244.00,0.8663,-1,-1,-1
853,108,1571.75,594.53,104.08,229.50,0.6392,-1,-1,-1
853,121,436.02,287.37,60.57,192.78,0.6836,-1,-1,-1
853,155,805.70,139.11,67.27,173.99,0.3794,-1,-1,-1
853,158,868.51,944.68,83.08,135.31,0.3825,-1,-1,-1
854,3,1718.44,452.19,78.16,212.09,0.8022,-1,-1,-1
854,91,265.34,607.04,83.20,245.20,0.8710,-1,-1,-1
854,106,868.52,944.57,83.76,135.39,0.7064,-1,-1,-1
854,113,925.16,518.59,65.57,219.86,0.8468,-1,-1,-1
854,116,999.13,499.45,74.72,227.07,0.8859,-1,-1,-1
854,136,999.13,499.45,74.72,227.07,0.8859,-1,-1,-1
854,140,265.34,607.04,83.20,245.19,0.8710,-1,-1,-1
854,108,1570.24,594.84,105.72,229.18,0.5977,-1,-1,-1
854,121,435.46,288.53,62.01,194.34,0.6854,-1,-1,-1
854,155,805.30,138.94,67.95,174.34,0.3589,-1,-1,-1
854,158,868.46,944.55,83.45,135.43,0.7064,-1,-1,-1
854,147,461.28,121.99,69.48,197.68,0.3545,-1,-1,-1
855,3,1718.46,451.94,78.18,212.04,0.8084,-1,-1,-1
855,91,267.03,608.73,82.43,245.92,0.8724,-1,-1,-1
855,106,869.25,944.24,83.19,135.70,0.7231,-1,-1,-1
855,113,924.58,515.91,65.12,221.74,0.8686,-1,-1,-1
855,116,997.02,497.33,75.98,229.88,0.8766,-1,-1,-1
855,136,997.02,497.33,75.98,229.88,0.8766,-1,-1,-1
855,140,267.03,608.73,82.43,245.92,0.8724,-1,-1,-1
855,108,1570.93,594.27,105.01,229.70,0.6630,-1,-1,-1
855,121,434.37,289.93,63.29,195.28,0.6516,-1,-1,-1
855,155,805.42,139.03,67.95,175.35,0.3347,-1,-1,-1
855,158,869.33,944.14,82.88,135.83,0.7231,-1,-1,-1
855,147,463.53,122.94,66.92,197.72,0.3278,-1,-1,-1
856,3,1718.67,452.37,78.28,213.01,0.8245,-1,-1,-1
856,91,267.86,610.37,82.39,244.38,0.8648,-1,-1,-1
856,106,871.00,944.14,81.96,135.74,0.7561,-1,-1,-1
856,113,923.83,513.33,65.00,222.90,0.8875,-1,-1,-1
856,116,995.32,495.83,78.40,231.67,0.8842,-1,-1,-1
856,136,995.32,495.83,78.40,231.67,0.8842,-1,-1,-1
856,140,267.86,610.37,82.39,244.38,0.8648,-1,-1,-1
856,108,1571.76,593.57,104.67,230.47,0.7045,-1,-1,-1
856,121,433.27,291.22,64.20,196.02,0.7260,-1,-1,-1
856,155,805.63,138.74,67.64,175.33,0.3287,-1,-1,-1
856,158,871.31,944.09,81.57,135.85,0.7561,-1,-1,-1
856,147,465.13,123.77,64.70,197.26,0.2851,-1,-1,-1
857,3,1718.80,452.83,77.50,213.34,0.8221,-1,-1,-1
857,91,268.90,611.30,82.46,242.62,0.8484,-1,-1,-1
857,106,872.16,943.58,80.72,136.35,0.7391,-1,-1,-1
857,113,922.02,511.02,65.91,224.75,0.8869,-1,-1,-1
857,116,994.69,494.99,79.84,233.46,0.8706,-1,-1,-1
857,136,994.69,494.99,79.84,233.46,0.8706,-1,-1,-1
857,140,268.90,611.30,82.46,242.62,0.8484,-1,-1,-1
857,108,1572.34,593.78,104.48,230.31,0.6826,-1,-1,-1
857,121,432.39,292.67,64.55,195.87,0.7088,-1,-1,-1
857,155,805.97,138.92,67.00,174.68,0.3124,-1,-1,-1
857,158,872.47,943.48,80.30,136.50,0.7391,-1,-1,-1
858,3,1718.31,452.80,78.10,213.22,0.8122,-1,-1,-1
858,91,270.03,612.15,82.48,242.46,0.8565,-1,-1,-1
858,106,873.07,943.21,80.24,136.74,0.7496,-1,-1,-1
858,113,921.03,509.94,66.09,224.56,0.8725,-1,-1,-1
858,116,991.61,494.20,83.34,234.49,0.8649,-1,-1,-1
858,136,991.61,494.20,83.34,234.49,0.8649,-1,-1,-1
858,140,270.03,612.15,82.48,242.46,0.8565,-1,-1,-1
858,108,1573.47,594.87,102.82,229.08,0.7515,-1,-1,-1
858,121,432.05,294.13,65.11,194.61,0.7056,-1,-1,-1
858,155,805.02,138.68,68.06,174.25,0.3044,-1,-1,-1
858,158,873.33,943.12,79.89,136.89,0.7496,-1,-1,-1
858,109,346.14,302.38,71.92,172.39,0.3496,-1,-1,-1
859,3,1717.30,452.84,79.34,213.88,0.8072,-1,-1,-1
859,91,270.28,612.16,83.28,243.38,0.8563,-1,-1,-1
859,106,874.21,943.37,79.59,136.59,0.7609,-1,-1,-1
859,113,919.89,509.63,64.87,224.01,0.8723,-1,-1,-1
859,116,991.21,494.16,83.82,234.61,0.8683,-1,-1,-1
859,136,991.21,494.16,83.82,234.61,0.8683,-1,-1,-1
859,140,270.28,612.16,83.28,243.38,0.8563,-1,-1,-1
859,108,1573.79,595.00,102.96,229.13,0.7073,-1,-1,-1
859,121,433.25,297.39,63.61,190.63,0.7069,-1,-1,-1
859,155,805.71,138.57,67.13,174.28,0.3026,-1,-1,-1
859,158,874.45,943.31,79.28,136.69,0.7609,-1,-1,-1
859,109,346.04,302.37,72.05,172.32,0.3787,-1,-1,-1
860,3,1717.62,452.16,78.71,214.04,0.7958,-1,-1,-1
860,91,270.35,612.55,84.25,242.20,0.8676,-1,-1,-1
860,106,874.85,942.37,79.56,137.61,0.7577,-1,-1,-1
860,113,918.38,508.91,64.50,224.80,0.8669,-1,-1,-1
860,116,988.96,493.45,86.03,234.86,0.8635,-1,-1,-1
860,136,988.96,493.45,86.03,234.86,0.8635,-1,-1,-1
860,140,270.35,612.55,84.25,242.20,0.8676,-1,-1,-1
860,108,1573.56,595.12,104.00,228.62,0.6369,-1,-1,-1
860,121,432.36,298.66,63.38,189.79,0.7223,-1,-1,-1
860,155,804.62,138.99,68.07,173.51,0.2903,-1,-1,-1
860,158,875.06,942.29,79.32,137.74,0.7577,-1,-1,-1
860,109,346.00,299.79,72.09,176.23,0.4537,-1,-1,-1
861,3,1717.08,452.12,79.61,214.39,0.8106,-1,-1,-1
861,91,270.38,613.56,85.37,241.03,0.8732,-1,-1,-1
861,106,875.99,942.50,79.84,137.52,0.7808,-1,-1,-1
861,113,916.96,507.59,64.32,226.33,0.8625,-1,-1,-1
861,116,988.04,492.66,87.04,234.69,0.8717,-1,-1,-1
861,136,988.04,492.66,87.04,234.69,0.8717,-1,-1,-1
861,140,270.38,613.56,85.37,241.03,0.8732,-1,-1,-1
861,108,1572.91,598.25,103.44,225.52,0.7175,-1,-1,-1
861,121,431.19,299.74,63.98,188.90,0.7009,-1,-1,-1
861,155,803.77,138.90,68.61,173.73,0.2684,-1,-1,-1
861,158,876.18,942.43,79.64,137.62,0.7808,-1,-1,-1
861,109,346.67,299.22,70.36,180.76,0.4710,-1,-1,-1
862,3,1717.34,452.31,79.72,214.73,0.8021,-1,-1,-1
862,91,270.38,613.69,85.29,240.35,0.8739,-1,-1,-1
862,106,877.08,943.15,79.06,136.91,0.7634,-1,-1,-1
862,113,915.93,506.37,64.44,228.56,0.8626,-1,-1,-1
862,116,987.97,491.15,85.09,234.49,0.8719,-1,-1,-1
862,136,987.97,491.15,85.09,234.49,0.8719,-1,-1,-1
862,140,270.38,613.69,85.29,240.35,0.8739,-1,-1,-1
862,108,1572.53,598.47,104.42,225.11,0.6835,-1,-1,-1
862,121,431.03,300.04,64.03,188.36,0.6792,-1,-1,-1
862,155,804.62,138.72,67.57,174.57,0.2870,-1,-1,-1
862,158,877.24,943.11,78.88,136.98,0.7634,-1,-1,-1
862,109,347.21,300.12,69.66,183.85,0.4672,-1,-1,-1
862,159,1394.21,1013.26,81.80,66.74,0.7278,-1,-1,-1
863,3,1717.66,452.29,79.30,214.95,0.8092,-1,-1,-1
863,91,270.52,614.03,85.50,240.56,0.8761,-1,-1,-1
863,106,878.61,942.42,78.37,137.57,0.7739,-1,-1,-1
863,113,913.84,505.08,65.27,229.04,0.8644,-1,-1,-1
863,116,988.26,489.08,84.38,235.16,0.8874,-1,-1,-1
863,136,988.26,489.08,84.38,235.16,0.8874,-1,-1,-1
863,140,270.52,614.03,85.50,240.56,0.8761,-1,-1,-1
863,108,1572.31,596.70,104.75,226.68,0.6872,-1,-1,-1
863,121,431.53,301.02,63.46,188.59,0.7047,-1,-1,-1
863,155,802.60,139.18,69.35,173.78,0.2710,-1,-1,-1
863,158,878.77,942.38,78.21,137.64,0.7739,-1,-1,-1
863,109,347.25,305.24,69.53,182.58,0.5754,-1,-1,-1
863,159,1390.99,1010.42,83.80,69.57,0.7483,-1,-1,-1
864,3,1717.85,453.00,79.67,214.19,0.8103,-1,-1,-1
864,91,271.09,615.18,85.50,240.02,0.8749,-1,-1,-1
864,106,879.92,942.28,78.35,137.74,0.7898,-1,-1,-1
864,113,912.98,503.19,65.57,230.06,0.8531,-1,-1,-1
864,116,986.22,486.38,83.91,236.22,0.8833,-1,-1,-1
864,136,986.22,486.38,83.91,236.22,0.8833,-1,-1,-1
864,140,271.09,615.18,85.50,240.01,0.8749,-1,-1,-1
864,108,1572.91,596.00,104.51,227.35,0.6870,-1,-1,-1
864,121,432.01,302.15,62.02,187.85,0.6706,-1,-1,-1
864,155,803.09,139.05,68.95,173.89,0.2657,-1,-1,-1
864,158,880.06,942.24,78.22,137.80,0.7898,-1,-1,-1
864,109,347.36,308.44,68.61,181.09,0.5661,-1,-1,-1
864,159,1386.87,1005.97,86.67,74.03,0.7553,-1,-1,-1
865,3,1718.42,452.61,78.81,212.96,0.8049,-1,-1,-1
865,91,272.35,617.77,84.64,242.28,0.8871,-1,-1,-1
865,106,881.17,942.42,78.70,137.59,0.7765,-1,-1,-1
865,113,911.26,501.08,65.84,229.28,0.8338,-1,-1,-1
865,116,985.47,484.33,83.28,235.88,0.8604,-1,-1,-1
865,136,985.47,484.33,83.28,235.88,0.8604,-1,-1,-1
865,140,272.35,617.77,84.64,242.28,0.8871,-1,-1,-1
865,108,1572.61,595.63,104.77,227.80,0.6942,-1,-1,-1
865,121,432.05,302.84,61.98,187.52,0.7029,-1,-1,-1
865,155,803.89,138.48,67.53,174.40,0.2752,-1,-1,-1
865,158,881.29,942.38,78.59,137.64,0.7765,-1,-1,-1
865,109,347.02,310.78,69.52,181.06,0.6347,-1,-1,-1
865,159,1383.44,1001.56,90.57,78.39,0.7319,-1,-1,-1
866,3,1719.20,452.52,78.29,213.33,0.7990,-1,-1,-1
866,91,273.08,619.96,84.12,245.54,0.8810,-1,-1,-1
866,106,882.39,942.40,79.75,137.60,0.7780,-1,-1,-1
866,113,909.70,499.17,66.06,226.91,0.8180,-1,-1,-1
866,116,984.13,482.16,83.58,234.49,0.8331,-1,-1,-1
866,136,984.13,482.16,83.58,234.49,0.8331,-1,-1,-1
866,140,273.08,619.96,84.12,245.54,0.8810,-1,-1,-1
866,108,1572.90,595.57,104.73,227.69,0.6556,-1,-1,-1
866,121,432.00,303.63,62.06,186.74,0.6592,-1,-1,-1
866,155,803.14,138.64,67.93,173.64,0.2840,-1,-1,-1
866,158,882.49,942.37,79.66,137.64,0.7780,-1,-1,-1
866,109,345.68,312.27,71.01,180.44,0.6145,-1,-1,-1
866,159,1380.65,997.61,92.45,82.36,0.6317,-1,-1,-1
867,3,1719.41,452.42,78.20,214.44,0.8045,-1,-1,-1
867,91,273.94,620.90,83.82,250.09,0.8827,-1,-1,-1
867,106,884.99,941.79,79.15,138.19,0.7803,-1,-1,-1
867,113,907.55,497.85,66.52,221.41,0.8055,-1,-1,-1
867,116,983.48,479.31,83.20,230.50,0.8461,-1,-1,-1
867,136,983.48,479.31,83.20,230.50,0.8461,-1,-1,-1
867,140,273.94,620.90,83.82,250.09,0.8827,-1,-1,-1
867,108,1573.15,594.36,104.32,228.95,0.6638,-1,-1,-1
867,121,431.25,302.57,62.67,189.65,0.6753,-1,-1,-1
867,155,802.73,138.63,67.67,173.33,0.3099,-1,-1,-1
867,158,885.10,941.76,79.06,138.23,0.7803,-1,-1,-1
867,109,344.73,314.99,71.29,178.37,0.5268,-1,-1,-1
867,159,1380.28,993.33,92.29,86.65,0.5016,-1,-1,-1
868,3,1719.67,452.49,77.31,213.77,0.7995,-1,-1,-1
868,91,273.48,622.11,84.89,253.32,0.8837,-1,-1,-1
868,106,887.72,941.45,78.45,138.55,0.7898,-1,-1,-1
868,113,905.67,495.96,67.08,218.76,0.8076,-1,-1,-1
868,116,984.96,476.65,79.69,224.33,0.8556,-1,-1,-1
868,136,984.96,476.65,79.69,224.33,0.8556,-1,-1,-1
868,140,273.48,622.11,84.89,253.32,0.8837,-1,-1,-1
868,108,1574.16,593.42,102.42,229.60,0.7105,-1,-1,-1
868,121,431.69,302.19,61.16,193.89,0.6924,-1,-1,-1
868,155,802.89,138.75,67.57,174.14,0.2799,-1,-1,-1
868,158,887.82,941.43,78.38,138.59,0.7898,-1,-1,-1
868,109,343.30,315.84,72.11,177.43,0.5035,-1,-1,-1
868,159,1379.57,989.01,92.67,90.98,0.4518,-1,-1,-1
869,3,1719.52,452.55,77.62,213.50,0.7932,-1,-1,-1
869,91,273.76,624.59,85.14,250.78,0.8377,-1,-1,-1
869,106,891.54,940.94,77.28,139.06,0.7788,-1,-1,-1
869,113,903.88,493.74,68.38,214.10,0.8129,-1,-1,-1
869,116,986.33,474.30,76.34,223.62,0.8571,-1,-1,-1
869,136,986.33,474.30,76.34,223.62,0.8571,-1,-1,-1
869,140,273.83,624.49,85.13,251.46,0.3156,-1,-1,-1
869,108,1574.23,594.48,102.54,228.54,0.6931,-1,-1,-1
869,121,432.14,303.10,60.63,196.97,0.6556,-1,-1,-1
869,155,803.47,138.50,67.18,175.07,0.2753,-1,-1,-1
869,158,891.63,940.91,77.21,139.09,0.7788,-1,-1,-1
869,109,341.16,314.56,74.46,178.52,0.4209,-1,-1,-1
869,159,1379.92,984.62,91.72,95.34,0.5619,-1,-1,-1
870,3,1719.27,453.13,77.79,211.54,0.7944,-1,-1,-1
870,91,274.31,627.28,85.11,251.22,0.8796,-1,-1,-1
870,106,894.09,940.55,76.22,139.39,0.7799,-1,-1,-1
870,113,901.87,491.02,69.52,214.89,0.6414,-1,-1,-1
870,116,988.16,472.58,71.86,222.94,0.8567,-1,-1,-1
870,136,988.16,472.58,71.86,222.94,0.8567,-1,-1,-1
870,140,274.34,627.24,85.11,251.48,0.8796,-1,-1,-1
870,108,1574.90,595.17,101.59,228.14,0.7105,-1,-1,-1
870,121,432.97,306.68,60.10,197.14,0.7041,-1,-1,-1
870,155,805.06,138.20,65.47,175.53,0.2583,-1,-1,-1
870,158,894.17,940.53,76.16,139.42,0.7799,-1,-1,-1
870,109,351.22,316.85,64.39,175.21,0.3970,-1,-1,-1
870,159,1379.76,981.39,91.45,98.57,0.6523,-1,-1,-1
871,3,1718.92,452.91,78.21,212.64,0.7869,-1,-1,-1
871,91,275.62,630.23,84.69,253.22,0.8824,-1,-1,-1
871,106,896.63,941.21,74.90,138.81,0.7899,-1,-1,-1
871,113,900.34,488.74,69.81,215.45,0.6014,-1,-1,-1
871,116,988.96,470.54,69.18,224.26,0.8654,-1,-1,-1
871,136,988.96,470.54,69.18,224.26,0.8654,-1,-1,-1
871,140,275.63,630.22,84.69,253.32,0.8824,-1,-1,-1
871,108,1574.80,595.61,101.52,228.17,0.6598,-1,-1,-1
871,121,433.04,308.76,59.56,196.56,0.6745,-1,-1,-1
871,155,804.81,138.08,65.14,175.92,0.2556,-1,-1,-1
871,158,896.70,941.20,74.85,138.83,0.7899,-1,-1,-1
871,159,1378.58,978.95,92.20,101.08,0.7274,-1,-1,-1
872,3,1718.63,453.05,78.43,212.82,0.7921,-1,-1,-1
872,91,277.35,632.92,83.20,254.38,0.8859,-1,-1,-1
872,106,898.14,941.37,75.37,138.69,0.7813,-1,-1,-1
872,113,899.00,487.40,69.92,216.76,0.8234,-1,-1,-1
872,116,988.74,469.19,67.88,225.25,0.8593,-1,-1,-1
872,136,988.74,469.19,67.88,225.25,0.8593,-1,-1,-1
872,140,277.36,632.91,83.20,254.41,0.8859,-1,-1,-1
872,108,1573.04,596.24,103.29,227.60,0.6528,-1,-1,-1
872,121,432.13,310.16,59.67,197.95,0.7121,-1,-1,-1
872,155,804.50,138.11,65.36,176.46,0.2840,-1,-1,-1
872,158,898.20,941.36,75.32,138.71,0.7813,-1,-1,-1
872,159,1376.82,976.29,93.33,103.74,0.7546,-1,-1,-1
873,3,1718.44,453.37,78.26,211.89,0.7912,-1,-1,-1
873,91,277.63,634.33,83.49,254.97,0.8848,-1,-1,-1
873,106,900.17,941.40,75.52,138.64,0.7833,-1,-1,-1
873,113,898.50,486.14,69.45,219.58,0.8090,-1,-1,-1
873,116,989.21,468.51,66.66,224.52,0.8537,-1,-1,-1
873,136,989.21,468.51,66.66,224.52,0.8537,-1,-1,-1
873,140,277.64,634.33,83.49,254.98,0.8848,-1,-1,-1
873,108,1572.26,596.98,104.32,226.75,0.6080,-1,-1,-1
873,121,432.36,312.33,59.08,196.93,0.7029,-1,-1,-1
873,155,803.84,138.17,65.61,175.65,0.2787,-1,-1,-1
873,158,900.22,941.39,75.48,138.66,0.7833,-1,-1,-1
873,159,1374.69,974.38,94.32,105.64,0.7770,-1,-1,-1
874,3,1719.28,453.66,77.49,212.36,0.7688,-1,-1,-1
874,91,277.77,635.31,84.87,254.80,0.8809,-1,-1,-1
874,106,900.71,940.94,76.21,139.04,0.7859,-1,-1,-1
874,113,898.36,483.87,68.66,221.36,0.7942,-1,-1,-1
874,116,989.33,467.75,66.18,224.47,0.8412,-1,-1,-1
874,136,989.33,467.75,66.18,224.47,0.8412,-1,-1,-1
874,140,277.77,635.31,84.87,254.80,0.8809,-1,-1,-1
874,108,1572.98,598.01,103.87,225.73,0.6661,-1,-1,-1
874,121,430.76,310.88,60.23,198.57,0.6952,-1,-1,-1
874,155,802.87,137.92,66.01,175.75,0.2709,-1,-1,-1
874,158,900.75,940.93,76.18,139.05,0.7859,-1,-1,-1
874,159,1372.60,973.29,94.97,106.72,0.7797,-1,-1,-1
874,109,345.17,314.90,68.57,176.92,0.3437,-1,-1,-1
875,3,1719.19,453.77,77.26,211.44,0.7622,-1,-1,-1
875,91,279.80,636.04,83.52,253.69,0.8795,-1,-1,-1
875,106,902.35,940.34,75.74,139.66,0.7739,-1,-1,-1
875,113,897.17,482.87,68.18,221.29,0.8128,-1,-1,-1
875,116,989.58,467.31,65.81,224.65,0.8363,-1,-1,-1
875,136,989.58,467.31,65.81,224.65,0.8363,-1,-1,-1
875,140,279.80,636.04,83.52,253.69,0.8795,-1,-1,-1
875,108,1573.29,598.28,103.53,225.03,0.6653,-1,-1,-1
875,121,430.57,310.64,60.72,199.28,0.6837,-1,-1,-1
875,158,902.39,940.33,75.71,139.67,0.7739,-1,-1,-1
875,159,1371.14,971.79,95.06,108.21,0.7612,-1,-1,-1
875,109,346.51,316.54,67.38,175.76,0.3580,-1,-1,-1
876,3,1719.95,453.49,76.92,211.69,0.7544,-1,-1,-1
876,91,280.56,636.54,83.73,253.41,0.8736,-1,-1,-1
876,106,902.61,940.15,77.29,139.85,0.7950,-1,-1,-1
876,113,896.65,482.30,67.32,222.83,0.8155,-1,-1,-1
876,116,989.14,467.36,65.71,225.51,0.8343,-1,-1,-1
876,136,989.14,467.36,65.71,225.51,0.8343,-1,-1,-1
876,140,280.56,636.54,83.73,253.41,0.8736,-1,-1,-1
876,108,1573.72,598.99,102.21,224.24,0.6580,-1,-1,-1
876,121,431.12,311.66,60.32,197.46,0.6899,-1,-1,-1
876,158,902.64,940.14,77.26,139.87,0.7950,-1,-1,-1
876,159,1368.56,970.47,95.99,109.51,0.7505,-1,-1,-1
876,109,342.94,316.52,72.33,177.65,0.3908,-1,-1,-1
877,3,1720.09,453.51,76.97,212.10,0.7237,-1,-1,-1
877,91,281.75,637.63,82.65,252.91,0.8679,-1,-1,-1
877,106,903.10,939.63,77.59,140.36,0.7821,-1,-1,-1
877,113,896.26,481.74,67.26,223.55,0.8088,-1,-1,-1
877,116,987.40,466.54,66.85,226.41,0.8335,-1,-1,-1
877,136,987.40,466.54,66.85,226.41,0.8335,-1,-1,-1
877,140,281.75,637.63,82.65,252.91,0.8679,-1,-1,-1
877,108,1573.97,598.49,102.36,224.86,0.6514,-1,-1,-1
877,121,430.89,313.37,60.59,196.17,0.6722,-1,-1,-1
877,158,903.13,939.63,77.56,140.37,0.7821,-1,-1,-1
877,159,1366.20,968.31,97.03,111.69,0.7663,-1,-1,-1
877,109,342.78,317.77,72.24,179.56,0.4049,-1,-1,-1
878,3,1720.51,453.14,76.46,212.24,0.6959,-1,-1,-1
878,91,283.09,638.87,82.92,251.71,0.8666,-1,-1,-1
878,106,903.97,939.39,78.78,140.59,0.7836,-1,-1,-1
878,113,896.05,480.71,66.20,224.42,0.8013,-1,-1,-1
878,116,986.70,465.51,66.65,226.32,0.8214,-1,-1,-1
878,136,986.70,465.51,66.65,226.32,0.8214,-1,-1,-1
878,140,283.09,638.87,82.92,251.71,0.8666,-1,-1,-1
878,108,1574.51,597.95,102.05,225.86,0.6111,-1,-1,-1
878,121,430.24,313.73,60.74,196.12,0.6620,-1,-1,-1
878,158,903.99,939.39,78.77,140.60,0.7836,-1,-1,-1
878,159,1362.88,966.03,99.51,113.97,0.7840,-1,-1,-1
878,109,342.46,320.20,72.53,181.80,0.4125,-1,-1,-1
879,3,1720.60,452.61,76.51,212.60,0.6851,-1,-1,-1
879,91,283.75,640.18,84.08,250.35,0.8636,-1,-1,-1
879,106,903.94,939.20,79.78,140.78,0.7828,-1,-1,-1
879,113,895.50,480.04,65.27,224.18,0.8080,-1,-1,-1
879,116,985.08,464.33,67.04,226.35,0.7938,-1,-1,-1
879,136,985.08,464.33,67.04,226.35,0.7938,-1,-1,-1
879,140,283.75,640.18,84.08,250.35,0.8636,-1,-1,-1
879,108,1574.54,599.46,100.88,224.70,0.6373,-1,-1,-1
879,121,429.01,314.05,61.08,196.60,0.6125,-1,-1,-1
879,158,903.97,939.19,79.76,140.79,0.7828,-1,-1,-1
879,159,1361.85,963.53,99.62,116.44,0.8093,-1,-1,-1
879,109,340.79,322.45,73.86,182.93,0.4226,-1,-1,-1
879,163,1773.21,679.50,63.80,266.35,0.4159,-1,-1,-1
880,3,1721.13,452.63,75.68,212.40,0.6826,-1,-1,-1
880,91,284.89,641.45,83.62,249.41,0.8533,-1,-1,-1
880,106,905.01,938.37,79.42,141.62,0.7858,-1,-1,-1
880,113,895.12,478.66,65.11,223.70,0.7726,-1,-1,-1
880,116,983.61,462.85,67.47,225.29,0.7964,-1,-1,-1
880,136,983.61,462.85,67.47,225.29,0.7964,-1,-1,-1
880,140,284.89,641.45,83.62,249.41,0.8533,-1,-1,-1
880,108,1574.92,597.96,100.46,225.68,0.6513,-1,-1,-1
880,121,428.49,315.16,61.10,195.50,0.6328,-1,-1,-1
880,158,905.04,938.36,79.40,141.63,0.7858,-1,-1,-1
880,159,1361.78,960.31,99.23,119.66,0.8053,-1,-1,-1
880,109,338.16,322.65,76.50,185.64,0.4251,-1,-1,-1
880,163,1770.15,679.06,65.93,263.91,0.4411,-1,-1,-1
881,3,1721.07,452.93,76.35,212.02,0.6744,-1,-1,-1
881,91,285.66,642.35,83.82,248.63,0.8694,-1,-1,-1
881,106,905.19,937.99,79.90,141.98,0.7973,-1,-1,-1
881,113,894.94,476.97,63.93,222.85,0.7367,-1,-1,-1
881,116,982.22,460.54,66.67,223.55,0.8035,-1,-1,-1
881,136,982.22,460.54,66.67,223.55,0.8035,-1,-1,-1
881,140,285.66,642.35,83.82,248.63,0.8694,-1,-1,-1
881,108,1574.33,598.87,101.73,225.11,0.5913,-1,-1,-1
881,121,428.78,314.88,60.42,195.42,0.5897,-1,-1,-1
881,158,905.21,937.99,79.89,141.99,0.7973,-1,-1,-1
881,159,1360.90,957.18,98.34,122.83,0.8132,-1,-1,-1
881,109,337.66,323.74,75.74,187.88,0.3957,-1,-1,-1
881,163,1767.95,679.89,68.60,259.30,0.4217,-1,-1,-1
882,3,1721.71,453.29,75.26,212.26,0.6799,-1,-1,-1
882,91,286.22,643.48,84.48,247.66,0.8583,-1,-1,-1
882,106,905.46,937.49,80.75,142.48,0.8014,-1,-1,-1
882,113,894.62,474.59,62.90,226.23,0.7263,-1,-1,-1
882,116,980.60,457.41,66.15,221.72,0.7810,-1,-1,-1
882,136,980.60,457.41,66.15,221.72,0.7810,-1,-1,-1
882,140,286.22,643.48,84.48,247.66,0.8583,-1,-1,-1
882,108,1575.21,597.95,100.55,225.87,0.6430,-1,-1,-1
882,121,428.95,316.18,60.15,194.00,0.5752,-1,-1,-1
882,158,905.48,937.48,80.73,142.49,0.8014,-1,-1,-1
882,159,1359.74,952.85,97.77,127.11,0.8145,-1,-1,-1
882,109,337.22,327.42,74.75,185.66,0.3182,-1,-1,-1
882,163,1764.42,681.06,71.71,251.93,0.4926,-1,-1,-1
883,3,1722.42,453.41,74.72,212.26,0.6871,-1,-1,-1
883,91,286.31,646.23,86.35,244.94,0.8468,-1,-1,-1
883,106,905.17,937.24,81.06,142.77,0.7947,-1,-1,-1
883,113,894.07,471.39,62.42,211.97,0.7202,-1,-1,-1
883,116,979.17,454.93,66.58,219.06,0.8046,-1,-1,-1
883,136,979.17,454.93,66.58,219.06,0.8046,-1,-1,-1
883,140,286.31,646.23,86.35,244.94,0.8468,-1,-1,-1
883,108,1575.78,597.18,99.20,226.45,0.6220,-1,-1,-1
883,121,427.92,315.45,60.81,194.80,0.6425,-1,-1,-1
883,158,905.18,937.24,81.05,142.78,0.7947,-1,-1,-1
883,159,1359.56,948.82,96.21,129.75,0.7709,-1,-1,-1
883,109,336.20,330.39,75.50,183.73,0.3988,-1,-1,-1
883,163,1763.10,682.11,72.38,246.79,0.5300,-1,-1,-1
884,3,1722.97,453.39,74.09,212.16,0.6547,-1,-1,-1
884,91,286.84,648.36,86.92,244.00,0.8523,-1,-1,-1
884,106,905.93,937.82,81.09,142.14,0.7817,-1,-1,-1
884,113,892.60,468.46,62.65,216.32,0.6731,-1,-1,-1
884,116,976.81,452.19,67.39,218.86,0.7425,-1,-1,-1
884,136,976.81,452.19,67.39,218.86,0.7425,-1,-1,-1
884,140,286.84,648.37,86.92,244.00,0.8523,-1,-1,-1
884,108,1576.74,598.08,98.34,225.58,0.5869,-1,-1,-1
884,121,427.33,316.78,60.40,194.35,0.6062,-1,-1,-1
884,158,905.95,937.82,81.08,142.14,0.7817,-1,-1,-1
884,159,1357.90,943.60,95.06,135.21,0.8058,-1,-1,-1
884,109,333.68,333.47,77.30,181.14,0.3699,-1,-1,-1
884,163,1762.50,682.93,71.55,230.81,0.6332,-1,-1,-1
885,3,1723.29,453.54,73.92,212.03,0.6301,-1,-1,-1
885,91,287.05,650.06,86.95,244.36,0.8479,-1,-1,-1
885,106,907.13,937.51,80.47,142.45,0.7679,-1,-1,-1
885,113,891.91,466.60,62.71,216.96,0.7399,-1,-1,-1
885,116,974.74,449.69,68.53,219.03,0.7640,-1,-1,-1
885,136,974.74,449.69,68.53,219.03,0.7640,-1,-1,-1
885,140,287.05,650.06,86.95,244.36,0.8479,-1,-1,-1
885,108,1575.92,599.55,99.09,224.16,0.5831,-1,-1,-1
885,121,427.14,316.63,60.48,197.98,0.6194,-1,-1,-1
885,158,907.14,937.50,80.46,142.46,0.7679,-1,-1,-1
885,159,1357.22,938.69,93.63,140.77,0.8203,-1,-1,-1
885,109,334.64,332.38,76.57,182.37,0.3262,-1,-1,-1
885,163,1761.77,683.11,71.41,223.20,0.5634,-1,-1,-1
886,3,1723.16,453.08,73.70,212.16,0.6485,-1,-1,-1
886,91,287.82,652.14,86.26,245.81,0.8315,-1,-1,-1
886,106,907.27,937.02,80.85,142.98,0.7746,-1,-1,-1
886,113,891.26,464.20,62.78,216.95,0.7564,-1,-1,-1
886,116,971.79,446.84,70.49,221.27,0.7288,-1,-1,-1
886,136,971.79,446.84,70.49,221.27,0.7288,-1,-1,-1
886,140,287.82,652.14,86.26,245.81,0.8315,-1,-1,-1
886,108,1576.03,598.93,99.97,225.24,0.6142,-1,-1,-1
886,121,426.96,319.19,60.44,198.88,0.5590,-1,-1,-1
886,158,907.28,937.02,80.84,142.99,0.7746,-1,-1,-1
886,159,1356.24,933.62,92.35,145.37,0.8390,-1,-1,-1
886,109,332.86,334.65,78.23,179.99,0.3185,-1,-1,-1
886,163,1760.60,682.68,73.21,224.58,0.4710,-1,-1,-1
887,3,1722.92,452.72,73.94,212.35,0.6560,-1,-1,-1
887,91,288.25,654.29,85.38,246.59,0.8403,-1,-1,-1
887,106,908.31,937.28,80.63,142.74,0.7617,-1,-1,-1
887,113,890.29,462.81,63.01,214.37,0.8196,-1,-1,-1
887,116,970.56,444.98,71.48,223.16,0.7834,-1,-1,-1
887,136,970.56,444.98,71.48,223.16,0.7834,-1,-1,-1
887,140,288.25,654.29,85.38,246.59,0.8403,-1,-1,-1
887,108,1576.14,599.85,99.75,223.98,0.5818,-1,-1,-1
887,121,426.04,321.76,61.24,200.37,0.5650,-1,-1,-1
887,158,908.32,937.28,80.63,142.74,0.7617,-1,-1,-1
887,159,1354.38,930.69,93.65,147.86,0.8285,-1,-1,-1
887,109,330.22,336.50,79.73,177.84,0.3017,-1,-1,-1
887,163,1759.70,683.36,73.21,221.95,0.5506,-1,-1,-1
888,3,1722.51,453.57,74.40,211.27,0.6501,-1,-1,-1
888,91,289.31,655.92,84.22,247.92,0.8323,-1,-1,-1
888,106,908.86,937.10,80.10,142.88,0.7505,-1,-1,-1
888,113,889.62,460.66,64.06,215.62,0.8242,-1,-1,-1
888,116,969.37,444.05,73.09,223.03,0.8080,-1,-1,-1
888,136,969.37,444.05,73.09,223.03,0.8080,-1,-1,-1
888,140,289.31,655.92,84.22,247.92,0.8323,-1,-1,-1
888,108,1576.43,599.68,100.08,224.66,0.5973,-1,-1,-1
888,121,426.19,324.34,60.99,201.13,0.5786,-1,-1,-1
888,158,908.87,937.10,80.09,142.89,0.7505,-1,-1,-1
888,159,1353.25,928.13,93.75,150.68,0.8347,-1,-1,-1
888,109,329.23,337.71,79.56,176.48,0.3913,-1,-1,-1
888,163,1758.84,683.85,73.44,224.38,0.5969,-1,-1,-1
889,3,1721.89,452.71,75.42,212.43,0.6768,-1,-1,-1
889,91,290.81,658.68,82.66,247.57,0.8231,-1,-1,-1
889,106,909.72,937.43,80.05,142.58,0.7662,-1,-1,-1
889,113,889.10,459.17,64.53,216.56,0.8184,-1,-1,-1
889,116,968.30,443.43,75.06,224.15,0.8239,-1,-1,-1
889,136,968.30,443.43,75.06,224.15,0.8239,-1,-1,-1
889,140,290.81,658.68,82.66,247.56,0.8231,-1,-1,-1
889,108,1576.52,599.88,98.86,224.20,0.5830,-1,-1,-1
889,121,424.94,324.53,62.46,202.05,0.5691,-1,-1,-1
889,158,909.73,937.43,80.04,142.59,0.7662,-1,-1,-1
889,159,1350.79,925.33,95.84,154.24,0.8401,-1,-1,-1
889,109,329.84,339.26,78.14,174.55,0.3771,-1,-1,-1
889,163,1758.05,683.12,74.48,227.80,0.5377,-1,-1,-1
890,3,1721.69,452.43,75.79,212.88,0.6964,-1,-1,-1
890,91,291.14,660.13,82.45,250.12,0.8093,-1,-1,-1
890,106,911.41,937.46,78.42,142.57,0.7809,-1,-1,-1
890,113,888.56,458.49,64.21,216.05,0.8195,-1,-1,-1
890,116,966.42,444.11,76.74,224.41,0.6265,-1,-1,-1
890,136,966.46,443.00,76.59,224.81,0.5826,-1,-1,-1
890,140,291.14,660.13,82.45,250.12,0.8093,-1,-1,-1
890,108,1576.31,600.31,99.10,223.92,0.5609,-1,-1,-1
890,121,422.80,325.93,64.02,204.48,0.5949,-1,-1,-1
890,158,911.41,937.46,78.42,142.57,0.7809,-1,-1,-1
890,159,1347.72,924.04,97.53,155.82,0.8266,-1,-1,-1
890,109,331.84,340.80,74.65,172.56,0.4961,-1,-1,-1
890,163,1756.28,682.66,75.93,233.67,0.5295,-1,-1,-1
891,3,1722.26,452.55,74.62,213.24,0.6787,-1,-1,-1
891,91,292.85,662.77,80.58,251.28,0.8050,-1,-1,-1
891,106,911.26,937.82,78.61,142.20,0.7725,-1,-1,-1
891,113,888.41,457.59,63.46,215.66,0.8197,-1,-1,-1
891,116,964.41,442.73,79.62,225.45,0.7396,-1,-1,-1
891,136,964.19,443.40,80.00,225.19,0.5430,-1,-1,-1
891,140,292.85,662.77,80.58,251.27,0.8050,-1,-1,-1
891,108,1576.94,598.56,98.96,225.65,0.5936,-1,-1,-1
891,121,421.51,324.58,64.96,207.34,0.5755,-1,-1,-1
891,158,911.27,937.82,78.61,142.21,0.7725,-1,-1,-1
891,159,1345.71,922.82,98.80,157.17,0.8412,-1,-1,-1
891,109,335.84,339.98,69.71,174.16,0.5052,-1,-1,-1
891,163,1754.65,682.76,77.22,235.77,0.5784,-1,-1,-1
892,3,1722.09,452.21,74.98,213.56,0.6843,-1,-1,-1
892,91,294.22,665.01,79.85,252.78,0.8446,-1,-1,-1
892,106,911.46,937.85,77.98,142.16,0.7666,-1,-1,-1
892,113,887.39,456.47,63.99,217.14,0.8108,-1,-1,-1
892,116,962.87,442.51,81.80,225.80,0.8106,-1,-1,-1
892,136,962.79,442.77,81.95,225.70,0.8106,-1,-1,-1
892,140,294.22,665.01,79.85,252.78,0.8446,-1,-1,-1
892,108,1575.53,597.38,100.18,226.76,0.5799,-1,-1,-1
892,121,419.93,325.65,66.10,206.61,0.5808,-1,-1,-1
892,158,911.46,937.85,77.98,142.16,0.7666,-1,-1,-1
892,159,1342.32,921.31,102.23,158.74,0.8345,-1,-1,-1
892,109,337.75,340.83,66.57,173.66,0.4933,-1,-1,-1
892,163,1754.04,682.70,77.68,235.31,0.5700,-1,-1,-1
893,3,1722.51,452.43,74.77,213.43,0.6795,-1,-1,-1
893,91,296.30,665.92,78.98,254.36,0.8645,-1,-1,-1
893,106,912.62,938.04,77.21,141.99,0.7797,-1,-1,-1
893,113,886.35,455.98,63.34,217.20,0.8100,-1,-1,-1
893,116,962.15,441.54,82.91,225.94,0.8096,-1,-1,-1
893,136,962.11,441.63,82.97,225.90,0.8096,-1,-1,-1
893,140,296.30,665.92,78.98,254.36,0.8645,-1,-1,-1
893,108,1575.84,596.37,100.01,227.43,0.5746,-1,-1,-1
893,121,419.94,329.07,66.30,203.17,0.5845,-1,-1,-1
893,158,912.62,938.04,77.21,141.99,0.7797,-1,-1,-1
893,159,1338.87,919.52,104.71,160.54,0.8386,-1,-1,-1
893,109,338.71,344.59,66.35,171.43,0.4738,-1,-1,-1
893,163,1753.10,682.30,79.10,237.01,0.6249,-1,-1,-1
894,3,1721.82,452.58,75.50,213.35,0.6696,-1,-1,-1
894,91,296.99,667.59,79.45,254.46,0.8442,-1,-1,-1
894,106,913.29,938.14,75.96,141.87,0.7799,-1,-1,-1
894,113,885.80,455.48,62.89,217.63,0.8021,-1,-1,-1
894,116,961.84,440.49,83.94,225.95,0.8183,-1,-1,-1
894,136,961.83,440.53,83.96,225.94,0.8183,-1,-1,-1
894,140,296.99,667.59,79.45,254.46,0.8442,-1,-1,-1
894,108,1574.96,594.77,101.41,229.51,0.5166,-1,-1,-1
894,121,419.64,331.92,66.35,200.57,0.5920,-1,-1,-1
894,158,913.29,938.13,75.95,141.87,0.7799,-1,-1,-1
894,159,1335.83,917.07,105.70,162.95,0.8390,-1,-1,-1
894,109,340.05,346.50,65.75,171.67,0.3439,-1,-1,-1
894,163,1752.04,681.02,80.93,241.16,0.6502,-1,-1,-1
895,3,1721.40,452.35,75.72,213.44,0.6732,-1,-1,-1
895,91,297.77,668.48,80.32,253.55,0.8304,-1,-1,-1
895,106,913.63,938.42,75.93,141.56,0.7779,-1,-1,-1
895,113,885.13,455.76,62.21,216.98,0.7691,-1,-1,-1
895,116,962.27,439.87,84.21,225.11,0.8176,-1,-1,-1
895,136,962.27,439.89,84.22,225.10,0.8176,-1,-1,-1
895,140,297.77,668.48,80.32,253.55,0.8304,-1,-1,-1
895,108,1574.28,596.60,101.80,227.53,0.5375,-1,-1,-1
895,121,419.03,332.80,66.34,199.51,0.6092,-1,-1,-1
895,158,913.64,938.42,75.93,141.56,0.7779,-1,-1,-1
895,159,1332.91,916.13,105.47,163.89,0.8444,-1,-1,-1
895,109,340.27,346.85,64.74,177.19,0.4367,-1,-1,-1
895,163,1751.51,681.53,81.30,239.27,0.6668,-1,-1,-1
895,147,471.63,165.29,69.51,198.56,0.3564,-1,-1,-1
896,3,1721.04,452.44,75.85,213.11,0.6698,-1,-1,-1
896,91,298.48,668.85,81.81,252.72,0.8417,-1,-1,-1
896,106,913.77,938.74,75.07,141.24,0.7494,-1,-1,-1
896,113,884.39,455.42,62.19,215.60,0.5279,-1,-1,-1
896,116,962.31,438.01,84.43,225.40,0.8188,-1,-1,-1
896,136,962.31,438.01,84.43,225.40,0.8188,-1,-1,-1
896,140,298.48,668.85,81.81,252.72,0.8417,-1,-1,-1
896,108,1573.78,597.85,101.66,226.25,0.6337,-1,-1,-1
896,121,419.20,333.46,65.95,198.70,0.6012,-1,-1,-1
896,158,913.78,938.74,75.07,141.24,0.7494,-1,-1,-1
896,159,1331.92,913.78,103.25,166.03,0.8254,-1,-1,-1
896,109,340.28,347.37,64.44,179.14,0.5349,-1,-1,-1
896,163,1750.40,681.72,82.43,238.96,0.6712,-1,-1,-1
896,147,470.74,166.32,71.63,197.72,0.4063,-1,-1,-1
897,3,1720.96,452.26,75.89,212.79,0.6664,-1,-1,-1
897,91,298.47,668.96,84.55,253.11,0.7945,-1,-1,-1
897,106,913.64,939.17,75.29,140.87,0.7748,-1,-1,-1
897,113,882.05,452.15,63.32,220.36,0.7325,-1,-1,-1
897,116,963.12,435.55,82.86,225.75,0.8126,-1,-1,-1
897,136,963.12,435.55,82.86,225.75,0.8126,-1,-1,-1
897,140,298.47,668.96,84.55,253.11,0.7945,-1,-1,-1
897,108,1573.83,598.69,101.24,225.36,0.6250,-1,-1,-1
897,121,418.98,334.93,66.16,196.36,0.5499,-1,-1,-1
897,158,913.64,939.17,75.29,140.87,0.7748,-1,-1,-1
897,159,1330.90,909.75,101.02,170.21,0.6635,-1,-1,-1
897,109,340.34,349.12,65.15,181.32,0.5387,-1,-1,-1
897,163,1750.31,680.93,81.51,238.89,0.6640,-1,-1,-1
897,147,469.89,166.61,71.78,197.94,0.3461,-1,-1,-1
898,3,1721.18,452.46,75.48,212.45,0.6806,-1,-1,-1
898,91,298.03,669.54,88.22,252.57,0.8315,-1,-1,-1
898,106,912.51,939.92,75.07,140.11,0.7756,-1,-1,-1
898,113,880.26,449.99,63.76,220.88,0.7518,-1,-1,-1
898,116,963.37,433.29,81.16,225.05,0.6973,-1,-1,-1
898,136,963.13,434.11,81.66,225.99,0.3267,-1,-1,-1
898,140,298.03,669.54,88.22,252.57,0.8315,-1,-1,-1
898,108,1574.50,597.97,101.66,225.77,0.6409,-1,-1,-1
898,121,417.91,334.82,66.66,195.54,0.5920,-1,-1,-1
898,158,912.51,939.92,75.07,140.11,0.7756,-1,-1,-1
898,159,1329.32,905.32,99.26,174.37,0.8481,-1,-1,-1
898,109,339.85,351.44,64.43,183.33,0.5802,-1,-1,-1
898,163,1750.89,680.97,80.16,238.88,0.6262,-1,-1,-1
898,147,468.75,167.62,74.87,196.72,0.3393,-1,-1,-1
899,3,1721.52,452.37,74.66,213.08,0.6880,-1,-1,-1
899,91,298.10,669.89,90.55,252.12,0.8305,-1,-1,-1
899,106,912.57,940.77,73.67,139.20,0.7831,-1,-1,-1
899,113,879.36,447.50,63.30,215.43,0.7644,-1,-1,-1
899,116,962.80,430.69,80.35,223.70,0.6966,-1,-1,-1
899,136,963.31,432.07,80.27,224.05,0.5671,-1,-1,-1
899,140,298.10,669.89,90.55,252.11,0.8305,-1,-1,-1
899,108,1575.02,599.85,101.42,223.64,0.6527,-1,-1,-1
899,121,417.20,335.86,66.88,194.16,0.5751,-1,-1,-1
899,158,912.57,940.76,73.67,139.20,0.7831,-1,-1,-1
899,159,1328.37,900.79,96.51,178.70,0.8488,-1,-1,-1
899,109,338.88,353.19,65.81,183.04,0.6398,-1,-1,-1
899,163,1751.18,680.46,79.15,240.36,0.5753,-1,-1,-1
899,147,468.68,167.54,76.20,196.96,0.3787,-1,-1,-1
900,3,1721.58,451.74,74.75,213.70,0.6803,-1,-1,-1
900,91,298.01,670.60,93.83,251.76,0.8270,-1,-1,-1
900,106,912.87,942.22,72.33,137.82,0.7650,-1,-1,-1
900,113,878.22,445.60,62.73,212.86,0.7734,-1,-1,-1
900,116,962.92,427.80,79.33,223.21,0.7911,-1,-1,-1
900,136,963.62,429.25,78.93,223.75,0.5966,-1,-1,-1
900,140,298.01,670.60,93.83,251.76,0.8270,-1,-1,-1
900,108,1575.27,600.88,100.63,222.47,0.6375,-1,-1,-1
900,121,416.47,336.03,67.44,196.44,0.5993,-1,-1,-1
900,158,912.87,942.22,72.33,137.82,0.7650,-1,-1,-1
900,159,1327.53,896.39,95.97,183.31,0.8471,-1,-1,-1
900,109,337.50,354.41,66.19,183.28,0.6539,-1,-1,-1
900,163,1751.79,680.78,77.72,239.65,0.6290,-1,-1,-1
900,147,468.63,168.17,77.71,195.88,0.3327,-1,-1,-1
901,3,1722.27,452.32,74.47,212.59,0.6315,-1,-1,-1
901,91,297.58,671.97,96.87,249.80,0.8356,-1,-1,-1
901,106,913.07,943.19,71.56,136.86,0.7733,-1,-1,-1
901,113,876.73,442.93,63.41,211.66,0.7634,-1,-1,-1
901,116,964.89,425.17,75.61,223.34,0.5311,-1,-1,-1
901,136,964.67,424.94,76.31,223.18,0.7870,-1,-1,-1
901,140,297.58,671.97,96.87,249.80,0.8356,-1,-1,-1
901,108,1575.93,599.72,101.16,224.12,0.6429,-1,-1,-1
901,121,415.01,337.68,66.85,197.42,0.4234,-1,-1,-1
901,158,913.07,943.19,71.56,136.86,0.7733,-1,-1,-1
901,159,1326.04,892.82,95.80,187.09,0.8537,-1,-1,-1
901,109,335.90,353.33,67.68,184.04,0.5804,-1,-1,-1
901,163,1750.61,682.07,77.15,238.12,0.6689,-1,-1,-1
902,3,1722.38,452.19,74.22,213.30,0.6596,-1,-1,-1
902,91,297.19,674.07,99.01,249.33,0.8563,-1,-1,-1
902,106,913.64,944.08,69.50,135.92,0.7625,-1,-1,-1
902,113,875.26,440.50,63.45,211.02,0.8083,-1,-1,-1
902,116,966.92,422.73,71.83,219.02,0.8164,-1,-1,-1
902,136,966.83,422.63,72.10,218.95,0.8164,-1,-1,-1
902,140,297.19,674.07,99.01,249.33,0.8563,-1,-1,-1
902,108,1577.57,599.41,99.27,224.20,0.6539,-1,-1,-1
902,121,416.33,338.50,65.43,200.52,0.6429,-1,-1,-1
902,158,913.64,944.08,69.50,135.92,0.7625,-1,-1,-1
902,159,1324.28,889.47,94.75,190.28,0.8455,-1,-1,-1
902,109,334.47,352.91,69.71,183.84,0.4636,-1,-1,-1
902,163,1750.33,682.01,77.14,239.07,0.6392,-1,-1,-1
903,3,1722.01,452.79,74.41,213.78,0.6444,-1,-1,-1
903,91,297.26,675.94,99.46,253.30,0.8718,-1,-1,-1
903,106,912.49,944.78,70.22,135.25,0.7718,-1,-1,-1
903,113,874.61,438.22,63.19,210.97,0.8129,-1,-1,-1
903,116,968.40,420.89,68.70,217.39,0.8086,-1,-1,-1
903,136,968.37,420.84,68.79,217.36,0.8086,-1,-1,-1
903,140,297.26,675.94,99.46,253.30,0.8718,-1,-1,-1
903,108,1578.74,599.27,97.84,224.71,0.6565,-1,-1,-1
903,121,415.23,340.19,66.41,202.46,0.6835,-1,-1,-1
903,158,912.49,944.78,70.22,135.25,0.7718,-1,-1,-1
903,159,1322.02,885.65,94.54,193.72,0.8362,-1,-1,-1
903,109,332.09,352.13,72.49,183.74,0.3390,-1,-1,-1
903,163,1750.95,680.93,77.45,241.57,0.6635,-1,-1,-1
904,3,1722.76,452.72,73.87,213.08,0.6816,-1,-1,-1
904,91,297.77,678.04,99.40,255.32,0.8856,-1,-1,-1
904,106,912.24,945.85,69.97,134.20,0.7477,-1,-1,-1
904,113,873.91,436.65,63.37,213.66,0.8420,-1,-1,-1
904,116,969.35,420.10,66.64,216.16,0.8071,-1,-1,-1
904,136,969.33,420.07,66.67,216.15,0.8071,-1,-1,-1
904,140,297.77,678.04,99.40,255.32,0.8856,-1,-1,-1
904,108,1578.04,599.79,98.64,224.10,0.5884,-1,-1,-1
904,121,417.49,343.11,64.27,203.06,0.6199,-1,-1,-1
904,158,912.25,945.85,69.97,134.20,0.7477,-1,-1,-1
904,159,1319.16,881.52,93.82,197.93,0.8422,-1,-1,-1
904,109,327.98,353.38,75.82,182.48,0.3793,-1,-1,-1
904,163,1751.18,681.46,78.81,241.48,0.6869,-1,-1,-1
905,3,1722.78,452.63,73.81,212.78,0.6977,-1,-1,-1
905,91,299.44,680.17,98.34,258.27,0.8849,-1,-1,-1
905,106,911.89,947.09,70.07,132.97,0.5345,-1,-1,-1
905,113,874.04,435.13,61.94,214.85,0.8507,-1,-1,-1
905,116,969.19,418.68,66.58,217.18,0.8266,-1,-1,-1
905,136,969.18,418.66,66.59,217.17,0.8266,-1,-1,-1
905,140,299.44,680.17,98.34,258.27,0.8849,-1,-1,-1
905,108,1577.67,599.17,98.74,225.01,0.6313,-1,-1,-1
905,121,417.39,346.64,64.44,201.64,0.5859,-1,-1,-1
905,158,911.89,947.09,70.07,132.97,0.5345,-1,-1,-1
905,159,1316.54,878.21,93.99,201.13,0.8268,-1,-1,-1
905,109,327.74,351.88,75.81,183.99,0.3635,-1,-1,-1
905,163,1751.88,682.07,78.82,244.31,0.6784,-1,-1,-1
906,3,1722.43,452.58,73.95,213.26,0.6812,-1,-1,-1
906,91,301.30,682.12,96.73,260.81,0.8877,-1,-1,-1
906,106,911.83,948.74,69.40,130.94,0.7183,-1,-1,-1
906,113,873.32,434.29,61.23,216.27,0.8641,-1,-1,-1
906,116,969.06,417.75,65.76,216.48,0.8246,-1,-1,-1
906,136,969.05,417.73,65.75,216.47,0.8246,-1,-1,-1
906,140,301.30,682.12,96.73,260.81,0.8877,-1,-1,-1
906,108,1578.76,599.29,97.79,224.71,0.6528,-1,-1,-1
906,121,415.46,345.80,65.60,204.10,0.6938,-1,-1,-1
906,158,911.83,948.74,69.40,130.94,0.7183,-1,-1,-1
906,159,1314.73,875.95,92.46,203.69,0.8375,-1,-1,-1
906,109,326.63,349.80,76.58,186.85,0.3600,-1,-1,-1
906,163,1752.30,682.56,78.97,241.20,0.7070,-1,-1,-1
907,3,1722.39,452.77,74.01,212.89,0.6657,-1,-1,-1
907,91,303.37,684.60,94.35,257.90,0.8913,-1,-1,-1
907,106,910.16,949.84,71.44,129.91,0.7569,-1,-1,-1
907,113,872.29,432.83,61.98,216.72,0.8597,-1,-1,-1
907,116,969.21,417.38,65.67,217.82,0.7735,-1,-1,-1
907,136,969.20,417.36,65.66,217.82,0.7735,-1,-1,-1
907,140,303.37,684.60,94.35,257.90,0.8913,-1,-1,-1
907,108,1580.38,599.62,96.03,224.17,0.5943,-1,-1,-1
907,121,413.50,345.30,67.66,206.68,0.7074,-1,-1,-1
907,158,910.16,949.84,71.44,129.91,0.7569,-1,-1,-1
907,159,1312.82,875.21,93.41,204.67,0.8082,-1,-1,-1
907,109,324.18,352.46,78.55,184.25,0.4144,-1,-1,-1
907,163,1752.98,682.50,79.21,241.42,0.7305,-1,-1,-1
908,3,1722.47,452.71,73.91,212.11,0.6940,-1,-1,-1
908,91,305.58,687.14,92.07,257.83,0.8941,-1,-1,-1
908,106,910.05,950.60,71.26,129.30,0.7279,-1,-1,-1
908,113,871.38,431.69,62.12,218.49,0.8587,-1,-1,-1
908,116,969.17,417.23,64.64,217.77,0.8111,-1,-1,-1
908,136,969.17,417.22,64.63,217.76,0.8111,-1,-1,-1
908,140,305.58,687.14,92.07,257.83,0.8941,-1,-1,-1
908,108,1578.85,598.98,96.85,225.21,0.6458,-1,-1,-1
908,121,412.64,346.19,68.45,207.18,0.7172,-1,-1,-1
908,158,910.05,950.60,71.25,129.30,0.7279,-1,-1,-1
908,159,1310.16,874.60,95.03,205.28,0.7884,-1,-1,-1
908,109,321.76,355.04,79.01,181.65,0.4749,-1,-1,-1
908,163,1754.36,683.29,78.69,241.88,0.7475,-1,-1,-1
909,3,1722.46,453.14,73.38,211.60,0.6747,-1,-1,-1
909,91,306.79,689.50,91.04,259.20,0.8977,-1,-1,-1
909,106,909.35,951.15,71.83,128.76,0.7493,-1,-1,-1
909,113,870.84,431.21,61.81,219.27,0.8611,-1,-1,-1
909,116,968.72,416.88,64.32,220.12,0.8096,-1,-1,-1
909,136,968.71,416.87,64.31,220.11,0.8096,-1,-1,-1
909,140,306.79,689.50,91.04,259.20,0.8977,-1,-1,-1
909,108,1579.65,598.29,95.73,225.56,0.6373,-1,-1,-1
909,121,412.13,346.47,68.37,207.91,0.7314,-1,-1,-1
909,158,909.35,951.15,71.83,128.76,0.7493,-1,-1,-1
909,159,1307.95,873.29,94.56,206.71,0.8266,-1,-1,-1
909,109,322.16,357.55,77.06,181.00,0.6073,-1,-1,-1
909,163,1755.33,683.48,78.30,240.86,0.7308,-1,-1,-1
910,3,1722.64,452.89,73.45,212.40,0.6568,-1,-1,-1
910,91,307.09,691.62,90.81,261.16,0.8957,-1,-1,-1
910,106,908.60,952.01,72.98,127.91,0.7617,-1,-1,-1
910,113,870.57,430.68,62.13,219.63,0.8509,-1,-1,-1
910,116,966.91,416.69,65.62,220.54,0.8078,-1,-1,-1
910,136,966.91,416.69,65.61,220.54,0.8078,-1,-1,-1
910,140,307.09,691.62,90.81,261.16,0.8957,-1,-1,-1
910,108,1576.69,598.64,98.98,225.33,0.6208,-1,-1,-1
910,121,412.31,345.93,67.53,209.02,0.7338,-1,-1,-1
910,158,908.60,952.01,72.98,127.91,0.7617,-1,-1,-1
910,159,1306.67,871.48,93.38,208.56,0.8408,-1,-1,-1
910,109,322.22,358.21,77.21,183.54,0.6623,-1,-1,-1
910,163,1756.42,682.90,77.11,241.51,0.7186,-1,-1,-1
911,3,1722.41,453.23,74.67,211.61,0.6650,-1,-1,-1
911,91,307.06,693.63,90.26,261.49,0.8911,-1,-1,-1
911,106,908.57,952.76,73.12,127.23,0.7778,-1,-1,-1
911,113,869.99,429.96,62.26,220.62,0.8527,-1,-1,-1
911,116,966.94,415.79,64.94,221.48,0.7961,-1,-1,-1
911,136,966.94,415.78,64.94,221.48,0.7961,-1,-1,-1
911,140,307.06,693.63,90.26,261.49,0.8911,-1,-1,-1
911,108,1575.85,599.64,100.01,224.36,0.5934,-1,-1,-1
911,121,412.41,346.65,66.38,208.23,0.6824,-1,-1,-1
911,158,908.57,952.76,73.12,127.23,0.7778,-1,-1,-1
911,159,1304.75,868.92,91.70,211.07,0.8594,-1,-1,-1
911,109,323.49,362.40,76.46,182.94,0.6455,-1,-1,-1
911,163,1757.23,682.62,76.32,241.55,0.7085,-1,-1,-1
912,3,1722.55,452.31,74.53,212.47,0.6592,-1,-1,-1
912,91,307.23,695.28,89.42,262.69,0.8858,-1,-1,-1
912,106,908.91,953.11,72.80,126.91,0.7692,-1,-1,-1
912,113,869.76,428.88,62.24,219.45,0.8316,-1,-1,-1
912,116,966.05,414.79,64.67,219.75,0.7897,-1,-1,-1
912,136,966.05,414.78,64.67,219.75,0.7897,-1,-1,-1
912,140,307.23,695.28,89.42,262.69,0.8858,-1,-1,-1
912,108,1574.64,599.09,101.34,224.90,0.5410,-1,-1,-1
912,121,411.43,347.24,66.55,208.03,0.6556,-1,-1,-1
912,158,908.91,953.11,72.80,126.91,0.7692,-1,-1,-1
912,159,1302.89,866.07,91.22,213.91,0.8582,-1,-1,-1
912,109,324.76,365.61,74.48,182.38,0.6443,-1,-1,-1
912,163,1757.98,682.61,75.80,242.08,0.7323,-1,-1,-1
913,3,1722.61,451.93,74.24,213.07,0.6280,-1,-1,-1
913,91,307.10,696.38,88.71,262.09,0.8833,-1,-1,-1
913,106,908.84,953.10,72.40,126.85,0.7748,-1,-1,-1
913,113,868.95,426.53,62.71,221.56,0.8377,-1,-1,-1
913,116,964.72,412.65,64.90,217.46,0.7764,-1,-1,-1
913,136,964.72,412.64,64.89,217.46,0.7764,-1,-1,-1
913,140,307.10,696.38,88.71,262.09,0.8833,-1,-1,-1
913,108,1575.75,599.62,99.84,224.40,0.5595,-1,-1,-1
913,121,409.80,347.20,68.09,208.13,0.6249,-1,-1,-1
913,158,908.84,953.10,72.40,126.85,0.7748,-1,-1,-1
913,159,1301.52,861.60,90.52,218.38,0.8665,-1,-1,-1
913,109,326.33,366.98,74.29,183.57,0.5750,-1,-1,-1
913,163,1758.16,681.14,76.10,243.51,0.7227,-1,-1,-1
914,3,1723.18,452.12,73.55,212.70,0.6553,-1,-1,-1
914,91,306.92,697.26,88.72,261.03,0.8834,-1,-1,-1
914,106,908.33,953.49,73.02,126.45,0.7736,-1,-1,-1
914,113,868.33,425.47,61.95,218.79,0.8086,-1,-1,-1
914,116,963.25,410.33,65.00,213.43,0.7899,-1,-1,-1
914,136,963.25,410.32,64.99,213.43,0.7899,-1,-1,-1
914,140,306.92,697.26,88.72,261.03,0.8834,-1,-1,-1
914,108,1574.52,599.16,102.12,224.64,0.4214,-1,-1,-1
914,121,408.57,348.32,69.35,206.50,0.6122,-1,-1,-1
914,158,908.33,953.49,73.02,126.45,0.7736,-1,-1,-1
914,159,1299.03,857.53,91.42,222.49,0.8599,-1,-1,-1
914,109,327.16,367.06,74.08,185.48,0.6158,-1,-1,-1
914,163,1759.23,679.89,75.46,245.19,0.6952,-1,-1,-1
915,3,1723.22,452.45,72.97,211.94,0.6455,-1,-1,-1
915,91,306.70,698.34,88.46,259.97,0.8763,-1,-1,-1
915,106,907.67,953.88,73.43,126.09,0.7773,-1,-1,-1
915,113,868.13,423.37,60.96,214.83,0.7731,-1,-1,-1
915,116,962.04,408.20,64.32,210.82,0.8025,-1,-1,-1
915,136,962.03,408.19,64.31,210.82,0.8025,-1,-1,-1
915,140,306.70,698.34,88.46,259.97,0.8763,-1,-1,-1
915,108,1574.24,599.77,101.59,224.22,0.5443,-1,-1,-1
915,121,405.96,348.30,72.24,205.85,0.6172,-1,-1,-1
915,158,907.67,953.88,73.43,126.09,0.7773,-1,-1,-1
915,159,1298.04,853.76,92.44,226.23,0.8592,-1,-1,-1
915,109,328.68,368.33,72.19,185.94,0.6185,-1,-1,-1
915,163,1759.21,677.56,75.03,246.77,0.6898,-1,-1,-1
916,3,1722.97,452.20,73.36,212.28,0.6573,-1,-1,-1
916,91,306.18,699.72,88.26,258.51,0.8567,-1,-1,-1
916,106,907.27,954.20,73.61,125.79,0.7775,-1,-1,-1
916,113,867.76,421.53,60.58,212.76,0.7753,-1,-1,-1
916,116,960.62,406.12,63.32,208.12,0.8125,-1,-1,-1
916,136,960.62,406.12,63.32,208.12,0.8125,-1,-1,-1
916,140,306.18,699.72,88.26,258.51,0.8567,-1,-1,-1
916,108,1573.97,600.56,100.97,222.86,0.5440,-1,-1,-1
916,121,405.04,347.59,72.43,206.43,0.5987,-1,-1,-1
916,158,907.27,954.20,73.61,125.79,0.7775,-1,-1,-1
916,159,1296.07,849.77,93.23,230.22,0.8560,-1,-1,-1
916,109,328.47,370.61,70.73,184.74,0.5865,-1,-1,-1
916,163,1758.30,676.06,75.40,251.95,0.6627,-1,-1,-1
917,3,1722.71,452.75,73.23,212.68,0.6779,-1,-1,-1
917,91,305.70,701.83,87.85,256.50,0.8656,-1,-1,-1
917,106,906.89,954.52,73.70,125.42,0.7643,-1,-1,-1
917,113,867.32,419.24,59.86,213.07,0.7940,-1,-1,-1
917,116,958.97,403.72,62.88,208.42,0.8447,-1,-1,-1
917,136,958.97,403.72,62.88,208.42,0.8447,-1,-1,-1
917,140,305.70,701.83,87.85,256.50,0.8656,-1,-1,-1
917,108,1573.87,601.15,101.14,222.31,0.4017,-1,-1,-1
917,121,404.64,347.24,72.83,206.70,0.6494,-1,-1,-1
917,158,906.89,954.52,73.70,125.42,0.7643,-1,-1,-1
917,159,1294.39,845.50,94.53,234.51,0.8561,-1,-1,-1
917,109,328.20,371.32,70.99,184.43,0.6169,-1,-1,-1
917,163,1758.63,675.11,75.33,252.97,0.6493,-1,-1,-1
917,147,462.04,180.23,70.17,198.87,0.3576,-1,-1,-1
918,3,1722.73,452.41,72.88,213.18,0.5451,-1,-1,-1
918,91,305.75,702.94,87.23,254.47,0.8632,-1,-1,-1
918,106,907.01,955.17,73.55,124.70,0.7704,-1,-1,-1
918,113,866.79,417.46,59.79,211.68,0.7903,-1,-1,-1
918,116,955.75,400.95,64.16,209.83,0.8350,-1,-1,-1
918,136,955.75,400.95,64.16,209.83,0.8350,-1,-1,-1
918,140,305.75,702.94,87.23,254.47,0.8632,-1,-1,-1
918,108,1574.37,601.40,100.19,222.32,0.5914,-1,-1,-1
918,121,405.63,349.37,71.88,204.91,0.6811,-1,-1,-1
918,158,907.01,955.17,73.55,124.70,0.7704,-1,-1,-1
918,159,1291.87,841.36,94.53,238.63,0.8513,-1,-1,-1
918,109,328.10,371.66,71.21,184.28,0.5739,-1,-1,-1
918,163,1758.66,674.14,74.82,255.26,0.6344,-1,-1,-1
918,147,461.84,179.59,68.99,204.07,0.4186,-1,-1,-1
919,3,1722.77,451.88,73.17,214.26,0.6361,-1,-1,-1
919,91,305.94,703.89,87.19,252.54,0.8603,-1,-1,-1
919,106,906.99,955.43,73.97,124.43,0.7793,-1,-1,-1
919,113,866.19,414.85,60.52,212.11,0.7813,-1,-1,-1
919,116,953.82,398.55,65.52,211.78,0.8343,-1,-1,-1
919,136,953.81,398.54,65.52,211.78,0.8343,-1,-1,-1
919,140,305.94,703.89,87.19,252.54,0.8603,-1,-1,-1
919,108,1574.78,600.30,99.73,223.04,0.5364,-1,-1,-1
919,121,405.34,350.97,72.11,206.37,0.6798,-1,-1,-1
919,158,906.99,955.43,73.97,124.43,0.7793,-1,-1,-1
919,159,1290.96,838.21,94.45,241.79,0.8463,-1,-1,-1
919,109,326.91,373.15,72.46,182.98,0.5074,-1,-1,-1
919,163,1759.16,675.28,74.51,253.45,0.6562,-1,-1,-1
919,147,459.47,181.01,70.55,206.52,0.3872,-1,-1,-1
920,3,1722.12,451.87,74.06,213.80,0.6340,-1,-1,-1
920,91,305.43,705.44,88.63,252.62,0.8519,-1,-1,-1
920,106,906.76,955.98,74.38,123.70,0.7703,-1,-1,-1
920,113,865.95,410.99,60.53,211.21,0.7861,-1,-1,-1
920,116,951.78,396.10,66.87,214.25,0.8509,-1,-1,-1
920,136,951.78,396.10,66.86,214.25,0.8509,-1,-1,-1
920,140,305.43,705.44,88.63,252.62,0.8519,-1,-1,-1
920,108,1575.48,600.67,98.72,223.00,0.5450,-1,-1,-1
920,121,406.63,353.26,70.00,206.08,0.6275,-1,-1,-1
920,158,906.76,955.98,74.38,123.70,0.7703,-1,-1,-1
920,159,1288.75,834.88,94.91,245.10,0.8562,-1,-1,-1
920,109,327.36,373.84,73.08,182.84,0.4675,-1,-1,-1
920,163,1759.53,676.89,74.91,252.72,0.6437,-1,-1,-1
920,147,458.78,182.42,70.47,207.80,0.3498,-1,-1,-1
921,3,1722.35,451.60,74.00,214.53,0.6247,-1,-1,-1
921,91,305.36,706.88,88.66,253.24,0.8509,-1,-1,-1
921,106,906.71,956.12,74.47,123.57,0.7562,-1,-1,-1
921,113,865.70,409.12,60.60,212.65,0.8073,-1,-1,-1
921,116,948.78,394.37,69.92,216.23,0.8483,-1,-1,-1
921,136,948.78,394.37,69.92,216.23,0.8483,-1,-1,-1
921,140,305.36,706.88,88.66,253.24,0.8509,-1,-1,-1
921,108,1575.27,601.73,99.64,222.02,0.5385,-1,-1,-1
921,121,406.10,355.17,70.06,207.27,0.6164,-1,-1,-1
921,158,906.71,956.12,74.47,123.57,0.7562,-1,-1,-1
921,159,1288.37,832.93,93.68,247.08,0.8476,-1,-1,-1
921,109,327.28,374.06,73.00,182.19,0.4927,-1,-1,-1
921,163,1759.31,677.39,75.67,252.00,0.6473,-1,-1,-1
921,147,457.98,185.99,70.23,209.24,0.3186,-1,-1,-1
922,3,1722.58,453.01,73.59,213.14,0.5090,-1,-1,-1
922,91,305.53,708.48,88.43,256.12,0.8482,-1,-1,-1
922,106,906.27,956.36,75.28,123.54,0.7769,-1,-1,-1
922,113,865.72,408.43,60.21,212.38,0.7927,-1,-1,-1
922,116,947.00,392.81,71.71,217.87,0.8303,-1,-1,-1
922,136,947.00,392.80,71.71,217.87,0.8303,-1,-1,-1
922,140,305.53,708.48,88.43,256.12,0.8482,-1,-1,-1
922,108,1575.98,601.11,98.90,222.63,0.4857,-1,-1,-1
922,121,405.20,357.98,69.87,205.81,0.5976,-1,-1,-1
922,158,906.27,956.36,75.28,123.54,0.7769,-1,-1,-1
922,159,1286.70,831.23,93.18,248.79,0.8504,-1,-1,-1
922,109,326.19,374.46,74.88,181.88,0.5249,-1,-1,-1
922,163,1759.50,676.87,75.59,251.87,0.6184,-1,-1,-1
922,147,456.86,186.91,71.13,208.50,0.3843,-1,-1,-1
923,3,1721.56,452.77,74.32,213.42,0.6544,-1,-1,-1
923,91,305.66,710.12,88.36,257.84,0.8389,-1,-1,-1
923,106,906.41,956.37,75.02,123.63,0.7768,-1,-1,-1
923,113,865.58,408.12,59.89,213.19,0.7930,-1,-1,-1
923,116,945.49,392.02,74.21,219.58,0.8110,-1,-1,-1
923,136,945.49,392.02,74.21,219.58,0.8110,-1,-1,-1
923,140,305.66,710.12,88.36,257.84,0.8389,-1,-1,-1
923,108,1574.40,600.06,100.88,223.95,0.5187,-1,-1,-1
923,121,404.19,360.16,70.13,205.37,0.5560,-1,-1,-1
923,158,906.41,956.37,75.02,123.63,0.7768,-1,-1,-1
923,159,1285.24,829.62,93.29,250.39,0.8669,-1,-1,-1
923,109,326.60,374.66,73.80,181.82,0.4896,-1,-1,-1
923,163,1759.33,676.52,74.52,251.69,0.6739,-1,-1,-1
923,147,455.13,188.76,72.76,206.49,0.4792,-1,-1,-1
924,3,1720.91,452.34,75.35,212.98,0.5472,-1,-1,-1
924,91,306.33,711.68,87.44,260.65,0.8348,-1,-1,-1
924,106,906.42,956.32,75.07,123.63,0.7720,-1,-1,-1
924,113,865.27,407.57,60.27,212.73,0.7911,-1,-1,-1
924,116,943.81,391.24,77.12,221.43,0.6205,-1,-1,-1
924,136,943.37,391.50,78.11,222.03,0.4075,-1,-1,-1
924,140,306.33,711.68,87.44,260.65,0.8348,-1,-1,-1
924,108,1574.52,599.86,100.50,224.01,0.4620,-1,-1,-1
924,121,402.60,361.67,71.99,208.11,0.5862,-1,-1,-1
924,158,906.42,956.32,75.07,123.63,0.7720,-1,-1,-1
924,159,1282.94,828.63,94.78,250.07,0.8708,-1,-1,-1
924,109,327.95,375.85,71.42,180.84,0.5271,-1,-1,-1
924,163,1758.52,675.53,73.40,250.88,0.6378,-1,-1,-1
924,147,455.48,191.73,72.38,203.17,0.4442,-1,-1,-1
925,3,1720.26,452.38,75.56,213.52,0.5045,-1,-1,-1
925,91,307.25,714.18,86.42,261.17,0.7555,-1,-1,-1
925,106,906.58,956.15,75.12,123.85,0.7648,-1,-1,-1
925,113,864.55,406.91,60.79,213.07,0.7752,-1,-1,-1
925,116,942.26,391.40,78.29,221.56,0.8084,-1,-1,-1
925,136,942.09,391.50,78.68,221.79,0.8084,-1,-1,-1
925,140,307.25,714.18,86.42,261.17,0.7555,-1,-1,-1
925,121,400.78,363.13,72.77,210.64,0.6214,-1,-1,-1
925,158,906.58,956.15,75.12,123.85,0.7648,-1,-1,-1
925,159,1280.95,828.10,95.94,249.59,0.8637,-1,-1,-1
925,109,328.17,376.94,69.83,180.54,0.6057,-1,-1,-1
925,163,1758.56,675.84,73.34,250.13,0.6203,-1,-1,-1
925,147,454.34,193.74,73.36,201.93,0.3619,-1,-1,-1
926,3,1720.40,452.49,75.54,213.41,0.6152,-1,-1,-1
926,91,307.75,716.84,86.72,260.93,0.8074,-1,-1,-1
926,106,907.01,956.19,75.16,123.82,0.7765,-1,-1,-1
926,113,863.93,405.97,60.91,215.24,0.7265,-1,-1,-1
926,116,940.40,391.60,80.20,221.40,0.8050,-1,-1,-1
926,136,940.33,391.63,80.35,221.48,0.8050,-1,-1,-1
926,140,307.75,716.84,86.72,260.93,0.8074,-1,-1,-1
926,121,398.85,363.69,74.33,212.17,0.5118,-1,-1,-1
926,158,907.01,956.19,75.16,123.82,0.7765,-1,-1,-1
926,159,1279.63,826.88,94.33,251.03,0.8630,-1,-1,-1
926,109,328.86,378.50,68.33,180.42,0.5691,-1,-1,-1
926,163,1757.53,676.13,75.28,250.40,0.7006,-1,-1,-1
926,147,453.08,197.34,74.28,201.99,0.3790,-1,-1,-1
927,3,1720.33,452.95,75.62,212.72,0.6387,-1,-1,-1
927,91,307.87,720.03,86.67,263.35,0.8172,-1,-1,-1
927,106,907.47,956.14,74.68,123.89,0.7849,-1,-1,-1
927,113,863.47,405.24,60.97,214.01,0.7595,-1,-1,-1
927,116,939.80,391.25,80.96,220.30,0.8249,-1,-1,-1
927,136,939.77,391.26,81.01,220.33,0.8249,-1,-1,-1
927,140,307.87,720.03,86.67,263.35,0.8172,-1,-1,-1
927,121,399.17,364.70,73.51,212.15,0.4895,-1,-1,-1
927,158,907.47,956.14,74.68,123.89,0.7849,-1,-1,-1
927,159,1277.39,825.23,93.80,253.10,0.8796,-1,-1,-1
927,109,329.24,380.21,68.29,181.42,0.6208,-1,-1,-1
927,163,1757.37,675.98,76.23,252.37,0.6973,-1,-1,-1
927,147,453.41,198.69,72.89,203.45,0.3609,-1,-1,-1
927,108,1573.96,599.04,100.58,224.52,0.4374,-1,-1,-1
928,3,1720.43,453.54,75.35,212.17,0.6427,-1,-1,-1
928,91,309.24,724.08,85.66,264.03,0.8402,-1,-1,-1
928,106,907.31,956.05,75.23,124.00,0.7690,-1,-1,-1
928,113,862.74,404.35,61.20,213.72,0.7584,-1,-1,-1
928,116,940.01,390.32,80.67,220.27,0.8188,-1,-1,-1
928,136,940.00,390.32,80.69,220.28,0.8188,-1,-1,-1
928,140,309.24,724.08,85.66,264.03,0.8402,-1,-1,-1
928,121,398.07,364.17,74.16,212.78,0.5105,-1,-1,-1
928,158,907.31,956.05,75.23,124.00,0.7690,-1,-1,-1
928,159,1274.93,822.80,92.93,255.68,0.8623,-1,-1,-1
928,109,329.31,383.11,69.03,183.99,0.5635,-1,-1,-1
928,163,1756.54,675.44,77.26,253.35,0.6988,-1,-1,-1
928,147,454.12,199.79,70.61,203.30,0.3425,-1,-1,-1
928,108,1573.93,598.33,103.26,227.06,0.4145,-1,-1,-1
929,3,1720.14,453.21,75.55,212.65,0.6390,-1,-1,-1
929,91,310.45,726.30,85.84,265.13,0.8560,-1,-1,-1
929,106,907.48,955.81,74.62,124.20,0.7726,-1,-1,-1
929,113,861.40,402.28,62.31,213.98,0.7688,-1,-1,-1
929,116,939.49,388.79,80.52,221.21,0.7624,-1,-1,-1
929,136,939.49,388.79,80.53,221.21,0.7624,-1,-1,-1
929,140,310.45,726.30,85.84,265.13,0.8560,-1,-1,-1
929,121,397.19,364.44,74.79,212.51,0.5817,-1,-1,-1
929,158,907.48,955.81,74.62,124.20,0.7726,-1,-1,-1
929,159,1272.63,818.04,92.63,260.65,0.8493,-1,-1,-1
929,109,329.72,384.90,68.89,186.75,0.5759,-1,-1,-1
929,163,1755.85,675.85,78.17,252.70,0.6955,-1,-1,-1
929,147,454.37,200.45,70.26,203.01,0.3109,-1,-1,-1
929,108,1574.42,600.10,103.06,225.66,0.3576,-1,-1,-1
930,3,1720.80,453.01,74.59,212.89,0.6434,-1,-1,-1
930,91,312.69,728.47,84.37,263.39,0.8454,-1,-1,-1
930,106,906.80,955.57,75.25,124.28,0.7610,-1,-1,-1
930,113,860.67,400.17,63.05,213.49,0.7822,-1,-1,-1
930,116,939.49,386.66,79.98,222.27,0.8443,-1,-1,-1
930,136,939.49,386.66,79.98,222.27,0.8443,-1,-1,-1
930,140,312.69,728.47,84.37,263.39,0.8454,-1,-1,-1
930,121,396.62,364.73,74.38,210.26,0.4987,-1,-1,-1
930,158,906.80,955.57,75.25,124.28,0.7610,-1,-1,-1
930,159,1270.71,814.05,93.23,265.47,0.8574,-1,-1,-1
930,109,329.74,386.69,70.20,188.14,0.5286,-1,-1,-1
930,163,1753.38,676.31,81.31,251.96,0.6808,-1,-1,-1
931,3,1720.70,453.28,74.99,211.98,0.6043,-1,-1,-1
931,91,314.54,730.40,84.10,260.63,0.8561,-1,-1,-1
931,106,906.94,955.49,75.56,124.51,0.7687,-1,-1,-1
931,113,860.13,398.37,62.62,206.83,0.7497,-1,-1,-1
931,116,939.78,384.68,78.67,220.65,0.8317,-1,-1,-1
931,136,939.78,384.68,78.66,220.65,0.8317,-1,-1,-1
931,140,314.54,730.40,84.10,260.63,0.8561,-1,-1,-1
931,121,395.50,366.93,74.87,206.42,0.4819,-1,-1,-1
931,158,906.94,955.49,75.56,124.51,0.7687,-1,-1,-1
931,159,1270.00,810.23,91.97,269.63,0.8534,-1,-1,-1
931,109,329.33,388.16,70.72,189.47,0.5351,-1,-1,-1
931,163,1751.44,675.74,82.85,252.15,0.7271,-1,-1,-1
931,108,1576.19,598.77,98.78,225.23,0.5249,-1,-1,-1
932,3,1721.29,452.82,74.49,212.85,0.6246,-1,-1,-1
932,91,316.66,731.67,83.26,258.30,0.8502,-1,-1,-1
932,106,907.45,954.81,75.38,125.05,0.7718,-1,-1,-1
932,113,859.69,396.36,62.29,203.74,0.7336,-1,-1,-1
932,116,940.79,382.12,77.51,218.24,0.8165,-1,-1,-1
932,136,940.79,382.11,77.51,218.24,0.8165,-1,-1,-1
932,140,316.66,731.67,83.26,258.30,0.8502,-1,-1,-1
932,121,395.41,365.62,74.51,208.71,0.4612,-1,-1,-1
932,158,907.45,954.81,75.38,125.05,0.7718,-1,-1,-1
932,159,1268.99,805.81,91.58,274.15,0.8492,-1,-1,-1
932,109,329.30,388.63,70.22,188.66,0.4767,-1,-1,-1
932,163,1750.01,675.56,84.46,251.69,0.7195,-1,-1,-1
932,108,1577.03,598.67,97.14,225.11,0.5821,-1,-1,-1
933,3,1721.55,452.46,74.15,213.46,0.5954,-1,-1,-1
933,91,317.60,733.07,84.18,258.08,0.8548,-1,-1,-1
933,106,907.49,954.52,75.68,125.25,0.7746,-1,-1,-1
933,113,859.18,394.84,62.14,200.69,0.7289,-1,-1,-1
933,116,940.78,379.75,77.43,214.21,0.8004,-1,-1,-1
933,136,940.78,379.74,77.43,214.21,0.8004,-1,-1,-1
933,140,317.60,733.07,84.18,258.08,0.8548,-1,-1,-1
933,121,393.80,366.13,75.49,208.11,0.5047,-1,-1,-1
933,158,907.49,954.52,75.68,125.25,0.7746,-1,-1,-1
933,159,1268.62,802.72,90.29,275.80,0.8538,-1,-1,-1
933,109,329.44,389.51,69.26,188.31,0.4335,-1,-1,-1
933,163,1749.16,674.96,84.35,252.96,0.7391,-1,-1,-1
933,108,1575.80,596.73,98.56,227.03,0.5618,-1,-1,-1
934,3,1721.48,452.70,74.11,213.55,0.6221,-1,-1,-1
934,91,318.21,734.42,85.43,257.31,0.8541,-1,-1,-1
934,106,907.69,953.93,76.01,125.73,0.7910,-1,-1,-1
934,113,858.44,393.11,62.58,201.90,0.7469,-1,-1,-1
934,116,941.72,377.48,75.91,212.79,0.8045,-1,-1,-1
934,136,941.72,377.48,75.91,212.79,0.8045,-1,-1,-1
934,140,318.21,734.42,85.43,257.31,0.8541,-1,-1,-1
934,121,392.68,367.62,75.72,206.92,0.5267,-1,-1,-1
934,158,907.69,953.93,76.01,125.73,0.7910,-1,-1,-1
934,159,1267.81,799.83,89.58,274.28,0.8484,-1,-1,-1
934,109,329.87,391.26,69.20,187.43,0.3417,-1,-1,-1
934,163,1748.88,675.33,84.85,251.96,0.7216,-1,-1,-1
934,108,1576.28,596.34,97.91,227.52,0.6100,-1,-1,-1
935,3,1721.75,453.37,73.97,212.75,0.6230,-1,-1,-1
935,91,318.69,735.96,87.86,256.56,0.8726,-1,-1,-1
935,106,907.74,953.62,76.02,126.09,0.7813,-1,-1,-1
935,113,858.60,391.26,62.09,201.92,0.4537,-1,-1,-1
935,116,943.27,375.26,72.52,210.24,0.8239,-1,-1,-1
935,136,943.27,375.26,72.52,210.24,0.8239,-1,-1,-1
935,140,318.69,735.96,87.86,256.56,0.8726,-1,-1,-1
935,121,391.04,368.83,77.39,206.27,0.5247,-1,-1,-1
935,158,907.74,953.62,76.02,126.09,0.7813,-1,-1,-1
935,159,1267.02,796.42,89.79,274.22,0.8509,-1,-1,-1
935,109,331.75,392.36,68.91,186.40,0.2515,-1,-1,-1
935,163,1748.76,674.64,86.04,253.85,0.7221,-1,-1,-1
935,108,1576.20,596.24,98.12,228.10,0.6352,-1,-1,-1
936,3,1722.24,452.92,73.05,212.61,0.6105,-1,-1,-1
936,91,319.03,736.93,89.90,255.09,0.8705,-1,-1,-1
936,106,908.47,953.00,75.49,126.36,0.7513,-1,-1,-1
936,113,858.60,389.21,62.36,205.82,0.7504,-1,-1,-1
936,116,943.83,373.99,70.11,209.65,0.8056,-1,-1,-1
936,136,943.83,373.99,70.11,209.65,0.8056,-1,-1,-1
936,140,319.03,736.93,89.90,255.09,0.8705,-1,-1,-1
936,121,389.68,368.90,78.65,211.49,0.6155,-1,-1,-1
936,158,908.47,953.00,75.49,126.36,0.7513,-1,-1,-1
936,159,1265.93,792.95,90.69,277.67,0.8507,-1,-1,-1
936,109,330.89,391.74,68.81,186.49,0.2568,-1,-1,-1
936,163,1749.35,674.47,85.54,253.99,0.7064,-1,-1,-1
936,108,1576.92,596.46,97.79,227.43,0.6153,-1,-1,-1
937,3,1722.31,452.98,73.06,212.29,0.6127,-1,-1,-1
937,91,319.35,738.06,92.43,253.99,0.8842,-1,-1,-1
937,106,908.59,952.56,75.62,126.71,0.7720,-1,-1,-1
937,113,858.45,388.37,62.27,207.95,0.7708,-1,-1,-1
937,116,944.33,373.06,68.15,210.15,0.7887,-1,-1,-1
937,136,944.33,373.05,68.15,210.15,0.7887,-1,-1,-1
937,140,319.35,738.06,92.43,253.99,0.8842,-1,-1,-1
937,158,908.59,952.56,75.62,126.71,0.7720,-1,-1,-1
937,159,1264.06,790.28,92.21,279.79,0.8565,-1,-1,-1
937,109,339.78,393.68,58.58,184.01,0.2889,-1,-1,-1
937,163,1749.38,674.23,85.33,255.09,0.7364,-1,-1,-1
937,108,1575.92,596.79,99.59,227.10,0.5677,-1,-1,-1
938,3,1721.82,453.26,73.63,212.33,0.6269,-1,-1,-1
938,91,319.50,738.76,94.36,254.25,0.8849,-1,-1,-1
938,106,909.29,951.78,75.32,127.32,0.7602,-1,-1,-1
938,113,858.56,386.79,61.89,208.90,0.7560,-1,-1,-1
938,116,944.29,371.09,66.44,212.70,0.7993,-1,-1,-1
938,136,944.30,371.09,66.44,212.69,0.7993,-1,-1,-1
938,140,319.50,738.76,94.36,254.25,0.8849,-1,-1,-1
938,158,909.29,951.78,75.32,127.32,0.7602,-1,-1,-1
938,159,1262.31,787.51,92.54,283.58,0.8615,-1,-1,-1
938,109,343.73,394.08,54.31,181.91,0.2585,-1,-1,-1
938,163,1748.34,673.82,86.27,254.52,0.7234,-1,-1,-1
938,108,1576.32,597.39,98.63,226.58,0.5965,-1,-1,-1
938,121,389.23,370.94,78.93,216.72,0.5501,-1,-1,-1
939,3,1722.13,453.06,73.12,213.23,0.5894,-1,-1,-1
939,91,319.85,739.81,94.56,256.29,0.8879,-1,-1,-1
939,106,910.76,950.64,75.30,128.76,0.7340,-1,-1,-1
939,113,858.77,386.58,61.52,210.17,0.7449,-1,-1,-1
939,116,944.41,370.01,65.86,213.80,0.7741,-1,-1,-1
939,136,944.41,370.00,65.86,213.80,0.7741,-1,-1,-1
939,140,319.85,739.81,94.56,256.29,0.8879,-1,-1,-1
939,158,910.76,950.64,75.30,128.76,0.7340,-1,-1,-1
939,159,1261.27,785.30,92.25,285.67,0.8674,-1,-1,-1
939,109,344.77,394.35,52.94,181.27,0.2621,-1,-1,-1
939,163,1747.38,674.68,85.79,253.71,0.7333,-1,-1,-1
939,108,1575.40,596.10,99.16,227.86,0.5377,-1,-1,-1
939,121,389.97,377.31,78.60,213.91,0.6365,-1,-1,-1
940,3,1722.00,452.83,73.07,213.59,0.5712,-1,-1,-1
940,91,320.65,740.85,93.87,260.05,0.8844,-1,-1,-1
940,106,911.66,949.69,75.02,129.86,0.7590,-1,-1,-1
940,113,859.15,386.32,60.90,210.60,0.7517,-1,-1,-1
940,116,943.63,369.60,66.12,214.22,0.7950,-1,-1,-1
940,136,943.63,369.60,66.12,214.22,0.7950,-1,-1,-1
940,140,320.65,740.85,93.87,260.05,0.8844,-1,-1,-1
940,158,911.66,949.69,75.02,129.86,0.7590,-1,-1,-1
940,159,1259.85,783.77,90.99,286.26,0.8666,-1,-1,-1
940,109,333.22,390.77,64.96,187.34,0.2575,-1,-1,-1
940,163,1746.57,674.21,85.77,253.08,0.7401,-1,-1,-1
940,108,1575.25,595.99,98.87,227.94,0.5553,-1,-1,-1
941,3,1721.33,453.13,73.54,212.52,0.6211,-1,-1,-1
941,91,321.47,742.83,94.07,266.01,0.8861,-1,-1,-1
941,106,911.65,948.01,76.17,131.86,0.6907,-1,-1,-1
941,113,859.00,385.87,61.08,211.33,0.7916,-1,-1,-1
941,116,942.46,368.73,66.08,215.57,0.8190,-1,-1,-1
941,136,942.46,368.73,66.07,215.57,0.8190,-1,-1,-1
941,140,321.47,742.83,94.07,266.01,0.8861,-1,-1,-1
941,158,911.65,948.01,76.17,131.86,0.6907,-1,-1,-1
941,159,1258.29,782.63,90.64,287.94,0.8642,-1,-1,-1
941,109,328.72,389.62,67.98,189.63,0.2837,-1,-1,-1
941,163,1746.79,674.19,86.55,253.35,0.7606,-1,-1,-1
941,108,1575.20,595.76,98.55,228.59,0.5967,-1,-1,-1
942,3,1721.54,452.79,73.31,213.57,0.5842,-1,-1,-1
942,91,322.20,746.44,93.84,267.86,0.8836,-1,-1,-1
942,106,912.54,946.64,75.69,133.39,0.7912,-1,-1,-1
942,113,859.00,385.12,61.23,212.13,0.7742,-1,-1,-1
942,116,941.68,368.43,66.23,215.48,0.8143,-1,-1,-1
942,136,941.68,368.43,66.22,215.48,0.8143,-1,-1,-1
942,140,322.20,746.44,93.84,267.86,0.8836,-1,-1,-1
942,158,912.54,946.64,75.69,133.39,0.7912,-1,-1,-1
942,159,1256.12,782.34,91.15,287.15,0.8553,-1,-1,-1
942,109,328.56,389.84,68.86,190.66,0.2707,-1,-1,-1
942,163,1746.46,672.97,87.47,253.18,0.7545,-1,-1,-1
942,108,1575.13,595.41,98.81,229.04,0.5674,-1,-1,-1
943,3,1721.47,452.71,73.00,213.72,0.6074,-1,-1,-1
943,91,322.70,750.01,93.98,266.82,0.8891,-1,-1,-1
943,106,913.92,945.48,74.24,134.55,0.7807,-1,-1,-1
943,113,858.74,383.85,61.68,212.03,0.7478,-1,-1,-1
943,116,940.28,367.16,67.19,216.47,0.8114,-1,-1,-1
943,136,940.28,367.16,67.19,216.47,0.8114,-1,-1,-1
943,140,322.70,750.01,93.98,266.82,0.8891,-1,-1,-1
943,158,913.92,945.48,74.24,134.55,0.7807,-1,-1,-1
943,159,1254.74,781.59,90.63,286.98,0.8571,-1,-1,-1
943,109,328.66,392.27,68.67,192.26,0.2767,-1,-1,-1
943,163,1745.90,671.77,87.31,254.27,0.7600,-1,-1,-1
943,108,1575.41,595.64,98.51,228.35,0.5740,-1,-1,-1
943,121,391.93,387.04,75.31,211.16,0.6286,-1,-1,-1
944,3,1721.54,452.86,72.64,214.45,0.5847,-1,-1,-1
944,91,323.00,753.69,93.59,264.11,0.8883,-1,-1,-1
944,106,915.44,944.29,73.76,135.75,0.7636,-1,-1,-1
944,113,858.55,382.22,61.65,213.15,0.7631,-1,-1,-1
944,116,938.49,366.24,67.74,216.35,0.7986,-1,-1,-1
944,136,938.49,366.24,67.74,216.35,0.7986,-1,-1,-1
944,140,323.00,753.69,93.59,264.11,0.8883,-1,-1,-1
944,158,915.44,944.29,73.76,135.75,0.7636,-1,-1,-1
944,159,1252.47,779.75,91.51,287.37,0.8570,-1,-1,-1
944,109,329.87,398.40,67.05,190.71,0.2899,-1,-1,-1
944,163,1745.58,672.82,86.79,253.71,0.7762,-1,-1,-1
944,108,1575.42,595.00,97.91,229.08,0.5901,-1,-1,-1
944,121,392.77,388.06,74.18,210.28,0.5705,-1,-1,-1
945,3,1721.14,452.22,72.95,215.21,0.5794,-1,-1,-1
945,91,323.30,756.57,92.76,264.04,0.8898,-1,-1,-1
945,106,916.17,943.59,73.73,136.46,0.7878,-1,-1,-1
945,113,857.90,379.85,62.28,212.37,0.7568,-1,-1,-1
945,116,939.25,364.59,65.82,216.32,0.7920,-1,-1,-1
945,136,939.25,364.59,65.82,216.32,0.7920,-1,-1,-1
945,140,323.30,756.57,92.76,264.04,0.8898,-1,-1,-1
945,158,916.17,943.59,73.73,136.46,0.7878,-1,-1,-1
945,159,1251.69,777.95,90.61,288.75,0.8522,-1,-1,-1
945,109,329.58,403.39,67.30,190.38,0.3506,-1,-1,-1
945,163,1745.06,673.31,86.78,253.07,0.7784,-1,-1,-1
945,108,1575.78,595.85,97.80,228.23,0.6096,-1,-1,-1
945,121,393.28,388.68,73.98,210.07,0.5859,-1,-1,-1
946,3,1721.10,453.22,73.03,213.30,0.6256,-1,-1,-1
946,91,323.86,758.76,92.14,265.33,0.8722,-1,-1,-1
946,106,918.10,943.20,72.38,136.78,0.7929,-1,-1,-1
946,113,857.36,377.25,63.48,213.60,0.6993,-1,-1,-1
946,116,938.56,362.67,64.69,215.73,0.7459,-1,-1,-1
946,136,938.56,362.67,64.69,215.73,0.7459,-1,-1,-1
946,140,323.86,758.76,92.14,265.33,0.8722,-1,-1,-1
946,158,918.10,943.20,72.38,136.78,0.7929,-1,-1,-1
946,159,1250.10,775.68,90.48,284.36,0.8627,-1,-1,-1
946,109,327.49,407.36,68.33,189.60,0.4787,-1,-1,-1
946,163,1743.35,672.88,88.17,252.84,0.7601,-1,-1,-1
946,108,1576.75,597.49,96.83,225.61,0.6157,-1,-1,-1
946,121,390.23,388.85,75.47,208.60,0.2888,-1,-1,-1
947,3,1721.29,453.89,72.51,212.71,0.6147,-1,-1,-1
947,91,324.22,760.44,91.39,267.41,0.8822,-1,-1,-1
947,106,918.98,941.84,71.76,138.19,0.7962,-1,-1,-1
947,113,856.70,374.78,64.01,211.48,0.7058,-1,-1,-1
947,116,937.25,361.01,64.13,211.65,0.7418,-1,-1,-1
947,136,937.25,361.01,64.13,211.65,0.7418,-1,-1,-1
947,140,324.22,760.44,91.39,267.41,0.8822,-1,-1,-1
947,158,918.98,941.84,71.76,138.19,0.7962,-1,-1,-1
947,159,1248.82,772.33,89.75,281.49,0.8578,-1,-1,-1
947,109,328.12,410.53,67.36,188.75,0.4790,-1,-1,-1
947,163,1742.60,670.56,89.61,254.83,0.7819,-1,-1,-1
947,108,1576.95,597.65,97.38,225.96,0.6477,-1,-1,-1
947,121,392.17,388.63,73.45,210.02,0.6192,-1,-1,-1
948,3,1721.51,453.89,72.04,212.56,0.6056,-1,-1,-1
948,91,324.00,762.44,90.39,269.13,0.8809,-1,-1,-1
948,106,919.67,940.44,71.95,139.56,0.7979,-1,-1,-1
948,113,856.38,371.58,63.78,211.22,0.7024,-1,-1,-1
948,116,936.42,358.24,63.07,208.66,0.7524,-1,-1,-1
948,136,936.42,358.24,63.07,208.66,0.7524,-1,-1,-1
948,140,324.00,762.44,90.39,269.13,0.8809,-1,-1,-1
948,158,919.67,940.44,71.95,139.56,0.7979,-1,-1,-1
948,159,1247.84,769.13,87.41,278.86,0.8625,-1,-1,-1
948,109,328.63,412.33,65.61,188.75,0.4720,-1,-1,-1
948,163,1741.61,670.03,90.78,256.35,0.7597,-1,-1,-1
948,108,1576.64,596.35,97.88,227.18,0.6455,-1,-1,-1
949,3,1721.41,453.65,71.92,212.39,0.6205,-1,-1,-1
949,91,323.25,763.32,90.98,269.73,0.8765,-1,-1,-1
949,106,920.84,939.44,71.73,140.61,0.7832,-1,-1,-1
949,113,855.70,369.06,64.03,211.18,0.7134,-1,-1,-1
949,116,934.49,356.09,63.77,208.91,0.7217,-1,-1,-1
949,136,934.49,356.09,63.77,208.91,0.7217,-1,-1,-1
949,140,323.25,763.32,90.98,269.73,0.8765,-1,-1,-1
949,158,920.84,939.44,71.73,140.61,0.7832,-1,-1,-1
949,159,1247.41,764.82,86.13,275.37,0.8542,-1,-1,-1
949,109,325.44,413.27,66.76,190.34,0.5788,-1,-1,-1
949,163,1741.68,670.75,89.91,252.60,0.7663,-1,-1,-1
949,108,1577.29,595.46,97.63,228.41,0.6284,-1,-1,-1
949,121,393.19,390.12,71.85,208.89,0.5640,-1,-1,-1
950,3,1721.66,453.33,71.77,213.38,0.6023,-1,-1,-1
950,91,323.17,764.94,90.18,268.30,0.8751,-1,-1,-1
950,106,921.92,937.46,71.16,142.55,0.7907,-1,-1,-1
950,113,855.82,366.73,64.05,206.34,0.7010,-1,-1,-1
950,116,931.36,352.93,65.52,208.83,0.7012,-1,-1,-1
950,136,931.36,352.93,65.52,208.83,0.7012,-1,-1,-1
950,140,323.17,764.94,90.18,268.30,0.8751,-1,-1,-1
950,158,921.92,937.46,71.16,142.55,0.7907,-1,-1,-1
950,159,1246.26,760.33,85.60,268.62,0.8518,-1,-1,-1
950,109,325.58,414.21,66.34,190.08,0.5260,-1,-1,-1
950,163,1741.51,668.92,90.40,256.32,0.7649,-1,-1,-1
950,108,1576.46,595.48,98.30,227.86,0.6278,-1,-1,-1
950,121,390.34,390.42,73.90,208.58,0.3798,-1,-1,-1
951,3,1721.52,453.19,71.98,214.12,0.6044,-1,-1,-1
951,91,322.65,766.65,90.42,266.41,0.8718,-1,-1,-1
951,106,921.88,936.59,71.67,143.41,0.7892,-1,-1,-1
951,113,855.04,365.02,64.83,205.45,0.7253,-1,-1,-1
951,116,929.99,350.14,66.21,209.55,0.7168,-1,-1,-1
951,136,929.99,350.14,66.21,209.55,0.7168,-1,-1,-1
951,140,322.65,766.65,90.42,266.41,0.8718,-1,-1,-1
951,158,921.88,936.59,71.67,143.41,0.7892,-1,-1,-1
951,159,1245.39,754.95,84.95,266.82,0.8503,-1,-1,-1
951,109,323.10,414.94,69.46,189.68,0.5307,-1,-1,-1
951,163,1741.71,668.12,90.08,256.49,0.7312,-1,-1,-1
951,108,1576.35,595.32,98.86,228.07,0.6396,-1,-1,-1
951,121,389.50,390.75,74.45,207.10,0.3033,-1,-1,-1
952,3,1721.26,453.24,72.02,214.36,0.6081,-1,-1,-1
952,91,322.45,768.28,90.11,265.14,0.8610,-1,-1,-1
952,106,922.98,935.86,71.31,144.18,0.7793,-1,-1,-1
952,113,854.32,363.60,65.51,205.34,0.7521,-1,-1,-1
952,116,929.24,347.66,66.40,211.27,0.7774,-1,-1,-1
952,136,929.24,347.66,66.40,211.27,0.7774,-1,-1,-1
952,140,322.45,768.28,90.11,265.14,0.8610,-1,-1,-1
952,158,922.98,935.86,71.31,144.18,0.7793,-1,-1,-1
952,159,1243.30,750.66,86.14,267.85,0.8278,-1,-1,-1
952,109,323.56,415.29,69.22,189.39,0.4559,-1,-1,-1
952,163,1741.66,667.91,90.50,256.56,0.7545,-1,-1,-1
952,108,1575.83,596.15,99.74,227.23,0.6316,-1,-1,-1
952,121,389.44,391.17,74.64,205.98,0.3405,-1,-1,-1
953,3,1721.05,453.74,72.48,213.50,0.6139,-1,-1,-1
953,91,321.91,769.91,89.50,263.62,0.8662,-1,-1,-1
953,106,924.08,935.16,71.29,144.87,0.5272,-1,-1,-1
953,113,852.93,362.25,67.22,206.17,0.7585,-1,-1,-1
953,116,927.44,346.32,67.43,211.31,0.7904,-1,-1,-1
953,136,927.44,346.32,67.43,211.31,0.7904,-1,-1,-1
953,140,321.91,769.91,89.50,263.62,0.8662,-1,-1,-1
953,158,924.18,935.21,71.04,144.82,0.5408,-1,-1,-1
953,159,1242.09,749.38,85.93,267.00,0.8653,-1,-1,-1
953,109,322.07,414.77,70.85,190.28,0.4793,-1,-1,-1
953,163,1740.99,668.60,91.55,256.19,0.7568,-1,-1,-1
953,108,1576.36,595.27,99.39,227.99,0.6672,-1,-1,-1
954,3,1721.27,453.45,72.45,213.31,0.6237,-1,-1,-1
954,91,322.49,771.46,88.70,262.18,0.8699,-1,-1,-1
954,106,924.83,934.43,70.95,145.56,0.6886,-1,-1,-1
954,113,852.32,360.85,67.05,207.17,0.7616,-1,-1,-1
954,116,925.64,345.28,68.62,211.55,0.7969,-1,-1,-1
954,136,925.64,345.28,68.62,211.55,0.7969,-1,-1,-1
954,140,322.49,771.46,88.70,262.18,0.8699,-1,-1,-1
954,158,924.86,934.45,70.85,145.54,0.6886,-1,-1,-1
954,159,1239.21,747.98,87.44,267.01,0.8594,-1,-1,-1
954,109,321.68,415.06,69.34,189.52,0.5302,-1,-1,-1
954,163,1740.76,669.54,91.96,256.04,0.7713,-1,-1,-1
954,108,1576.67,596.36,98.79,227.31,0.6067,-1,-1,-1
954,121,387.75,394.54,77.24,209.08,0.5406,-1,-1,-1
955,3,1720.77,453.30,73.01,213.76,0.6145,-1,-1,-1
955,91,322.49,773.14,88.39,260.30,0.8716,-1,-1,-1
955,106,925.84,934.24,69.55,145.76,0.5133,-1,-1,-1
955,113,852.29,360.25,66.46,208.01,0.7535,-1,-1,-1
955,116,925.15,344.11,69.41,211.81,0.7602,-1,-1,-1
955,136,925.15,344.11,69.41,211.81,0.7602,-1,-1,-1
955,140,322.49,773.14,88.39,260.30,0.8716,-1,-1,-1
955,158,925.75,934.13,69.83,145.87,0.5284,-1,-1,-1
955,159,1238.05,745.88,86.81,268.73,0.8596,-1,-1,-1
955,109,322.95,416.06,67.12,187.91,0.4446,-1,-1,-1
955,163,1740.76,669.32,91.75,255.51,0.7523,-1,-1,-1
955,108,1576.81,594.80,98.84,228.71,0.6501,-1,-1,-1
955,170,477.14,223.07,67.87,180.91,0.3549,-1,-1,-1
955,121,387.13,396.60,79.10,211.62,0.4399,-1,-1,-1
956,3,1721.19,453.53,72.74,213.99,0.6232,-1,-1,-1
956,91,322.17,773.69,88.71,259.37,0.8786,-1,-1,-1
956,106,925.89,933.53,70.20,146.50,0.7875,-1,-1,-1
956,113,851.65,360.22,66.47,209.41,0.7486,-1,-1,-1
956,116,924.54,343.48,70.58,214.32,0.7710,-1,-1,-1
956,136,924.54,343.48,70.58,214.32,0.7710,-1,-1,-1
956,140,322.17,773.69,88.71,259.37,0.8786,-1,-1,-1
956,158,925.86,933.49,70.30,146.54,0.7875,-1,-1,-1
956,159,1236.35,743.70,86.35,270.56,0.8597,-1,-1,-1
956,109,321.76,416.18,68.09,186.05,0.4852,-1,-1,-1
956,163,1740.50,668.68,91.87,254.94,0.7341,-1,-1,-1
956,108,1579.00,594.90,96.71,228.67,0.6152,-1,-1,-1
956,170,478.59,226.33,67.40,179.28,0.3458,-1,-1,-1
956,121,387.81,400.27,78.74,212.03,0.5740,-1,-1,-1
957,3,1721.00,453.16,72.73,214.49,0.6060,-1,-1,-1
957,91,322.28,774.23,88.21,259.31,0.8822,-1,-1,-1
957,106,925.87,933.01,71.00,146.96,0.8033,-1,-1,-1
957,113,851.10,360.66,66.07,207.54,0.7874,-1,-1,-1
957,116,922.68,343.22,72.22,215.12,0.7590,-1,-1,-1
957,136,922.68,343.22,72.22,215.12,0.7590,-1,-1,-1
957,140,322.28,774.23,88.21,259.31,0.8822,-1,-1,-1
957,158,925.86,933.00,71.04,146.97,0.8033,-1,-1,-1
957,159,1233.72,742.33,88.58,261.31,0.8385,-1,-1,-1
957,109,320.09,416.05,68.79,185.90,0.4775,-1,-1,-1
957,163,1740.71,669.59,90.81,252.98,0.7352,-1,-1,-1
957,108,1581.67,594.02,94.02,229.56,0.6296,-1,-1,-1
957,170,478.23,228.83,68.84,177.42,0.3971,-1,-1,-1
957,121,387.06,403.63,78.99,212.60,0.6720,-1,-1,-1
958,3,1720.92,453.25,72.89,214.38,0.6159,-1,-1,-1
958,91,322.33,775.25,87.97,261.85,0.8763,-1,-1,-1
958,106,926.38,932.59,71.17,147.38,0.8214,-1,-1,-1
958,113,850.48,360.20,66.40,207.23,0.7903,-1,-1,-1
958,116,922.84,343.17,72.82,215.82,0.7895,-1,-1,-1
958,136,922.84,343.17,72.82,215.82,0.7895,-1,-1,-1
958,140,322.33,775.25,87.97,261.85,0.8763,-1,-1,-1
958,158,926.38,932.59,71.19,147.38,0.8214,-1,-1,-1
958,159,1232.25,740.99,89.02,261.11,0.8395,-1,-1,-1
958,109,320.76,415.60,68.04,187.09,0.5115,-1,-1,-1
958,163,1740.88,668.64,90.65,254.25,0.7188,-1,-1,-1
958,108,1581.24,595.28,94.54,228.08,0.6033,-1,-1,-1
958,170,479.27,231.30,69.22,177.51,0.3157,-1,-1,-1
958,121,386.60,405.01,78.49,214.38,0.6999,-1,-1,-1
959,3,1720.85,453.37,72.91,213.37,0.6081,-1,-1,-1
959,91,322.08,777.31,87.59,262.70,0.8570,-1,-1,-1
959,106,926.84,932.59,71.09,147.42,0.8233,-1,-1,-1
959,113,850.50,359.51,65.88,205.99,0.7894,-1,-1,-1
959,116,924.14,342.55,71.29,216.70,0.5590,-1,-1,-1
959,136,924.14,342.55,71.29,216.70,0.5590,-1,-1,-1
959,140,322.08,777.31,87.59,262.70,0.8570,-1,-1,-1
959,158,926.84,932.59,71.10,147.42,0.8233,-1,-1,-1
959,159,1229.59,739.96,90.71,252.46,0.8289,-1,-1,-1
959,109,321.62,416.56,66.45,189.15,0.6359,-1,-1,-1
959,163,1740.91,669.30,89.69,252.97,0.6433,-1,-1,-1
959,108,1581.76,596.37,93.68,227.45,0.6162,-1,-1,-1
959,170,483.24,233.69,66.58,178.57,0.2869,-1,-1,-1
959,121,386.08,408.00,78.02,214.19,0.7379,-1,-1,-1
960,3,1720.72,452.69,73.27,214.06,0.6381,-1,-1,-1
960,91,321.94,779.60,87.21,262.78,0.8633,-1,-1,-1
960,106,927.08,932.23,71.42,147.80,0.8340,-1,-1,-1
960,113,850.41,356.67,65.31,207.29,0.8076,-1,-1,-1
960,116,924.13,341.34,71.46,217.01,0.7407,-1,-1,-1
960,136,924.13,341.34,71.46,217.01,0.7407,-1,-1,-1
960,140,321.94,779.60,87.21,262.78,0.8633,-1,-1,-1
960,158,927.08,932.22,71.42,147.80,0.8340,-1,-1,-1
960,159,1226.51,738.43,91.95,256.30,0.8641,-1,-1,-1
960,109,323.73,416.85,63.51,190.56,0.5496,-1,-1,-1
960,163,1740.71,669.43,90.87,253.03,0.7470,-1,-1,-1
960,108,1580.86,593.66,95.57,229.99,0.6376,-1,-1,-1
960,170,485.59,234.41,65.29,179.94,0.3235,-1,-1,-1
960,121,386.13,409.17,78.08,214.45,0.6207,-1,-1,-1
961,3,1720.90,452.58,73.35,214.03,0.6344,-1,-1,-1
961,91,322.47,783.54,86.40,261.40,0.8729,-1,-1,-1
961,106,927.46,931.82,71.27,148.16,0.8250,-1,-1,-1
961,113,849.71,353.31,64.36,206.73,0.8023,-1,-1,-1
961,116,924.16,340.13,71.86,217.84,0.6922,-1,-1,-1
961,136,924.16,340.13,71.86,217.84,0.6922,-1,-1,-1
961,140,322.47,783.54,86.40,261.40,0.8729,-1,-1,-1
961,158,927.46,931.82,71.27,148.16,0.8250,-1,-1,-1
961,159,1222.88,736.25,93.65,255.52,0.8642,-1,-1,-1
961,109,323.13,418.74,62.63,191.85,0.6782,-1,-1,-1
961,163,1740.55,670.32,91.46,252.77,0.7478,-1,-1,-1
961,108,1578.78,593.77,97.81,229.85,0.5711,-1,-1,-1
961,170,486.87,233.27,64.55,183.32,0.3503,-1,-1,-1
961,121,386.88,410.38,76.85,213.23,0.7114,-1,-1,-1
961,147,420.45,239.19,65.90,195.69,0.3472,-1,-1,-1
962,3,1720.98,452.54,72.86,213.67,0.6413,-1,-1,-1
962,91,322.73,786.38,85.90,260.38,0.8794,-1,-1,-1
962,106,927.76,931.81,71.34,148.16,0.8349,-1,-1,-1
962,113,849.04,350.09,64.54,204.76,0.8005,-1,-1,-1
962,116,924.82,338.42,71.99,217.47,0.7563,-1,-1,-1
962,136,924.82,338.42,71.99,217.47,0.7563,-1,-1,-1
962,140,322.73,786.38,85.90,260.38,0.8794,-1,-1,-1
962,158,927.76,931.81,71.34,148.16,0.8349,-1,-1,-1
962,159,1220.47,733.31,93.89,255.53,0.8547,-1,-1,-1
962,109,322.37,418.07,62.30,195.95,0.6645,-1,-1,-1
962,163,1740.38,667.71,92.88,258.16,0.7402,-1,-1,-1
962,108,1577.74,591.64,99.64,232.00,0.5991,-1,-1,-1
962,170,488.01,232.65,64.35,185.17,0.3069,-1,-1,-1
962,121,386.97,411.83,77.40,211.90,0.6410,-1,-1,-1
962,147,419.30,240.56,65.65,196.95,0.3382,-1,-1,-1
963,3,1720.94,452.51,73.09,213.47,0.6286,-1,-1,-1
963,91,323.27,789.35,85.56,261.80,0.8690,-1,-1,-1
963,106,928.16,931.73,71.35,148.31,0.8294,-1,-1,-1
963,113,848.93,348.08,63.43,204.12,0.7990,-1,-1,-1
963,116,924.35,336.27,71.60,218.71,0.7746,-1,-1,-1
963,136,924.35,336.27,71.60,218.71,0.7746,-1,-1,-1
963,140,323.27,789.35,85.56,261.80,0.8690,-1,-1,-1
963,158,928.16,931.73,71.35,148.31,0.8294,-1,-1,-1
963,159,1218.58,730.73,93.13,258.93,0.8431,-1,-1,-1
963,109,321.49,418.56,62.65,199.93,0.6971,-1,-1,-1
963,163,1740.49,668.35,92.75,256.11,0.7140,-1,-1,-1
963,108,1575.52,592.12,102.70,231.61,0.6033,-1,-1,-1
963,170,487.66,232.36,66.05,185.75,0.3008,-1,-1,-1
963,121,387.08,412.67,77.87,211.82,0.6898,-1,-1,-1
963,147,418.42,241.38,65.85,197.69,0.3346,-1,-1,-1
964,3,1720.71,452.81,72.97,213.89,0.6228,-1,-1,-1
964,91,324.39,792.25,84.68,265.41,0.8785,-1,-1,-1
964,106,927.98,931.88,71.58,148.13,0.8320,-1,-1,-1
964,113,848.35,346.79,62.18,203.22,0.7637,-1,-1,-1
964,116,923.45,333.99,71.83,218.05,0.7415,-1,-1,-1
964,136,923.45,333.99,71.83,218.05,0.7415,-1,-1,-1
964,140,324.39,792.25,84.68,265.41,0.8785,-1,-1,-1
964,158,927.98,931.88,71.58,148.13,0.8320,-1,-1,-1
964,159,1217.46,728.01,90.96,265.56,0.8493,-1,-1,-1
964,109,321.12,419.36,63.61,202.77,0.7105,-1,-1,-1
964,163,1740.34,666.59,93.15,258.31,0.7296,-1,-1,-1
964,108,1575.54,590.42,101.87,233.64,0.6049,-1,-1,-1
964,170,488.64,232.02,65.53,184.71,0.2944,-1,-1,-1
964,121,387.41,412.53,76.81,212.07,0.6579,-1,-1,-1
964,147,418.25,241.94,65.38,197.49,0.3213,-1,-1,-1
965,3,1720.88,452.93,72.96,213.03,0.6543,-1,-1,-1
965,91,325.51,795.08,84.42,270.43,0.8814,-1,-1,-1
965,106,928.00,931.76,71.76,148.20,0.8286,-1,-1,-1
965,113,849.29,344.24,60.05,201.52,0.7464,-1,-1,-1
965,116,923.69,331.60,71.92,215.30,0.7816,-1,-1,-1
965,136,923.69,331.60,71.92,215.30,0.7816,-1,-1,-1
965,140,325.51,795.08,84.42,270.43,0.8814,-1,-1,-1
965,158,928.00,931.76,71.76,148.20,0.8286,-1,-1,-1
965,159,1215.89,723.99,90.69,266.11,0.8582,-1,-1,-1
965,109,319.31,423.30,66.25,200.79,0.7133,-1,-1,-1
965,163,1740.53,668.94,93.48,255.97,0.7418,-1,-1,-1
965,108,1575.83,589.97,100.84,234.06,0.6658,-1,-1,-1
965,170,489.28,231.83,66.36,185.45,0.2871,-1,-1,-1
965,121,387.69,413.62,76.49,211.15,0.6593,-1,-1,-1
965,147,417.64,242.77,65.07,196.71,0.3501,-1,-1,-1
966,3,1720.75,452.98,72.93,213.31,0.6274,-1,-1,-1
966,91,326.80,797.84,83.28,274.43,0.8844,-1,-1,-1
966,106,927.69,932.04,72.31,147.95,0.8245,-1,-1,-1
966,113,849.64,342.59,59.25,200.54,0.7661,-1,-1,-1
966,116,924.34,330.27,71.19,209.61,0.7862,-1,-1,-1
966,136,924.34,330.27,71.19,209.61,0.7862,-1,-1,-1
966,140,326.80,797.84,83.28,274.43,0.8844,-1,-1,-1
966,158,927.69,932.04,72.31,147.95,0.8245,-1,-1,-1
966,159,1214.84,720.32,90.52,262.03,0.8463,-1,-1,-1
966,109,318.98,428.09,66.36,196.40,0.7002,-1,-1,-1
966,163,1740.84,669.74,93.76,256.08,0.7471,-1,-1,-1
966,108,1575.43,590.69,101.71,233.24,0.6833,-1,-1,-1
966,170,490.15,231.66,66.43,185.26,0.2867,-1,-1,-1
966,121,387.57,413.95,76.44,210.59,0.6798,-1,-1,-1
966,147,417.67,243.47,64.49,195.57,0.3246,-1,-1,-1
967,3,1720.61,452.83,72.89,213.61,0.6160,-1,-1,-1
967,91,328.35,799.73,82.59,274.64,0.8675,-1,-1,-1
967,106,927.44,932.05,72.85,147.95,0.8268,-1,-1,-1
967,113,850.23,340.79,59.08,201.59,0.7860,-1,-1,-1
967,116,925.76,328.59,69.95,207.74,0.7998,-1,-1,-1
967,136,925.76,328.59,69.95,207.74,0.7998,-1,-1,-1
967,140,328.35,799.73,82.59,274.64,0.8675,-1,-1,-1
967,158,927.44,932.05,72.84,147.95,0.8268,-1,-1,-1
967,159,1214.95,716.28,88.91,261.11,0.8381,-1,-1,-1
967,109,314.87,429.38,70.70,196.05,0.6579,-1,-1,-1
967,163,1740.84,670.27,93.02,255.68,0.7748,-1,-1,-1
967,108,1574.17,590.57,103.54,233.17,0.6639,-1,-1,-1
967,170,491.18,231.48,65.63,185.65,0.2718,-1,-1,-1
967,121,387.81,414.08,75.97,210.38,0.6505,-1,-1,-1
967,147,416.71,244.20,65.36,194.34,0.3316,-1,-1,-1
968,3,1720.66,452.88,72.66,214.08,0.6319,-1,-1,-1
968,91,329.07,800.51,83.36,275.09,0.8720,-1,-1,-1
968,106,927.12,931.66,72.91,148.31,0.8283,-1,-1,-1
968,113,849.29,339.57,59.63,203.27,0.7921,-1,-1,-1
968,116,926.61,326.02,69.51,207.71,0.8153,-1,-1,-1
968,136,926.61,326.02,69.51,207.71,0.8153,-1,-1,-1
968,140,329.07,800.51,83.36,275.09,0.8720,-1,-1,-1
968,158,927.12,931.66,72.91,148.31,0.8283,-1,-1,-1
968,159,1213.72,712.98,88.75,261.84,0.8514,-1,-1,-1
968,109,312.14,430.15,72.97,195.44,0.6199,-1,-1,-1
968,163,1740.02,669.71,94.38,256.65,0.7547,-1,-1,-1
968,108,1574.57,589.62,102.99,234.24,0.6865,-1,-1,-1
968,170,491.55,231.67,65.13,185.81,0.3192,-1,-1,-1
968,121,389.08,414.67,74.69,209.20,0.6508,-1,-1,-1
968,147,415.46,243.92,66.93,193.65,0.3000,-1,-1,-1
969,3,1720.76,453.12,72.59,214.23,0.6458,-1,-1,-1
969,91,329.52,801.37,84.94,273.93,0.8466,-1,-1,-1
969,106,927.06,931.94,72.41,148.04,0.8249,-1,-1,-1
969,113,849.40,338.65,59.14,204.90,0.7948,-1,-1,-1
969,116,927.20,324.31,68.93,207.27,0.8212,-1,-1,-1
969,136,927.20,324.31,68.93,207.27,0.8212,-1,-1,-1
969,140,329.52,801.37,84.94,273.93,0.8466,-1,-1,-1
969,158,927.06,931.94,72.41,148.04,0.8249,-1,-1,-1
969,159,1211.96,709.80,90.17,264.89,0.8591,-1,-1,-1
969,109,308.72,431.00,77.48,194.86,0.5325,-1,-1,-1
969,163,1739.45,669.27,94.11,255.69,0.7656,-1,-1,-1
969,108,1574.48,590.38,104.26,233.48,0.6928,-1,-1,-1
969,170,491.18,233.44,66.07,184.65,0.2504,-1,-1,-1
969,121,389.48,415.11,74.11,209.47,0.5839,-1,-1,-1
970,3,1720.76,453.11,72.66,213.86,0.6331,-1,-1,-1
970,91,330.05,802.73,86.53,273.04,0.3206,-1,-1,-1
970,106,926.70,931.98,72.38,148.07,0.8227,-1,-1,-1
970,113,849.26,338.25,59.03,205.83,0.8001,-1,-1,-1
970,116,927.86,323.38,67.12,207.53,0.7913,-1,-1,-1
970,136,927.86,323.38,67.12,207.53,0.7913,-1,-1,-1
970,158,926.70,931.98,72.38,148.07,0.8227,-1,-1,-1
970,159,1210.44,707.76,91.14,267.43,0.8395,-1,-1,-1
970,109,304.37,433.59,82.50,192.70,0.4875,-1,-1,-1
970,163,1739.21,669.30,94.11,254.50,0.7543,-1,-1,-1
970,108,1575.42,591.34,103.27,232.67,0.6973,-1,-1,-1
970,121,389.07,416.34,75.16,211.87,0.5710,-1,-1,-1
971,3,1720.81,453.13,72.96,213.90,0.6370,-1,-1,-1
971,91,330.66,804.50,87.80,271.87,0.3468,-1,-1,-1
971,106,926.45,932.21,72.07,147.83,0.8136,-1,-1,-1
971,113,849.20,337.79,58.75,207.19,0.8081,-1,-1,-1
971,116,928.20,322.80,66.33,207.25,0.7985,-1,-1,-1
971,136,928.20,322.80,66.33,207.25,0.7985,-1,-1,-1
971,158,926.45,932.21,72.07,147.83,0.8136,-1,-1,-1
971,159,1209.65,706.43,91.52,269.26,0.8491,-1,-1,-1
971,109,301.93,435.06,84.41,191.20,0.3848,-1,-1,-1
971,163,1739.37,670.68,93.00,253.64,0.7480,-1,-1,-1
971,108,1575.60,590.88,103.37,233.10,0.6545,-1,-1,-1
971,121,388.45,417.50,75.73,214.72,0.5944,-1,-1,-1
972,3,1721.24,452.83,72.24,213.52,0.6247,-1,-1,-1
972,91,330.19,805.59,91.13,269.89,0.8156,-1,-1,-1
972,106,926.37,932.49,70.95,147.55,0.7881,-1,-1,-1
972,113,849.08,337.62,58.55,207.98,0.7834,-1,-1,-1
972,116,928.14,322.19,65.91,206.74,0.7794,-1,-1,-1
972,136,928.14,322.19,65.91,206.74,0.7794,-1,-1,-1
972,158,926.37,932.49,70.95,147.55,0.7881,-1,-1,-1
972,159,1207.97,705.81,93.00,268.71,0.8271,-1,-1,-1
972,163,1739.65,669.90,92.89,255.79,0.7639,-1,-1,-1
972,108,1575.69,590.71,103.16,233.24,0.6359,-1,-1,-1
972,121,386.96,418.26,77.62,216.99,0.6104,-1,-1,-1
973,3,1720.89,452.49,72.65,214.14,0.6325,-1,-1,-1
973,91,329.63,807.00,94.18,267.60,0.8373,-1,-1,-1
973,106,925.86,933.24,71.08,146.78,0.7957,-1,-1,-1
973,113,848.16,336.43,59.52,207.99,0.7924,-1,-1,-1
973,116,928.29,321.58,65.20,206.80,0.7779,-1,-1,-1
973,136,928.29,321.58,65.20,206.80,0.7779,-1,-1,-1
973,158,925.86,933.24,71.08,146.78,0.7957,-1,-1,-1
973,159,1206.45,704.52,91.97,269.87,0.8730,-1,-1,-1
973,163,1739.62,669.36,93.52,256.10,0.7580,-1,-1,-1
973,108,1575.61,591.13,103.12,233.04,0.6832,-1,-1,-1
973,121,386.80,418.99,77.62,219.13,0.6171,-1,-1,-1
974,3,1721.05,452.42,72.05,213.74,0.5821,-1,-1,-1
974,91,328.92,808.27,96.88,266.37,0.8324,-1,-1,-1
974,106,925.58,933.01,70.30,147.04,0.4750,-1,-1,-1
974,113,848.05,335.46,59.52,208.41,0.7841,-1,-1,-1
974,116,927.70,321.48,65.07,206.71,0.7714,-1,-1,-1
974,136,927.70,321.48,65.07,206.71,0.7714,-1,-1,-1
974,158,925.67,933.21,69.97,146.84,0.5293,-1,-1,-1
974,159,1205.07,703.15,92.04,270.79,0.8763,-1,-1,-1
974,163,1739.58,670.95,93.12,254.84,0.7474,-1,-1,-1
974,108,1577.06,589.91,101.75,234.06,0.7088,-1,-1,-1
974,121,386.81,421.16,76.82,219.47,0.6445,-1,-1,-1
975,3,1720.87,452.27,72.26,214.25,0.6005,-1,-1,-1
975,91,328.41,809.65,98.82,264.86,0.8498,-1,-1,-1
975,106,924.34,933.54,70.22,146.48,0.7628,-1,-1,-1
975,113,847.58,333.69,59.87,208.44,0.7768,-1,-1,-1
975,116,927.47,320.81,64.49,208.28,0.7472,-1,-1,-1
975,136,927.47,320.81,64.49,208.28,0.7472,-1,-1,-1
975,158,924.37,933.61,70.10,146.41,0.7628,-1,-1,-1
975,159,1203.57,702.38,90.86,270.34,0.8632,-1,-1,-1
975,163,1739.38,670.14,93.25,255.13,0.7551,-1,-1,-1
975,108,1578.39,589.86,100.68,234.17,0.6812,-1,-1,-1
975,121,386.78,423.06,76.87,219.09,0.6481,-1,-1,-1
975,109,319.68,438.93,65.18,191.00,0.4334,-1,-1,-1
976,3,1721.00,453.58,72.12,212.88,0.5857,-1,-1,-1
976,91,328.48,811.81,100.08,264.40,0.8437,-1,-1,-1
976,106,923.69,933.99,69.52,146.03,0.7701,-1,-1,-1
976,113,847.23,331.97,60.04,207.15,0.7896,-1,-1,-1
976,116,926.13,320.12,64.40,210.37,0.6465,-1,-1,-1
976,136,926.23,320.20,64.71,210.52,0.5609,-1,-1,-1
976,158,923.70,934.02,69.47,146.01,0.7701,-1,-1,-1
976,159,1201.50,700.82,90.62,270.04,0.8710,-1,-1,-1
976,163,1739.41,671.00,93.24,253.76,0.7866,-1,-1,-1
976,108,1579.40,589.07,100.07,234.84,0.6760,-1,-1,-1
976,121,387.31,425.37,76.14,219.21,0.6417,-1,-1,-1
976,109,320.00,439.06,64.65,190.55,0.4349,-1,-1,-1
977,3,1721.04,453.28,71.91,213.79,0.5968,-1,-1,-1
977,91,328.46,814.01,101.57,265.21,0.8535,-1,-1,-1
977,106,922.49,934.23,69.47,145.81,0.7830,-1,-1,-1
977,113,847.04,329.99,59.95,205.59,0.7937,-1,-1,-1
977,116,924.54,318.54,64.15,211.44,0.8099,-1,-1,-1
977,136,924.58,318.58,64.27,211.50,0.8099,-1,-1,-1
977,158,922.49,934.24,69.46,145.80,0.7830,-1,-1,-1
977,159,1200.87,698.57,88.58,272.27,0.8522,-1,-1,-1
977,163,1739.19,670.17,92.77,253.01,0.7728,-1,-1,-1
977,108,1578.80,588.55,101.15,235.62,0.6879,-1,-1,-1
977,121,386.75,427.94,76.14,217.75,0.6459,-1,-1,-1
977,109,316.15,438.52,69.43,193.85,0.4828,-1,-1,-1
977,147,405.71,254.02,72.31,190.80,0.4472,-1,-1,-1
977,170,493.86,247.00,67.83,185.38,0.3542,-1,-1,-1
978,3,1721.00,453.88,72.07,213.33,0.5841,-1,-1,-1
978,91,328.98,816.57,100.99,263.66,0.8604,-1,-1,-1
978,106,922.33,934.69,68.22,145.30,0.7789,-1,-1,-1
978,113,846.40,327.68,60.44,203.02,0.7965,-1,-1,-1
978,116,924.14,317.71,63.92,209.92,0.8088,-1,-1,-1
978,136,924.16,317.72,63.96,209.94,0.8088,-1,-1,-1
978,158,922.33,934.69,68.21,145.30,0.7789,-1,-1,-1
978,159,1199.68,695.90,87.57,273.45,0.8517,-1,-1,-1
978,163,1739.19,670.12,91.54,253.38,0.7837,-1,-1,-1
978,108,1578.63,589.17,101.10,234.94,0.6838,-1,-1,-1
978,121,387.15,429.61,74.83,216.80,0.5063,-1,-1,-1
978,109,311.16,439.29,75.19,196.04,0.5265,-1,-1,-1
978,147,404.31,257.47,73.02,188.17,0.4485,-1,-1,-1
978,170,494.53,248.80,67.21,184.19,0.3006,-1,-1,-1
979,3,1720.57,453.19,72.26,213.76,0.5789,-1,-1,-1
979,91,329.79,818.83,100.33,261.70,0.8701,-1,-1,-1
979,106,922.04,935.28,67.24,144.69,0.7788,-1,-1,-1
979,113,845.90,324.87,60.62,201.44,0.7809,-1,-1,-1
979,116,923.98,316.48,63.13,207.85,0.8198,-1,-1,-1
979,136,923.99,316.48,63.14,207.86,0.8198,-1,-1,-1
979,158,922.04,935.28,67.24,144.69,0.7788,-1,-1,-1
979,159,1199.13,692.45,87.02,275.26,0.8534,-1,-1,-1
979,163,1738.95,669.93,91.96,253.15,0.7807,-1,-1,-1
979,108,1577.25,590.11,102.11,233.72,0.6839,-1,-1,-1
979,121,387.89,431.95,74.49,215.27,0.7013,-1,-1,-1
979,109,308.71,439.60,78.07,199.58,0.6251,-1,-1,-1
979,147,404.50,260.04,71.36,186.66,0.4790,-1,-1,-1
979,170,495.71,249.44,65.77,183.81,0.3948,-1,-1,-1
980,3,1721.25,453.23,71.55,213.52,0.5808,-1,-1,-1
980,91,329.86,822.13,99.47,258.47,0.8765,-1,-1,-1
980,106,921.52,936.09,66.12,143.88,0.7952,-1,-1,-1
980,113,845.33,323.24,60.87,199.25,0.7620,-1,-1,-1
980,116,923.46,315.48,62.26,206.61,0.8209,-1,-1,-1
980,136,923.46,315.48,62.26,206.61,0.8209,-1,-1,-1
980,158,921.52,936.09,66.12,143.88,0.7952,-1,-1,-1
980,159,1198.89,688.64,86.80,273.60,0.8343,-1,-1,-1
980,163,1739.28,668.84,92.97,254.66,0.7700,-1,-1,-1
980,108,1576.01,590.55,103.73,233.39,0.6958,-1,-1,-1
980,121,388.45,432.47,74.38,215.86,0.7401,-1,-1,-1
980,109,308.16,438.94,78.09,205.30,0.7173,-1,-1,-1
980,147,403.91,258.81,72.68,188.32,0.5149,-1,-1,-1
980,170,495.23,250.22,66.96,184.32,0.4098,-1,-1,-1
981,3,1720.77,453.38,72.35,213.50,0.6013,-1,-1,-1
981,91,329.98,826.18,99.05,254.51,0.8825,-1,-1,-1
981,106,920.93,936.87,65.85,143.15,0.7851,-1,-1,-1
981,113,844.58,321.43,60.37,198.78,0.7194,-1,-1,-1
981,116,922.11,313.83,62.55,205.68,0.7992,-1,-1,-1
981,136,922.11,313.83,62.55,205.68,0.7992,-1,-1,-1
981,158,920.92,936.87,65.86,143.15,0.7851,-1,-1,-1
981,159,1198.16,685.13,86.41,267.82,0.8399,-1,-1,-1
981,163,1739.18,669.84,92.46,253.98,0.7786,-1,-1,-1
981,108,1576.02,590.39,103.71,233.61,0.7035,-1,-1,-1
981,121,388.48,433.39,74.19,215.71,0.6414,-1,-1,-1
981,109,308.76,440.39,77.66,206.32,0.6377,-1,-1,-1
981,147,403.02,258.04,74.05,190.83,0.5246,-1,-1,-1
981,170,495.22,250.74,66.81,183.48,0.3467,-1,-1,-1
982,3,1721.11,453.75,72.14,213.26,0.5817,-1,-1,-1
982,91,330.22,829.53,97.95,251.02,0.8804,-1,-1,-1
982,106,919.51,937.51,66.39,142.49,0.7839,-1,-1,-1
982,113,842.35,318.97,62.26,199.30,0.7285,-1,-1,-1
982,116,922.88,311.89,60.80,202.69,0.7962,-1,-1,-1
982,136,922.88,311.89,60.80,202.69,0.7962,-1,-1,-1
982,158,919.51,937.51,66.39,142.49,0.7839,-1,-1,-1
982,159,1197.62,681.02,85.50,265.04,0.8531,-1,-1,-1
982,163,1739.05,669.03,93.11,255.08,0.7791,-1,-1,-1
982,108,1576.01,590.20,104.31,233.52,0.6939,-1,-1,-1
982,121,389.72,435.91,72.34,212.95,0.6121,-1,-1,-1
982,109,310.05,442.48,76.89,207.07,0.6050,-1,-1,-1
982,147,400.67,259.60,76.13,191.42,0.5188,-1,-1,-1
982,170,495.79,250.52,66.19,183.30,0.3016,-1,-1,-1
983,3,1721.39,453.29,72.09,214.01,0.5686,-1,-1,-1
983,91,330.19,832.92,96.19,247.54,0.8815,-1,-1,-1
983,106,917.75,938.08,66.91,141.92,0.7803,-1,-1,-1
983,113,841.29,317.69,63.95,201.29,0.7934,-1,-1,-1
983,116,923.65,310.00,59.76,202.26,0.8210,-1,-1,-1
983,136,923.65,310.00,59.75,202.26,0.8210,-1,-1,-1
983,158,917.75,938.08,66.91,141.92,0.7803,-1,-1,-1
983,159,1195.69,677.57,86.44,259.39,0.8651,-1,-1,-1
983,163,1739.15,670.79,91.32,252.83,0.7614,-1,-1,-1
983,108,1576.07,589.38,104.39,234.49,0.6773,-1,-1,-1
983,121,389.89,436.01,71.67,213.79,0.6359,-1,-1,-1
983,109,309.80,445.14,74.83,206.33,0.6320,-1,-1,-1
983,147,397.74,259.77,79.27,192.76,0.5035,-1,-1,-1
983,170,495.48,250.34,66.21,183.33,0.2929,-1,-1,-1
984,3,1721.13,453.81,72.49,213.93,0.5679,-1,-1,-1
984,91,329.69,835.28,95.83,245.13,0.8794,-1,-1,-1
984,106,917.63,938.93,66.46,141.07,0.7718,-1,-1,-1
984,113,840.24,316.38,65.04,202.15,0.8060,-1,-1,-1
984,116,923.10,309.01,60.22,201.55,0.8289,-1,-1,-1
984,136,923.10,309.01,60.21,201.55,0.8289,-1,-1,-1
984,158,917.63,938.92,66.47,141.07,0.7718,-1,-1,-1
984,159,1194.33,673.86,87.42,256.50,0.8513,-1,-1,-1
984,163,1739.15,670.06,92.55,253.50,0.7755,-1,-1,-1
984,108,1575.91,587.22,104.96,236.33,0.6905,-1,-1,-1
984,121,391.43,437.68,69.91,212.56,0.6401,-1,-1,-1
984,109,310.49,449.27,72.92,203.90,0.5690,-1,-1,-1
984,147,397.76,259.91,80.70,192.28,0.4383,-1,-1,-1
985,3,1721.20,453.98,72.70,213.34,0.5451,-1,-1,-1
985,91,329.25,837.04,95.71,243.35,0.8696,-1,-1,-1
985,106,915.80,940.04,66.95,139.97,0.7666,-1,-1,-1
985,113,838.60,315.61,66.95,202.40,0.7851,-1,-1,-1
985,116,922.39,307.09,60.56,202.30,0.8140,-1,-1,-1
985,136,922.38,307.09,60.56,202.29,0.8140,-1,-1,-1
985,158,915.80,940.04,66.95,139.97,0.7666,-1,-1,-1
985,159,1192.46,670.69,88.79,258.59,0.8549,-1,-1,-1
985,163,1739.19,671.15,91.21,252.23,0.7572,-1,-1,-1
985,108,1575.90,587.48,105.63,236.13,0.6803,-1,-1,-1
985,121,389.89,439.49,70.88,210.28,0.6286,-1,-1,-1
985,109,307.94,454.87,72.83,196.96,0.4902,-1,-1,-1
985,147,397.76,260.82,79.98,191.36,0.3336,-1,-1,-1
986,3,1721.78,454.00,72.20,213.20,0.5243,-1,-1,-1
986,91,329.13,838.01,95.30,242.29,0.8603,-1,-1,-1
986,106,915.10,940.67,66.92,139.33,0.7496,-1,-1,-1
986,113,837.58,315.18,67.94,202.92,0.7887,-1,-1,-1
986,116,921.73,305.21,61.55,203.55,0.8127,-1,-1,-1
986,136,921.73,305.21,61.55,203.55,0.8127,-1,-1,-1
986,158,915.10,940.66,66.92,139.33,0.7496,-1,-1,-1
986,159,1190.91,667.97,88.36,257.20,0.8400,-1,-1,-1
986,163,1739.31,671.04,91.48,253.10,0.7669,-1,-1,-1
986,108,1575.82,585.39,106.08,238.27,0.6923,-1,-1,-1
986,121,389.33,440.23,71.39,208.87,0.6257,-1,-1,-1
986,109,305.15,458.13,74.54,193.97,0.4891,-1,-1,-1
986,147,395.89,259.61,81.80,193.83,0.4041,-1,-1,-1
986,170,495.91,253.56,66.44,184.41,0.4800,-1,-1,-1
987,3,1721.49,453.75,72.72,213.26,0.5374,-1,-1,-1
987,91,329.42,839.23,94.28,241.04,0.8525,-1,-1,-1
987,106,912.99,940.96,67.97,139.05,0.7545,-1,-1,-1
987,113,836.55,315.04,68.85,203.49,0.7904,-1,-1,-1
987,116,920.86,303.98,62.87,204.34,0.8102,-1,-1,-1
987,136,920.86,303.98,62.87,204.34,0.8102,-1,-1,-1
987,158,912.99,940.96,67.97,139.05,0.7545,-1,-1,-1
987,159,1190.94,666.18,87.59,256.48,0.8443,-1,-1,-1
987,163,1739.46,671.39,91.50,252.43,0.7557,-1,-1,-1
987,108,1575.54,585.59,105.71,238.48,0.6970,-1,-1,-1
987,121,387.96,439.54,73.28,211.45,0.6831,-1,-1,-1
987,109,303.55,458.47,75.93,194.43,0.5220,-1,-1,-1
987,147,395.49,257.63,79.97,196.09,0.3967,-1,-1,-1
987,170,496.44,254.13,66.12,186.97,0.4199,-1,-1,-1
988,3,1722.05,454.06,72.72,213.63,0.5602,-1,-1,-1
988,91,329.07,840.60,94.31,239.74,0.8495,-1,-1,-1
988,106,912.85,941.46,67.10,138.58,0.7644,-1,-1,-1
988,113,836.13,314.57,69.18,204.74,0.7645,-1,-1,-1
988,116,920.53,302.46,64.70,206.73,0.7935,-1,-1,-1
988,136,920.52,302.46,64.70,206.72,0.7935,-1,-1,-1
988,158,912.85,941.46,67.10,138.58,0.7644,-1,-1,-1
988,159,1190.00,664.74,87.67,255.15,0.8343,-1,-1,-1
988,163,1739.33,670.42,91.91,253.20,0.7597,-1,-1,-1
988,108,1575.78,585.98,104.89,238.05,0.7002,-1,-1,-1
988,121,387.78,440.77,73.16,213.39,0.7152,-1,-1,-1
988,109,302.06,459.55,76.56,194.46,0.5032,-1,-1,-1
988,147,397.19,257.10,76.23,197.27,0.4762,-1,-1,-1
988,170,496.98,255.33,65.96,187.92,0.5039,-1,-1,-1
989,3,1722.28,454.72,73.23,213.01,0.5245,-1,-1,-1
989,91,328.35,842.13,95.01,238.13,0.8437,-1,-1,-1
989,106,911.87,941.75,66.47,138.28,0.7460,-1,-1,-1
989,113,835.96,313.48,69.05,204.57,0.7592,-1,-1,-1
989,116,920.05,301.75,66.34,208.26,0.7606,-1,-1,-1
989,136,920.05,301.75,66.34,208.26,0.7606,-1,-1,-1
989,158,911.87,941.75,66.47,138.28,0.7460,-1,-1,-1
989,159,1188.35,664.24,88.25,248.13,0.8311,-1,-1,-1
989,163,1739.44,670.78,92.10,253.30,0.7626,-1,-1,-1
989,108,1576.30,585.13,103.91,239.05,0.7271,-1,-1,-1
989,121,388.28,442.72,72.18,216.05,0.7536,-1,-1,-1
989,109,299.16,460.98,77.88,194.02,0.4569,-1,-1,-1
989,147,398.56,257.92,72.85,199.06,0.5049,-1,-1,-1
989,170,497.57,256.61,65.27,187.99,0.4362,-1,-1,-1
990,3,1722.67,454.12,73.38,213.12,0.5340,-1,-1,-1
990,91,327.74,843.48,95.19,236.69,0.8529,-1,-1,-1
990,106,910.31,941.89,66.58,138.11,0.7546,-1,-1,-1
990,113,835.96,312.52,69.22,204.95,0.7812,-1,-1,-1
990,116,920.99,301.27,66.17,208.51,0.7372,-1,-1,-1
990,136,920.99,301.27,66.17,208.51,0.7372,-1,-1,-1
990,158,910.31,941.89,66.58,138.11,0.7546,-1,-1,-1
990,159,1187.11,663.56,86.98,242.50,0.8065,-1,-1,-1
990,163,1739.65,669.91,91.22,253.94,0.7562,-1,-1,-1
990,108,1575.48,585.03,104.19,239.09,0.7137,-1,-1,-1
990,121,388.49,444.63,72.24,216.99,0.7690,-1,-1,-1
990,109,296.81,461.61,79.09,193.33,0.4329,-1,-1,-1
990,147,400.89,259.25,69.43,201.66,0.3939,-1,-1,-1
990,170,499.39,258.42,63.54,187.40,0.4273,-1,-1,-1
991,3,1721.84,454.00,75.28,213.39,0.5614,-1,-1,-1
991,91,327.48,844.98,94.92,235.15,0.8510,-1,-1,-1
991,106,909.80,942.65,66.38,137.33,0.7866,-1,-1,-1
991,113,835.77,311.73,68.74,203.21,0.7704,-1,-1,-1
991,116,921.24,300.42,65.45,209.79,0.7202,-1,-1,-1
991,136,921.24,300.42,65.45,209.79,0.7202,-1,-1,-1
991,158,909.80,942.65,66.38,137.33,0.7866,-1,-1,-1
991,159,1186.47,661.63,86.96,249.82,0.8309,-1,-1,-1
991,163,1738.92,669.03,90.95,255.71,0.7691,-1,-1,-1
991,108,1575.34,585.43,105.58,238.78,0.7341,-1,-1,-1
991,121,387.39,445.48,73.03,219.18,0.7273,-1,-1,-1
991,109,295.71,461.17,79.85,192.60,0.2983,-1,-1,-1
991,147,399.80,260.04,69.49,205.30,0.4675,-1,-1,-1
991,170,500.26,260.14,62.23,187.75,0.4710,-1,-1,-1
992,3,1721.27,453.90,76.52,213.18,0.5973,-1,-1,-1
992,91,327.49,846.46,94.26,233.72,0.8541,-1,-1,-1
992,106,908.93,943.12,66.37,136.87,0.7814,-1,-1,-1
992,113,836.08,310.97,67.50,199.32,0.7735,-1,-1,-1
992,116,920.80,300.54,65.82,209.78,0.7605,-1,-1,-1
992,136,920.80,300.54,65.82,209.78,0.7605,-1,-1,-1
992,158,908.93,943.12,66.37,136.87,0.7814,-1,-1,-1
992,159,1184.79,659.98,86.41,256.15,0.8128,-1,-1,-1
992,163,1739.17,669.32,89.96,255.61,0.7529,-1,-1,-1
992,108,1575.86,585.15,105.65,238.87,0.7522,-1,-1,-1
992,121,386.11,447.95,73.65,218.67,0.7547,-1,-1,-1
992,109,296.16,459.74,79.91,193.34,0.3759,-1,-1,-1
992,147,400.12,262.46,68.11,205.99,0.5058,-1,-1,-1
992,170,499.90,261.29,62.40,188.49,0.5125,-1,-1,-1
992,174,1673.79,143.98,57.28,166.59,0.3884,-1,-1,-1
993,3,1721.30,453.29,76.42,214.70,0.5672,-1,-1,-1
993,91,327.32,847.70,93.94,232.39,0.8464,-1,-1,-1
993,106,908.36,943.77,66.85,136.19,0.7974,-1,-1,-1
993,113,836.95,310.18,65.98,197.82,0.7624,-1,-1,-1
993,116,922.30,299.90,63.61,209.58,0.7304,-1,-1,-1
993,136,922.30,299.90,63.61,209.58,0.7304,-1,-1,-1
993,158,908.36,943.77,66.85,136.19,0.7974,-1,-1,-1
993,159,1183.29,658.43,86.55,254.96,0.7859,-1,-1,-1
993,163,1739.39,668.89,91.20,256.47,0.7548,-1,-1,-1
993,108,1575.76,585.36,105.46,238.53,0.7503,-1,-1,-1
993,121,384.14,451.31,75.15,218.83,0.7537,-1,-1,-1
993,109,301.88,461.03,74.97,194.09,0.5877,-1,-1,-1
993,147,399.73,264.31,68.77,202.95,0.4856,-1,-1,-1
993,170,500.19,262.28,62.45,188.14,0.5034,-1,-1,-1
993,174,1673.02,145.48,59.26,167.60,0.3262,-1,-1,-1
994,3,1720.84,454.00,77.16,214.22,0.5705,-1,-1,-1
994,91,328.08,850.08,92.47,229.98,0.3639,-1,-1,-1
994,106,906.80,943.95,68.76,136.02,0.7915,-1,-1,-1
994,113,838.17,308.15,64.71,197.90,0.7569,-1,-1,-1
994,116,923.19,298.54,64.23,209.17,0.6984,-1,-1,-1
994,136,923.19,298.54,64.22,209.17,0.6984,-1,-1,-1
994,158,906.80,943.95,68.76,136.02,0.7915,-1,-1,-1
994,159,1182.00,656.38,86.37,259.08,0.7949,-1,-1,-1
994,163,1739.41,670.50,92.70,255.85,0.7436,-1,-1,-1
994,108,1576.36,585.41,104.62,238.60,0.7436,-1,-1,-1
994,121,381.88,453.82,76.44,217.84,0.7628,-1,-1,-1
994,109,305.51,462.28,71.50,194.99,0.6752,-1,-1,-1
994,147,398.70,265.13,69.66,203.65,0.4995,-1,-1,-1
994,170,501.34,263.46,62.12,187.15,0.4614,-1,-1,-1
994,174,1670.84,147.39,62.47,166.60,0.3252,-1,-1,-1
995,3,1721.19,454.09,76.87,213.69,0.5856,-1,-1,-1
995,91,328.67,852.39,92.01,227.71,0.8244,-1,-1,-1
995,106,906.31,944.48,68.99,135.50,0.7805,-1,-1,-1
995,113,838.61,306.10,64.10,195.59,0.7114,-1,-1,-1
995,116,922.99,296.53,64.95,209.73,0.6929,-1,-1,-1
995,136,922.99,296.53,64.95,209.73,0.6929,-1,-1,-1
995,158,906.31,944.48,68.99,135.50,0.7805,-1,-1,-1
995,159,1178.90,654.44,85.74,254.42,0.8104,-1,-1,-1
995,163,1739.66,670.57,92.39,256.74,0.7525,-1,-1,-1
995,108,1577.32,586.30,103.18,237.65,0.7393,-1,-1,-1
995,121,381.47,455.42,76.40,217.59,0.7642,-1,-1,-1
995,109,305.89,463.23,70.84,196.18,0.7152,-1,-1,-1
995,147,398.64,264.68,69.38,207.61,0.4397,-1,-1,-1
995,170,501.60,264.50,62.31,186.88,0.4197,-1,-1,-1
995,174,1669.41,150.17,65.30,165.71,0.3064,-1,-1,-1
996,3,1721.76,454.42,76.05,212.53,0.5985,-1,-1,-1
996,91,329.29,854.59,91.37,225.45,0.8244,-1,-1,-1
996,106,906.43,944.97,68.11,135.00,0.7745,-1,-1,-1
996,113,839.19,303.78,63.73,194.93,0.7154,-1,-1,-1
996,116,922.95,294.70,66.69,209.66,0.5611,-1,-1,-1
996,136,922.95,294.70,66.69,209.66,0.5611,-1,-1,-1
996,158,906.43,944.97,68.12,135.00,0.7745,-1,-1,-1
996,159,1177.65,651.91,85.14,257.20,0.8373,-1,-1,-1
996,163,1739.75,671.35,91.49,254.69,0.7504,-1,-1,-1
996,108,1577.10,586.23,102.98,237.69,0.7344,-1,-1,-1
996,121,380.34,456.23,77.25,217.52,0.7636,-1,-1,-1
996,109,307.40,463.35,68.82,201.80,0.7189,-1,-1,-1
996,147,399.27,265.68,68.32,210.36,0.4289,-1,-1,-1
996,170,501.46,264.74,62.76,186.98,0.4314,-1,-1,-1
996,174,1669.03,152.85,66.33,165.02,0.2964,-1,-1,-1
997,3,1722.05,454.00,76.11,212.54,0.5790,-1,-1,-1
997,91,329.24,857.77,91.93,222.19,0.7751,-1,-1,-1
997,106,905.93,945.29,68.38,134.64,0.7820,-1,-1,-1
997,113,840.22,301.23,62.55,194.34,0.6889,-1,-1,-1
997,116,923.43,291.95,65.51,211.04,0.5663,-1,-1,-1
997,136,923.43,291.95,65.51,211.04,0.5663,-1,-1,-1
997,158,905.93,945.29,68.38,134.64,0.7820,-1,-1,-1
997,159,1176.20,648.42,84.24,256.55,0.8475,-1,-1,-1
997,163,1740.28,671.76,90.15,253.24,0.7573,-1,-1,-1
997,108,1577.26,586.50,102.27,237.11,0.7340,-1,-1,-1
997,121,380.63,456.88,76.90,217.26,0.7617,-1,-1,-1
997,109,307.74,464.51,68.79,204.00,0.7389,-1,-1,-1
997,147,398.99,265.15,67.93,211.88,0.3828,-1,-1,-1
997,170,502.37,265.50,62.26,185.75,0.4144,-1,-1,-1
997,174,1668.64,155.43,67.80,163.47,0.3127,-1,-1,-1
998,3,1722.76,454.03,75.12,212.31,0.6083,-1,-1,-1
998,91,329.39,860.89,92.00,219.14,0.5584,-1,-1,-1
998,106,905.19,945.42,68.79,134.55,0.7760,-1,-1,-1
998,113,841.69,298.94,60.96,196.23,0.6769,-1,-1,-1
998,116,923.24,289.66,65.21,209.86,0.6811,-1,-1,-1
998,136,923.24,289.66,65.21,209.86,0.6811,-1,-1,-1
998,158,905.19,945.42,68.79,134.55,0.7760,-1,-1,-1
998,159,1175.68,644.46,83.73,255.68,0.8541,-1,-1,-1
998,163,1740.52,671.56,89.55,254.82,0.7597,-1,-1,-1
998,108,1577.54,586.76,102.40,237.33,0.7482,-1,-1,-1
998,121,379.69,457.68,78.43,216.83,0.7119,-1,-1,-1
998,109,307.71,467.56,69.57,203.16,0.7150,-1,-1,-1
998,147,398.87,265.65,67.39,210.55,0.3058,-1,-1,-1
998,170,503.17,265.83,62.22,185.73,0.4279,-1,-1,-1
998,174,1669.28,157.23,67.67,162.96,0.3479,-1,-1,-1
998,176,329.61,860.53,90.82,219.49,0.6922,-1,-1,-1
999,3,1722.51,454.14,74.90,212.50,0.5568,-1,-1,-1
999,91,329.79,864.19,91.80,215.89,0.8529,-1,-1,-1
999,106,905.09,945.76,68.70,134.24,0.7564,-1,-1,-1
999,113,842.43,296.78,60.27,197.76,0.6709,-1,-1,-1
999,116,923.97,287.90,68.05,209.51,0.6175,-1,-1,-1
999,136,923.80,287.16,66.62,209.78,0.4687,-1,-1,-1
999,158,905.09,945.76,68.70,134.24,0.7564,-1,-1,-1
999,159,1175.39,640.71,83.03,254.37,0.8517,-1,-1,-1
999,163,1740.66,671.17,89.89,254.63,0.7539,-1,-1,-1
999,108,1578.73,586.92,101.44,236.86,0.7195,-1,-1,-1
999,121,378.46,457.80,80.06,216.84,0.6519,-1,-1,-1
999,109,307.95,467.75,69.40,205.17,0.7140,-1,-1,-1
999,147,400.04,265.58,65.95,210.94,0.3587,-1,-1,-1
999,170,503.32,266.13,62.67,185.20,0.4573,-1,-1,-1
999,174,1670.42,159.45,66.79,163.47,0.3424,-1,-1,-1
999,176,329.85,863.80,91.57,216.27,0.8529,-1,-1,-1
1000,3,1722.61,453.51,74.29,213.15,0.5712,-1,-1,-1
1000,91,330.50,867.40,91.33,212.68,0.7147,-1,-1,-1
1000,106,905.23,946.01,68.29,134.02,0.7553,-1,-1,-1
1000,113,842.67,295.21,60.06,200.02,0.6338,-1,-1,-1
1000,116,925.25,286.33,66.85,205.57,0.4854,-1,-1,-1
1000,136,924.99,285.15,65.10,206.43,0.5416,-1,-1,-1
1000,158,905.23,946.01,68.29,134.02,0.7553,-1,-1,-1
1000,159,1174.14,638.02,84.30,253.31,0.8500,-1,-1,-1
1000,163,1741.08,672.95,90.31,253.20,0.7343,-1,-1,-1
1000,108,1578.21,586.52,101.23,237.21,0.7170,-1,-1,-1
1000,121,376.83,458.15,83.08,216.82,0.6398,-1,-1,-1
1000,109,307.31,470.13,70.17,204.08,0.7396,-1,-1,-1
1000,147,400.27,268.42,66.18,209.17,0.3315,-1,-1,-1
1000,170,502.98,266.85,63.21,184.47,0.4348,-1,-1,-1
1000,174,1671.61,160.89,65.25,164.37,0.2897,-1,-1,-1
1000,176,330.61,867.29,91.36,212.74,0.7147,-1,-1,-1
1001,3,1722.24,454.14,73.93,212.77,0.5801,-1,-1,-1
1001,91,332.32,870.12,90.55,209.90,0.8387,-1,-1,-1
1001,106,905.03,946.36,68.69,133.65,0.6646,-1,-1,-1
1001,113,843.07,294.35,59.90,200.92,0.6284,-1,-1,-1
1001,116,926.49,283.79,65.95,203.04,0.5976,-1,-1,-1
1001,136,926.34,282.25,64.21,204.17,0.4888,-1,-1,-1
1001,158,905.03,946.36,68.69,133.65,0.6646,-1,-1,-1
1001,159,1173.96,635.32,84.68,253.80,0.8529,-1,-1,-1
1001,163,1741.30,670.04,87.88,256.19,0.7087,-1,-1,-1
1001,108,1576.13,586.49,103.28,237.27,0.7289,-1,-1,-1
1001,121,376.59,457.87,83.21,217.13,0.6200,-1,-1,-1
1001,109,306.80,471.49,71.16,202.85,0.6822,-1,-1,-1
1001,147,399.58,269.60,67.50,207.35,0.3887,-1,-1,-1
1001,170,502.84,268.41,63.02,184.53,0.4485,-1,-1,-1
1001,174,1672.78,162.22,63.52,164.18,0.3008,-1,-1,-1
1001,176,332.59,870.12,90.59,209.87,0.8387,-1,-1,-1
1002,3,1722.49,454.09,73.02,213.67,0.5501,-1,-1,-1
1002,91,334.14,873.10,89.92,206.98,0.8393,-1,-1,-1
1002,106,904.20,946.56,69.12,133.48,0.7668,-1,-1,-1
1002,113,843.05,294.03,59.72,202.45,0.6088,-1,-1,-1
1002,116,926.80,281.96,65.97,202.46,0.6168,-1,-1,-1
1002,136,926.61,280.15,64.60,203.96,0.2940,-1,-1,-1
1002,158,904.20,946.56,69.12,133.48,0.7668,-1,-1,-1
1002,159,1174.47,632.47,84.54,256.45,0.8485,-1,-1,-1
1002,163,1742.34,671.78,84.80,254.51,0.7118,-1,-1,-1
1002,108,1574.46,586.79,105.25,237.03,0.7302,-1,-1,-1
1002,121,377.64,458.51,82.00,216.44,0.6519,-1,-1,-1
1002,109,305.41,474.93,72.79,199.92,0.6475,-1,-1,-1
1002,147,398.51,264.83,68.71,210.61,0.3061,-1,-1,-1
1002,170,502.17,269.80,63.51,185.75,0.4398,-1,-1,-1
1002,174,1673.53,162.74,62.62,163.44,0.2542,-1,-1,-1
1002,176,334.48,873.14,89.94,206.89,0.8393,-1,-1,-1
1003,3,1722.34,455.14,72.36,213.43,0.5664,-1,-1,-1
1003,91,336.19,875.51,88.51,204.55,0.8427,-1,-1,-1
1003,106,905.37,947.40,67.89,132.63,0.3800,-1,-1,-1
1003,113,843.29,293.10,60.03,203.32,0.5234,-1,-1,-1
1003,116,927.31,280.06,65.25,202.48,0.6441,-1,-1,-1
1003,136,927.25,279.40,64.75,203.03,0.6441,-1,-1,-1
1003,158,905.37,947.40,67.89,132.63,0.3800,-1,-1,-1
1003,159,1173.57,629.99,84.95,259.10,0.8579,-1,-1,-1
1003,163,1743.38,673.92,84.95,253.85,0.7198,-1,-1,-1
1003,108,1574.67,587.89,105.40,235.94,0.7522,-1,-1,-1
1003,121,378.03,459.09,81.28,216.14,0.6861,-1,-1,-1
1003,109,303.43,474.21,75.07,200.76,0.6561,-1,-1,-1
1003,147,397.91,264.17,70.08,211.78,0.3549,-1,-1,-1
1003,170,501.44,271.09,64.53,187.98,0.5735,-1,-1,-1
1003,174,1674.70,163.42,61.92,162.89,0.2749,-1,-1,-1
1003,176,336.55,875.54,88.47,204.48,0.8427,-1,-1,-1
1004,3,1721.61,454.68,72.84,214.17,0.5527,-1,-1,-1
1004,91,338.26,877.62,88.09,202.37,0.8482,-1,-1,-1
1004,106,905.23,947.67,67.84,132.31,0.7303,-1,-1,-1
1004,113,843.89,292.55,60.22,203.14,0.6162,-1,-1,-1
1004,116,927.71,277.67,62.92,203.63,0.4928,-1,-1,-1
1004,136,927.81,278.82,63.42,202.84,0.5933,-1,-1,-1
1004,158,905.23,947.67,67.84,132.31,0.7303,-1,-1,-1
1004,159,1172.34,628.92,85.59,259.47,0.8566,-1,-1,-1
1004,163,1743.76,674.41,86.66,254.25,0.7060,-1,-1,-1
1004,108,1574.69,587.96,105.44,235.92,0.7388,-1,-1,-1
1004,121,378.43,458.48,81.39,218.80,0.7310,-1,-1,-1
1004,109,302.54,474.04,74.91,199.88,0.5518,-1,-1,-1
1004,170,501.14,272.09,64.76,189.26,0.5838,-1,-1,-1
1004,176,338.61,877.63,88.06,202.33,0.8482,-1,-1,-1
1005,3,1721.64,454.06,72.35,215.57,0.5595,-1,-1,-1
1005,91,340.40,878.87,87.77,201.09,0.8554,-1,-1,-1
1005,106,905.04,947.88,67.97,132.08,0.4069,-1,-1,-1
1005,113,843.90,291.98,60.21,202.85,0.6453,-1,-1,-1
1005,116,928.64,277.33,62.67,203.99,0.6496,-1,-1,-1
1005,136,928.67,277.78,62.87,203.68,0.6496,-1,-1,-1
1005,158,905.04,947.88,67.97,132.08,0.4069,-1,-1,-1
1005,159,1170.75,627.38,86.20,261.26,0.8522,-1,-1,-1
1005,163,1743.97,675.02,88.16,254.24,0.7126,-1,-1,-1
1005,108,1575.13,587.93,105.39,236.19,0.7163,-1,-1,-1
1005,121,378.80,459.36,81.27,221.08,0.6960,-1,-1,-1
1005,109,302.54,474.35,74.76,199.42,0.3956,-1,-1,-1
1005,170,500.79,274.02,64.39,188.00,0.6284,-1,-1,-1
1005,176,340.73,878.84,87.75,201.09,0.8554,-1,-1,-1
1005,177,599.30,547.98,78.26,242.27,0.5184,-1,-1,-1
1006,3,1721.23,453.91,72.32,215.07,0.5747,-1,-1,-1
1006,91,341.96,880.86,88.34,199.27,0.8598,-1,-1,-1
1006,106,905.51,948.95,67.41,131.11,0.7222,-1,-1,-1
1006,113,843.53,290.97,61.35,202.20,0.7059,-1,-1,-1
1006,116,929.75,277.32,61.76,204.00,0.6342,-1,-1,-1
1006,136,929.77,277.51,61.85,203.87,0.6342,-1,-1,-1
1006,158,905.51,948.95,67.41,131.11,0.7222,-1,-1,-1
1006,159,1168.98,626.90,87.61,261.98,0.8410,-1,-1,-1
1006,163,1744.54,672.90,89.41,255.31,0.6751,-1,-1,-1
1006,108,1575.11,588.75,105.38,235.33,0.7450,-1,-1,-1
1006,121,379.93,460.94,80.57,221.37,0.6457,-1,-1,-1
1006,109,302.52,476.39,75.11,196.83,0.3237,-1,-1,-1
1006,170,501.06,275.72,63.71,187.85,0.5835,-1,-1,-1
1006,176,342.25,880.82,88.35,199.29,0.8598,-1,-1,-1
1006,177,597.81,547.73,80.25,243.35,0.5404,-1,-1,-1
1007,3,1720.88,454.09,73.22,215.32,0.5713,-1,-1,-1
1007,91,343.25,882.41,89.65,197.66,0.8707,-1,-1,-1
1007,106,905.75,949.04,66.83,131.01,0.7089,-1,-1,-1
1007,113,843.61,289.91,61.56,201.38,0.6931,-1,-1,-1
1007,116,930.56,276.77,60.79,204.33,0.7025,-1,-1,-1
1007,136,930.56,276.85,60.84,204.28,0.7025,-1,-1,-1
1007,158,905.75,949.04,66.83,131.01,0.7089,-1,-1,-1
1007,159,1167.27,627.27,88.88,260.37,0.8357,-1,-1,-1
1007,163,1745.04,672.23,90.98,256.93,0.7104,-1,-1,-1
1007,108,1575.63,589.79,104.52,233.99,0.7427,-1,-1,-1
1007,121,380.93,462.34,80.13,223.27,0.6766,-1,-1,-1
1007,109,302.19,477.00,76.19,196.52,0.4526,-1,-1,-1
1007,170,501.13,277.06,63.76,188.81,0.6046,-1,-1,-1
1007,176,343.50,882.36,89.69,197.69,0.8707,-1,-1,-1
1007,177,597.23,548.09,80.75,242.87,0.5491,-1,-1,-1
1008,3,1720.67,454.24,73.54,215.47,0.5805,-1,-1,-1
1008,91,344.28,883.43,91.13,196.60,0.8667,-1,-1,-1
1008,106,905.64,949.41,66.82,130.62,0.7383,-1,-1,-1
1008,113,844.34,287.79,61.12,201.38,0.6898,-1,-1,-1
1008,116,931.10,276.36,59.92,205.10,0.6872,-1,-1,-1
1008,136,931.11,276.40,59.95,205.07,0.6872,-1,-1,-1
1008,158,905.64,949.41,66.82,130.62,0.7383,-1,-1,-1
1008,159,1164.96,626.51,88.59,260.10,0.8393,-1,-1,-1
1008,163,1745.59,672.77,89.85,255.90,0.6828,-1,-1,-1
1008,108,1575.76,589.18,104.69,235.01,0.7507,-1,-1,-1
1008,121,381.46,463.81,79.89,223.08,0.6950,-1,-1,-1
1008,109,302.55,478.28,76.54,196.65,0.4726,-1,-1,-1
1008,170,500.33,277.95,64.19,190.19,0.5677,-1,-1,-1
1008,176,344.49,883.37,91.19,196.64,0.8667,-1,-1,-1
1008,177,596.72,548.43,81.09,242.95,0.6101,-1,-1,-1
1009,3,1720.93,453.95,74.61,216.32,0.6211,-1,-1,-1
1009,91,344.73,885.61,94.59,194.41,0.8696,-1,-1,-1
1009,106,905.61,949.90,66.79,130.11,0.7387,-1,-1,-1
1009,113,844.68,286.37,61.12,198.44,0.6849,-1,-1,-1
1009,116,930.50,276.20,60.16,205.44,0.6525,-1,-1,-1
1009,136,930.50,276.22,60.18,205.42,0.6525,-1,-1,-1
1009,158,905.61,949.90,66.79,130.11,0.7387,-1,-1,-1
1009,159,1161.27,624.97,88.91,260.20,0.8276,-1,-1,-1
1009,163,1745.00,672.22,90.76,253.75,0.6710,-1,-1,-1
1009,108,1575.92,589.43,104.85,234.94,0.7679,-1,-1,-1
1009,121,381.37,465.56,80.03,223.80,0.6701,-1,-1,-1
1009,109,307.96,479.20,71.40,197.12,0.4516,-1,-1,-1
1009,170,500.42,278.54,63.27,190.94,0.5472,-1,-1,-1
1009,176,344.92,885.56,94.67,194.44,0.8696,-1,-1,-1
1009,177,593.93,548.34,83.74,243.35,0.6645,-1,-1,-1
1010,3,1720.45,453.53,75.80,216.08,0.5897,-1,-1,-1
1010,91,345.91,887.75,95.91,192.28,0.8685,-1,-1,-1
1010,106,905.23,949.94,67.49,130.06,0.7333,-1,-1,-1
1010,113,844.54,284.47,61.51,198.14,0.6583,-1,-1,-1
1010,116,930.54,275.51,60.63,206.87,0.6747,-1,-1,-1
1010,136,930.54,275.52,60.65,206.86,0.6747,-1,-1,-1
1010,158,905.23,949.94,67.49,130.06,0.7333,-1,-1,-1
1010,159,1157.73,623.17,89.37,260.57,0.8451,-1,-1,-1
1010,163,1742.67,672.12,94.33,252.60,0.6153,-1,-1,-1
1010,108,1576.08,589.20,104.69,234.62,0.7482,-1,-1,-1
1010,121,381.10,466.88,79.74,225.55,0.5774,-1,-1,-1
1010,109,305.79,479.60,73.41,198.25,0.4333,-1,-1,-1
1010,170,500.28,280.54,62.54,190.31,0.5066,-1,-1,-1
1010,176,346.07,887.71,96.00,192.31,0.8685,-1,-1,-1
1010,177,592.14,549.71,85.45,241.85,0.6769,-1,-1,-1
1011,3,1719.71,452.95,76.44,216.28,0.6066,-1,-1,-1
1011,91,346.99,890.00,97.07,189.96,0.8541,-1,-1,-1
1011,106,904.96,949.92,67.56,130.05,0.7297,-1,-1,-1
1011,113,845.25,282.10,60.66,196.09,0.6531,-1,-1,-1
1011,116,929.87,275.11,61.74,206.51,0.6588,-1,-1,-1
1011,136,929.87,275.12,61.76,206.50,0.6588,-1,-1,-1
1011,158,904.96,949.92,67.56,130.05,0.7297,-1,-1,-1
1011,159,1155.82,621.27,89.77,261.94,0.8459,-1,-1,-1
1011,163,1738.21,673.44,98.80,251.82,0.5086,-1,-1,-1
1011,108,1575.78,589.99,104.28,234.30,0.7479,-1,-1,-1
1011,121,380.41,467.80,79.60,227.14,0.5031,-1,-1,-1
1011,109,309.21,481.62,69.74,199.54,0.2878,-1,-1,-1
1011,170,499.96,281.34,62.46,190.32,0.4145,-1,-1,-1
1011,176,347.13,889.96,97.14,189.98,0.8541,-1,-1,-1
1011,177,591.47,549.53,86.40,242.02,0.6592,-1,-1,-1
1012,3,1719.63,452.58,76.54,215.40,0.5817,-1,-1,-1
1012,91,347.56,892.73,99.67,187.25,0.8571,-1,-1,-1
1012,106,904.67,949.75,68.22,130.24,0.7334,-1,-1,-1
1012,113,845.24,279.92,60.14,195.05,0.6174,-1,-1,-1
1012,116,930.62,273.97,61.32,206.21,0.6351,-1,-1,-1
1012,136,930.62,273.98,61.34,206.21,0.6351,-1,-1,-1
1012,158,904.67,949.75,68.22,130.24,0.7334,-1,-1,-1
1012,159,1153.82,618.72,89.91,263.10,0.8507,-1,-1,-1
1012,163,1736.44,675.02,100.36,251.34,0.4952,-1,-1,-1
1012,108,1575.00,588.95,104.88,235.42,0.7283,-1,-1,-1
1012,121,380.13,469.74,78.30,226.79,0.4722,-1,-1,-1
1012,109,310.62,484.16,68.99,201.38,0.3300,-1,-1,-1
1012,170,497.40,282.88,64.68,187.71,0.3532,-1,-1,-1
1012,176,347.68,892.71,99.75,187.27,0.8571,-1,-1,-1
1012,177,590.62,550.52,86.77,240.81,0.6636,-1,-1,-1
1012,147,385.21,279.49,73.73,203.11,0.3486,-1,-1,-1
1013,3,1719.08,452.72,77.30,215.06,0.5198,-1,-1,-1
1013,91,348.45,895.48,101.41,184.50,0.8540,-1,-1,-1
1013,106,904.69,949.44,67.95,130.54,0.4327,-1,-1,-1
1013,113,845.68,278.35,59.63,196.83,0.6024,-1,-1,-1
1013,116,930.36,272.24,61.70,206.56,0.6447,-1,-1,-1
1013,136,930.37,272.25,61.71,206.55,0.6447,-1,-1,-1
1013,158,904.69,949.44,67.95,130.54,0.4327,-1,-1,-1
1013,159,1153.32,616.30,88.95,260.96,0.8476,-1,-1,-1
1013,163,1733.73,673.99,104.03,253.16,0.4532,-1,-1,-1
1013,108,1575.30,589.55,104.82,234.84,0.7356,-1,-1,-1
1013,121,380.20,471.59,77.59,226.20,0.5437,-1,-1,-1
1013,109,307.38,486.66,71.77,203.31,0.3982,-1,-1,-1
1013,170,494.79,283.73,66.46,186.45,0.3372,-1,-1,-1
1013,176,348.57,895.46,101.48,184.51,0.8540,-1,-1,-1
1013,177,589.53,551.10,87.81,240.30,0.7044,-1,-1,-1
1013,147,383.85,278.41,74.89,203.61,0.4071,-1,-1,-1
1014,3,1718.94,452.66,77.96,215.22,0.3396,-1,-1,-1
1014,91,348.94,897.65,102.61,182.34,0.8584,-1,-1,-1
1014,106,905.26,949.10,67.81,130.89,0.6570,-1,-1,-1
1014,113,843.79,277.01,61.12,198.67,0.6371,-1,-1,-1
1014,116,930.02,270.87,61.18,201.61,0.5804,-1,-1,-1
1014,136,930.03,270.88,61.19,201.61,0.5804,-1,-1,-1
1014,158,905.26,949.10,67.81,130.89,0.6570,-1,-1,-1
1014,159,1152.53,613.60,89.02,260.31,0.8363,-1,-1,-1
1014,163,1727.86,675.98,108.96,251.79,0.5186,-1,-1,-1
1014,108,1573.81,588.22,105.71,236.07,0.7071,-1,-1,-1
1014,121,380.56,473.31,76.89,226.16,0.5243,-1,-1,-1
1014,109,299.90,488.14,78.91,207.19,0.5157,-1,-1,-1
1014,170,491.21,284.10,69.89,188.22,0.3312,-1,-1,-1
1014,176,349.03,897.64,102.68,182.35,0.8584,-1,-1,-1
1014,177,588.53,551.56,87.57,240.07,0.6968,-1,-1,-1
1014,147,382.83,277.11,76.31,202.33,0.2933,-1,-1,-1
1015,91,350.01,900.63,102.46,179.38,0.8547,-1,-1,-1
1015,106,904.79,949.29,68.18,130.74,0.5707,-1,-1,-1
1015,113,843.15,275.99,62.42,200.23,0.6147,-1,-1,-1
1015,116,929.59,269.76,60.94,201.58,0.5361,-1,-1,-1
1015,136,929.59,269.77,60.95,201.57,0.5361,-1,-1,-1
1015,158,904.79,949.29,68.18,130.74,0.5707,-1,-1,-1
1015,159,1153.11,611.42,86.38,257.22,0.8449,-1,-1,-1
1015,163,1726.23,677.55,110.06,252.20,0.4458,-1,-1,-1
1015,108,1573.96,589.26,105.90,235.52,0.7285,-1,-1,-1
1015,121,380.57,474.99,77.66,225.84,0.5751,-1,-1,-1
1015,109,296.07,491.92,81.25,207.04,0.5417,-1,-1,-1
1015,170,494.92,285.17,65.74,186.76,0.2785,-1,-1,-1
1015,176,350.10,900.61,102.52,179.38,0.8547,-1,-1,-1
1015,177,588.41,552.24,85.92,239.02,0.6504,-1,-1,-1
1016,91,351.35,903.74,102.98,176.30,0.8646,-1,-1,-1
1016,106,904.17,948.56,67.95,131.50,0.6034,-1,-1,-1
1016,113,842.59,275.08,62.68,199.47,0.5882,-1,-1,-1
1016,116,929.32,268.51,60.47,199.30,0.4647,-1,-1,-1
1016,136,929.32,268.52,60.47,199.29,0.4647,-1,-1,-1
1016,158,904.17,948.56,67.95,131.50,0.6034,-1,-1,-1
1016,159,1152.81,608.29,84.57,251.15,0.8503,-1,-1,-1
1016,163,1716.43,672.58,118.70,254.53,0.4613,-1,-1,-1
1016,108,1573.85,588.54,106.00,236.37,0.7116,-1,-1,-1
1016,121,379.42,477.76,78.40,224.45,0.5903,-1,-1,-1
1016,109,294.96,495.76,80.78,205.49,0.5700,-1,-1,-1
1016,170,494.44,285.29,65.21,187.07,0.3184,-1,-1,-1
1016,176,351.42,903.73,103.03,176.30,0.8646,-1,-1,-1
1016,177,587.18,551.92,85.91,239.76,0.6600,-1,-1,-1
1016,3,1718.72,452.32,78.85,215.59,0.5439,-1,-1,-1
1017,91,352.68,907.37,102.60,172.44,0.8729,-1,-1,-1
1017,106,904.56,948.55,67.50,131.44,0.3834,-1,-1,-1
1017,113,843.62,274.54,62.11,199.36,0.6131,-1,-1,-1
1017,116,929.06,265.83,60.95,198.62,0.5035,-1,-1,-1
1017,136,929.06,265.84,60.96,198.62,0.5035,-1,-1,-1
1017,158,904.56,948.55,67.50,131.44,0.3834,-1,-1,-1
1017,159,1151.76,604.70,83.91,246.76,0.8518,-1,-1,-1
1017,163,1722.22,677.69,110.66,251.83,0.4419,-1,-1,-1
1017,108,1573.97,588.77,105.09,236.50,0.7349,-1,-1,-1
1017,121,378.89,479.64,78.37,222.85,0.5506,-1,-1,-1
1017,109,293.00,502.23,81.48,201.88,0.5295,-1,-1,-1
1017,170,493.52,285.54,65.64,187.02,0.3573,-1,-1,-1
1017,176,352.75,907.36,102.64,172.44,0.8729,-1,-1,-1
1017,177,587.40,551.98,83.87,238.51,0.6909,-1,-1,-1
1017,3,1718.80,452.56,78.82,217.71,0.5316,-1,-1,-1
1018,91,353.46,911.11,103.29,168.50,0.8623,-1,-1,-1
1018,106,904.97,948.44,66.94,131.52,0.7011,-1,-1,-1
1018,113,843.28,273.85,62.62,200.50,0.6325,-1,-1,-1
1018,116,929.80,262.74,60.93,199.73,0.5488,-1,-1,-1
1018,136,929.80,262.74,60.94,199.73,0.5488,-1,-1,-1
1018,158,904.97,948.44,66.94,131.52,0.7011,-1,-1,-1
1018,159,1152.61,601.32,81.57,246.64,0.8247,-1,-1,-1
1018,163,1720.98,679.40,106.20,247.54,0.5200,-1,-1,-1
1018,108,1574.20,590.60,103.97,234.72,0.7124,-1,-1,-1
1018,121,379.46,480.76,77.19,219.98,0.6231,-1,-1,-1
1018,109,291.03,506.20,82.98,200.29,0.5533,-1,-1,-1
1018,170,493.72,286.86,65.13,187.88,0.3940,-1,-1,-1
1018,176,353.53,911.11,103.33,168.50,0.8623,-1,-1,-1
1018,177,586.98,551.87,83.32,238.19,0.6442,-1,-1,-1
1018,3,1718.51,453.24,79.82,215.21,0.5180,-1,-1,-1
1019,91,353.85,914.50,103.34,164.84,0.8664,-1,-1,-1
1019,106,904.41,948.15,66.97,131.80,0.6989,-1,-1,-1
1019,113,842.92,274.07,63.44,201.19,0.6383,-1,-1,-1
1019,116,927.71,260.68,64.16,200.43,0.6205,-1,-1,-1
1019,136,927.71,260.69,64.17,200.43,0.6205,-1,-1,-1
1019,158,904.41,948.15,66.97,131.80,0.6989,-1,-1,-1
1019,159,1152.69,598.76,81.08,247.08,0.8022,-1,-1,-1
1019,163,1720.33,677.62,101.39,246.83,0.5451,-1,-1,-1
1019,108,1574.15,590.80,103.49,234.87,0.7315,-1,-1,-1
1019,121,379.70,482.72,76.92,216.53,0.6501,-1,-1,-1
1019,109,289.77,508.31,83.30,199.36,0.6047,-1,-1,-1
1019,170,493.59,288.32,65.15,190.85,0.4096,-1,-1,-1
1019,176,353.90,914.50,103.37,164.84,0.8664,-1,-1,-1
1019,177,586.92,551.77,82.77,238.55,0.5863,-1,-1,-1
1019,3,1718.71,454.36,80.54,213.40,0.5162,-1,-1,-1
1020,91,354.47,917.30,103.26,162.22,0.8698,-1,-1,-1
1020,106,904.38,947.47,67.13,132.35,0.6979,-1,-1,-1
1020,113,843.17,273.66,63.30,199.63,0.6179,-1,-1,-1
1020,116,926.94,258.80,65.34,200.40,0.5392,-1,-1,-1
1020,136,926.94,258.80,65.34,200.40,0.5392,-1,-1,-1
1020,158,904.38,947.47,67.13,132.35,0.6979,-1,-1,-1
1020,159,1151.06,596.27,82.69,248.88,0.8129,-1,-1,-1
1020,163,1719.63,673.81,98.12,250.23,0.5459,-1,-1,-1
1020,108,1575.20,590.02,102.86,235.72,0.7083,-1,-1,-1
1020,121,379.65,483.29,78.55,215.36,0.5637,-1,-1,-1
1020,109,287.87,508.93,83.64,198.28,0.4551,-1,-1,-1
1020,170,494.46,291.31,64.69,190.30,0.3476,-1,-1,-1
1020,176,354.52,917.29,103.29,162.22,0.8698,-1,-1,-1
1020,177,585.69,551.72,84.04,238.72,0.6477,-1,-1,-1
1020,3,1719.39,455.08,80.09,210.61,0.2689,-1,-1,-1
1021,91,355.76,918.89,102.05,160.55,0.8674,-1,-1,-1
1021,106,902.91,945.96,68.07,133.88,0.7192,-1,-1,-1
1021,113,842.81,272.57,63.70,199.60,0.6160,-1,-1,-1
1021,116,928.09,257.04,64.93,199.64,0.5685,-1,-1,-1
1021,136,928.09,257.04,64.93,199.64,0.5685,-1,-1,-1
1021,158,902.91,945.96,68.07,133.88,0.7192,-1,-1,-1
1021,159,1148.95,593.50,83.49,250.81,0.8305,-1,-1,-1
1021,163,1716.62,672.96,94.59,249.87,0.6417,-1,-1,-1
1021,108,1575.51,589.92,102.47,236.36,0.7130,-1,-1,-1
1021,121,378.99,485.15,80.26,214.85,0.6967,-1,-1,-1
1021,109,285.50,508.34,86.44,198.39,0.5813,-1,-1,-1
1021,170,494.16,293.63,64.62,188.49,0.4156,-1,-1,-1
1021,176,355.80,918.89,102.07,160.55,0.8674,-1,-1,-1
1021,177,584.52,550.97,85.35,238.92,0.6380,-1,-1,-1
1021,3,1719.84,455.33,80.42,207.20,0.5072,-1,-1,-1
1022,91,357.75,920.72,100.04,158.86,0.8740,-1,-1,-1
1022,106,902.76,945.96,67.54,133.91,0.7404,-1,-1,-1
1022,113,843.09,271.11,63.31,199.75,0.6453,-1,-1,-1
1022,116,927.87,256.51,65.32,199.79,0.5894,-1,-1,-1
1022,136,927.87,256.51,65.33,199.79,0.5894,-1,-1,-1
1022,158,902.76,945.96,67.54,133.91,0.7404,-1,-1,-1
1022,159,1148.00,592.39,85.02,252.23,0.8335,-1,-1,-1
1022,163,1715.07,672.48,92.61,247.35,0.7218,-1,-1,-1
1022,108,1576.88,589.60,101.19,236.69,0.7068,-1,-1,-1
1022,121,378.52,485.85,81.79,222.39,0.7135,-1,-1,-1
1022,109,284.50,506.31,86.74,199.97,0.4277,-1,-1,-1
1022,170,493.66,294.16,64.92,189.94,0.3400,-1,-1,-1
1022,176,357.78,920.72,100.06,158.86,0.8740,-1,-1,-1
1022,177,583.87,550.25,85.18,239.29,0.6418,-1,-1,-1
1022,3,1720.02,455.22,80.14,201.34,0.5408,-1,-1,-1
1023,91,358.53,923.08,99.16,156.65,0.8677,-1,-1,-1
1023,106,902.64,945.63,67.05,134.39,0.7430,-1,-1,-1
1023,113,842.97,270.56,63.19,197.81,0.6391,-1,-1,-1
1023,116,928.74,255.81,64.44,201.57,0.5530,-1,-1,-1
1023,136,928.74,255.81,64.45,201.57,0.5530,-1,-1,-1
1023,158,902.64,945.63,67.05,134.39,0.7430,-1,-1,-1
1023,159,1147.96,590.67,84.73,254.28,0.8280,-1,-1,-1
1023,163,1713.49,674.25,92.30,245.00,0.7701,-1,-1,-1
1023,108,1575.94,588.57,102.62,238.11,0.6534,-1,-1,-1
1023,121,378.43,486.29,82.52,227.70,0.7086,-1,-1,-1
1023,109,285.59,504.87,85.36,201.46,0.4783,-1,-1,-1
1023,170,492.45,294.67,65.93,193.05,0.3971,-1,-1,-1
1023,176,358.56,923.08,99.17,156.65,0.8677,-1,-1,-1
1023,177,583.43,550.31,84.26,238.52,0.5774,-1,-1,-1
1023,3,1720.36,455.68,80.24,196.41,0.5193,-1,-1,-1
1023,147,373.48,295.88,74.70,204.35,0.3430,-1,-1,-1
1024,91,359.19,925.29,98.76,154.59,0.8680,-1,-1,-1
1024,106,903.02,945.83,66.82,134.17,0.7158,-1,-1,-1
1024,113,842.58,269.06,63.18,195.94,0.6641,-1,-1,-1
1024,116,929.49,255.47,63.37,202.68,0.6234,-1,-1,-1
1024,136,929.49,255.47,63.37,202.67,0.6234,-1,-1,-1
1024,158,903.02,945.83,66.82,134.17,0.7158,-1,-1,-1
1024,159,1146.51,589.18,85.96,254.60,0.8053,-1,-1,-1
1024,163,1712.16,675.60,91.71,243.27,0.7249,-1,-1,-1
1024,108,1575.61,587.98,103.12,238.90,0.6690,-1,-1,-1
1024,121,378.54,487.48,82.23,229.53,0.7007,-1,-1,-1
1024,109,285.68,505.02,84.58,200.91,0.5016,-1,-1,-1
1024,170,492.30,294.33,66.61,197.05,0.2635,-1,-1,-1
1024,176,359.22,925.29,98.77,154.59,0.8680,-1,-1,-1
1024,177,584.17,549.92,82.29,238.57,0.5946,-1,-1,-1
1024,3,1720.56,455.47,79.31,193.40,0.5868,-1,-1,-1
1024,147,372.52,297.60,74.46,200.21,0.2821,-1,-1,-1
1025,91,360.42,927.03,97.95,152.92,0.8729,-1,-1,-1
1025,106,902.89,945.59,65.98,134.38,0.7391,-1,-1,-1
1025,113,842.73,266.86,62.55,196.45,0.6543,-1,-1,-1
1025,116,931.25,255.71,60.94,203.72,0.5662,-1,-1,-1
1025,136,931.25,255.71,60.95,203.72,0.5662,-1,-1,-1
1025,158,902.89,945.59,65.98,134.38,0.7391,-1,-1,-1
1025,159,1144.47,588.01,88.18,254.32,0.8074,-1,-1,-1
1025,163,1711.14,674.02,89.59,244.59,0.7122,-1,-1,-1
1025,108,1575.29,587.65,102.94,239.28,0.6404,-1,-1,-1
1025,121,378.37,489.08,80.59,232.10,0.6527,-1,-1,-1
1025,109,286.20,506.06,83.02,199.57,0.5158,-1,-1,-1
1025,170,492.61,294.79,66.84,198.68,0.2869,-1,-1,-1
1025,176,360.44,927.03,97.97,152.92,0.8729,-1,-1,-1
1025,177,584.49,549.26,79.84,239.62,0.5620,-1,-1,-1
1025,3,1720.43,455.23,79.90,193.58,0.5631,-1,-1,-1
1026,91,361.99,928.82,96.69,151.16,0.8689,-1,-1,-1
1026,106,902.22,945.38,66.17,134.59,0.7598,-1,-1,-1
1026,113,843.82,265.11,61.32,193.91,0.6053,-1,-1,-1
1026,116,932.62,255.22,59.75,204.65,0.5993,-1,-1,-1
1026,136,932.62,255.22,59.75,204.65,0.5993,-1,-1,-1
1026,158,902.22,945.38,66.17,134.59,0.7598,-1,-1,-1
1026,159,1143.61,587.71,87.59,251.30,0.8034,-1,-1,-1
1026,163,1709.63,676.23,86.99,242.87,0.7304,-1,-1,-1
1026,108,1576.35,588.69,102.14,238.37,0.6675,-1,-1,-1
1026,121,378.25,491.54,79.12,232.85,0.6683,-1,-1,-1
1026,109,287.86,504.59,80.95,200.23,0.5166,-1,-1,-1
1026,170,492.77,295.59,67.57,198.88,0.3305,-1,-1,-1
1026,176,362.01,928.81,96.70,151.16,0.8689,-1,-1,-1
1026,177,584.64,547.59,77.00,240.60,0.3946,-1,-1,-1
1026,3,1720.23,455.15,80.10,192.38,0.5759,-1,-1,-1
1026,147,369.87,300.50,72.63,196.37,0.4104,-1,-1,-1
1027,91,363.98,930.63,96.10,149.31,0.8697,-1,-1,-1
1027,106,902.27,945.33,64.70,134.68,0.7502,-1,-1,-1
1027,113,845.12,263.45,59.92,191.10,0.6276,-1,-1,-1
1027,116,933.87,254.97,58.73,205.16,0.5935,-1,-1,-1
1027,136,933.87,254.97,58.73,205.16,0.5935,-1,-1,-1
1027,158,902.27,945.33,64.70,134.68,0.7502,-1,-1,-1
1027,159,1142.65,587.62,86.79,252.06,0.8239,-1,-1,-1
1027,163,1706.21,673.68,85.47,243.39,0.6833,-1,-1,-1
1027,108,1575.97,589.52,102.64,237.67,0.7242,-1,-1,-1
1027,121,377.54,493.84,77.30,233.28,0.6931,-1,-1,-1
1027,109,290.56,504.84,77.59,200.10,0.6073,-1,-1,-1
1027,170,492.97,297.54,67.55,197.20,0.3358,-1,-1,-1
1027,176,364.00,930.63,96.11,149.31,0.8697,-1,-1,-1
1027,177,584.71,546.92,73.26,241.83,0.5832,-1,-1,-1
1027,3,1720.49,455.52,80.58,195.09,0.5535,-1,-1,-1
1027,180,289.69,307.35,66.23,192.77,0.3425,-1,-1,-1
1027,147,368.66,302.73,72.18,196.23,0.4967,-1,-1,-1
1027,174,1698.49,186.86,66.82,177.27,0.3598,-1,-1,-1
1028,91,365.53,932.52,95.29,147.48,0.8764,-1,-1,-1
1028,106,902.22,945.19,64.17,134.82,0.7503,-1,-1,-1
1028,113,846.25,260.79,59.32,190.61,0.6247,-1,-1,-1
1028,116,935.51,254.33,58.78,202.78,0.6154,-1,-1,-1
1028,136,935.51,254.33,58.78,202.78,0.6154,-1,-1,-1
1028,158,902.22,945.19,64.17,134.82,0.7503,-1,-1,-1
1028,159,1141.82,586.70,85.25,249.50,0.8212,-1,-1,-1
1028,163,1705.12,664.30,83.54,250.90,0.6426,-1,-1,-1
1028,108,1575.57,589.59,102.38,237.76,0.7270,-1,-1,-1
1028,121,376.24,496.55,78.33,231.72,0.7157,-1,-1,-1
1028,109,294.63,507.75,72.68,198.26,0.6148,-1,-1,-1
1028,170,490.94,300.54,69.49,194.71,0.2955,-1,-1,-1
1028,176,365.55,932.52,95.30,147.48,0.8764,-1,-1,-1
1028,177,585.44,546.27,70.61,242.70,0.6231,-1,-1,-1
1028,3,1720.39,454.35,79.88,202.26,0.3322,-1,-1,-1
1028,180,289.78,309.93,64.70,192.80,0.3376,-1,-1,-1
1028,147,367.91,305.46,72.55,195.32,0.5237,-1,-1,-1
1028,174,1699.00,189.08,66.79,175.76,0.3620,-1,-1,-1
1029,91,367.69,933.68,94.35,146.13,0.8710,-1,-1,-1
1029,106,901.74,944.88,63.48,135.11,0.7287,-1,-1,-1
1029,113,847.73,259.46,58.38,191.34,0.6474,-1,-1,-1
1029,116,936.32,253.59,59.30,203.09,0.6570,-1,-1,-1
1029,136,936.32,253.59,59.30,203.08,0.6570,-1,-1,-1
1029,158,901.74,944.88,63.48,135.11,0.7287,-1,-1,-1
1029,159,1141.46,585.89,82.55,248.62,0.8320,-1,-1,-1
1029,163,1702.58,649.62,84.23,264.91,0.5105,-1,-1,-1
1029,108,1574.97,589.94,102.73,237.37,0.7466,-1,-1,-1
1029,121,375.58,499.25,78.77,229.67,0.7405,-1,-1,-1
1029,109,295.37,510.68,70.94,197.95,0.6537,-1,-1,-1
1029,170,490.43,301.84,69.99,193.56,0.3519,-1,-1,-1
1029,176,367.70,933.68,94.36,146.13,0.8710,-1,-1,-1
1029,177,586.10,545.46,66.47,243.77,0.6367,-1,-1,-1
1029,3,1720.54,454.31,80.31,205.26,0.3923,-1,-1,-1
1029,180,289.88,311.61,63.83,192.88,0.3091,-1,-1,-1
1029,147,367.75,307.79,71.64,194.87,0.5238,-1,-1,-1
1029,174,1699.53,191.25,66.96,174.29,0.3452,-1,-1,-1
1030,91,368.72,936.20,94.31,143.48,0.8548,-1,-1,-1
1030,106,901.50,944.62,62.04,135.38,0.7345,-1,-1,-1
1030,113,848.69,258.25,57.45,193.38,0.6293,-1,-1,-1
1030,116,936.87,252.40,59.80,203.16,0.6473,-1,-1,-1
1030,136,936.87,252.41,59.80,203.16,0.6473,-1,-1,-1
1030,158,901.50,944.62,62.04,135.38,0.7345,-1,-1,-1
1030,159,1140.91,584.14,80.01,248.83,0.8568,-1,-1,-1
1030,163,1700.90,643.13,84.43,270.52,0.5557,-1,-1,-1
1030,108,1574.68,589.23,102.07,238.38,0.7106,-1,-1,-1
1030,121,374.47,500.61,75.21,228.75,0.7383,-1,-1,-1
1030,109,295.48,511.37,70.80,201.43,0.7343,-1,-1,-1
1030,170,489.76,300.31,70.75,194.85,0.4151,-1,-1,-1
1030,176,368.73,936.20,94.31,143.48,0.8548,-1,-1,-1
1030,177,586.21,544.50,65.18,245.08,0.6055,-1,-1,-1
1030,3,1720.54,453.88,79.72,206.81,0.4751,-1,-1,-1
1030,180,290.80,313.51,63.97,191.57,0.3335,-1,-1,-1
1030,147,367.45,309.75,71.31,194.73,0.5014,-1,-1,-1
1030,174,1700.46,194.27,66.06,171.26,0.2541,-1,-1,-1
1031,91,371.21,937.95,92.55,141.51,0.8448,-1,-1,-1
1031,106,900.52,944.21,61.27,135.79,0.7423,-1,-1,-1
1031,113,849.02,256.84,57.15,194.70,0.6315,-1,-1,-1
1031,116,937.76,250.83,59.38,199.91,0.6555,-1,-1,-1
1031,136,937.76,250.83,59.38,199.91,0.6555,-1,-1,-1
1031,158,900.52,944.21,61.27,135.79,0.7423,-1,-1,-1
1031,159,1140.29,579.66,78.28,248.12,0.8294,-1,-1,-1
1031,163,1689.57,639.13,93.20,275.93,0.6406,-1,-1,-1
1031,108,1573.82,590.51,102.84,236.96,0.7281,-1,-1,-1
1031,121,373.60,500.76,77.38,229.23,0.7565,-1,-1,-1
1031,109,295.31,512.81,70.50,208.61,0.7803,-1,-1,-1
1031,170,491.00,299.33,69.12,195.02,0.4167,-1,-1,-1
1031,176,371.22,937.95,92.56,141.51,0.8448,-1,-1,-1
1031,177,585.78,543.92,63.61,246.39,0.6005,-1,-1,-1
1031,3,1720.56,453.81,79.58,210.26,0.6399,-1,-1,-1
1031,180,291.71,315.58,64.62,191.29,0.3458,-1,-1,-1
1031,147,367.18,311.04,71.05,194.50,0.4924,-1,-1,-1
1031,174,1701.15,196.39,65.36,169.94,0.2787,-1,-1,-1
1032,91,373.30,940.91,90.88,138.57,0.8212,-1,-1,-1
1032,106,899.73,943.72,60.69,136.29,0.6916,-1,-1,-1
1032,113,849.43,255.55,56.85,195.37,0.6422,-1,-1,-1
1032,116,938.77,248.92,58.87,196.62,0.7147,-1,-1,-1
1032,136,938.77,248.92,58.87,196.62,0.7147,-1,-1,-1
1032,158,899.73,943.72,60.69,136.29,0.6916,-1,-1,-1
1032,159,1139.62,575.91,77.02,245.41,0.8476,-1,-1,-1
1032,163,1683.10,639.80,96.53,276.78,0.5971,-1,-1,-1
1032,108,1573.87,590.68,101.94,236.78,0.7060,-1,-1,-1
1032,121,373.69,501.04,77.44,229.83,0.7731,-1,-1,-1
1032,109,295.48,515.00,70.44,212.18,0.7947,-1,-1,-1
1032,170,491.92,301.17,67.36,192.74,0.4059,-1,-1,-1
1032,176,373.31,940.91,90.88,138.57,0.8212,-1,-1,-1
1032,177,585.98,543.32,62.01,247.08,0.6066,-1,-1,-1
1032,3,1720.62,453.99,79.45,213.26,0.6351,-1,-1,-1
1032,180,291.44,317.47,66.90,190.14,0.3625,-1,-1,-1
1032,147,366.49,312.60,71.00,193.24,0.4562,-1,-1,-1
1032,174,1701.71,198.54,64.12,171.11,0.2974,-1,-1,-1
1033,91,374.12,943.73,90.99,135.32,0.8049,-1,-1,-1
1033,106,898.99,943.48,59.78,136.55,0.7000,-1,-1,-1
1033,113,849.15,254.85,57.47,196.19,0.5999,-1,-1,-1
1033,116,939.47,246.77,59.53,196.43,0.7116,-1,-1,-1
1033,136,939.47,246.77,59.53,196.43,0.7116,-1,-1,-1
1033,158,898.99,943.48,59.78,136.55,0.7000,-1,-1,-1
1033,159,1139.38,572.80,75.79,242.28,0.8491,-1,-1,-1
1033,163,1678.03,638.25,99.10,279.51,0.6475,-1,-1,-1
1033,108,1574.72,591.59,99.77,236.23,0.6965,-1,-1,-1
1033,121,373.09,501.72,77.24,229.24,0.7489,-1,-1,-1
1033,109,295.14,517.11,70.65,213.86,0.7660,-1,-1,-1
1033,170,491.51,301.37,67.41,193.89,0.4714,-1,-1,-1
1033,176,374.13,943.73,90.99,135.32,0.8049,-1,-1,-1
1033,177,584.93,542.11,60.95,247.70,0.5537,-1,-1,-1
1033,3,1720.87,453.73,78.86,214.13,0.6141,-1,-1,-1
1033,180,291.54,318.70,67.95,189.22,0.3510,-1,-1,-1
1033,147,365.62,314.02,71.49,192.45,0.4500,-1,-1,-1
1034,91,376.48,946.87,88.83,132.79,0.7966,-1,-1,-1
1034,106,897.67,943.19,60.16,136.80,0.7166,-1,-1,-1
1034,113,848.98,254.95,58.33,195.69,0.6081,-1,-1,-1
1034,116,939.68,244.86,59.53,195.73,0.6775,-1,-1,-1
1034,136,939.68,244.86,59.53,195.73,0.6775,-1,-1,-1
1034,158,897.67,943.19,60.16,136.80,0.7166,-1,-1,-1
1034,159,1139.81,569.65,74.49,241.70,0.8481,-1,-1,-1
1034,163,1675.54,637.29,99.34,280.96,0.6447,-1,-1,-1
1034,108,1574.24,592.56,100.16,235.12,0.6573,-1,-1,-1
1034,121,372.65,503.08,74.78,227.58,0.7331,-1,-1,-1
1034,109,294.74,519.94,72.08,213.67,0.7667,-1,-1,-1
1034,170,489.03,306.14,68.96,192.15,0.5747,-1,-1,-1
1034,176,376.49,946.87,88.83,132.79,0.7966,-1,-1,-1
1034,177,584.89,541.02,59.47,248.87,0.5825,-1,-1,-1
1034,3,1720.30,453.39,79.10,214.17,0.5968,-1,-1,-1
1034,180,292.95,320.20,67.71,187.66,0.3828,-1,-1,-1
1034,147,365.36,315.33,71.04,192.80,0.4556,-1,-1,-1
1035,91,378.30,950.13,88.44,129.62,0.7835,-1,-1,-1
1035,106,896.88,942.48,59.55,137.40,0.7128,-1,-1,-1
1035,113,849.42,254.37,58.01,195.62,0.6096,-1,-1,-1
1035,116,939.60,243.08,60.20,197.00,0.7411,-1,-1,-1
1035,136,939.60,243.08,60.20,197.00,0.7411,-1,-1,-1
1035,158,896.88,942.48,59.55,137.40,0.7128,-1,-1,-1
1035,159,1138.91,568.09,74.75,241.09,0.8448,-1,-1,-1
1035,163,1675.51,634.82,94.87,281.27,0.6525,-1,-1,-1
1035,108,1573.18,592.52,100.07,235.19,0.5429,-1,-1,-1
1035,121,372.37,504.45,76.42,225.53,0.7304,-1,-1,-1
1035,109,292.61,522.66,77.20,212.63,0.7352,-1,-1,-1
1035,170,488.03,310.43,69.07,192.81,0.5429,-1,-1,-1
1035,176,378.30,950.13,88.45,129.62,0.7835,-1,-1,-1
1035,177,585.04,540.01,59.08,250.11,0.5143,-1,-1,-1
1035,3,1720.74,453.41,77.77,212.62,0.5930,-1,-1,-1
1035,180,293.90,321.51,66.83,185.76,0.4381,-1,-1,-1
1035,147,365.24,316.18,70.67,194.48,0.4192,-1,-1,-1
1036,91,380.44,953.48,88.47,126.47,0.7522,-1,-1,-1
1036,106,895.78,941.51,59.44,138.47,0.7420,-1,-1,-1
1036,113,850.30,253.66,57.12,196.34,0.6222,-1,-1,-1
1036,116,939.50,241.37,59.76,197.28,0.7460,-1,-1,-1
1036,136,939.50,241.37,59.76,197.28,0.7460,-1,-1,-1
1036,158,895.78,941.51,59.44,138.47,0.7420,-1,-1,-1
1036,159,1138.15,566.22,74.77,244.63,0.8247,-1,-1,-1
1036,163,1675.53,632.83,90.81,282.21,0.6971,-1,-1,-1
1036,108,1573.28,594.77,100.16,232.89,0.2625,-1,-1,-1
1036,121,371.98,505.01,76.96,224.87,0.7344,-1,-1,-1
1036,109,292.21,525.29,77.92,210.62,0.6547,-1,-1,-1
1036,170,488.06,310.40,69.32,194.89,0.5587,-1,-1,-1
1036,176,380.44,953.48,88.47,126.47,0.7522,-1,-1,-1
1036,177,584.96,540.63,59.22,249.74,0.5060,-1,-1,-1
1036,3,1721.36,454.96,77.11,210.41,0.6072,-1,-1,-1
1036,180,293.21,321.63,68.02,187.03,0.3832,-1,-1,-1
1036,147,364.11,317.51,70.83,197.34,0.3021,-1,-1,-1
1037,91,383.05,956.20,87.72,123.79,0.7722,-1,-1,-1
1037,106,894.89,940.91,59.82,139.07,0.7380,-1,-1,-1
1037,113,850.43,252.43,57.51,197.10,0.6198,-1,-1,-1
1037,116,939.63,240.67,59.66,197.69,0.7784,-1,-1,-1
1037,136,939.64,240.67,59.66,197.69,0.7784,-1,-1,-1
1037,158,894.89,940.91,59.82,139.07,0.7380,-1,-1,-1
1037,159,1137.08,564.31,75.37,247.70,0.8393,-1,-1,-1
1037,163,1674.83,630.19,87.97,283.52,0.6632,-1,-1,-1
1037,108,1572.84,595.47,99.90,231.81,0.6329,-1,-1,-1
1037,121,371.62,506.05,78.01,223.31,0.7840,-1,-1,-1
1037,109,288.80,527.56,81.12,208.57,0.6239,-1,-1,-1
1037,170,488.13,311.51,70.82,195.58,0.5518,-1,-1,-1
1037,176,383.05,956.20,87.72,123.79,0.7722,-1,-1,-1
1037,177,586.05,539.62,57.38,251.26,0.5552,-1,-1,-1
1037,3,1721.85,455.62,76.25,209.22,0.6589,-1,-1,-1
1037,180,292.84,322.28,68.35,186.14,0.3923,-1,-1,-1
1037,181,1273.03,183.99,59.11,139.20,0.3522,-1,-1,-1
1038,91,385.15,958.52,88.13,121.55,0.8003,-1,-1,-1
1038,106,893.60,939.82,59.20,140.22,0.7139,-1,-1,-1
1038,113,850.47,251.47,58.31,197.62,0.6073,-1,-1,-1
1038,116,939.62,239.91,59.31,198.45,0.7744,-1,-1,-1
1038,136,939.62,239.91,59.31,198.45,0.7744,-1,-1,-1
1038,158,893.60,939.82,59.20,140.22,0.7139,-1,-1,-1
1038,159,1135.47,563.00,76.76,250.86,0.8414,-1,-1,-1
1038,163,1671.13,629.68,91.25,283.20,0.6513,-1,-1,-1
1038,108,1573.04,595.53,99.25,231.66,0.6630,-1,-1,-1
1038,121,371.53,506.62,77.87,223.25,0.7732,-1,-1,-1
1038,109,287.96,530.10,80.46,205.75,0.4745,-1,-1,-1
1038,170,488.15,313.47,70.54,196.31,0.5284,-1,-1,-1
1038,176,385.16,958.51,88.13,121.55,0.8003,-1,-1,-1
1038,177,586.49,539.16,56.99,251.71,0.5667,-1,-1,-1
1038,3,1721.82,455.89,76.18,208.46,0.6806,-1,-1,-1
1038,180,292.18,322.62,69.85,185.68,0.3782,-1,-1,-1
1039,91,388.78,959.48,86.33,120.50,0.7333,-1,-1,-1
1039,106,892.68,939.36,58.96,140.60,0.7325,-1,-1,-1
1039,113,850.98,250.76,58.12,197.07,0.5701,-1,-1,-1
1039,116,939.49,238.80,58.98,199.11,0.7482,-1,-1,-1
1039,136,939.49,238.80,58.98,199.11,0.7482,-1,-1,-1
1039,158,892.68,939.36,58.96,140.60,0.7325,-1,-1,-1
1039,159,1131.79,562.03,79.58,252.49,0.8504,-1,-1,-1
1039,163,1665.33,629.90,94.00,282.09,0.7272,-1,-1,-1
1039,108,1572.63,594.35,99.52,232.55,0.6393,-1,-1,-1
1039,121,371.47,507.23,77.14,223.32,0.7788,-1,-1,-1
1039,109,287.42,531.33,78.85,204.00,0.4592,-1,-1,-1
1039,170,487.89,314.75,68.40,197.54,0.5133,-1,-1,-1
1039,176,388.79,959.48,86.33,120.50,0.7333,-1,-1,-1
1039,177,586.91,538.70,56.26,252.34,0.5647,-1,-1,-1
1039,3,1721.78,455.70,75.96,209.26,0.6754,-1,-1,-1
1039,180,291.39,322.82,71.13,186.27,0.3967,-1,-1,-1
1040,91,391.94,961.33,85.97,118.68,0.7634,-1,-1,-1
1040,106,891.18,938.77,59.37,141.22,0.7500,-1,-1,-1
1040,113,851.60,248.83,58.76,195.22,0.5846,-1,-1,-1
1040,116,938.85,238.17,59.40,199.41,0.7073,-1,-1,-1
1040,136,938.85,238.17,59.40,199.41,0.7073,-1,-1,-1
1040,158,891.18,938.77,59.37,141.22,0.7500,-1,-1,-1
1040,159,1128.05,561.61,81.26,253.44,0.8663,-1,-1,-1
1040,163,1661.63,630.55,94.79,282.64,0.7126,-1,-1,-1
1040,108,1572.44,595.45,99.78,230.89,0.6244,-1,-1,-1
1040,121,371.74,508.54,78.17,225.47,0.8152,-1,-1,-1
1040,109,280.27,533.04,83.24,202.29,0.3917,-1,-1,-1
1040,170,487.19,317.68,67.16,196.44,0.5258,-1,-1,-1
1040,176,391.95,961.33,85.97,118.68,0.7634,-1,-1,-1
1040,177,587.59,538.14,55.62,252.33,0.6397,-1,-1,-1
1040,3,1721.92,455.74,75.53,210.07,0.6918,-1,-1,-1
1040,180,291.18,323.59,71.65,186.93,0.4215,-1,-1,-1
1041,91,394.97,963.52,87.02,116.49,0.8046,-1,-1,-1
1041,106,889.02,938.52,58.41,141.49,0.7145,-1,-1,-1
1041,113,851.14,246.98,60.54,192.70,0.5900,-1,-1,-1
1041,116,938.81,237.43,59.58,200.20,0.7355,-1,-1,-1
1041,136,938.81,237.43,59.58,200.20,0.7355,-1,-1,-1
1041,158,889.02,938.52,58.41,141.49,0.7145,-1,-1,-1
1041,159,1126.22,560.47,82.76,252.89,0.8765,-1,-1,-1
1041,163,1660.54,632.18,92.82,280.52,0.6049,-1,-1,-1
1041,108,1572.77,595.63,99.74,230.50,0.5745,-1,-1,-1
1041,121,372.11,510.40,78.44,227.89,0.7863,-1,-1,-1
1041,109,280.58,533.26,81.88,201.18,0.3873,-1,-1,-1
1041,170,486.05,321.24,66.56,193.77,0.5361,-1,-1,-1
1041,176,394.98,963.52,87.02,116.49,0.8046,-1,-1,-1
1041,177,588.31,538.44,55.31,252.84,0.6380,-1,-1,-1
1041,3,1721.77,455.42,76.03,210.92,0.6914,-1,-1,-1
1041,180,291.64,324.40,72.19,185.80,0.4406,-1,-1,-1
1042,91,397.00,964.90,90.25,115.07,0.8154,-1,-1,-1
1042,106,887.23,937.98,58.13,142.02,0.7205,-1,-1,-1
1042,113,851.28,244.71,61.95,189.92,0.4808,-1,-1,-1
1042,116,939.28,237.34,59.52,200.20,0.7219,-1,-1,-1
1042,136,939.28,237.34,59.52,200.20,0.7219,-1,-1,-1
1042,158,887.23,937.98,58.13,142.02,0.7205,-1,-1,-1
1042,159,1125.21,559.34,82.76,250.25,0.8696,-1,-1,-1
1042,163,1659.20,633.27,92.43,278.88,0.6167,-1,-1,-1
1042,108,1572.95,594.23,99.78,231.61,0.5514,-1,-1,-1
1042,121,372.13,510.65,78.98,231.54,0.7868,-1,-1,-1
1042,109,278.81,532.96,83.55,201.32,0.3414,-1,-1,-1
1042,170,486.02,323.74,65.03,191.56,0.5007,-1,-1,-1
1042,176,397.00,964.90,90.25,115.07,0.8154,-1,-1,-1
1042,177,588.07,538.29,56.03,252.35,0.6301,-1,-1,-1
1042,3,1722.14,455.54,74.83,211.46,0.6408,-1,-1,-1
1042,180,291.62,325.07,72.46,186.82,0.4172,-1,-1,-1
1043,91,397.81,966.15,93.15,113.81,0.8216,-1,-1,-1
1043,106,885.77,937.63,58.62,142.33,0.7124,-1,-1,-1
1043,113,851.45,241.82,63.35,189.74,0.4578,-1,-1,-1
1043,116,940.04,237.01,58.66,199.88,0.7193,-1,-1,-1
1043,136,940.04,237.01,58.66,199.88,0.7193,-1,-1,-1
1043,158,885.77,937.63,58.62,142.33,0.7124,-1,-1,-1
1043,159,1123.46,558.49,83.18,247.98,0.8689,-1,-1,-1
1043,163,1661.03,634.82,89.38,277.90,0.5099,-1,-1,-1
1043,108,1573.23,594.72,99.03,231.30,0.2597,-1,-1,-1
1043,121,372.17,511.40,79.39,233.81,0.7933,-1,-1,-1
1043,109,284.60,533.02,77.81,201.73,0.3700,-1,-1,-1
1043,170,484.84,325.05,65.04,190.02,0.5100,-1,-1,-1
1043,176,397.82,966.15,93.15,113.81,0.8216,-1,-1,-1
1043,177,588.37,537.80,55.47,252.43,0.6416,-1,-1,-1
1043,3,1722.39,455.02,74.69,212.52,0.6332,-1,-1,-1
1043,180,291.66,325.51,71.61,192.19,0.4026,-1,-1,-1
1044,91,398.82,968.01,95.52,112.01,0.8194,-1,-1,-1
1044,106,884.64,937.19,57.79,142.81,0.3486,-1,-1,-1
1044,113,851.66,240.09,63.68,190.18,0.4396,-1,-1,-1
1044,116,940.46,236.34,58.05,199.58,0.7147,-1,-1,-1
1044,136,940.46,236.34,58.05,199.58,0.7147,-1,-1,-1
1044,158,884.24,937.55,58.86,142.45,0.4583,-1,-1,-1
1044,159,1122.03,556.97,82.45,247.17,0.8598,-1,-1,-1
1044,163,1658.60,636.52,92.22,278.94,0.5733,-1,-1,-1
1044,108,1571.32,592.38,103.14,232.31,0.3522,-1,-1,-1
1044,121,372.49,513.95,78.32,234.04,0.7971,-1,-1,-1
1044,109,281.04,533.59,81.89,201.76,0.4241,-1,-1,-1
1044,170,484.13,324.34,65.67,191.62,0.5248,-1,-1,-1
1044,176,398.82,968.01,95.52,112.01,0.8194,-1,-1,-1
1044,177,588.39,538.17,55.89,252.01,0.6225,-1,-1,-1
1044,3,1722.25,455.22,74.37,212.73,0.6444,-1,-1,-1
1044,180,290.64,325.98,70.46,197.26,0.4570,-1,-1,-1
1044,147,354.79,322.01,83.54,205.76,0.3804,-1,-1,-1
1045,91,399.56,969.22,99.24,110.81,0.8224,-1,-1,-1
1045,106,883.75,937.10,59.64,142.92,0.6116,-1,-1,-1
1045,113,851.90,238.63,64.26,191.43,0.5349,-1,-1,-1
1045,116,940.50,235.15,57.77,199.91,0.6871,-1,-1,-1
1045,136,940.50,235.15,57.77,199.91,0.6871,-1,-1,-1
1045,158,883.59,937.24,60.03,142.79,0.6116,-1,-1,-1
1045,159,1119.57,554.42,83.11,248.32,0.8577,-1,-1,-1
1045,163,1652.71,637.26,95.97,277.98,0.5690,-1,-1,-1
1045,108,1570.19,592.87,104.82,231.95,0.3969,-1,-1,-1
1045,121,372.99,517.30,78.65,233.40,0.7933,-1,-1,-1
1045,109,283.39,536.14,78.36,201.37,0.4244,-1,-1,-1
1045,170,483.56,325.29,65.83,190.97,0.4795,-1,-1,-1
1045,176,399.57,969.22,99.24,110.81,0.8224,-1,-1,-1
1045,177,588.75,538.03,55.17,251.60,0.6373,-1,-1,-1
1045,3,1722.17,456.08,74.27,212.19,0.6524,-1,-1,-1
1045,180,289.88,326.11,69.80,198.85,0.4453,-1,-1,-1
1045,147,354.37,322.76,81.57,209.04,0.6393,-1,-1,-1
1046,91,400.56,971.20,101.55,108.86,0.8132,-1,-1,-1
1046,106,883.11,936.40,58.41,143.63,0.6380,-1,-1,-1
1046,113,851.71,237.39,64.92,192.83,0.5205,-1,-1,-1
1046,116,940.31,234.26,57.17,200.45,0.6655,-1,-1,-1
1046,136,940.31,234.26,57.17,200.45,0.6655,-1,-1,-1
1046,158,883.05,936.46,58.55,143.58,0.6380,-1,-1,-1
1046,159,1118.80,552.69,82.51,247.25,0.8606,-1,-1,-1
1046,163,1651.59,638.27,95.06,276.48,0.5919,-1,-1,-1
1046,108,1572.64,593.72,102.87,230.56,0.3764,-1,-1,-1
1046,121,373.58,519.45,76.53,234.13,0.7825,-1,-1,-1
1046,109,281.85,537.37,80.00,204.90,0.5703,-1,-1,-1
1046,170,482.63,324.33,66.67,192.17,0.4979,-1,-1,-1
1046,176,400.56,971.20,101.55,108.86,0.8132,-1,-1,-1
1046,177,589.06,538.51,54.75,250.82,0.5998,-1,-1,-1
1046,3,1721.43,456.48,74.59,211.41,0.6856,-1,-1,-1
1046,180,289.54,328.37,68.47,199.96,0.3435,-1,-1,-1
1046,147,350.82,325.63,82.26,208.16,0.6007,-1,-1,-1
1047,91,401.23,973.98,103.93,106.04,0.8180,-1,-1,-1
1047,106,882.37,936.08,58.41,143.93,0.6545,-1,-1,-1
1047,113,850.57,235.65,66.83,194.87,0.5330,-1,-1,-1
1047,116,938.76,233.21,57.95,200.21,0.6405,-1,-1,-1
1047,136,938.76,233.21,57.95,200.21,0.6405,-1,-1,-1
1047,158,882.35,936.10,58.45,143.91,0.6545,-1,-1,-1
1047,159,1118.04,550.44,82.12,248.82,0.8483,-1,-1,-1
1047,163,1653.35,644.92,91.15,269.27,0.6525,-1,-1,-1
1047,108,1572.90,592.04,102.58,231.89,0.3628,-1,-1,-1
1047,121,373.75,522.47,76.54,233.02,0.7990,-1,-1,-1
1047,109,277.92,539.40,83.73,208.35,0.6214,-1,-1,-1
1047,170,482.30,325.30,66.43,190.76,0.5495,-1,-1,-1
1047,176,401.23,973.98,103.93,106.04,0.8180,-1,-1,-1
1047,177,588.85,538.30,55.78,251.39,0.5885,-1,-1,-1
1047,3,1720.86,457.84,74.97,210.30,0.6626,-1,-1,-1
1047,180,288.16,330.69,68.20,200.37,0.3519,-1,-1,-1
1047,147,349.01,328.14,82.04,208.01,0.6138,-1,-1,-1
1048,91,403.14,977.20,105.19,102.82,0.8086,-1,-1,-1
1048,106,882.14,935.55,57.95,144.45,0.6195,-1,-1,-1
1048,113,850.78,234.82,67.38,195.14,0.5504,-1,-1,-1
1048,116,938.29,231.30,57.51,194.56,0.6327,-1,-1,-1
1048,136,938.29,231.30,57.51,194.56,0.6327,-1,-1,-1
1048,158,882.14,935.55,57.96,144.45,0.6195,-1,-1,-1
1048,159,1116.86,547.46,82.34,247.12,0.8438,-1,-1,-1
1048,163,1650.38,648.65,91.22,264.46,0.6936,-1,-1,-1
1048,108,1573.73,591.23,101.88,232.42,0.3401,-1,-1,-1
1048,121,373.34,523.10,76.58,232.82,0.7928,-1,-1,-1
1048,109,276.17,541.49,84.82,211.17,0.6960,-1,-1,-1
1048,170,481.40,325.43,66.79,191.90,0.5513,-1,-1,-1
1048,176,403.15,977.20,105.19,102.82,0.8086,-1,-1,-1
1048,177,588.55,538.46,56.53,251.72,0.5596,-1,-1,-1
1048,3,1721.45,457.94,74.19,210.40,0.6261,-1,-1,-1
1048,180,287.70,332.73,66.65,199.78,0.2717,-1,-1,-1
1048,147,347.71,329.69,81.94,206.80,0.4818,-1,-1,-1
1049,91,404.55,979.55,106.23,100.46,0.8183,-1,-1,-1
1049,106,881.19,934.56,58.64,145.44,0.6872,-1,-1,-1
1049,113,851.24,234.75,67.54,194.56,0.5476,-1,-1,-1
1049,116,937.34,229.53,58.10,192.30,0.6738,-1,-1,-1
1049,136,937.34,229.53,58.10,192.30,0.6738,-1,-1,-1
1049,158,881.19,934.56,58.64,145.44,0.6872,-1,-1,-1
1049,159,1116.47,545.04,79.92,244.11,0.8405,-1,-1,-1
1049,163,1649.05,647.55,90.25,264.86,0.7488,-1,-1,-1
1049,108,1572.18,593.29,102.05,230.89,0.3886,-1,-1,-1
1049,121,372.75,524.22,76.22,231.76,0.8075,-1,-1,-1
1049,109,277.94,544.01,82.16,211.70,0.6476,-1,-1,-1
1049,170,479.73,325.45,68.61,193.39,0.5920,-1,-1,-1
1049,176,404.56,979.55,106.23,100.46,0.8183,-1,-1,-1
1049,177,588.51,537.98,56.37,251.92,0.6131,-1,-1,-1
1049,3,1721.30,458.05,74.40,211.15,0.6482,-1,-1,-1
1049,180,287.66,334.59,64.83,199.69,0.2932,-1,-1,-1
1049,147,345.66,330.38,83.39,206.76,0.4621,-1,-1,-1
1050,91,407.87,982.65,104.78,97.38,0.8109,-1,-1,-1
1050,106,880.28,933.72,59.38,146.29,0.6859,-1,-1,-1
1050,113,852.33,234.52,66.53,194.15,0.5889,-1,-1,-1
1050,116,936.79,227.99,58.37,190.76,0.6736,-1,-1,-1
1050,136,936.79,227.99,58.37,190.76,0.6736,-1,-1,-1
1050,158,880.29,933.72,59.38,146.29,0.6859,-1,-1,-1
1050,159,1114.46,542.43,79.45,239.10,0.8454,-1,-1,-1
1050,163,1648.19,647.49,88.26,263.47,0.7516,-1,-1,-1
1050,108,1570.60,593.34,103.37,230.96,0.3981,-1,-1,-1
1050,121,372.64,524.64,77.21,230.69,0.8176,-1,-1,-1
1050,109,279.15,547.08,80.03,211.60,0.7138,-1,-1,-1
1050,170,479.13,326.35,68.63,195.68,0.5182,-1,-1,-1
1050,176,407.87,982.65,104.78,97.38,0.8109,-1,-1,-1
1050,177,588.74,537.87,56.90,252.01,0.6247,-1,-1,-1
1050,3,1721.11,457.31,74.75,211.44,0.7018,-1,-1,-1
1050,180,287.47,335.62,64.15,200.07,0.3055,-1,-1,-1
1050,147,344.97,331.47,83.36,204.08,0.4473,-1,-1,-1
