1,8,271.77,591.09,44.43,140.11,0.3665,-1,-1,-1
1,7,503.78,553.47,35.08,85.85,0.4079,-1,-1,-1
1,6,539.73,551.64,34.03,88.70,0.4529,-1,-1,-1
1,5,122.04,708.52,51.90,97.16,0.4537,-1,-1,-1
1,4,1526.53,563.41,46.25,112.87,0.5309,-1,-1,-1
1,3,1368.29,515.30,36.24,99.33,0.5828,-1,-1,-1
1,2,1609.62,557.66,55.02,117.21,0.6054,-1,-1,-1
1,1,0.43,675.14,51.98,206.76,0.7562,-1,-1,-1
2,7,500.85,534.03,38.95,97.23,0.3907,-1,-1,-1
2,6,538.94,522.65,33.62,106.74,0.3309,-1,-1,-1
2,5,109.10,699.93,49.35,97.26,0.6232,-1,-1,-1
2,4,1532.52,560.75,45.87,115.24,0.5981,-1,-1,-1
2,2,1615.82,548.52,57.97,125.51,0.7124,-1,-1,-1
2,1,0.00,657.78,42.18,216.77,0.7280,-1,-1,-1
3,9,171.91,586.16,47.30,157.00,0.5253,-1,-1,-1
3,7,501.03,551.62,36.61,93.18,0.4371,-1,-1,-1
3,5,104.55,725.44,45.74,98.06,0.6499,-1,-1,-1
3,4,1538.30,552.91,49.26,116.63,0.5199,-1,-1,-1
3,3,1374.63,507.18,35.44,105.52,0.5756,-1,-1,-1
3,2,1621.60,548.94,61.87,120.73,0.6550,-1,-1,-1
3,1,0.19,687.79,37.01,215.62,0.6963,-1,-1,-1
4,10,1456.32,485.45,32.33,90.41,0.5733,-1,-1,-1
4,7,499.16,548.08,37.35,94.56,0.5078,-1,-1,-1
4,6,537.39,544.55,36.13,97.79,0.4185,-1,-1,-1
4,5,91.78,722.73,45.29,102.07,0.7146,-1,-1,-1
4,4,1548.35,551.44,44.60,124.50,0.5279,-1,-1,-1
4,3,1380.31,505.62,35.80,107.97,0.7925,-1,-1,-1
4,2,1630.60,547.66,61.15,126.35,0.7367,-1,-1,-1
4,1,0.00,702.68,24.21,157.89,0.3639,-1,-1,-1
5,10,1459.51,496.96,27.02,87.84,0.5228,-1,-1,-1
5,7,495.17,540.14,34.27,96.57,0.5110,-1,-1,-1
5,5,77.05,714.28,44.79,104.45,0.5750,-1,-1,-1
5,4,1551.17,564.64,49.16,117.90,0.3251,-1,-1,-1
5,3,1383.40,516.01,35.35,109.16,0.8059,-1,-1,-1
5,2,1638.05,565.53,60.41,120.72,0.6969,-1,-1,-1
6,10,1463.99,506.03,28.36,89.26,0.6336,-1,-1,-1
6,9,147.21,583.97,49.72,164.05,0.3983,-1,-1,-1
6,7,498.87,553.09,38.25,98.43,0.5808,-1,-1,-1
6,5,66.63,732.59,40.68,104.16,0.5749,-1,-1,-1
6,3,1392.75,528.35,29.14,104.33,0.7319,-1,-1,-1
6,2,1642.58,573.25,68.76,124.00,0.7000,-1,-1,-1
7,12,1653.17,570.26,60.83,129.09,0.5840,-1,-1,-1
7,10,1466.29,498.01,27.99,91.43,0.5435,-1,-1,-1
7,9,131.02,581.87,60.38,163.50,0.3463,-1,-1,-1
7,7,493.64,542.09,38.10,104.83,0.4996,-1,-1,-1
7,5,51.17,733.39,42.85,108.51,0.3893,-1,-1,-1
7,4,1562.56,567.64,52.94,125.36,0.4939,-1,-1,-1
7,3,1393.59,518.96,31.14,108.53,0.7016,-1,-1,-1
7,2,1650.04,569.32,65.48,128.63,0.4093,-1,-1,-1
8,10,1467.27,509.32,31.93,87.90,0.5715,-1,-1,-1
8,7,493.23,550.19,37.16,100.72,0.4845,-1,-1,-1
8,5,34.13,741.01,44.86,108.56,0.5834,-1,-1,-1
8,4,1571.88,583.20,50.05,121.77,0.5159,-1,-1,-1
8,3,1394.63,532.73,33.59,106.21,0.6764,-1,-1,-1
8,2,1656.23,576.30,69.07,129.65,0.4485,-1,-1,-1
9,14,219.40,613.87,42.45,135.25,0.4512,-1,-1,-1
9,10,1468.72,511.82,32.05,87.27,0.4229,-1,-1,-1
9,7,491.26,552.15,36.53,96.85,0.4234,-1,-1,-1
9,5,16.06,737.79,47.81,115.23,0.7326,-1,-1,-1
9,4,1576.85,585.86,48.55,126.37,0.3091,-1,-1,-1
9,3,1397.71,531.45,35.64,109.56,0.7020,-1,-1,-1
9,2,1663.90,582.72,66.27,130.65,0.5742,-1,-1,-1
10,14,209.62,610.97,42.48,133.13,0.5472,-1,-1,-1
10,12,1667.68,603.75,66.65,126.20,0.3418,-1,-1,-1
10,7,489.80,545.11,35.88,100.25,0.6084,-1,-1,-1
10,6,529.04,552.83,28.56,91.72,0.5609,-1,-1,-1
10,5,0.00,729.69,48.43,113.59,0.6157,-1,-1,-1
10,4,1582.58,603.79,48.80,122.14,0.5492,-1,-1,-1
10,3,1398.80,541.07,36.18,107.64,0.7930,-1,-1,-1
10,2,1671.24,604.69,62.80,125.53,0.5487,-1,-1,-1
11,14,201.43,615.60,44.96,141.94,0.4361,-1,-1,-1
11,12,1679.23,576.17,65.69,136.30,0.7507,-1,-1,-1
11,10,1473.46,513.29,34.66,85.91,0.5118,-1,-1,-1
11,9,83.37,588.93,61.42,171.40,0.3132,-1,-1,-1
11,5,0.31,747.78,36.70,122.85,0.3194,-1,-1,-1
11,4,1590.87,585.51,49.81,129.17,0.7560,-1,-1,-1
11,3,1401.31,530.40,35.62,107.49,0.7463,-1,-1,-1
11,2,1681.74,579.66,61.43,135.05,0.3957,-1,-1,-1
12,10,1475.11,513.42,38.50,90.44,0.4404,-1,-1,-1
12,9,78.30,592.38,55.01,167.07,0.3827,-1,-1,-1
12,6,525.16,549.15,30.75,104.69,0.4124,-1,-1,-1
12,4,1597.43,592.98,52.73,128.23,0.6239,-1,-1,-1
12,3,1403.56,531.39,37.54,111.18,0.6931,-1,-1,-1
12,2,1689.85,589.77,63.91,130.71,0.8012,-1,-1,-1
13,14,175.50,581.16,51.39,163.59,0.3103,-1,-1,-1
13,10,1475.99,511.45,40.41,90.11,0.4702,-1,-1,-1
13,3,1407.64,529.32,35.57,105.89,0.7695,-1,-1,-1
13,2,1694.66,588.78,64.06,132.05,0.7301,-1,-1,-1
14,9,55.14,584.38,54.29,176.33,0.3179,-1,-1,-1
14,7,481.35,552.88,32.44,95.15,0.4160,-1,-1,-1
14,6,517.90,545.59,34.23,101.61,0.4303,-1,-1,-1
14,3,1408.53,528.41,35.79,103.71,0.7424,-1,-1,-1
14,2,1701.11,582.69,63.48,131.29,0.6082,-1,-1,-1
15,7,480.37,550.09,34.32,95.84,0.4468,-1,-1,-1
15,6,518.12,539.99,34.72,104.19,0.5569,-1,-1,-1
15,4,1620.30,592.10,53.35,129.78,0.7342,-1,-1,-1
15,3,1413.91,531.75,34.44,105.71,0.5630,-1,-1,-1
15,2,1711.50,587.55,61.63,135.48,0.3873,-1,-1,-1
16,9,31.41,583.33,56.58,175.34,0.3083,-1,-1,-1
16,7,478.17,542.60,34.42,103.09,0.5359,-1,-1,-1
16,6,516.14,538.78,36.13,105.20,0.6335,-1,-1,-1
16,3,1417.19,534.03,34.03,103.97,0.5707,-1,-1,-1
16,2,1714.57,593.21,63.42,135.47,0.5934,-1,-1,-1
17,14,131.67,600.19,49.03,174.38,0.3480,-1,-1,-1
17,11,130.87,601.30,50.00,173.23,0.3560,-1,-1,-1
17,9,21.50,590.60,52.06,173.64,0.3551,-1,-1,-1
17,7,475.50,545.09,36.81,102.50,0.6322,-1,-1,-1
17,6,514.05,540.95,38.38,106.60,0.6544,-1,-1,-1
17,4,1634.58,587.25,53.85,137.91,0.4433,-1,-1,-1
17,3,1418.31,533.40,36.47,106.77,0.5431,-1,-1,-1
17,2,1723.17,589.50,62.93,140.39,0.6478,-1,-1,-1
18,9,8.30,587.03,51.76,186.38,0.3013,-1,-1,-1
18,7,473.96,542.01,39.00,105.03,0.6928,-1,-1,-1
18,6,513.65,541.96,38.10,105.29,0.6753,-1,-1,-1
18,4,1645.60,591.39,53.87,135.57,0.3906,-1,-1,-1
18,3,1421.70,531.42,35.73,111.81,0.6660,-1,-1,-1
18,2,1733.59,593.21,61.89,137.01,0.7595,-1,-1,-1
19,9,0.85,587.23,48.29,187.79,0.4216,-1,-1,-1
19,7,472.13,541.36,38.82,105.75,0.6936,-1,-1,-1
19,6,511.10,541.64,40.11,106.64,0.6522,-1,-1,-1
19,2,1741.95,595.08,63.96,136.95,0.6511,-1,-1,-1
20,9,0.44,597.05,38.60,184.07,0.5334,-1,-1,-1
20,7,469.89,547.11,38.51,104.77,0.6041,-1,-1,-1
20,6,507.59,537.87,42.14,114.28,0.6061,-1,-1,-1
20,4,1659.82,594.41,53.00,133.78,0.4097,-1,-1,-1
20,3,1424.71,534.19,38.33,105.80,0.8256,-1,-1,-1
20,2,1749.70,596.98,63.84,140.44,0.6888,-1,-1,-1
21,7,466.34,550.21,40.56,100.19,0.6288,-1,-1,-1
21,6,507.01,535.01,41.41,117.62,0.5059,-1,-1,-1
21,4,1667.49,596.77,53.84,138.86,0.4481,-1,-1,-1
21,3,1426.60,532.36,39.87,111.45,0.7393,-1,-1,-1
21,2,1758.03,597.62,64.10,142.77,0.7225,-1,-1,-1
22,7,464.08,551.06,41.35,103.66,0.6614,-1,-1,-1
22,6,503.31,544.42,36.23,111.91,0.5168,-1,-1,-1
22,4,1675.50,599.21,54.73,137.89,0.4886,-1,-1,-1
22,3,1430.46,537.17,37.91,101.96,0.7337,-1,-1,-1
22,2,1772.29,602.55,57.83,137.84,0.6673,-1,-1,-1
23,7,464.34,548.94,39.12,106.58,0.5197,-1,-1,-1
23,6,499.25,549.05,41.62,108.13,0.7575,-1,-1,-1
23,4,1679.89,600.74,57.27,142.81,0.7126,-1,-1,-1
23,3,1431.44,535.02,40.37,112.62,0.7570,-1,-1,-1
23,2,1778.08,599.73,65.65,145.17,0.7743,-1,-1,-1
24,17,664.62,532.47,26.36,75.08,0.3912,-1,-1,-1
24,7,461.35,549.70,41.11,107.70,0.3628,-1,-1,-1
24,6,498.72,552.94,37.18,105.58,0.7411,-1,-1,-1
24,4,1686.29,601.35,59.98,143.09,0.7595,-1,-1,-1
24,3,1435.72,530.05,38.34,118.02,0.7565,-1,-1,-1
24,2,1788.77,591.83,65.09,153.20,0.6323,-1,-1,-1
25,17,662.97,533.20,28.35,78.88,0.3044,-1,-1,-1
25,6,498.62,551.59,38.73,110.02,0.6967,-1,-1,-1
25,4,1695.88,606.84,56.79,148.98,0.7419,-1,-1,-1
25,3,1440.91,533.75,38.07,122.06,0.7893,-1,-1,-1
25,2,1796.62,604.34,67.83,149.42,0.5587,-1,-1,-1
26,18,1535.06,518.06,23.79,87.36,0.4548,-1,-1,-1
26,17,664.43,535.10,26.97,77.43,0.4340,-1,-1,-1
26,7,454.35,551.36,43.34,110.19,0.5046,-1,-1,-1
26,6,496.06,548.13,39.97,114.63,0.6970,-1,-1,-1
26,4,1702.99,612.02,60.49,146.79,0.7349,-1,-1,-1
26,3,1442.50,537.94,41.34,118.12,0.8031,-1,-1,-1
27,18,1532.23,518.55,29.72,90.03,0.6725,-1,-1,-1
27,7,454.02,558.69,39.89,106.29,0.4031,-1,-1,-1
27,6,492.56,563.14,40.60,103.80,0.7627,-1,-1,-1
27,4,1710.99,615.59,60.54,149.36,0.7173,-1,-1,-1
27,3,1443.79,540.43,41.07,113.16,0.8738,-1,-1,-1
27,2,1812.54,609.72,75.30,155.28,0.6306,-1,-1,-1
28,18,1533.99,524.58,33.39,84.50,0.6545,-1,-1,-1
28,7,450.73,561.37,39.21,105.58,0.4259,-1,-1,-1
28,6,490.33,564.89,39.93,103.40,0.7364,-1,-1,-1
28,4,1718.19,617.21,60.12,153.49,0.7624,-1,-1,-1
28,3,1448.53,544.70,42.36,111.09,0.8144,-1,-1,-1
28,2,1822.83,610.98,74.99,158.38,0.8440,-1,-1,-1
29,18,1535.84,526.25,33.68,93.21,0.6174,-1,-1,-1
29,7,448.41,565.36,40.55,103.09,0.6137,-1,-1,-1
29,6,490.18,569.44,39.31,98.54,0.7002,-1,-1,-1
29,4,1725.53,624.84,60.51,158.14,0.8208,-1,-1,-1
29,3,1452.62,550.59,39.03,110.85,0.7860,-1,-1,-1
29,2,1830.04,621.02,73.14,159.12,0.7512,-1,-1,-1
30,18,1538.10,525.84,34.77,92.77,0.5957,-1,-1,-1
30,7,443.83,567.72,43.05,110.83,0.7244,-1,-1,-1
30,6,487.24,575.77,40.84,101.35,0.6093,-1,-1,-1
30,4,1738.86,623.76,59.69,160.50,0.8369,-1,-1,-1
30,3,1454.84,550.65,41.01,111.06,0.7344,-1,-1,-1
30,2,1837.75,619.22,81.14,154.06,0.6695,-1,-1,-1
31,18,1541.58,525.77,32.70,97.94,0.3995,-1,-1,-1
31,17,662.85,560.03,24.60,75.31,0.3177,-1,-1,-1
31,7,442.92,577.29,40.74,113.10,0.5457,-1,-1,-1
31,6,488.28,573.26,40.13,117.49,0.3578,-1,-1,-1
31,4,1750.84,628.71,57.74,154.13,0.5366,-1,-1,-1
31,3,1456.47,551.47,42.02,122.04,0.6474,-1,-1,-1
31,2,1851.95,627.17,67.13,153.22,0.6995,-1,-1,-1
32,18,1546.90,529.45,34.64,93.35,0.6670,-1,-1,-1
32,17,658.02,556.45,30.30,74.13,0.4079,-1,-1,-1
32,7,440.79,573.71,42.49,107.23,0.7335,-1,-1,-1
32,6,485.73,571.93,41.90,110.04,0.5832,-1,-1,-1
32,4,1757.73,632.18,60.75,155.55,0.7075,-1,-1,-1
32,3,1462.97,555.26,37.22,118.88,0.7309,-1,-1,-1
32,2,1859.29,635.70,59.81,162.29,0.7656,-1,-1,-1
33,18,1550.33,517.69,33.15,91.11,0.7359,-1,-1,-1
33,7,439.85,565.28,38.64,107.81,0.6262,-1,-1,-1
33,6,484.54,570.62,40.27,105.15,0.4061,-1,-1,-1
33,4,1767.75,620.35,59.52,152.56,0.7361,-1,-1,-1
33,3,1466.04,538.82,41.99,128.85,0.7660,-1,-1,-1
33,2,1869.18,620.76,50.02,170.89,0.7555,-1,-1,-1
34,18,1555.81,517.34,31.43,95.93,0.5464,-1,-1,-1
34,7,435.81,573.57,37.80,103.48,0.3919,-1,-1,-1
34,6,481.73,566.91,42.69,113.47,0.3798,-1,-1,-1
34,4,1774.22,623.02,65.31,155.96,0.8211,-1,-1,-1
34,3,1468.18,542.33,41.73,127.57,0.8181,-1,-1,-1
34,2,1881.02,636.37,38.21,135.98,0.3717,-1,-1,-1
35,18,1560.37,515.34,31.35,93.52,0.6361,-1,-1,-1
35,7,434.04,565.23,39.73,102.71,0.3794,-1,-1,-1
35,6,476.34,562.35,35.09,107.57,0.3024,-1,-1,-1
35,4,1785.15,622.63,66.92,157.93,0.7687,-1,-1,-1
35,3,1472.21,539.82,43.62,124.57,0.8587,-1,-1,-1
36,18,1561.66,513.12,30.40,93.09,0.3196,-1,-1,-1
36,17,640.65,535.79,41.99,83.34,0.3883,-1,-1,-1
36,4,1794.05,617.62,68.35,168.69,0.7867,-1,-1,-1
36,3,1478.26,537.20,41.27,127.49,0.8971,-1,-1,-1
37,18,1573.42,508.97,35.75,99.24,0.3922,-1,-1,-1
37,7,427.33,552.16,40.46,110.54,0.4345,-1,-1,-1
37,6,469.13,540.08,42.56,123.97,0.5873,-1,-1,-1
37,4,1800.83,622.94,76.26,167.93,0.8395,-1,-1,-1
37,3,1480.53,538.74,41.70,124.82,0.8831,-1,-1,-1
38,18,1575.66,502.34,36.50,98.19,0.5126,-1,-1,-1
38,7,424.89,547.72,40.73,118.01,0.5850,-1,-1,-1
38,6,466.44,542.41,44.08,121.62,0.6811,-1,-1,-1
38,4,1809.75,616.71,78.19,178.26,0.8434,-1,-1,-1
38,3,1484.29,531.87,41.47,131.07,0.8591,-1,-1,-1
39,21,611.23,532.24,32.44,78.53,0.3706,-1,-1,-1
39,18,1578.43,505.98,38.16,99.18,0.5344,-1,-1,-1
39,7,422.23,543.90,40.14,113.90,0.6183,-1,-1,-1
39,6,465.61,531.99,42.65,125.17,0.6310,-1,-1,-1
39,4,1822.52,629.34,75.98,172.59,0.8270,-1,-1,-1
39,3,1489.11,537.27,42.15,128.72,0.7756,-1,-1,-1
40,18,1579.67,499.27,37.58,105.05,0.3468,-1,-1,-1
40,17,640.66,529.23,38.03,82.42,0.3404,-1,-1,-1
40,7,420.09,541.73,39.18,121.48,0.5266,-1,-1,-1
40,6,465.16,541.64,42.89,119.09,0.6422,-1,-1,-1
40,4,1835.34,626.10,73.00,177.65,0.8194,-1,-1,-1
40,3,1491.15,536.61,41.12,126.26,0.8681,-1,-1,-1
41,18,1590.30,503.58,38.57,104.27,0.4138,-1,-1,-1
41,17,645.92,523.11,33.83,86.88,0.4223,-1,-1,-1
41,7,419.10,537.48,39.83,123.65,0.5469,-1,-1,-1
41,6,462.45,540.94,44.86,117.96,0.6261,-1,-1,-1
41,4,1846.68,633.28,72.54,180.03,0.8156,-1,-1,-1
41,3,1496.25,545.76,42.66,119.23,0.8521,-1,-1,-1
42,18,1594.67,505.78,35.73,103.79,0.6674,-1,-1,-1
42,17,646.40,522.08,32.49,90.11,0.3459,-1,-1,-1
42,7,418.35,538.73,43.22,125.73,0.6847,-1,-1,-1
42,6,461.49,547.66,46.08,113.66,0.6016,-1,-1,-1
42,4,1859.31,638.43,60.00,180.39,0.7751,-1,-1,-1
42,3,1502.91,547.56,41.52,119.36,0.8328,-1,-1,-1
43,18,1595.97,509.20,36.82,101.36,0.5457,-1,-1,-1
43,17,645.92,527.06,32.90,87.17,0.3952,-1,-1,-1
43,7,415.16,536.08,44.69,131.38,0.7040,-1,-1,-1
43,6,458.45,531.73,46.06,132.07,0.3996,-1,-1,-1
43,4,1870.03,644.06,49.23,172.04,0.7232,-1,-1,-1
43,3,1506.65,550.14,41.54,122.83,0.7150,-1,-1,-1
44,18,1599.02,508.77,37.90,104.19,0.4898,-1,-1,-1
44,17,645.83,530.12,31.48,85.38,0.3176,-1,-1,-1
44,7,421.15,535.68,39.13,133.09,0.5407,-1,-1,-1
44,4,1882.09,646.07,37.05,174.29,0.7259,-1,-1,-1
44,3,1512.44,552.95,41.37,120.42,0.5680,-1,-1,-1
45,18,1603.21,513.62,41.19,105.86,0.5860,-1,-1,-1
45,17,645.94,528.68,31.46,85.31,0.3105,-1,-1,-1
45,7,421.79,535.06,37.65,130.74,0.4310,-1,-1,-1
45,3,1516.42,553.29,41.99,133.16,0.8350,-1,-1,-1
46,22,573.95,530.25,32.17,91.63,0.3064,-1,-1,-1
46,18,1607.80,516.21,39.69,102.09,0.5694,-1,-1,-1
46,17,642.41,530.00,31.67,86.73,0.3243,-1,-1,-1
46,7,405.71,541.62,45.78,124.13,0.3405,-1,-1,-1
46,6,450.16,533.05,44.23,137.38,0.3650,-1,-1,-1
46,3,1520.49,553.31,41.43,134.92,0.8688,-1,-1,-1
47,18,1618.08,528.29,31.92,92.66,0.6565,-1,-1,-1
47,17,642.42,529.95,30.43,86.61,0.3999,-1,-1,-1
47,7,403.96,539.55,46.04,127.38,0.3100,-1,-1,-1
47,6,450.51,537.10,42.30,133.20,0.3910,-1,-1,-1
47,3,1525.48,559.20,42.61,130.11,0.8533,-1,-1,-1
48,23,490.95,530.76,34.95,92.74,0.3002,-1,-1,-1
48,18,1621.72,528.31,31.68,92.99,0.7281,-1,-1,-1
48,17,640.72,534.43,30.90,87.11,0.3268,-1,-1,-1
48,7,400.40,540.62,49.11,132.61,0.3941,-1,-1,-1
48,6,449.11,563.85,43.89,111.83,0.3263,-1,-1,-1
48,3,1528.37,560.57,44.24,133.13,0.8296,-1,-1,-1
49,22,573.26,532.28,29.34,93.89,0.3602,-1,-1,-1
49,18,1627.30,533.35,30.54,89.83,0.7559,-1,-1,-1
49,17,640.08,535.44,31.24,89.06,0.3479,-1,-1,-1
49,7,397.13,557.96,44.58,115.35,0.3552,-1,-1,-1
49,6,446.39,553.64,43.80,124.93,0.7535,-1,-1,-1
49,3,1533.66,558.63,43.33,138.02,0.7578,-1,-1,-1
50,22,569.32,531.36,32.91,95.34,0.3683,-1,-1,-1
50,18,1629.91,529.43,31.35,91.78,0.5405,-1,-1,-1
50,17,638.60,534.63,32.33,88.10,0.3277,-1,-1,-1
50,7,399.42,552.47,45.38,119.95,0.4069,-1,-1,-1
50,6,445.11,561.13,41.79,115.87,0.7385,-1,-1,-1
50,3,1538.57,557.77,45.13,137.11,0.7880,-1,-1,-1
51,18,1636.90,532.72,29.58,89.86,0.6291,-1,-1,-1
51,17,637.48,537.15,31.86,86.35,0.3417,-1,-1,-1
51,7,396.54,553.64,43.79,118.76,0.5446,-1,-1,-1
51,6,440.90,567.39,44.61,109.73,0.6470,-1,-1,-1
51,3,1542.40,562.70,44.63,136.80,0.8258,-1,-1,-1
52,25,335.90,561.58,36.95,113.43,0.5776,-1,-1,-1
52,18,1640.14,533.50,31.24,91.01,0.4956,-1,-1,-1
52,17,638.36,538.17,30.26,86.70,0.3802,-1,-1,-1
52,7,395.77,554.44,44.78,121.91,0.7151,-1,-1,-1
52,6,440.55,568.07,40.57,110.89,0.6323,-1,-1,-1
52,3,1544.44,557.95,58.71,147.54,0.6612,-1,-1,-1
53,25,331.32,558.50,40.20,117.55,0.5076,-1,-1,-1
53,18,1644.30,535.35,30.44,88.46,0.7041,-1,-1,-1
53,17,637.35,536.13,30.29,89.50,0.4499,-1,-1,-1
53,7,392.95,553.09,44.88,125.71,0.6930,-1,-1,-1
53,6,437.53,564.42,42.97,115.94,0.5559,-1,-1,-1
53,3,1548.65,555.98,56.48,152.38,0.6345,-1,-1,-1
54,25,327.50,564.14,40.31,107.51,0.3979,-1,-1,-1
54,18,1648.49,535.79,30.79,88.85,0.7297,-1,-1,-1
54,17,636.10,534.88,30.66,89.89,0.3790,-1,-1,-1
54,7,389.27,551.25,44.67,127.00,0.5023,-1,-1,-1
54,6,434.53,566.38,44.80,114.41,0.5884,-1,-1,-1
54,3,1552.52,556.33,56.91,153.10,0.5404,-1,-1,-1
55,28,326.03,558.58,43.97,114.78,0.5585,-1,-1,-1
55,18,1653.96,532.89,32.07,92.12,0.7187,-1,-1,-1
55,17,636.41,536.09,29.24,89.35,0.3346,-1,-1,-1
55,7,382.78,544.95,47.32,132.69,0.4133,-1,-1,-1
55,6,432.76,561.48,46.22,120.94,0.3980,-1,-1,-1
56,28,320.50,556.86,47.09,116.96,0.4931,-1,-1,-1
56,25,320.64,558.27,44.02,113.79,0.4352,-1,-1,-1
56,22,553.18,533.87,32.18,98.26,0.3781,-1,-1,-1
56,18,1655.88,526.70,35.70,99.97,0.8009,-1,-1,-1
56,7,382.95,551.17,43.30,127.53,0.4889,-1,-1,-1
56,6,428.64,562.29,36.93,119.53,0.4110,-1,-1,-1
56,3,1561.49,552.67,57.76,159.52,0.5824,-1,-1,-1
57,29,378.52,552.91,45.10,126.34,0.5712,-1,-1,-1
57,28,315.85,556.84,47.00,118.53,0.3531,-1,-1,-1
57,25,317.57,558.32,42.96,115.92,0.3690,-1,-1,-1
57,22,549.94,532.65,32.34,99.78,0.4237,-1,-1,-1
57,18,1658.75,521.47,35.08,102.27,0.7288,-1,-1,-1
57,7,379.92,550.87,43.68,128.69,0.3862,-1,-1,-1
57,6,425.39,561.70,41.70,119.23,0.6086,-1,-1,-1
57,3,1567.04,548.18,56.68,160.13,0.6903,-1,-1,-1
58,28,308.38,555.05,47.62,119.45,0.3484,-1,-1,-1
58,22,550.26,534.35,32.17,96.47,0.3317,-1,-1,-1
58,21,607.63,535.37,22.71,96.50,0.3984,-1,-1,-1
58,18,1661.01,511.79,36.34,112.48,0.5616,-1,-1,-1
58,7,376.47,546.73,43.87,131.16,0.6657,-1,-1,-1
58,6,420.90,559.67,43.63,119.60,0.6212,-1,-1,-1
58,3,1570.63,554.15,55.60,154.62,0.5972,-1,-1,-1
59,28,305.51,552.60,48.48,118.60,0.4463,-1,-1,-1
59,18,1662.66,507.86,39.17,114.29,0.7205,-1,-1,-1
59,17,625.39,532.49,30.34,93.64,0.3737,-1,-1,-1
59,7,372.13,544.16,44.31,132.74,0.7334,-1,-1,-1
59,6,418.62,561.90,43.72,116.22,0.5627,-1,-1,-1
59,3,1578.05,562.77,49.16,145.53,0.4229,-1,-1,-1
60,30,1582.11,559.18,53.30,153.32,0.6135,-1,-1,-1
60,28,302.84,554.38,47.65,116.67,0.4450,-1,-1,-1
60,18,1664.75,509.22,40.20,113.02,0.6567,-1,-1,-1
60,17,624.32,532.97,31.43,93.91,0.3457,-1,-1,-1
60,7,368.68,543.50,43.20,133.62,0.6920,-1,-1,-1
60,6,417.58,565.75,45.89,113.15,0.5659,-1,-1,-1
60,3,1582.99,563.99,50.40,146.17,0.4542,-1,-1,-1
61,28,299.70,560.75,48.63,110.80,0.5884,-1,-1,-1
61,18,1664.92,508.72,44.19,108.55,0.7769,-1,-1,-1
61,7,364.60,547.49,47.63,131.10,0.5474,-1,-1,-1
61,6,416.44,562.11,45.11,117.47,0.6194,-1,-1,-1
61,3,1584.64,549.18,54.97,157.77,0.5474,-1,-1,-1
62,28,295.23,549.93,49.47,114.87,0.5423,-1,-1,-1
62,23,480.39,548.24,28.57,68.69,0.3091,-1,-1,-1
62,18,1670.07,520.89,44.66,102.12,0.6793,-1,-1,-1
62,17,624.08,530.25,26.52,93.53,0.3730,-1,-1,-1
62,7,362.30,541.42,45.39,131.57,0.4769,-1,-1,-1
62,6,413.04,544.82,46.61,131.03,0.3424,-1,-1,-1
62,3,1589.42,556.34,56.14,154.82,0.6960,-1,-1,-1
63,29,361.25,565.03,39.61,126.18,0.3994,-1,-1,-1
63,25,293.47,570.33,47.98,116.43,0.6198,-1,-1,-1
63,23,478.17,559.88,30.03,72.76,0.4661,-1,-1,-1
63,18,1681.27,510.71,36.45,97.20,0.5281,-1,-1,-1
63,6,412.89,569.35,47.46,119.62,0.5626,-1,-1,-1
63,3,1594.58,544.27,59.65,154.20,0.6790,-1,-1,-1
64,30,1598.90,567.81,59.52,149.11,0.5568,-1,-1,-1
64,28,292.39,548.48,45.48,118.01,0.6124,-1,-1,-1
64,18,1689.94,531.19,32.87,93.28,0.7409,-1,-1,-1
64,17,622.34,529.84,25.22,95.05,0.3766,-1,-1,-1
64,7,357.96,539.33,43.99,134.38,0.4823,-1,-1,-1
64,6,402.73,545.47,42.13,130.10,0.4575,-1,-1,-1
64,3,1601.46,569.51,54.39,146.12,0.4198,-1,-1,-1
65,29,349.48,555.06,44.92,128.48,0.4198,-1,-1,-1
65,25,288.66,562.09,42.88,115.40,0.5205,-1,-1,-1
65,23,466.97,554.49,31.62,71.86,0.3974,-1,-1,-1
65,22,527.23,532.90,34.36,101.16,0.3945,-1,-1,-1
65,18,1691.58,529.21,32.26,91.15,0.7955,-1,-1,-1
65,7,348.70,551.93,48.98,131.43,0.4007,-1,-1,-1
65,6,399.86,561.40,44.41,122.15,0.5680,-1,-1,-1
66,25,286.73,566.78,42.39,113.83,0.4943,-1,-1,-1
66,23,468.14,559.43,30.00,73.26,0.4960,-1,-1,-1
66,18,1696.65,519.88,34.41,94.69,0.7910,-1,-1,-1
66,17,619.96,540.76,24.80,93.58,0.3364,-1,-1,-1
66,7,349.50,558.84,45.82,133.24,0.7982,-1,-1,-1
66,6,396.96,566.61,48.81,123.53,0.6470,-1,-1,-1
66,3,1609.91,561.63,58.96,148.54,0.6508,-1,-1,-1
67,30,1612.49,568.24,58.63,155.63,0.7171,-1,-1,-1
67,29,343.54,543.59,49.65,135.08,0.6491,-1,-1,-1
67,28,280.19,545.12,44.24,124.03,0.5018,-1,-1,-1
67,18,1700.44,536.58,33.89,93.11,0.7835,-1,-1,-1
67,6,393.28,556.15,47.24,123.56,0.7343,-1,-1,-1
68,25,276.73,563.25,39.91,117.73,0.5543,-1,-1,-1
68,23,454.30,557.65,32.30,74.51,0.5714,-1,-1,-1
68,18,1703.46,528.37,31.61,92.03,0.7255,-1,-1,-1
68,7,342.89,559.12,43.54,127.80,0.7956,-1,-1,-1
68,6,388.07,564.05,49.78,122.82,0.7474,-1,-1,-1
68,3,1616.59,565.92,58.57,151.71,0.7458,-1,-1,-1
69,30,1621.02,572.93,59.14,157.62,0.7680,-1,-1,-1
69,25,272.36,548.55,42.28,129.43,0.5683,-1,-1,-1
69,23,449.64,553.73,30.27,73.78,0.4410,-1,-1,-1
69,18,1704.70,537.47,34.99,93.33,0.7114,-1,-1,-1
69,7,340.06,550.60,44.77,130.32,0.4662,-1,-1,-1
69,6,386.32,557.63,47.02,123.02,0.6286,-1,-1,-1
70,23,443.05,554.75,32.67,75.06,0.5290,-1,-1,-1
70,18,1704.80,534.65,35.24,92.48,0.6261,-1,-1,-1
70,7,329.21,545.72,52.43,139.46,0.4622,-1,-1,-1
70,6,380.48,556.19,45.23,128.59,0.7232,-1,-1,-1
70,3,1626.29,566.57,58.96,159.73,0.7715,-1,-1,-1
71,30,1630.00,572.25,59.07,160.56,0.7280,-1,-1,-1
71,22,504.77,531.62,36.58,108.47,0.4362,-1,-1,-1
71,21,600.02,537.59,28.16,100.70,0.4129,-1,-1,-1
71,18,1706.29,536.32,35.35,94.15,0.6800,-1,-1,-1
71,7,328.76,546.56,49.24,135.54,0.5735,-1,-1,-1
71,6,375.03,552.79,48.05,129.79,0.7671,-1,-1,-1
72,30,1632.62,558.56,61.82,174.47,0.7671,-1,-1,-1
72,28,256.27,554.18,39.95,127.44,0.3890,-1,-1,-1
72,23,429.68,554.70,33.49,76.99,0.5107,-1,-1,-1
72,22,504.82,535.36,33.78,107.60,0.3934,-1,-1,-1
72,18,1705.38,536.44,37.75,90.85,0.6786,-1,-1,-1
72,7,324.90,554.20,48.92,132.93,0.7582,-1,-1,-1
72,6,370.71,557.33,45.93,128.68,0.7990,-1,-1,-1
73,30,1636.46,564.15,62.41,172.91,0.7343,-1,-1,-1
73,28,251.80,553.04,41.07,127.06,0.4032,-1,-1,-1
73,23,426.29,551.52,29.28,75.13,0.3614,-1,-1,-1
73,22,498.87,538.36,36.02,103.62,0.3063,-1,-1,-1
73,18,1708.86,538.85,39.45,94.68,0.5825,-1,-1,-1
73,7,318.64,542.76,50.72,139.78,0.5515,-1,-1,-1
73,6,367.15,550.53,46.19,131.77,0.6766,-1,-1,-1
74,30,1639.95,571.43,68.39,166.01,0.7824,-1,-1,-1
74,28,245.93,542.17,45.13,139.63,0.4117,-1,-1,-1
74,23,417.57,553.06,33.25,74.60,0.5008,-1,-1,-1
74,18,1711.84,536.60,37.29,92.95,0.6413,-1,-1,-1
74,7,319.28,543.18,45.67,141.58,0.3227,-1,-1,-1
74,6,362.51,550.64,48.36,133.75,0.6738,-1,-1,-1
75,30,1642.59,575.87,67.58,166.27,0.7626,-1,-1,-1
75,24,460.81,553.40,30.13,77.33,0.3980,-1,-1,-1
75,23,409.73,554.29,33.54,76.05,0.3004,-1,-1,-1
75,18,1712.51,539.99,38.54,93.52,0.5956,-1,-1,-1
75,7,302.02,548.69,54.69,134.98,0.5748,-1,-1,-1
75,6,355.66,556.75,46.44,129.02,0.7301,-1,-1,-1
76,32,576.95,534.53,31.46,105.47,0.3376,-1,-1,-1
76,30,1645.36,575.74,67.30,168.17,0.6947,-1,-1,-1
76,24,454.17,552.25,32.70,77.85,0.3079,-1,-1,-1
76,23,397.90,552.64,34.79,73.62,0.3875,-1,-1,-1
76,18,1712.70,540.23,39.64,90.01,0.5751,-1,-1,-1
76,7,297.85,542.97,53.75,141.93,0.5702,-1,-1,-1
76,6,349.86,551.55,49.33,133.14,0.7139,-1,-1,-1
77,32,574.32,531.79,30.35,107.12,0.4371,-1,-1,-1
77,30,1648.87,581.59,68.39,162.63,0.8186,-1,-1,-1
77,23,395.62,552.50,33.32,78.59,0.3860,-1,-1,-1
77,18,1713.57,541.53,39.63,90.58,0.5468,-1,-1,-1
77,7,294.80,548.94,49.88,135.06,0.6485,-1,-1,-1
77,6,344.43,547.77,48.25,136.06,0.5033,-1,-1,-1
78,32,573.26,535.37,25.65,101.36,0.3481,-1,-1,-1
78,30,1651.95,581.34,68.45,164.72,0.8307,-1,-1,-1
78,28,222.22,544.25,45.27,138.48,0.3453,-1,-1,-1
78,23,392.21,552.77,31.58,76.62,0.3014,-1,-1,-1
78,22,498.85,537.25,40.47,111.37,0.4336,-1,-1,-1
78,18,1713.29,541.36,39.76,91.36,0.6102,-1,-1,-1
78,6,338.14,553.66,48.70,134.05,0.6977,-1,-1,-1
79,31,550.32,533.77,34.52,110.04,0.3054,-1,-1,-1
79,30,1652.31,583.95,72.64,163.37,0.8442,-1,-1,-1
79,24,465.60,530.37,38.06,115.26,0.3350,-1,-1,-1
79,23,382.65,551.55,32.90,77.23,0.4289,-1,-1,-1
79,22,494.79,539.13,41.39,108.16,0.4318,-1,-1,-1
79,18,1712.46,540.96,40.41,91.61,0.6166,-1,-1,-1
79,7,271.11,538.43,60.69,142.02,0.4187,-1,-1,-1
80,33,155.89,558.43,44.98,128.47,0.5520,-1,-1,-1
80,32,552.26,531.60,34.45,114.94,0.3686,-1,-1,-1
80,30,1653.10,581.94,75.47,167.02,0.8363,-1,-1,-1
80,25,261.23,536.36,65.72,150.31,0.3963,-1,-1,-1
80,24,454.49,530.26,43.97,117.97,0.4040,-1,-1,-1
80,23,372.59,553.65,33.97,76.64,0.3727,-1,-1,-1
80,18,1711.55,537.31,41.64,92.10,0.6745,-1,-1,-1
80,7,268.48,543.86,57.36,139.68,0.3301,-1,-1,-1
80,6,326.44,554.08,50.32,133.76,0.7536,-1,-1,-1
81,33,147.46,558.54,50.15,127.81,0.3926,-1,-1,-1
81,30,1653.49,580.95,76.75,169.90,0.8362,-1,-1,-1
81,23,368.89,554.00,30.88,75.55,0.4555,-1,-1,-1
81,18,1711.18,537.06,40.95,91.28,0.6354,-1,-1,-1
81,7,269.06,552.35,47.92,129.98,0.5513,-1,-1,-1
81,6,318.27,555.46,50.37,132.45,0.7130,-1,-1,-1
82,33,138.62,556.60,48.66,132.29,0.5004,-1,-1,-1
82,31,549.94,531.87,31.85,108.89,0.3358,-1,-1,-1
82,30,1652.83,581.27,80.06,175.39,0.8281,-1,-1,-1
82,24,448.59,539.51,39.14,111.52,0.3588,-1,-1,-1
82,23,361.34,556.55,31.45,73.54,0.3778,-1,-1,-1
82,22,476.77,542.80,39.91,109.80,0.3961,-1,-1,-1
82,18,1712.04,538.17,37.18,89.96,0.6579,-1,-1,-1
82,6,313.54,557.77,47.58,130.14,0.6537,-1,-1,-1
83,33,129.46,560.60,51.18,129.63,0.6402,-1,-1,-1
83,30,1658.49,580.59,75.49,175.76,0.8119,-1,-1,-1
83,24,440.58,537.89,38.51,114.92,0.5220,-1,-1,-1
83,23,356.29,559.30,31.22,71.11,0.5087,-1,-1,-1
83,22,472.11,541.04,37.77,113.49,0.4942,-1,-1,-1
83,18,1712.03,537.64,36.36,89.06,0.6288,-1,-1,-1
83,7,254.69,545.32,49.71,141.48,0.6599,-1,-1,-1
83,6,304.35,559.35,53.51,129.98,0.7707,-1,-1,-1
84,35,405.95,555.96,30.75,85.86,0.5863,-1,-1,-1
84,33,121.12,562.90,54.14,132.29,0.6601,-1,-1,-1
84,30,1664.10,579.91,73.95,177.45,0.8338,-1,-1,-1
84,23,345.68,557.89,31.84,74.24,0.5140,-1,-1,-1
84,22,462.93,546.20,43.00,109.81,0.4770,-1,-1,-1
84,18,1712.48,536.21,35.42,88.96,0.6012,-1,-1,-1
84,7,246.97,555.47,50.18,135.63,0.6964,-1,-1,-1
84,6,295.71,563.85,53.37,126.98,0.6834,-1,-1,-1
85,35,398.21,558.51,30.45,86.94,0.3638,-1,-1,-1
85,33,111.43,566.02,54.50,129.95,0.5110,-1,-1,-1
85,30,1667.24,581.24,72.76,180.05,0.8565,-1,-1,-1
85,18,1711.41,537.14,35.74,88.93,0.5218,-1,-1,-1
85,7,245.35,559.07,44.01,132.74,0.6911,-1,-1,-1
85,6,291.67,562.46,51.38,129.52,0.6710,-1,-1,-1
86,33,101.13,561.79,58.50,138.46,0.4190,-1,-1,-1
86,32,518.12,539.69,40.74,114.13,0.3124,-1,-1,-1
86,30,1671.69,581.46,69.76,178.21,0.8528,-1,-1,-1
86,24,421.06,535.21,38.72,121.73,0.3484,-1,-1,-1
86,23,333.28,560.77,31.48,80.75,0.6033,-1,-1,-1
86,22,450.86,537.29,42.67,122.92,0.3334,-1,-1,-1
86,7,230.37,554.74,52.21,138.17,0.5656,-1,-1,-1
87,35,382.57,554.70,35.73,98.30,0.6677,-1,-1,-1
87,33,96.12,562.63,58.86,135.73,0.6143,-1,-1,-1
87,30,1671.87,585.48,71.74,179.43,0.8740,-1,-1,-1
87,23,324.64,559.63,30.03,81.40,0.4621,-1,-1,-1
87,22,442.85,547.07,41.83,116.82,0.4247,-1,-1,-1
87,7,225.33,557.50,50.43,136.90,0.6414,-1,-1,-1
87,6,279.27,564.62,52.44,131.26,0.6037,-1,-1,-1
88,35,377.96,555.68,35.76,98.13,0.4853,-1,-1,-1
88,33,90.21,569.76,53.03,127.80,0.5666,-1,-1,-1
88,32,513.70,540.28,35.79,120.16,0.3580,-1,-1,-1
88,30,1675.55,582.58,70.09,185.18,0.8714,-1,-1,-1
88,22,436.10,549.23,45.58,117.84,0.3333,-1,-1,-1
88,7,222.48,562.73,48.22,137.80,0.7257,-1,-1,-1
88,6,270.99,569.76,50.26,131.40,0.7000,-1,-1,-1
89,33,83.80,564.51,56.05,133.94,0.4344,-1,-1,-1
89,30,1678.91,584.85,68.66,189.24,0.8691,-1,-1,-1
89,24,401.14,539.83,37.82,123.06,0.3035,-1,-1,-1
89,23,309.30,566.24,32.20,83.37,0.4326,-1,-1,-1
89,22,428.77,543.64,44.95,125.06,0.5248,-1,-1,-1
89,6,267.33,568.04,50.44,131.15,0.5979,-1,-1,-1
90,35,360.73,570.85,34.36,86.77,0.5260,-1,-1,-1
90,33,74.75,566.54,57.77,137.72,0.5544,-1,-1,-1
90,32,503.78,550.18,34.10,114.10,0.3024,-1,-1,-1
90,30,1683.02,585.76,68.67,193.92,0.8348,-1,-1,-1
90,24,392.50,541.69,41.41,128.13,0.3264,-1,-1,-1
90,7,207.11,556.56,49.48,146.70,0.3095,-1,-1,-1
90,6,262.00,568.22,52.27,137.84,0.3800,-1,-1,-1
91,35,354.54,571.75,31.27,86.85,0.4116,-1,-1,-1
91,33,68.86,568.93,56.36,140.49,0.3887,-1,-1,-1
91,30,1685.41,598.94,72.83,186.14,0.8511,-1,-1,-1
91,25,246.87,549.59,70.52,158.00,0.3840,-1,-1,-1
91,22,414.11,555.33,45.16,119.32,0.6219,-1,-1,-1
91,7,202.11,561.66,47.94,144.44,0.5209,-1,-1,-1
91,6,250.92,551.66,54.91,155.73,0.3620,-1,-1,-1
92,30,1687.32,601.26,74.60,186.08,0.8634,-1,-1,-1
92,25,246.30,553.93,62.78,157.30,0.5309,-1,-1,-1
92,24,380.85,562.74,35.65,115.73,0.3857,-1,-1,-1
92,7,191.93,566.28,54.04,145.01,0.4008,-1,-1,-1
93,35,339.15,580.55,32.67,87.05,0.5303,-1,-1,-1
93,33,48.24,577.18,60.14,137.39,0.3815,-1,-1,-1
93,30,1687.79,605.56,75.31,185.88,0.8648,-1,-1,-1
93,22,401.02,556.20,44.52,128.44,0.6987,-1,-1,-1
93,7,183.62,553.38,55.12,161.18,0.3487,-1,-1,-1
93,6,240.65,575.84,54.48,138.21,0.6256,-1,-1,-1
94,35,333.30,581.27,32.68,94.06,0.5000,-1,-1,-1
94,30,1689.58,606.56,74.29,187.82,0.8427,-1,-1,-1
94,22,392.36,556.15,44.75,130.70,0.7129,-1,-1,-1
94,18,1697.12,541.57,38.44,82.56,0.3875,-1,-1,-1
94,7,181.29,567.01,53.81,149.03,0.6146,-1,-1,-1
94,6,236.05,578.29,56.68,140.05,0.4977,-1,-1,-1
95,35,323.32,584.88,32.47,91.38,0.3622,-1,-1,-1
95,32,479.12,556.60,29.04,107.12,0.3168,-1,-1,-1
95,30,1691.72,610.56,75.91,189.60,0.8609,-1,-1,-1
95,22,388.56,560.23,44.42,127.24,0.5942,-1,-1,-1
95,18,1693.69,542.71,40.80,93.66,0.5435,-1,-1,-1
95,7,174.75,568.07,53.19,149.66,0.6500,-1,-1,-1
95,6,226.00,581.83,54.77,136.38,0.5558,-1,-1,-1
96,35,316.39,582.25,32.40,89.92,0.4366,-1,-1,-1
96,30,1696.01,610.44,75.13,191.04,0.8679,-1,-1,-1
96,24,349.09,562.23,36.43,125.41,0.3714,-1,-1,-1
96,22,378.19,563.64,47.64,127.63,0.4679,-1,-1,-1
96,18,1691.80,543.94,42.07,94.20,0.5554,-1,-1,-1
96,7,166.71,579.94,52.63,142.71,0.5095,-1,-1,-1
96,6,221.66,583.60,52.60,141.27,0.7422,-1,-1,-1
97,35,308.30,576.98,34.48,100.63,0.5523,-1,-1,-1
97,30,1700.19,612.44,76.85,192.82,0.8720,-1,-1,-1
97,22,371.72,556.47,46.63,133.34,0.6301,-1,-1,-1
97,18,1690.30,547.54,43.15,88.95,0.3633,-1,-1,-1
97,7,159.07,579.71,53.71,139.74,0.6477,-1,-1,-1
97,6,213.39,582.19,53.15,140.64,0.6187,-1,-1,-1
98,32,454.24,565.30,34.64,118.10,0.3810,-1,-1,-1
98,30,1705.36,612.20,75.96,196.65,0.8805,-1,-1,-1
98,22,364.26,581.41,48.36,110.85,0.7226,-1,-1,-1
98,18,1689.17,549.39,41.63,92.31,0.5655,-1,-1,-1
98,7,152.66,583.53,51.03,141.39,0.6693,-1,-1,-1
98,6,204.44,583.79,54.20,143.19,0.5060,-1,-1,-1
99,39,415.55,572.64,39.94,119.14,0.4678,-1,-1,-1
99,35,289.95,590.41,34.27,87.61,0.6513,-1,-1,-1
99,30,1707.01,614.20,77.91,198.03,0.8650,-1,-1,-1
99,24,326.12,560.76,34.34,127.42,0.4627,-1,-1,-1
99,22,359.05,577.28,45.45,112.34,0.3802,-1,-1,-1
99,18,1686.19,550.35,44.56,98.29,0.5976,-1,-1,-1
99,7,142.81,583.02,54.29,138.37,0.5692,-1,-1,-1
99,6,197.87,578.50,53.15,147.89,0.7387,-1,-1,-1
100,40,1557.30,521.62,23.50,78.33,0.4206,-1,-1,-1
100,35,281.60,587.63,35.67,96.15,0.5248,-1,-1,-1
100,32,442.43,563.13,31.66,106.89,0.3196,-1,-1,-1
100,30,1709.83,612.45,79.96,201.75,0.8821,-1,-1,-1
100,22,348.63,579.08,50.78,114.73,0.7372,-1,-1,-1
100,18,1684.89,549.99,43.24,100.44,0.6817,-1,-1,-1
100,7,131.08,585.20,56.52,139.43,0.5560,-1,-1,-1
100,6,189.26,587.82,54.71,139.97,0.7256,-1,-1,-1
101,39,394.52,575.26,42.01,122.70,0.4393,-1,-1,-1
101,30,1710.70,615.29,80.66,203.76,0.8836,-1,-1,-1
101,24,308.20,579.79,36.44,110.46,0.3188,-1,-1,-1
101,22,341.67,577.02,46.93,114.88,0.6780,-1,-1,-1
101,18,1685.35,550.94,39.01,103.13,0.6430,-1,-1,-1
101,7,123.07,580.11,55.90,141.44,0.7092,-1,-1,-1
101,6,179.77,583.28,58.59,143.22,0.4029,-1,-1,-1
102,40,1548.77,521.51,25.57,79.82,0.3856,-1,-1,-1
102,35,263.27,593.31,36.20,89.94,0.6862,-1,-1,-1
102,32,431.46,560.05,31.73,112.61,0.4420,-1,-1,-1
102,30,1712.25,616.96,82.99,204.58,0.8992,-1,-1,-1
102,22,332.19,579.08,48.75,115.92,0.5156,-1,-1,-1
102,18,1684.84,550.78,36.00,102.84,0.7147,-1,-1,-1
102,7,115.43,583.18,55.22,142.43,0.3122,-1,-1,-1
102,6,171.53,584.40,57.76,143.78,0.6694,-1,-1,-1
103,40,1542.79,518.43,27.36,77.76,0.3331,-1,-1,-1
103,35,254.09,589.46,37.70,95.33,0.5511,-1,-1,-1
103,30,1713.99,618.41,85.10,205.82,0.9042,-1,-1,-1
103,28,103.59,576.59,59.74,152.53,0.4267,-1,-1,-1
103,22,327.05,576.02,51.62,118.00,0.6803,-1,-1,-1
103,18,1683.63,550.07,35.92,102.42,0.7285,-1,-1,-1
103,7,106.03,580.37,55.98,146.95,0.5655,-1,-1,-1
103,6,163.95,589.06,59.73,140.62,0.4708,-1,-1,-1
104,39,372.91,575.16,41.18,123.92,0.5882,-1,-1,-1
104,32,415.86,555.70,32.12,111.11,0.3274,-1,-1,-1
104,30,1716.05,624.37,85.27,207.58,0.8962,-1,-1,-1
104,22,315.90,580.78,49.21,112.53,0.5300,-1,-1,-1
104,18,1682.23,551.80,35.15,102.16,0.7578,-1,-1,-1
104,7,95.69,576.95,57.78,147.44,0.6478,-1,-1,-1
104,6,153.00,593.49,57.06,133.97,0.4234,-1,-1,-1
105,39,367.88,570.03,41.21,131.51,0.3112,-1,-1,-1
105,35,239.20,591.95,37.98,93.17,0.5945,-1,-1,-1
105,33,26.36,580.44,52.26,143.70,0.5342,-1,-1,-1
105,32,407.42,555.64,35.24,122.71,0.3123,-1,-1,-1
105,30,1718.61,623.70,85.78,211.10,0.8863,-1,-1,-1
105,22,302.63,561.80,54.89,136.82,0.4612,-1,-1,-1
105,18,1679.76,549.35,35.45,103.61,0.7710,-1,-1,-1
105,7,88.69,576.72,55.36,153.58,0.4131,-1,-1,-1
105,6,144.08,583.06,63.84,147.72,0.5080,-1,-1,-1
106,40,1536.04,522.72,25.69,71.50,0.4440,-1,-1,-1
106,39,356.57,572.46,43.43,130.28,0.4035,-1,-1,-1
106,32,403.61,558.37,33.04,115.14,0.3380,-1,-1,-1
106,30,1724.68,625.44,84.23,214.07,0.8799,-1,-1,-1
106,22,301.11,573.39,49.08,122.23,0.6786,-1,-1,-1
106,18,1677.47,548.72,35.01,105.91,0.7030,-1,-1,-1
106,7,78.27,574.21,54.26,153.53,0.5799,-1,-1,-1
106,6,138.07,569.01,61.62,159.40,0.3480,-1,-1,-1
107,40,1532.96,521.23,28.31,73.77,0.5124,-1,-1,-1
107,39,350.13,564.41,42.97,140.02,0.6869,-1,-1,-1
107,35,217.45,592.60,39.84,94.93,0.5847,-1,-1,-1
107,33,9.28,577.20,48.89,144.33,0.3320,-1,-1,-1
107,32,394.78,561.81,33.58,106.30,0.3454,-1,-1,-1
107,30,1726.99,624.26,82.93,215.73,0.7802,-1,-1,-1
107,28,64.21,572.94,66.60,156.13,0.4144,-1,-1,-1
107,24,257.92,593.68,35.68,107.94,0.5705,-1,-1,-1
107,22,290.43,584.95,49.09,111.27,0.5462,-1,-1,-1
107,18,1675.90,547.08,34.38,105.67,0.6436,-1,-1,-1
107,7,67.19,574.16,58.74,152.01,0.4917,-1,-1,-1
107,6,128.77,585.24,53.45,145.68,0.4396,-1,-1,-1
108,40,1533.52,525.06,25.05,72.27,0.4005,-1,-1,-1
108,39,341.28,564.17,45.37,139.77,0.4810,-1,-1,-1
108,35,210.45,585.79,37.22,103.92,0.3187,-1,-1,-1
108,33,0.57,575.35,52.93,152.18,0.4016,-1,-1,-1
108,30,1728.25,629.33,85.08,216.90,0.8671,-1,-1,-1
108,28,50.45,565.36,69.62,165.83,0.5866,-1,-1,-1
108,22,278.21,554.37,54.40,146.63,0.5168,-1,-1,-1
108,18,1675.28,549.17,33.39,107.09,0.5908,-1,-1,-1
108,6,121.22,572.83,57.23,156.32,0.5222,-1,-1,-1
109,40,1530.00,522.88,24.53,71.07,0.4321,-1,-1,-1
109,39,332.77,562.89,44.29,144.36,0.4640,-1,-1,-1
109,35,199.74,586.60,38.10,106.72,0.6681,-1,-1,-1
109,32,380.91,555.56,36.11,117.35,0.5629,-1,-1,-1
109,30,1730.82,629.92,85.02,219.35,0.8648,-1,-1,-1
109,28,40.75,567.29,68.25,162.84,0.4578,-1,-1,-1
109,22,271.01,582.35,50.65,122.11,0.5821,-1,-1,-1
109,18,1673.60,549.60,33.42,107.41,0.6752,-1,-1,-1
109,7,46.55,569.95,60.88,157.82,0.4961,-1,-1,-1
110,39,325.12,570.51,44.51,134.58,0.7672,-1,-1,-1
110,36,102.36,569.73,57.01,161.66,0.4773,-1,-1,-1
110,35,191.02,587.79,37.86,104.31,0.6793,-1,-1,-1
110,32,371.94,557.32,35.93,111.67,0.5111,-1,-1,-1
110,30,1731.93,630.92,85.84,222.21,0.8751,-1,-1,-1
110,28,31.48,566.34,70.24,163.67,0.5752,-1,-1,-1
110,22,253.65,553.24,57.55,148.25,0.3106,-1,-1,-1
110,18,1672.95,551.42,31.78,108.03,0.5160,-1,-1,-1
110,6,102.88,565.82,58.58,164.72,0.3754,-1,-1,-1
111,39,317.38,575.02,42.33,129.65,0.7002,-1,-1,-1
111,35,179.23,590.39,39.24,106.45,0.5548,-1,-1,-1
111,32,368.30,560.73,32.84,107.03,0.3940,-1,-1,-1
111,30,1733.00,631.29,87.38,224.41,0.8768,-1,-1,-1
111,28,19.85,561.24,72.60,170.19,0.7153,-1,-1,-1
111,22,250.68,569.11,54.18,135.50,0.5697,-1,-1,-1
111,18,1669.74,552.65,32.21,107.46,0.3634,-1,-1,-1
111,6,92.61,562.95,61.97,169.43,0.6490,-1,-1,-1
112,39,306.61,573.27,41.38,136.87,0.7404,-1,-1,-1
112,35,169.39,595.25,36.99,99.72,0.5758,-1,-1,-1
112,32,358.74,558.10,36.30,111.63,0.6195,-1,-1,-1
112,30,1734.10,634.23,90.19,224.36,0.8732,-1,-1,-1
112,28,11.53,568.23,76.05,164.11,0.5583,-1,-1,-1
112,24,202.13,590.77,39.17,113.65,0.4409,-1,-1,-1
112,22,240.81,573.45,52.34,132.44,0.7354,-1,-1,-1
113,39,298.07,571.03,39.96,140.89,0.6571,-1,-1,-1
113,35,160.97,595.78,39.46,105.30,0.6399,-1,-1,-1
113,32,348.44,565.14,36.00,109.04,0.5810,-1,-1,-1
113,30,1734.73,636.32,90.70,227.11,0.8687,-1,-1,-1
113,28,1.71,556.82,72.58,177.83,0.7178,-1,-1,-1
113,22,233.51,584.11,51.57,125.22,0.7475,-1,-1,-1
113,6,74.76,578.16,56.54,159.19,0.5824,-1,-1,-1
114,35,150.91,600.16,34.01,100.78,0.5786,-1,-1,-1
114,32,343.90,567.16,34.23,104.64,0.5595,-1,-1,-1
114,30,1737.18,636.92,90.09,227.57,0.8689,-1,-1,-1
114,28,7.05,574.01,55.96,161.30,0.4613,-1,-1,-1
114,22,220.18,582.95,51.44,126.76,0.7222,-1,-1,-1
114,7,10.87,575.58,51.00,160.12,0.4266,-1,-1,-1
114,6,60.09,558.74,61.69,177.63,0.6267,-1,-1,-1
115,39,280.37,578.69,40.48,136.25,0.7215,-1,-1,-1
115,35,141.95,596.54,36.89,106.81,0.7766,-1,-1,-1
115,32,333.39,562.50,38.78,114.33,0.7110,-1,-1,-1
115,30,1738.74,636.33,90.99,231.07,0.8688,-1,-1,-1
115,28,3.15,573.41,53.03,163.76,0.3545,-1,-1,-1
115,25,196.93,566.33,65.89,143.66,0.5189,-1,-1,-1
115,22,203.65,572.65,59.55,137.02,0.3725,-1,-1,-1
115,7,7.92,576.41,47.20,162.09,0.3849,-1,-1,-1
115,6,52.84,560.78,60.01,177.80,0.7160,-1,-1,-1
116,39,270.79,577.39,38.92,139.42,0.6204,-1,-1,-1
116,35,129.83,599.62,35.59,103.05,0.7372,-1,-1,-1
116,32,324.57,568.61,37.95,109.71,0.7249,-1,-1,-1
116,30,1740.24,636.01,91.65,235.70,0.8768,-1,-1,-1
116,25,191.42,572.12,61.94,144.71,0.3769,-1,-1,-1
116,22,199.88,576.69,53.11,140.30,0.6871,-1,-1,-1
116,7,0.29,585.31,49.28,154.69,0.7077,-1,-1,-1
116,6,43.53,571.05,57.88,170.26,0.6721,-1,-1,-1
117,39,258.08,563.07,39.51,157.49,0.7056,-1,-1,-1
117,35,119.31,600.80,36.11,99.83,0.6976,-1,-1,-1
117,32,316.76,567.09,38.45,110.22,0.5803,-1,-1,-1
117,30,1739.88,638.97,94.85,239.26,0.8859,-1,-1,-1
117,22,190.60,579.05,51.57,138.09,0.5112,-1,-1,-1
117,7,0.00,586.33,37.72,154.90,0.4669,-1,-1,-1
117,6,33.16,577.73,59.88,166.61,0.3266,-1,-1,-1
118,39,249.11,574.57,39.43,147.81,0.7476,-1,-1,-1
118,35,108.39,600.28,39.26,105.33,0.6338,-1,-1,-1
118,32,310.77,561.07,37.16,119.89,0.7515,-1,-1,-1
118,30,1741.75,636.92,97.02,245.99,0.8801,-1,-1,-1
118,22,181.34,583.87,52.91,138.00,0.6349,-1,-1,-1
118,7,0.00,588.75,29.82,155.95,0.6213,-1,-1,-1
118,6,23.42,583.17,57.18,162.51,0.3051,-1,-1,-1
119,39,237.46,566.90,42.75,159.53,0.6133,-1,-1,-1
119,35,98.26,602.56,35.16,102.81,0.6161,-1,-1,-1
119,32,299.75,564.44,39.98,117.60,0.6723,-1,-1,-1
119,30,1745.58,640.89,100.39,245.40,0.8904,-1,-1,-1
119,24,127.04,594.51,39.14,127.02,0.3774,-1,-1,-1
119,22,168.30,575.11,54.75,150.98,0.4265,-1,-1,-1
119,6,9.46,564.86,63.11,185.62,0.5682,-1,-1,-1
120,44,1741.39,558.80,43.12,109.98,0.4078,-1,-1,-1
120,39,226.94,575.24,41.35,152.18,0.7369,-1,-1,-1
120,35,89.36,600.61,34.41,113.70,0.5870,-1,-1,-1
120,32,293.07,562.33,38.04,121.82,0.6803,-1,-1,-1
120,30,1748.48,645.78,104.56,243.79,0.8945,-1,-1,-1
120,22,156.32,583.60,56.77,143.72,0.5442,-1,-1,-1
120,6,6.59,560.55,56.06,193.34,0.6771,-1,-1,-1
121,44,1740.47,556.33,44.17,114.68,0.3045,-1,-1,-1
121,39,217.28,571.12,45.44,157.14,0.3149,-1,-1,-1
121,35,77.75,604.82,35.55,110.25,0.4580,-1,-1,-1
121,32,287.32,565.85,36.42,116.63,0.7049,-1,-1,-1
121,30,1752.46,646.69,104.46,247.47,0.8782,-1,-1,-1
121,24,104.62,604.37,39.20,125.29,0.5392,-1,-1,-1
121,22,146.43,587.56,55.92,140.67,0.6235,-1,-1,-1
121,6,0.46,551.70,55.92,200.44,0.6935,-1,-1,-1
122,39,205.43,576.48,46.66,156.80,0.6920,-1,-1,-1
122,35,68.11,606.09,34.05,108.90,0.5063,-1,-1,-1
122,32,275.82,565.32,40.12,120.63,0.6865,-1,-1,-1
122,30,1756.25,647.85,100.16,251.29,0.8832,-1,-1,-1
122,22,141.10,608.32,50.88,127.71,0.3601,-1,-1,-1
122,6,0.19,557.83,46.41,195.24,0.7036,-1,-1,-1
123,44,1739.65,557.52,42.06,116.36,0.3573,-1,-1,-1
123,39,194.27,586.77,48.80,148.65,0.4510,-1,-1,-1
123,32,266.68,559.62,41.54,128.47,0.6667,-1,-1,-1
123,30,1761.30,648.95,96.65,256.44,0.8610,-1,-1,-1
123,24,80.53,606.44,42.98,130.30,0.5929,-1,-1,-1
123,22,129.98,598.93,53.98,140.83,0.6445,-1,-1,-1
123,6,0.25,569.60,42.53,188.23,0.5929,-1,-1,-1
124,39,183.01,591.56,49.40,144.42,0.6950,-1,-1,-1
124,36,93.25,580.86,67.99,158.13,0.3790,-1,-1,-1
124,32,261.61,571.37,38.38,119.18,0.6640,-1,-1,-1
124,30,1765.26,648.26,96.79,261.83,0.8801,-1,-1,-1
124,6,0.62,594.55,31.87,163.36,0.4746,-1,-1,-1
125,39,174.39,592.73,49.70,145.38,0.7023,-1,-1,-1
125,32,251.82,569.81,40.17,121.43,0.6660,-1,-1,-1
125,30,1769.61,648.22,103.70,262.49,0.8870,-1,-1,-1
125,24,59.64,615.19,38.60,119.24,0.3166,-1,-1,-1
125,22,109.06,615.85,54.42,115.65,0.3517,-1,-1,-1
125,6,0.00,619.74,25.14,102.82,0.3838,-1,-1,-1
126,39,160.84,598.31,49.74,143.64,0.6632,-1,-1,-1
126,35,22.51,614.10,35.94,113.18,0.6076,-1,-1,-1
126,32,243.00,567.84,40.51,124.63,0.6087,-1,-1,-1
126,30,1773.45,651.16,103.57,261.76,0.8655,-1,-1,-1
126,22,99.21,618.30,51.41,114.92,0.4090,-1,-1,-1
127,39,154.03,603.41,48.32,141.39,0.7047,-1,-1,-1
127,32,237.50,569.68,37.99,126.14,0.6177,-1,-1,-1
127,30,1777.45,652.16,105.26,265.34,0.8811,-1,-1,-1
127,24,35.22,622.12,40.40,119.11,0.4520,-1,-1,-1
127,22,84.67,622.90,56.59,116.50,0.4753,-1,-1,-1
128,39,143.38,603.91,52.42,142.21,0.5971,-1,-1,-1
128,35,0.00,621.84,29.69,109.43,0.3662,-1,-1,-1
128,32,224.69,559.62,41.00,137.47,0.7111,-1,-1,-1
128,30,1780.99,654.42,106.58,266.71,0.8831,-1,-1,-1
128,22,74.81,621.32,53.35,119.51,0.4242,-1,-1,-1
129,44,1727.64,556.15,37.99,109.96,0.3335,-1,-1,-1
129,39,130.52,600.35,47.76,151.14,0.6387,-1,-1,-1
129,35,0.00,622.93,20.23,110.35,0.3537,-1,-1,-1
129,30,1786.71,656.86,110.19,269.05,0.8892,-1,-1,-1
130,44,1723.96,562.66,36.52,110.92,0.4584,-1,-1,-1
130,39,124.39,605.76,52.10,144.41,0.3302,-1,-1,-1
130,32,210.02,563.50,41.06,135.45,0.3236,-1,-1,-1
130,30,1787.96,657.81,113.18,272.85,0.8873,-1,-1,-1
130,24,0.00,625.01,25.77,113.90,0.3522,-1,-1,-1
131,44,1717.98,554.30,41.09,122.72,0.5524,-1,-1,-1
131,39,105.47,599.59,47.76,155.08,0.5739,-1,-1,-1
131,32,200.34,579.25,40.78,123.37,0.5147,-1,-1,-1
131,30,1791.40,658.09,116.73,279.08,0.8857,-1,-1,-1
131,28,12.65,586.98,52.82,151.15,0.4359,-1,-1,-1
132,44,1716.33,554.40,42.03,120.16,0.5097,-1,-1,-1
132,33,1.49,582.75,53.38,165.07,0.5346,-1,-1,-1
132,32,191.75,571.49,42.16,131.90,0.6503,-1,-1,-1
132,30,1795.84,660.74,123.56,287.36,0.8839,-1,-1,-1
132,28,3.13,584.87,51.80,160.31,0.5692,-1,-1,-1
133,47,1419.41,520.49,24.89,70.06,0.4579,-1,-1,-1
133,44,1715.31,557.50,42.65,119.68,0.4876,-1,-1,-1
133,39,80.98,595.74,46.00,166.76,0.6045,-1,-1,-1
133,32,182.28,569.20,43.86,134.84,0.5248,-1,-1,-1
133,30,1803.09,662.16,116.11,293.83,0.8833,-1,-1,-1
133,22,14.91,631.19,55.37,128.67,0.3660,-1,-1,-1
134,48,521.24,529.29,24.80,72.05,0.3481,-1,-1,-1
134,44,1711.85,557.57,44.52,118.00,0.4501,-1,-1,-1
134,39,40.27,571.31,76.80,200.19,0.5541,-1,-1,-1
134,32,174.28,570.08,40.40,136.22,0.5253,-1,-1,-1
134,30,1807.74,665.05,111.42,298.64,0.8730,-1,-1,-1
134,22,2.60,626.18,54.09,140.32,0.5848,-1,-1,-1
135,48,514.72,527.51,28.62,74.36,0.5768,-1,-1,-1
135,44,1704.49,560.10,50.56,114.60,0.3082,-1,-1,-1
135,39,28.68,573.18,78.16,200.33,0.6070,-1,-1,-1
135,32,166.54,573.83,40.77,134.78,0.5124,-1,-1,-1
135,30,1811.91,665.82,107.24,303.94,0.8578,-1,-1,-1
136,48,509.89,527.78,26.10,74.24,0.3373,-1,-1,-1
136,39,22.87,575.30,74.66,199.10,0.5651,-1,-1,-1
136,32,157.60,570.65,41.45,137.75,0.4355,-1,-1,-1
136,30,1817.98,670.33,101.15,306.78,0.8741,-1,-1,-1
136,22,0.00,621.13,35.67,146.24,0.6871,-1,-1,-1
137,49,1573.89,563.22,40.45,101.37,0.6395,-1,-1,-1
137,48,502.65,526.48,29.25,76.85,0.5409,-1,-1,-1
137,44,1697.65,562.88,52.14,105.90,0.4309,-1,-1,-1
137,39,16.68,573.81,69.22,202.52,0.6448,-1,-1,-1
137,32,149.21,575.55,39.62,133.49,0.3552,-1,-1,-1
137,30,1825.28,680.08,93.89,307.23,0.8460,-1,-1,-1
137,22,0.00,642.04,26.12,129.39,0.5165,-1,-1,-1
138,49,1570.69,556.67,43.08,108.00,0.7337,-1,-1,-1
138,48,498.90,530.17,30.27,73.81,0.6353,-1,-1,-1
138,44,1695.75,561.99,51.98,106.60,0.4224,-1,-1,-1
138,39,9.65,572.59,61.55,207.79,0.7014,-1,-1,-1
138,32,139.26,574.27,43.01,137.99,0.5186,-1,-1,-1
138,30,1830.91,678.44,88.24,311.50,0.8572,-1,-1,-1
139,49,1567.25,553.70,39.68,109.53,0.7026,-1,-1,-1
139,48,495.69,528.19,26.02,72.24,0.3824,-1,-1,-1
139,47,1392.94,520.10,26.17,71.14,0.3113,-1,-1,-1
139,39,6.69,575.37,54.50,206.50,0.6204,-1,-1,-1
139,30,1831.91,678.91,87.26,315.46,0.8509,-1,-1,-1
140,49,1566.75,550.66,35.70,110.58,0.7208,-1,-1,-1
140,48,490.64,526.54,28.10,74.02,0.4718,-1,-1,-1
140,44,1699.00,552.00,46.35,115.53,0.3067,-1,-1,-1
140,39,0.28,574.14,47.23,211.78,0.6808,-1,-1,-1
140,30,1840.35,683.38,78.84,309.75,0.8404,-1,-1,-1
141,49,1564.12,550.82,37.56,109.99,0.7415,-1,-1,-1
141,48,484.92,526.34,26.17,75.98,0.3763,-1,-1,-1
141,47,1383.47,521.94,27.36,69.32,0.3194,-1,-1,-1
141,39,0.01,579.87,39.31,208.20,0.6521,-1,-1,-1
141,30,1848.86,679.48,70.27,305.73,0.7542,-1,-1,-1
142,49,1561.32,552.87,39.40,106.34,0.7333,-1,-1,-1
142,48,480.68,525.86,28.02,77.57,0.4213,-1,-1,-1
142,47,1382.55,521.63,25.08,67.39,0.3150,-1,-1,-1
142,44,1700.62,562.30,42.09,107.55,0.4521,-1,-1,-1
142,30,1855.28,699.32,63.83,292.03,0.7027,-1,-1,-1
143,49,1557.04,553.59,39.48,109.34,0.7445,-1,-1,-1
143,48,476.32,526.34,30.79,74.80,0.5239,-1,-1,-1
143,47,1379.66,519.89,23.36,66.42,0.3361,-1,-1,-1
143,44,1699.15,563.99,40.23,105.87,0.3805,-1,-1,-1
143,30,1861.15,706.19,57.97,293.36,0.6255,-1,-1,-1
143,7,0.00,569.05,19.64,101.21,0.4470,-1,-1,-1
144,49,1551.84,555.98,38.83,111.64,0.4457,-1,-1,-1
144,48,472.90,526.90,27.20,75.74,0.6198,-1,-1,-1
144,44,1695.89,566.57,41.70,106.56,0.5507,-1,-1,-1
144,30,1867.11,718.55,52.00,245.22,0.5063,-1,-1,-1
145,49,1548.69,556.14,37.32,108.27,0.8171,-1,-1,-1
145,48,467.66,526.92,28.26,73.76,0.4833,-1,-1,-1
145,44,1695.56,569.72,40.19,106.61,0.7093,-1,-1,-1
145,30,1874.45,734.32,44.62,228.55,0.3147,-1,-1,-1
146,51,379.15,530.20,26.17,64.44,0.3196,-1,-1,-1
146,49,1544.24,554.50,39.64,111.08,0.7422,-1,-1,-1
146,48,462.22,526.52,26.89,73.85,0.3512,-1,-1,-1
146,47,1368.12,523.86,25.32,64.97,0.3332,-1,-1,-1
146,44,1695.46,575.04,38.94,97.89,0.6983,-1,-1,-1
147,52,459.82,527.19,26.08,75.63,0.3348,-1,-1,-1
147,49,1540.73,557.28,38.76,109.09,0.5694,-1,-1,-1
147,48,456.80,525.20,28.80,78.08,0.4458,-1,-1,-1
147,44,1696.94,573.05,35.56,103.54,0.6541,-1,-1,-1
148,49,1531.82,556.18,43.54,112.29,0.6793,-1,-1,-1
148,48,452.19,528.75,29.70,74.22,0.6265,-1,-1,-1
148,44,1684.50,570.07,45.97,104.89,0.5655,-1,-1,-1
149,49,1517.64,556.27,54.91,113.86,0.7678,-1,-1,-1
149,48,448.30,528.37,28.70,76.18,0.6511,-1,-1,-1
149,44,1680.73,571.10,43.74,103.80,0.3099,-1,-1,-1
150,51,356.01,529.46,26.95,69.14,0.3912,-1,-1,-1
150,49,1512.90,560.47,58.35,109.47,0.7322,-1,-1,-1
150,48,442.66,528.02,29.73,78.03,0.6914,-1,-1,-1
150,44,1679.83,565.63,42.05,106.22,0.7137,-1,-1,-1
151,51,349.80,532.74,29.11,68.45,0.3162,-1,-1,-1
151,49,1512.07,560.76,56.94,110.27,0.7479,-1,-1,-1
151,48,435.64,526.13,28.68,79.45,0.4403,-1,-1,-1
151,44,1676.21,567.16,42.90,106.43,0.6773,-1,-1,-1
152,49,1510.96,559.20,51.16,112.04,0.6890,-1,-1,-1
152,48,428.63,529.44,30.72,77.01,0.6609,-1,-1,-1
152,44,1673.09,567.61,42.74,103.16,0.5726,-1,-1,-1
153,51,335.85,535.81,29.34,65.45,0.3084,-1,-1,-1
153,49,1503.13,558.70,54.79,110.19,0.6879,-1,-1,-1
153,48,424.98,531.55,27.44,73.49,0.5589,-1,-1,-1
153,44,1673.74,567.96,37.73,90.83,0.4938,-1,-1,-1
154,49,1499.95,552.02,46.71,113.71,0.7248,-1,-1,-1
154,48,418.26,532.81,29.30,77.05,0.6534,-1,-1,-1
154,44,1673.35,573.92,33.93,84.56,0.3444,-1,-1,-1
155,51,326.43,537.96,27.06,67.93,0.3138,-1,-1,-1
155,49,1492.32,552.91,46.42,112.70,0.7530,-1,-1,-1
155,48,411.29,528.72,28.40,81.14,0.5944,-1,-1,-1
156,49,1489.23,551.47,42.12,115.25,0.6999,-1,-1,-1
156,48,403.15,533.27,30.42,78.58,0.6040,-1,-1,-1
157,51,307.24,537.90,27.90,68.69,0.3715,-1,-1,-1
157,49,1482.97,550.44,41.97,112.64,0.8136,-1,-1,-1
157,48,398.96,536.00,28.67,77.20,0.7337,-1,-1,-1
158,55,1436.23,534.15,22.35,88.37,0.3883,-1,-1,-1
158,51,304.93,539.84,27.15,69.07,0.3390,-1,-1,-1
158,49,1475.80,546.34,42.93,118.17,0.8229,-1,-1,-1
158,48,394.24,539.09,27.58,77.33,0.6705,-1,-1,-1
159,49,1470.78,545.03,42.63,120.01,0.7915,-1,-1,-1
159,48,388.88,537.24,26.91,79.16,0.6406,-1,-1,-1
160,49,1466.82,546.61,42.87,119.29,0.6469,-1,-1,-1
160,48,380.50,539.22,29.36,80.36,0.5436,-1,-1,-1
161,49,1463.56,547.82,41.63,115.47,0.6950,-1,-1,-1
161,48,376.84,539.04,28.95,79.88,0.5512,-1,-1,-1
162,49,1459.39,549.35,42.13,111.35,0.7720,-1,-1,-1
162,48,371.85,540.52,30.15,78.16,0.6224,-1,-1,-1
163,49,1451.48,550.89,45.91,111.63,0.7973,-1,-1,-1
163,48,365.97,540.47,28.44,79.70,0.3564,-1,-1,-1
164,49,1447.13,548.85,45.61,113.78,0.7765,-1,-1,-1
164,48,361.80,540.42,30.60,80.36,0.6162,-1,-1,-1
165,49,1438.97,548.21,48.67,115.30,0.7228,-1,-1,-1
165,48,356.14,543.02,29.53,78.60,0.5527,-1,-1,-1
166,49,1434.54,547.05,47.98,114.97,0.6291,-1,-1,-1
166,48,350.76,544.81,29.23,76.84,0.5689,-1,-1,-1
167,49,1432.64,543.89,44.26,115.00,0.7521,-1,-1,-1
167,48,345.39,544.22,30.16,76.86,0.6883,-1,-1,-1
168,49,1429.41,541.50,41.91,118.58,0.7514,-1,-1,-1
168,48,339.54,543.45,30.41,78.08,0.4060,-1,-1,-1
169,49,1425.80,542.35,40.49,120.11,0.7630,-1,-1,-1
169,48,334.49,544.25,34.07,78.78,0.5327,-1,-1,-1
170,49,1421.92,538.06,40.21,123.70,0.7363,-1,-1,-1
170,48,331.42,544.21,29.19,77.37,0.5510,-1,-1,-1
171,49,1416.21,540.06,42.43,121.89,0.5728,-1,-1,-1
171,48,325.84,545.17,30.61,75.53,0.6168,-1,-1,-1
172,49,1410.51,534.47,43.44,126.39,0.6727,-1,-1,-1
172,48,321.36,542.50,30.31,76.80,0.6343,-1,-1,-1
173,49,1406.97,533.06,42.72,127.99,0.6189,-1,-1,-1
173,48,315.96,539.82,30.76,84.18,0.4821,-1,-1,-1
174,49,1403.33,533.61,45.43,128.78,0.7595,-1,-1,-1
174,48,311.59,543.47,33.57,78.97,0.6387,-1,-1,-1
175,49,1391.32,534.42,54.76,128.09,0.6789,-1,-1,-1
175,48,306.87,542.12,34.63,78.33,0.5459,-1,-1,-1
176,58,1387.31,537.13,56.05,125.22,0.6795,-1,-1,-1
176,49,1387.13,536.03,56.57,127.99,0.5583,-1,-1,-1
176,48,301.83,542.99,32.75,79.02,0.6698,-1,-1,-1
177,58,1385.12,534.11,56.05,130.18,0.6198,-1,-1,-1
177,49,1385.17,535.05,55.08,128.33,0.5901,-1,-1,-1
177,48,298.19,542.97,32.99,76.92,0.7444,-1,-1,-1
178,58,1388.48,535.09,49.05,128.49,0.6675,-1,-1,-1
178,48,295.38,542.66,32.18,80.03,0.6522,-1,-1,-1
179,58,1389.47,536.17,45.64,126.87,0.7510,-1,-1,-1
179,48,290.68,538.95,32.37,85.66,0.5703,-1,-1,-1
179,44,1604.87,543.14,41.62,130.10,0.3595,-1,-1,-1
180,58,1386.03,537.14,45.08,126.38,0.7860,-1,-1,-1
180,48,284.89,544.76,35.76,80.54,0.5361,-1,-1,-1
180,44,1605.44,543.11,41.30,131.17,0.3429,-1,-1,-1
181,58,1383.72,536.94,43.14,126.22,0.8632,-1,-1,-1
181,48,282.23,543.94,33.95,82.96,0.5874,-1,-1,-1
182,58,1379.67,536.88,43.94,127.52,0.8898,-1,-1,-1
182,48,275.75,543.36,34.23,83.52,0.5025,-1,-1,-1
182,44,1603.32,552.63,47.17,121.15,0.3943,-1,-1,-1
183,58,1375.17,536.30,44.22,128.96,0.8937,-1,-1,-1
183,48,272.73,542.38,33.46,87.53,0.7649,-1,-1,-1
183,44,1610.74,557.37,40.42,116.55,0.3650,-1,-1,-1
184,58,1372.20,536.04,43.41,129.94,0.8943,-1,-1,-1
184,48,268.24,545.91,32.25,84.95,0.6029,-1,-1,-1
184,44,1610.70,562.10,39.74,112.42,0.4137,-1,-1,-1
185,58,1371.06,533.88,43.26,132.12,0.8583,-1,-1,-1
185,48,264.11,547.30,32.78,82.89,0.6531,-1,-1,-1
185,44,1608.73,555.19,40.89,120.63,0.4247,-1,-1,-1
186,58,1370.36,532.87,41.91,133.44,0.7873,-1,-1,-1
186,48,260.18,546.95,34.40,85.14,0.6201,-1,-1,-1
186,44,1604.89,561.03,45.57,112.55,0.3102,-1,-1,-1
187,58,1367.34,533.28,42.24,134.48,0.6234,-1,-1,-1
187,48,255.07,548.21,34.96,86.36,0.7107,-1,-1,-1
187,44,1602.42,571.77,47.32,102.26,0.3430,-1,-1,-1
188,58,1364.29,534.45,44.24,136.02,0.6632,-1,-1,-1
188,48,250.77,549.75,34.57,85.67,0.6629,-1,-1,-1
188,44,1600.21,567.34,50.77,109.35,0.3652,-1,-1,-1
189,61,1595.19,543.56,59.62,134.40,0.4405,-1,-1,-1
189,58,1359.20,534.42,48.21,135.07,0.6389,-1,-1,-1
189,49,1357.32,531.56,52.53,138.85,0.5680,-1,-1,-1
189,48,246.62,549.57,36.58,89.80,0.5919,-1,-1,-1
190,61,1594.75,540.48,61.41,136.35,0.5295,-1,-1,-1
190,58,1357.08,538.09,49.05,129.75,0.6865,-1,-1,-1
190,49,1355.39,533.97,53.28,135.39,0.5853,-1,-1,-1
190,48,242.12,549.53,34.70,91.27,0.4775,-1,-1,-1
191,61,1596.22,539.63,63.69,136.82,0.4990,-1,-1,-1
191,58,1354.69,538.47,50.01,130.25,0.6509,-1,-1,-1
191,49,1353.12,534.26,54.19,135.31,0.6533,-1,-1,-1
191,48,238.13,553.43,34.92,89.12,0.6404,-1,-1,-1
192,61,1598.53,540.49,61.51,136.22,0.3888,-1,-1,-1
192,58,1353.20,543.87,48.31,122.85,0.6458,-1,-1,-1
192,48,233.81,552.11,38.43,89.20,0.6685,-1,-1,-1
193,61,1598.83,539.34,63.57,138.01,0.5200,-1,-1,-1
193,58,1350.24,542.76,49.99,127.02,0.6742,-1,-1,-1
193,49,1349.60,539.89,53.82,131.07,0.4963,-1,-1,-1
193,48,228.66,556.29,38.66,86.94,0.7291,-1,-1,-1
194,61,1612.99,554.76,48.74,120.89,0.5457,-1,-1,-1
194,58,1348.02,542.51,48.62,126.76,0.7536,-1,-1,-1
194,48,226.85,560.42,33.87,84.92,0.7269,-1,-1,-1
195,61,1609.74,551.05,53.80,124.81,0.4827,-1,-1,-1
195,58,1346.91,542.05,49.42,128.58,0.7670,-1,-1,-1
195,49,1346.44,540.99,52.08,129.83,0.3058,-1,-1,-1
195,48,223.24,560.30,33.03,83.79,0.6150,-1,-1,-1
195,44,1600.55,540.06,63.56,136.18,0.4341,-1,-1,-1
196,61,1610.55,551.16,54.01,124.90,0.5240,-1,-1,-1
196,58,1346.51,542.07,47.51,128.75,0.6743,-1,-1,-1
196,48,217.16,559.56,35.78,88.25,0.4948,-1,-1,-1
197,61,1615.64,553.66,48.86,121.14,0.5001,-1,-1,-1
197,58,1345.73,540.53,46.70,128.99,0.4520,-1,-1,-1
197,48,213.90,561.74,35.19,86.00,0.6059,-1,-1,-1
198,61,1621.68,554.87,44.49,119.68,0.5926,-1,-1,-1
198,58,1346.06,545.60,42.75,126.01,0.3841,-1,-1,-1
198,48,211.03,561.30,35.92,88.24,0.6805,-1,-1,-1
199,61,1623.21,557.80,43.90,116.98,0.6789,-1,-1,-1
199,58,1344.85,545.64,44.85,124.66,0.6436,-1,-1,-1
199,48,206.47,561.74,35.13,88.21,0.6378,-1,-1,-1
200,61,1623.16,561.33,44.36,114.29,0.6514,-1,-1,-1
200,58,1343.40,546.68,46.73,125.96,0.6508,-1,-1,-1
200,48,202.20,563.09,36.41,89.64,0.6190,-1,-1,-1
201,61,1618.61,553.58,50.83,124.18,0.7125,-1,-1,-1
201,58,1342.58,548.60,46.38,123.71,0.7050,-1,-1,-1
201,48,199.42,563.10,35.99,89.72,0.5732,-1,-1,-1
202,61,1620.49,553.82,52.01,123.96,0.6590,-1,-1,-1
202,58,1339.90,548.64,47.99,125.31,0.7458,-1,-1,-1
202,48,193.49,562.03,35.90,94.88,0.5675,-1,-1,-1
203,61,1623.04,555.45,51.12,123.98,0.6263,-1,-1,-1
203,58,1337.24,550.25,48.64,122.68,0.8089,-1,-1,-1
203,48,189.84,563.35,37.54,93.06,0.6134,-1,-1,-1
204,61,1633.48,552.93,45.58,120.40,0.6896,-1,-1,-1
204,58,1336.66,548.84,48.13,125.04,0.8172,-1,-1,-1
204,48,187.21,565.83,39.04,91.45,0.6164,-1,-1,-1
205,61,1633.15,558.01,45.77,116.82,0.5428,-1,-1,-1
205,58,1335.75,545.45,46.91,128.16,0.8385,-1,-1,-1
205,48,181.46,566.67,38.67,91.08,0.4937,-1,-1,-1
206,61,1634.81,558.28,47.38,117.98,0.4951,-1,-1,-1
206,58,1335.62,546.26,46.45,127.80,0.8738,-1,-1,-1
206,48,178.59,567.14,38.01,91.18,0.7501,-1,-1,-1
206,44,1624.29,556.88,55.78,120.18,0.4086,-1,-1,-1
207,58,1334.16,546.73,46.58,128.94,0.8981,-1,-1,-1
207,48,174.85,569.97,37.79,91.07,0.7063,-1,-1,-1
207,44,1632.26,560.22,52.83,117.95,0.4419,-1,-1,-1
208,61,1649.41,562.08,38.69,116.55,0.5381,-1,-1,-1
208,58,1333.07,547.14,47.37,129.30,0.9003,-1,-1,-1
208,48,170.45,569.13,39.54,91.92,0.3104,-1,-1,-1
209,64,43.12,566.63,37.86,91.17,0.3886,-1,-1,-1
209,61,1649.09,560.36,41.06,121.55,0.7628,-1,-1,-1
209,58,1331.36,544.62,47.83,132.88,0.8957,-1,-1,-1
209,48,166.78,567.52,36.98,94.64,0.6359,-1,-1,-1
210,61,1649.45,562.91,44.72,118.86,0.6006,-1,-1,-1
210,58,1329.82,542.89,47.69,134.80,0.8721,-1,-1,-1
210,48,163.17,570.78,36.86,94.13,0.5601,-1,-1,-1
211,65,423.06,491.76,26.86,74.65,0.3261,-1,-1,-1
211,61,1655.88,570.18,42.01,114.14,0.5960,-1,-1,-1
211,58,1329.25,545.99,46.31,133.03,0.8543,-1,-1,-1
211,48,158.65,571.69,42.31,95.85,0.6725,-1,-1,-1
212,61,1659.45,560.73,44.10,124.68,0.6124,-1,-1,-1
212,58,1329.19,545.71,46.35,133.09,0.8649,-1,-1,-1
212,48,156.58,572.19,38.66,95.63,0.7114,-1,-1,-1
213,61,1658.14,563.03,51.36,123.10,0.4438,-1,-1,-1
213,58,1330.68,547.32,46.16,133.94,0.8695,-1,-1,-1
213,48,153.73,572.92,40.94,95.28,0.6738,-1,-1,-1
214,64,33.83,577.05,40.52,89.25,0.3597,-1,-1,-1
214,61,1668.69,562.99,45.99,123.27,0.6134,-1,-1,-1
214,58,1331.19,546.28,47.44,134.83,0.7876,-1,-1,-1
214,48,150.95,574.98,42.08,93.93,0.6825,-1,-1,-1
215,61,1673.62,560.75,44.71,126.95,0.6826,-1,-1,-1
215,58,1330.96,546.25,48.07,137.74,0.7681,-1,-1,-1
215,48,149.70,572.59,41.72,94.52,0.6946,-1,-1,-1
216,66,150.72,574.20,37.60,92.81,0.4392,-1,-1,-1
216,64,34.06,574.79,35.29,91.80,0.4207,-1,-1,-1
216,61,1676.94,566.73,44.38,122.06,0.7341,-1,-1,-1
216,58,1334.11,551.62,45.87,134.71,0.7895,-1,-1,-1
216,48,144.41,572.85,32.59,95.20,0.3382,-1,-1,-1
217,66,145.94,573.48,41.47,93.26,0.3519,-1,-1,-1
217,61,1679.68,563.97,46.25,122.43,0.5414,-1,-1,-1
217,58,1334.86,550.93,46.50,135.55,0.7754,-1,-1,-1
217,48,141.59,573.04,35.27,95.15,0.5072,-1,-1,-1
218,68,0.00,578.08,20.43,83.13,0.4826,-1,-1,-1
218,67,1687.69,564.27,51.14,122.38,0.5103,-1,-1,-1
218,64,26.10,576.69,34.78,88.86,0.4948,-1,-1,-1
218,61,1672.47,561.75,67.56,129.45,0.4614,-1,-1,-1
218,58,1336.31,549.07,46.51,136.22,0.6336,-1,-1,-1
218,48,139.51,574.36,34.83,92.93,0.4838,-1,-1,-1
219,68,0.00,579.90,18.65,82.65,0.4048,-1,-1,-1
219,67,1696.38,564.55,44.51,123.63,0.7122,-1,-1,-1
219,66,139.41,574.16,36.74,93.48,0.5172,-1,-1,-1
219,64,23.90,579.26,35.43,87.49,0.5005,-1,-1,-1
219,58,1337.12,549.17,47.10,137.76,0.5051,-1,-1,-1
220,67,1698.77,566.65,47.35,120.51,0.6707,-1,-1,-1
220,66,137.13,576.77,37.36,95.36,0.5155,-1,-1,-1
220,64,16.41,578.65,37.86,92.63,0.6909,-1,-1,-1
220,58,1339.63,547.14,47.25,140.26,0.4269,-1,-1,-1
221,67,1708.31,568.80,42.75,121.44,0.4329,-1,-1,-1
221,66,133.23,575.77,38.75,95.08,0.5512,-1,-1,-1
221,64,12.99,581.41,39.68,87.94,0.6684,-1,-1,-1
221,61,1705.11,570.63,43.20,118.87,0.5333,-1,-1,-1
221,58,1344.10,546.43,45.40,141.03,0.5634,-1,-1,-1
222,66,130.26,575.38,39.22,96.82,0.5590,-1,-1,-1
222,64,11.91,579.21,39.71,90.80,0.6303,-1,-1,-1
222,58,1346.33,546.03,44.51,139.37,0.5333,-1,-1,-1
222,49,1345.48,546.47,46.90,137.58,0.6280,-1,-1,-1
223,67,1721.42,565.36,43.71,123.00,0.6720,-1,-1,-1
223,66,128.95,575.68,38.94,96.00,0.6076,-1,-1,-1
223,64,10.58,579.13,36.27,92.26,0.5083,-1,-1,-1
223,49,1346.70,548.51,46.84,138.76,0.7376,-1,-1,-1
224,67,1730.62,560.33,44.92,125.56,0.3001,-1,-1,-1
224,66,128.45,578.53,40.44,95.06,0.5776,-1,-1,-1
224,61,1724.29,562.33,44.66,124.45,0.5997,-1,-1,-1
224,49,1348.12,544.36,48.23,141.57,0.6694,-1,-1,-1
225,67,1732.59,554.39,51.09,128.76,0.6826,-1,-1,-1
225,66,126.40,578.17,40.27,95.90,0.6090,-1,-1,-1
225,49,1350.86,545.78,47.47,137.89,0.8679,-1,-1,-1
226,67,1739.43,558.82,49.46,121.95,0.6150,-1,-1,-1
226,66,126.24,586.73,42.50,92.80,0.5334,-1,-1,-1
226,64,0.00,599.91,34.27,78.49,0.3546,-1,-1,-1
226,49,1352.59,546.16,48.01,138.26,0.8090,-1,-1,-1
227,67,1744.56,559.12,49.32,125.86,0.6264,-1,-1,-1
227,64,0.00,596.92,29.50,81.44,0.3024,-1,-1,-1
227,58,1355.66,546.19,47.12,141.18,0.3345,-1,-1,-1
227,49,1355.24,548.34,47.43,139.37,0.6956,-1,-1,-1
228,67,1751.64,552.85,52.93,131.22,0.5206,-1,-1,-1
228,66,119.32,585.23,34.94,97.58,0.3675,-1,-1,-1
228,58,1357.35,545.68,47.69,144.99,0.5328,-1,-1,-1
228,49,1357.74,549.04,46.81,143.07,0.3336,-1,-1,-1
229,67,1754.19,562.24,57.52,123.42,0.4100,-1,-1,-1
229,66,118.10,585.05,32.97,98.02,0.4669,-1,-1,-1
229,58,1359.01,547.29,47.64,142.21,0.6378,-1,-1,-1
230,67,1766.70,555.07,51.36,126.23,0.4003,-1,-1,-1
230,66,118.05,586.73,35.12,98.01,0.3052,-1,-1,-1
230,61,1768.90,554.10,49.15,126.07,0.4495,-1,-1,-1
230,58,1362.30,548.13,48.46,141.11,0.5629,-1,-1,-1
231,67,1777.60,554.45,53.32,128.66,0.6908,-1,-1,-1
231,66,115.95,587.64,34.54,96.92,0.4126,-1,-1,-1
231,64,0.00,596.39,22.68,84.49,0.3035,-1,-1,-1
231,58,1363.10,551.22,49.06,138.25,0.4055,-1,-1,-1
232,67,1786.73,555.82,52.22,126.85,0.5358,-1,-1,-1
232,66,112.71,589.93,37.13,95.45,0.3079,-1,-1,-1
232,64,0.00,602.80,23.52,79.00,0.3606,-1,-1,-1
232,61,1775.95,552.74,65.76,133.21,0.5679,-1,-1,-1
232,58,1367.07,551.42,47.07,140.08,0.7333,-1,-1,-1
233,61,1779.72,561.68,70.41,126.70,0.3653,-1,-1,-1
233,58,1368.79,549.16,48.45,142.66,0.5154,-1,-1,-1
233,49,1368.63,548.98,47.67,145.09,0.5361,-1,-1,-1
234,69,32.37,494.97,51.59,142.46,0.3043,-1,-1,-1
234,66,109.28,589.23,38.03,98.42,0.4187,-1,-1,-1
234,58,1371.46,552.44,49.66,139.71,0.6478,-1,-1,-1
235,67,1814.12,558.91,49.35,128.71,0.4921,-1,-1,-1
235,58,1374.77,553.53,49.37,136.62,0.6563,-1,-1,-1
236,69,28.00,491.84,50.88,145.02,0.3035,-1,-1,-1
236,67,1824.48,550.13,55.69,127.83,0.5650,-1,-1,-1
236,58,1377.74,552.00,52.24,139.18,0.5843,-1,-1,-1
237,67,1835.11,547.60,54.17,131.04,0.4562,-1,-1,-1
237,61,1826.46,546.80,67.56,138.96,0.3527,-1,-1,-1
237,58,1380.36,550.58,54.77,141.02,0.4090,-1,-1,-1
238,66,104.81,585.07,41.28,101.17,0.3464,-1,-1,-1
238,61,1835.59,545.34,69.07,141.63,0.4683,-1,-1,-1
238,58,1383.78,550.46,50.05,141.67,0.7025,-1,-1,-1
239,67,1850.97,545.85,55.81,135.00,0.3089,-1,-1,-1
239,61,1847.75,545.33,70.94,138.63,0.4972,-1,-1,-1
239,58,1386.34,549.50,51.03,141.59,0.6978,-1,-1,-1
240,67,1864.36,542.40,48.93,129.64,0.4103,-1,-1,-1
240,61,1861.51,543.29,57.35,134.66,0.4221,-1,-1,-1
240,58,1392.13,543.94,45.74,146.51,0.5542,-1,-1,-1
241,67,1868.36,547.47,48.84,128.81,0.3077,-1,-1,-1
241,61,1869.82,547.43,49.37,139.31,0.4678,-1,-1,-1
241,58,1396.09,547.77,48.07,144.98,0.4934,-1,-1,-1
242,67,1884.54,558.01,34.73,105.37,0.3527,-1,-1,-1
242,66,104.25,581.35,42.67,103.30,0.3982,-1,-1,-1
242,58,1401.32,549.34,47.01,145.02,0.6236,-1,-1,-1
243,58,1405.62,549.84,45.96,144.72,0.6861,-1,-1,-1
244,58,1410.37,551.91,47.32,140.51,0.7055,-1,-1,-1
245,66,105.57,581.41,42.52,105.36,0.3766,-1,-1,-1
245,58,1418.27,556.22,45.20,137.77,0.5695,-1,-1,-1
246,66,105.89,581.48,41.64,106.32,0.3453,-1,-1,-1
246,58,1422.11,554.17,46.72,141.15,0.7898,-1,-1,-1
247,71,1319.57,582.28,44.00,132.74,0.3395,-1,-1,-1
247,66,104.52,584.70,42.98,105.61,0.4252,-1,-1,-1
247,58,1428.46,553.39,45.59,145.31,0.7381,-1,-1,-1
248,71,1326.35,585.39,48.56,128.70,0.3849,-1,-1,-1
248,66,105.40,586.60,42.28,103.70,0.3916,-1,-1,-1
248,58,1434.34,551.62,47.12,148.25,0.6333,-1,-1,-1
249,71,1334.13,582.21,48.02,129.93,0.3238,-1,-1,-1
249,66,105.19,587.73,44.05,105.16,0.4764,-1,-1,-1
249,58,1442.54,547.76,44.65,151.08,0.6126,-1,-1,-1
250,66,105.51,589.08,45.48,104.06,0.5412,-1,-1,-1
250,58,1446.80,546.87,47.23,150.94,0.6242,-1,-1,-1
251,66,106.64,589.90,43.78,105.04,0.5179,-1,-1,-1
251,58,1454.17,539.24,44.26,161.72,0.4732,-1,-1,-1
252,66,113.41,590.32,38.86,104.31,0.3952,-1,-1,-1
252,58,1461.55,543.43,45.27,153.82,0.4066,-1,-1,-1
253,66,117.63,591.29,37.84,105.72,0.5298,-1,-1,-1
253,58,1468.79,539.10,44.33,158.10,0.4534,-1,-1,-1
254,72,121.03,589.95,42.23,106.66,0.3233,-1,-1,-1
254,66,119.13,591.46,37.48,105.81,0.4584,-1,-1,-1
254,58,1472.54,539.26,51.94,157.70,0.6251,-1,-1,-1
255,69,28.75,511.36,49.80,140.24,0.3624,-1,-1,-1
255,66,121.05,593.05,47.11,108.50,0.5271,-1,-1,-1
255,58,1481.24,535.66,43.43,161.46,0.4556,-1,-1,-1
256,74,1488.82,539.52,47.65,155.23,0.6254,-1,-1,-1
256,66,123.25,594.89,43.71,110.87,0.4959,-1,-1,-1
256,58,1490.02,540.60,45.54,155.99,0.5576,-1,-1,-1
257,74,1498.25,537.43,43.65,154.84,0.7084,-1,-1,-1
257,66,128.57,594.24,45.05,110.48,0.4609,-1,-1,-1
257,64,0.00,607.77,24.23,96.11,0.4165,-1,-1,-1
258,74,1505.13,546.74,46.54,148.41,0.4874,-1,-1,-1
258,66,131.48,596.74,39.95,108.31,0.4314,-1,-1,-1
258,64,0.04,607.32,22.76,97.46,0.5659,-1,-1,-1
259,74,1513.31,551.33,49.39,144.19,0.5257,-1,-1,-1
259,69,38.06,507.48,51.87,149.51,0.3557,-1,-1,-1
259,66,131.09,595.76,41.43,110.11,0.4747,-1,-1,-1
259,64,0.08,608.27,24.06,96.18,0.5898,-1,-1,-1
260,74,1509.80,549.28,67.67,149.13,0.7227,-1,-1,-1
260,66,130.59,597.88,37.42,110.19,0.3801,-1,-1,-1
260,64,0.17,609.21,26.90,96.27,0.5162,-1,-1,-1
261,74,1518.45,552.92,67.11,145.21,0.5475,-1,-1,-1
261,66,133.35,599.60,37.19,109.20,0.3961,-1,-1,-1
261,64,0.28,610.29,31.80,96.90,0.5968,-1,-1,-1
262,75,977.80,508.00,27.61,86.89,0.3166,-1,-1,-1
262,74,1518.28,565.05,79.77,132.23,0.3497,-1,-1,-1
262,66,137.41,600.01,37.33,109.64,0.5067,-1,-1,-1
262,64,0.20,610.61,30.46,97.10,0.5691,-1,-1,-1
263,66,139.11,600.91,33.69,107.02,0.3379,-1,-1,-1
263,64,0.32,612.17,32.40,95.51,0.4802,-1,-1,-1
264,64,0.31,612.54,33.99,95.96,0.6009,-1,-1,-1
265,76,152.40,599.35,46.59,112.03,0.4310,-1,-1,-1
265,75,987.99,510.81,29.57,86.00,0.3133,-1,-1,-1
265,64,0.09,615.30,32.75,93.05,0.4117,-1,-1,-1
266,75,997.96,509.53,30.64,89.09,0.3958,-1,-1,-1
266,64,0.01,613.18,38.03,95.38,0.5686,-1,-1,-1
267,76,153.93,599.38,43.03,111.41,0.3558,-1,-1,-1
267,64,0.05,612.89,42.01,96.08,0.5615,-1,-1,-1
268,78,1047.15,505.61,41.47,105.43,0.3778,-1,-1,-1
268,64,0.10,612.48,42.79,96.02,0.3819,-1,-1,-1
269,79,3.58,608.99,43.66,99.20,0.5306,-1,-1,-1
269,78,1057.95,506.68,41.79,98.86,0.4656,-1,-1,-1
269,66,154.11,600.92,43.41,111.14,0.3941,-1,-1,-1
270,79,3.75,605.91,47.59,99.81,0.5417,-1,-1,-1
270,78,1062.78,503.67,40.34,97.76,0.4494,-1,-1,-1
270,76,157.08,594.71,41.66,113.42,0.3655,-1,-1,-1
270,75,1022.49,507.13,28.80,92.16,0.3972,-1,-1,-1
270,58,1570.68,592.24,47.97,187.28,0.4515,-1,-1,-1
271,79,11.59,606.52,42.27,98.15,0.6161,-1,-1,-1
271,78,1069.09,503.86,42.08,99.19,0.4773,-1,-1,-1
271,76,161.87,594.18,40.65,112.92,0.5461,-1,-1,-1
271,58,1585.70,593.63,55.81,189.00,0.3538,-1,-1,-1
272,79,12.30,603.10,43.57,101.11,0.5914,-1,-1,-1
272,78,1072.77,505.19,40.77,101.19,0.3759,-1,-1,-1
273,79,14.48,602.85,42.98,101.99,0.6591,-1,-1,-1
273,76,170.29,591.29,52.31,116.96,0.4052,-1,-1,-1
274,79,14.35,599.55,44.36,103.45,0.5064,-1,-1,-1
274,78,1090.84,505.97,45.25,96.50,0.5271,-1,-1,-1
274,75,1055.11,505.78,25.00,91.72,0.3906,-1,-1,-1
275,81,1048.64,511.48,30.21,84.80,0.3225,-1,-1,-1
275,79,15.61,598.68,48.21,105.37,0.7036,-1,-1,-1
275,78,1094.34,507.61,41.17,96.02,0.4009,-1,-1,-1
275,76,173.79,592.94,48.09,115.19,0.4003,-1,-1,-1
275,74,1641.95,571.11,85.42,231.07,0.3223,-1,-1,-1
276,79,18.35,601.67,46.78,102.31,0.7177,-1,-1,-1
276,78,1096.93,506.04,36.30,98.38,0.3031,-1,-1,-1
276,76,175.17,591.56,46.19,115.57,0.5875,-1,-1,-1
276,74,1657.17,581.56,73.35,232.53,0.6394,-1,-1,-1
277,79,20.30,599.72,45.31,104.77,0.7018,-1,-1,-1
277,76,177.18,591.22,43.62,116.67,0.4910,-1,-1,-1
277,75,1055.51,505.27,34.11,90.48,0.3267,-1,-1,-1
277,74,1670.55,593.49,79.59,224.48,0.3183,-1,-1,-1
278,82,1176.53,514.45,29.44,96.62,0.3544,-1,-1,-1
278,79,21.49,599.15,44.21,106.08,0.6720,-1,-1,-1
278,78,1116.11,508.40,43.22,94.04,0.3615,-1,-1,-1
278,76,176.22,591.50,45.91,117.81,0.5010,-1,-1,-1
278,75,1073.11,505.24,28.81,95.10,0.4460,-1,-1,-1
278,74,1681.63,596.89,84.47,228.96,0.4137,-1,-1,-1
279,79,24.67,598.51,47.97,108.06,0.7349,-1,-1,-1
279,78,1127.63,514.92,30.93,86.67,0.3094,-1,-1,-1
279,76,178.74,592.64,44.95,117.71,0.5752,-1,-1,-1
279,75,1069.89,509.54,32.63,88.19,0.4504,-1,-1,-1
279,74,1694.95,597.85,87.26,232.23,0.6662,-1,-1,-1
280,79,25.66,600.48,47.70,110.81,0.7495,-1,-1,-1
280,76,182.09,597.06,41.92,115.69,0.6421,-1,-1,-1
281,79,25.48,602.15,50.09,112.30,0.7066,-1,-1,-1
281,78,1119.90,505.64,43.30,98.88,0.3782,-1,-1,-1
281,76,184.63,597.96,40.54,117.02,0.5137,-1,-1,-1
281,74,1721.75,609.31,107.41,234.88,0.6723,-1,-1,-1
282,79,26.90,604.85,49.55,109.15,0.6753,-1,-1,-1
282,76,186.39,597.35,44.18,118.30,0.4335,-1,-1,-1
282,74,1731.75,610.78,120.65,237.47,0.6855,-1,-1,-1
283,84,1740.09,551.24,62.49,182.00,0.4690,-1,-1,-1
283,79,30.01,610.29,49.16,107.58,0.7323,-1,-1,-1
283,76,188.21,598.78,42.33,116.41,0.3359,-1,-1,-1
283,74,1784.51,609.30,90.15,240.40,0.6774,-1,-1,-1
283,66,189.57,600.05,56.20,116.93,0.3730,-1,-1,-1
284,85,1250.25,540.32,48.48,119.93,0.3065,-1,-1,-1
284,79,33.20,610.25,47.71,109.71,0.7562,-1,-1,-1
284,74,1799.87,607.95,99.84,245.14,0.8431,-1,-1,-1
285,85,1252.19,537.91,46.45,123.74,0.3948,-1,-1,-1
285,84,1764.62,549.86,60.56,186.94,0.7144,-1,-1,-1
285,79,36.03,612.94,46.43,109.98,0.7650,-1,-1,-1
285,74,1826.15,613.69,93.20,243.71,0.8474,-1,-1,-1
285,66,195.59,603.94,51.13,116.23,0.3323,-1,-1,-1
286,87,1314.73,532.19,39.61,121.74,0.3004,-1,-1,-1
286,84,1776.73,546.27,67.25,191.47,0.7839,-1,-1,-1
286,79,36.71,612.07,46.16,113.65,0.8269,-1,-1,-1
286,74,1845.47,612.44,73.66,249.41,0.8016,-1,-1,-1
286,66,197.35,603.20,50.38,119.06,0.3639,-1,-1,-1
287,84,1791.58,548.44,70.88,192.72,0.6600,-1,-1,-1
287,79,37.57,613.28,48.39,113.50,0.8026,-1,-1,-1
287,74,1866.30,616.52,52.86,247.65,0.7891,-1,-1,-1
287,66,199.41,606.14,48.57,119.79,0.4778,-1,-1,-1
288,84,1805.44,547.67,69.48,195.42,0.7715,-1,-1,-1
288,79,38.40,614.61,50.61,112.35,0.7914,-1,-1,-1
288,74,1890.31,654.40,29.00,210.77,0.5412,-1,-1,-1
288,66,200.67,604.63,46.26,122.72,0.5549,-1,-1,-1
289,84,1819.32,545.29,76.77,197.48,0.8164,-1,-1,-1
289,79,38.49,616.96,50.41,112.37,0.7643,-1,-1,-1
289,76,201.83,606.77,41.40,121.25,0.4391,-1,-1,-1
290,84,1834.78,543.71,71.36,198.92,0.8632,-1,-1,-1
290,79,40.70,614.00,51.23,114.93,0.7527,-1,-1,-1
290,76,203.76,605.10,45.04,123.15,0.5219,-1,-1,-1
291,84,1848.89,541.68,70.30,202.01,0.8023,-1,-1,-1
291,79,43.46,614.82,49.75,116.31,0.6440,-1,-1,-1
292,89,1207.94,515.58,48.57,84.99,0.4002,-1,-1,-1
292,84,1862.41,542.28,56.72,203.87,0.7697,-1,-1,-1
292,79,45.34,614.58,50.68,118.55,0.6669,-1,-1,-1
292,66,217.71,609.45,50.90,122.60,0.4611,-1,-1,-1
293,84,1877.12,540.97,42.05,207.94,0.7756,-1,-1,-1
293,79,48.04,615.24,51.89,123.18,0.7295,-1,-1,-1
293,66,217.96,613.16,50.04,122.00,0.4769,-1,-1,-1
294,79,47.81,618.15,53.74,120.61,0.6860,-1,-1,-1
294,66,216.72,612.89,50.29,122.74,0.5515,-1,-1,-1
295,79,47.75,620.51,55.03,118.98,0.6341,-1,-1,-1
295,76,214.01,614.20,37.54,122.81,0.4318,-1,-1,-1
295,66,217.04,615.02,49.93,121.19,0.3946,-1,-1,-1
296,85,1310.34,560.11,48.84,119.72,0.3545,-1,-1,-1
296,79,49.02,620.62,56.14,118.69,0.6361,-1,-1,-1
296,76,214.82,614.27,38.28,124.48,0.4385,-1,-1,-1
296,66,217.86,614.43,49.46,123.99,0.3964,-1,-1,-1
297,91,1380.38,562.37,42.46,101.25,0.4026,-1,-1,-1
297,79,49.17,621.55,56.58,119.68,0.5736,-1,-1,-1
297,66,226.73,616.10,42.71,124.03,0.3366,-1,-1,-1
298,91,1387.51,545.77,41.76,119.82,0.4304,-1,-1,-1
298,90,1348.41,533.83,46.26,133.59,0.4760,-1,-1,-1
298,79,49.53,620.74,55.73,120.16,0.6386,-1,-1,-1
298,76,216.97,613.44,34.88,126.45,0.3100,-1,-1,-1
298,66,227.27,613.38,44.80,125.65,0.4831,-1,-1,-1
299,90,1356.70,535.09,38.90,101.94,0.3207,-1,-1,-1
299,79,50.14,622.07,55.50,118.76,0.6558,-1,-1,-1
299,66,229.56,617.10,42.33,122.70,0.5306,-1,-1,-1
300,90,1352.94,533.68,45.61,93.05,0.3310,-1,-1,-1
300,87,1320.59,525.44,29.07,98.28,0.3635,-1,-1,-1
300,79,50.43,620.07,56.72,122.39,0.5838,-1,-1,-1
300,66,229.92,615.87,45.83,125.28,0.5491,-1,-1,-1
301,90,1357.86,531.04,42.86,94.34,0.4614,-1,-1,-1
301,79,52.82,623.60,53.20,119.41,0.4712,-1,-1,-1
301,66,228.67,617.34,47.20,125.57,0.4849,-1,-1,-1
302,93,48.00,622.60,37.87,122.36,0.3381,-1,-1,-1
302,90,1363.75,533.66,40.38,89.83,0.3166,-1,-1,-1
302,79,53.32,622.50,54.42,120.42,0.4627,-1,-1,-1
302,66,227.87,615.35,48.05,127.96,0.4669,-1,-1,-1
303,79,48.10,628.44,56.38,122.15,0.5167,-1,-1,-1
303,76,226.05,623.26,47.47,124.86,0.5129,-1,-1,-1
304,79,50.60,627.34,55.82,122.30,0.5560,-1,-1,-1
304,76,227.24,622.34,49.04,126.41,0.4223,-1,-1,-1
305,79,49.47,635.86,57.75,118.80,0.5626,-1,-1,-1
305,76,226.02,627.85,51.70,124.98,0.6148,-1,-1,-1
306,79,48.23,634.65,57.52,117.92,0.5497,-1,-1,-1
306,76,225.94,626.58,50.62,126.86,0.5889,-1,-1,-1
307,96,1339.80,527.06,41.10,109.97,0.4452,-1,-1,-1
307,79,46.59,635.13,58.10,121.48,0.5339,-1,-1,-1
307,76,226.52,626.76,47.52,128.63,0.6294,-1,-1,-1
308,96,1343.10,523.32,38.80,114.12,0.3364,-1,-1,-1
308,79,45.81,638.00,59.59,125.62,0.3005,-1,-1,-1
308,76,227.05,629.68,45.16,131.59,0.6394,-1,-1,-1
309,79,44.79,637.22,59.41,125.34,0.3351,-1,-1,-1
309,76,226.10,627.57,42.58,133.22,0.6280,-1,-1,-1
310,76,225.63,630.44,44.71,132.72,0.6312,-1,-1,-1
311,79,40.69,641.69,62.44,127.21,0.4692,-1,-1,-1
311,76,227.14,633.90,47.82,132.00,0.5125,-1,-1,-1
311,66,241.52,632.88,47.53,131.68,0.3781,-1,-1,-1
312,79,39.22,640.49,63.03,126.26,0.3900,-1,-1,-1
312,76,226.05,630.86,43.34,132.94,0.5535,-1,-1,-1
313,79,38.35,643.01,63.61,129.73,0.5770,-1,-1,-1
313,76,227.78,634.84,48.78,133.03,0.4290,-1,-1,-1
313,66,240.69,634.47,48.25,132.27,0.4054,-1,-1,-1
314,93,36.60,644.65,54.22,128.45,0.4192,-1,-1,-1
314,79,36.56,644.98,62.01,128.73,0.3172,-1,-1,-1
314,76,226.53,637.05,42.71,134.97,0.4510,-1,-1,-1
315,93,36.25,644.64,57.93,127.48,0.4737,-1,-1,-1
315,91,1387.77,594.36,46.37,137.78,0.4120,-1,-1,-1
315,79,35.66,644.41,61.40,129.52,0.3051,-1,-1,-1
315,76,226.52,635.35,44.00,137.13,0.4758,-1,-1,-1
315,74,1882.85,715.00,36.45,182.52,0.3683,-1,-1,-1
316,79,33.60,645.11,58.49,130.26,0.4213,-1,-1,-1
316,76,225.68,636.05,42.34,138.16,0.4392,-1,-1,-1
317,91,1391.79,545.16,62.10,194.19,0.4669,-1,-1,-1
317,79,32.87,645.21,57.66,132.51,0.4437,-1,-1,-1
317,76,225.74,636.95,45.61,138.22,0.4637,-1,-1,-1
318,98,1395.59,556.60,64.11,183.89,0.4933,-1,-1,-1
318,91,1397.48,574.42,53.22,166.05,0.4024,-1,-1,-1
318,79,32.39,645.52,59.39,134.93,0.4010,-1,-1,-1
318,76,225.37,638.66,42.77,136.55,0.4768,-1,-1,-1
319,91,1400.46,588.69,52.78,156.15,0.4404,-1,-1,-1
319,79,32.30,646.67,57.95,134.51,0.3952,-1,-1,-1
319,76,225.66,638.74,41.68,137.25,0.3907,-1,-1,-1
320,99,1527.05,589.62,44.87,133.61,0.3924,-1,-1,-1
320,79,27.52,646.77,59.67,136.08,0.3329,-1,-1,-1
320,76,225.31,638.43,44.04,140.57,0.4240,-1,-1,-1
321,79,25.67,647.56,59.93,136.87,0.3433,-1,-1,-1
321,76,225.65,637.98,47.40,142.09,0.4813,-1,-1,-1
322,99,1534.72,590.78,57.01,135.48,0.5110,-1,-1,-1
322,79,23.90,647.17,60.21,138.19,0.3081,-1,-1,-1
322,76,223.85,637.79,49.59,144.16,0.4305,-1,-1,-1
323,99,1541.31,584.68,53.31,141.06,0.5288,-1,-1,-1
323,91,1406.89,605.20,68.34,145.01,0.4826,-1,-1,-1
323,76,221.15,636.71,50.82,146.72,0.3202,-1,-1,-1
324,99,1544.04,592.65,54.78,134.34,0.6125,-1,-1,-1
324,79,13.59,646.41,65.17,137.14,0.3560,-1,-1,-1
324,76,224.54,635.10,50.53,143.99,0.3878,-1,-1,-1
325,99,1548.79,607.75,51.23,123.78,0.6280,-1,-1,-1
325,93,11.50,647.03,65.12,135.67,0.4874,-1,-1,-1
325,91,1415.54,607.16,66.80,142.72,0.4767,-1,-1,-1
325,79,19.84,647.24,57.09,136.29,0.3191,-1,-1,-1
325,76,225.66,635.25,50.17,147.72,0.4005,-1,-1,-1
326,101,1774.06,539.46,39.76,106.39,0.4183,-1,-1,-1
326,99,1552.64,594.11,49.35,138.35,0.4812,-1,-1,-1
326,98,1376.93,583.12,51.78,147.60,0.3041,-1,-1,-1
326,93,8.85,646.57,61.58,136.88,0.5849,-1,-1,-1
326,91,1416.29,600.17,60.58,149.78,0.3646,-1,-1,-1
326,76,224.16,638.08,49.74,143.85,0.4390,-1,-1,-1
327,101,1780.93,540.56,39.70,111.25,0.4138,-1,-1,-1
327,99,1556.89,603.01,50.22,130.25,0.4154,-1,-1,-1
327,93,5.68,647.07,63.08,137.24,0.6193,-1,-1,-1
327,91,1419.09,600.31,59.64,151.38,0.5814,-1,-1,-1
327,76,218.55,639.78,54.09,141.19,0.4732,-1,-1,-1
328,101,1785.79,543.06,41.28,119.07,0.6099,-1,-1,-1
328,99,1560.74,598.12,51.16,135.88,0.3748,-1,-1,-1
328,93,3.12,650.84,63.25,137.66,0.5303,-1,-1,-1
328,91,1420.67,595.88,61.14,156.12,0.4886,-1,-1,-1
328,79,8.98,650.31,57.83,137.59,0.4356,-1,-1,-1
328,76,202.34,635.35,63.85,151.58,0.3364,-1,-1,-1
329,102,203.19,633.19,43.02,150.83,0.3470,-1,-1,-1
329,101,1791.62,539.04,44.16,123.00,0.3014,-1,-1,-1
329,99,1565.13,586.28,51.10,150.32,0.5946,-1,-1,-1
329,91,1419.26,594.57,61.43,154.73,0.5378,-1,-1,-1
329,79,11.74,647.05,50.29,137.67,0.6492,-1,-1,-1
329,76,199.79,631.23,52.03,151.85,0.3024,-1,-1,-1
330,102,202.90,634.67,47.47,149.95,0.3463,-1,-1,-1
330,101,1796.75,541.03,45.09,121.48,0.4444,-1,-1,-1
330,99,1562.92,590.48,56.86,148.49,0.4644,-1,-1,-1
330,79,8.69,647.28,47.69,135.93,0.6932,-1,-1,-1
330,76,199.41,632.29,52.48,150.79,0.3065,-1,-1,-1
331,102,201.49,635.30,50.59,152.30,0.3730,-1,-1,-1
331,101,1802.90,535.48,47.36,126.50,0.5967,-1,-1,-1
331,99,1568.72,594.43,55.16,141.09,0.4172,-1,-1,-1
331,91,1429.07,600.67,55.41,151.14,0.5810,-1,-1,-1
331,79,6.43,646.33,46.53,137.61,0.7153,-1,-1,-1
331,76,195.65,632.04,51.98,153.23,0.3312,-1,-1,-1
332,102,200.73,631.55,50.73,149.96,0.3779,-1,-1,-1
332,101,1805.37,535.56,47.27,125.22,0.4745,-1,-1,-1
332,99,1574.41,592.90,53.91,141.70,0.4527,-1,-1,-1
332,91,1429.08,597.17,55.59,153.18,0.4682,-1,-1,-1
332,79,2.95,643.47,44.84,135.49,0.6234,-1,-1,-1
332,76,188.71,632.88,40.43,150.67,0.3701,-1,-1,-1
333,103,1561.60,556.49,69.23,184.07,0.3323,-1,-1,-1
333,102,196.72,632.15,56.52,149.36,0.3126,-1,-1,-1
333,101,1813.99,527.22,46.44,128.42,0.4390,-1,-1,-1
333,91,1429.30,600.53,61.91,151.61,0.4138,-1,-1,-1
333,79,0.00,647.40,42.25,134.25,0.3794,-1,-1,-1
333,76,187.25,626.65,67.53,155.41,0.4297,-1,-1,-1
334,103,1576.52,583.20,61.73,157.87,0.3540,-1,-1,-1
334,101,1818.87,523.20,46.50,132.20,0.5081,-1,-1,-1
334,99,1580.43,587.93,58.57,149.49,0.4169,-1,-1,-1
334,96,1331.05,504.94,49.49,84.66,0.3013,-1,-1,-1
334,79,0.00,646.36,37.41,133.87,0.6937,-1,-1,-1
334,76,177.77,629.90,50.72,153.81,0.3252,-1,-1,-1
335,101,1826.25,519.72,48.15,133.99,0.5879,-1,-1,-1
335,99,1584.10,591.60,58.01,141.24,0.3276,-1,-1,-1
335,93,0.00,641.01,32.00,140.25,0.5493,-1,-1,-1
335,79,0.30,642.68,32.04,139.07,0.3777,-1,-1,-1
335,76,178.34,631.05,45.22,154.59,0.4038,-1,-1,-1
336,101,1828.03,514.42,51.25,135.85,0.5674,-1,-1,-1
336,93,0.00,642.47,27.22,142.05,0.7380,-1,-1,-1
336,91,1422.05,586.03,84.56,165.57,0.4433,-1,-1,-1
336,76,178.25,628.87,46.02,160.00,0.4571,-1,-1,-1
337,102,174.29,626.89,73.80,159.99,0.3105,-1,-1,-1
337,101,1837.45,519.78,48.10,135.16,0.5860,-1,-1,-1
337,99,1569.61,533.94,72.18,217.99,0.4371,-1,-1,-1
337,93,0.00,645.28,21.87,138.92,0.4551,-1,-1,-1
337,91,1427.60,593.59,82.27,165.59,0.7220,-1,-1,-1
337,76,178.78,629.04,51.01,164.84,0.4492,-1,-1,-1
338,101,1840.66,519.43,50.04,129.95,0.6411,-1,-1,-1
338,99,1571.13,531.41,71.24,215.97,0.3895,-1,-1,-1
338,93,0.00,667.16,19.02,123.76,0.3997,-1,-1,-1
338,91,1430.38,590.21,87.74,169.40,0.5844,-1,-1,-1
338,76,176.18,635.51,53.78,157.85,0.3655,-1,-1,-1
339,101,1845.66,519.20,47.55,132.17,0.5890,-1,-1,-1
339,99,1582.38,537.44,70.93,226.39,0.6173,-1,-1,-1
339,91,1425.54,598.11,96.27,166.73,0.7788,-1,-1,-1
339,76,170.06,638.91,56.40,157.64,0.4168,-1,-1,-1
340,101,1852.07,518.17,48.93,133.07,0.7082,-1,-1,-1
340,99,1577.02,537.26,78.22,230.20,0.6782,-1,-1,-1
340,91,1430.87,595.12,92.93,169.81,0.7809,-1,-1,-1
340,76,172.11,641.54,51.82,154.60,0.3714,-1,-1,-1
341,101,1857.72,519.98,46.44,135.33,0.3320,-1,-1,-1
341,91,1434.01,599.44,88.83,173.97,0.7903,-1,-1,-1
342,102,154.40,642.29,51.22,164.01,0.4313,-1,-1,-1
342,101,1863.08,524.27,46.91,133.36,0.3409,-1,-1,-1
342,91,1421.38,601.19,94.44,178.12,0.7574,-1,-1,-1
342,76,158.65,643.49,45.24,162.22,0.5540,-1,-1,-1
343,102,144.15,648.51,54.74,164.08,0.5168,-1,-1,-1
343,101,1865.53,533.87,52.74,126.73,0.3583,-1,-1,-1
343,99,1568.07,549.29,90.84,232.09,0.4406,-1,-1,-1
343,91,1443.05,611.83,71.92,170.88,0.5949,-1,-1,-1
343,76,154.70,650.92,46.43,161.13,0.5339,-1,-1,-1
344,102,137.84,652.55,61.71,165.48,0.5097,-1,-1,-1
344,101,1878.11,537.79,41.05,129.40,0.3159,-1,-1,-1
344,99,1571.63,569.23,93.05,215.60,0.4108,-1,-1,-1
344,91,1441.30,615.38,72.10,173.41,0.7316,-1,-1,-1
344,76,147.79,656.99,53.66,158.80,0.3472,-1,-1,-1
345,103,1572.85,594.18,50.05,181.29,0.3404,-1,-1,-1
345,102,126.28,665.57,60.25,161.19,0.3013,-1,-1,-1
345,101,1875.86,535.48,43.28,137.08,0.3502,-1,-1,-1
345,99,1573.66,591.74,86.04,197.31,0.3429,-1,-1,-1
345,91,1443.04,618.62,69.82,179.52,0.6459,-1,-1,-1
345,76,135.02,658.71,56.79,166.97,0.3153,-1,-1,-1
346,105,1878.12,533.51,41.07,144.06,0.4659,-1,-1,-1
346,101,1879.68,539.02,39.46,137.57,0.3948,-1,-1,-1
346,99,1576.32,592.92,92.66,203.79,0.5183,-1,-1,-1
346,91,1439.65,621.07,69.00,183.06,0.6121,-1,-1,-1
346,76,128.31,660.17,66.30,172.77,0.3992,-1,-1,-1
347,103,1575.90,599.69,63.92,195.77,0.5797,-1,-1,-1
347,102,112.79,669.81,61.55,170.64,0.4038,-1,-1,-1
347,91,1430.03,625.78,80.53,186.58,0.6695,-1,-1,-1
347,76,128.85,671.60,48.86,172.15,0.4574,-1,-1,-1
348,103,1577.25,602.65,64.31,194.19,0.5120,-1,-1,-1
348,102,110.29,668.70,64.08,173.10,0.3824,-1,-1,-1
348,91,1444.41,630.14,67.87,186.94,0.7046,-1,-1,-1
348,76,121.34,673.32,54.55,171.07,0.5051,-1,-1,-1
349,103,1578.16,614.16,67.24,194.65,0.4622,-1,-1,-1
349,102,103.12,671.81,66.20,172.83,0.4115,-1,-1,-1
349,98,1349.96,595.33,69.06,183.88,0.3305,-1,-1,-1
349,91,1442.16,633.60,75.83,190.62,0.7271,-1,-1,-1
350,106,1394.01,596.66,61.49,193.05,0.4173,-1,-1,-1
350,103,1580.16,614.35,73.28,185.78,0.6612,-1,-1,-1
350,102,101.48,670.07,61.43,174.53,0.5375,-1,-1,-1
350,98,1347.44,601.03,74.81,182.06,0.3440,-1,-1,-1
350,91,1440.87,635.79,80.47,192.34,0.5852,-1,-1,-1
351,107,143.39,668.11,51.99,155.20,0.4778,-1,-1,-1
351,103,1580.49,609.39,73.04,190.59,0.4899,-1,-1,-1
351,102,94.25,672.56,60.88,176.04,0.6029,-1,-1,-1
351,98,1353.13,601.23,73.89,184.55,0.4263,-1,-1,-1
351,91,1439.56,646.04,83.80,187.91,0.8078,-1,-1,-1
351,76,142.74,669.82,51.65,166.58,0.3285,-1,-1,-1
352,103,1583.47,606.00,80.07,206.56,0.6199,-1,-1,-1
352,102,85.89,673.70,63.91,176.00,0.6481,-1,-1,-1
352,98,1350.42,601.56,72.03,186.70,0.3444,-1,-1,-1
353,107,134.56,669.45,53.58,166.74,0.3404,-1,-1,-1
353,106,1397.09,601.04,55.28,193.95,0.4348,-1,-1,-1
353,103,1582.59,610.36,73.53,203.42,0.6390,-1,-1,-1
353,102,83.04,674.60,60.53,177.53,0.4329,-1,-1,-1
353,98,1351.64,602.21,72.04,186.49,0.5113,-1,-1,-1
353,91,1435.28,651.16,92.91,191.90,0.7788,-1,-1,-1
354,107,129.85,669.99,54.34,168.07,0.3339,-1,-1,-1
354,103,1581.83,621.00,72.08,197.75,0.6638,-1,-1,-1
354,102,80.14,678.48,62.97,176.09,0.4186,-1,-1,-1
354,98,1341.68,603.67,80.89,188.77,0.3384,-1,-1,-1
354,91,1448.11,655.12,80.55,195.76,0.7564,-1,-1,-1
354,76,127.20,669.78,52.79,165.52,0.4012,-1,-1,-1
355,106,1390.56,604.58,63.57,199.32,0.4391,-1,-1,-1
355,103,1582.03,627.65,75.15,195.38,0.6584,-1,-1,-1
355,98,1350.25,605.01,66.69,189.87,0.4037,-1,-1,-1
355,91,1446.78,655.83,84.08,196.59,0.6607,-1,-1,-1
355,76,123.44,667.51,50.60,163.35,0.5616,-1,-1,-1
356,103,1580.58,630.01,79.19,199.01,0.6041,-1,-1,-1
356,102,76.07,682.62,52.50,177.16,0.3431,-1,-1,-1
356,98,1349.34,598.84,63.05,197.43,0.3994,-1,-1,-1
356,91,1440.21,658.53,94.38,198.62,0.7701,-1,-1,-1
356,76,118.00,667.55,55.01,165.83,0.3355,-1,-1,-1
357,106,1381.55,611.43,71.58,201.01,0.3176,-1,-1,-1
357,103,1576.07,642.27,86.92,194.79,0.6841,-1,-1,-1
357,102,78.21,680.04,46.27,170.38,0.3564,-1,-1,-1
357,91,1450.55,666.03,83.65,196.85,0.7736,-1,-1,-1
358,106,1386.02,612.12,73.89,202.40,0.5422,-1,-1,-1
358,103,1575.07,648.00,92.44,191.00,0.7370,-1,-1,-1
358,102,55.49,682.21,62.21,182.86,0.5567,-1,-1,-1
358,98,1350.16,598.72,52.63,200.24,0.4564,-1,-1,-1
358,91,1452.42,670.87,81.53,194.36,0.7741,-1,-1,-1
359,109,45.49,693.03,62.25,175.93,0.3784,-1,-1,-1
359,108,1347.73,598.93,49.78,172.96,0.3204,-1,-1,-1
359,107,97.76,673.11,50.31,174.82,0.3901,-1,-1,-1
359,106,1384.28,614.33,75.26,204.14,0.4766,-1,-1,-1
359,103,1578.00,648.57,93.72,197.62,0.7055,-1,-1,-1
359,102,31.58,706.17,55.36,163.19,0.3194,-1,-1,-1
359,98,1345.48,597.06,53.59,205.56,0.3509,-1,-1,-1
359,91,1451.56,677.56,82.52,197.47,0.7308,-1,-1,-1
359,76,96.80,673.24,50.39,170.63,0.4076,-1,-1,-1
360,109,37.79,692.01,62.43,178.89,0.4369,-1,-1,-1
360,107,93.07,674.64,53.48,174.37,0.3858,-1,-1,-1
360,106,1375.63,620.75,83.63,199.09,0.3745,-1,-1,-1
360,103,1582.09,657.60,90.01,194.61,0.6696,-1,-1,-1
360,102,54.49,693.75,48.82,173.31,0.3633,-1,-1,-1
360,98,1340.71,594.33,57.48,216.28,0.5652,-1,-1,-1
360,91,1453.62,680.63,80.57,197.64,0.7758,-1,-1,-1
361,109,32.84,688.59,61.83,184.33,0.5507,-1,-1,-1
361,107,80.43,683.61,52.33,167.12,0.3085,-1,-1,-1
361,106,1373.88,620.37,80.76,202.07,0.3491,-1,-1,-1
361,103,1580.33,659.61,93.34,197.56,0.6948,-1,-1,-1
361,98,1340.56,596.51,55.76,217.46,0.4238,-1,-1,-1
361,91,1454.10,682.93,72.31,202.04,0.7981,-1,-1,-1
361,76,85.47,680.22,55.42,167.97,0.4177,-1,-1,-1
362,109,22.69,692.58,69.58,185.88,0.4889,-1,-1,-1
362,107,76.26,683.49,50.09,169.66,0.4669,-1,-1,-1
362,106,1373.61,623.97,87.69,208.28,0.4953,-1,-1,-1
362,103,1582.83,658.92,89.03,204.45,0.6494,-1,-1,-1
362,98,1341.31,598.94,53.09,221.75,0.5256,-1,-1,-1
362,91,1454.02,682.38,76.50,206.59,0.8171,-1,-1,-1
363,107,69.02,682.04,52.18,173.55,0.3399,-1,-1,-1
363,106,1377.54,618.36,83.73,216.50,0.5026,-1,-1,-1
363,103,1584.00,659.62,84.41,207.34,0.5979,-1,-1,-1
363,98,1339.57,599.65,54.20,221.39,0.6023,-1,-1,-1
363,91,1454.78,679.73,77.58,215.55,0.8028,-1,-1,-1
364,109,7.55,697.73,61.49,185.90,0.4312,-1,-1,-1
364,106,1373.18,625.26,74.12,217.70,0.4536,-1,-1,-1
364,103,1581.45,660.86,79.85,216.56,0.7306,-1,-1,-1
364,98,1339.49,610.64,52.28,184.50,0.3108,-1,-1,-1
364,91,1450.27,690.28,85.44,217.45,0.8087,-1,-1,-1
365,109,2.56,703.39,64.15,191.01,0.4917,-1,-1,-1
365,106,1371.11,629.64,76.54,218.55,0.4889,-1,-1,-1
365,103,1581.90,664.53,76.42,216.20,0.6909,-1,-1,-1
365,98,1339.99,629.87,48.35,162.08,0.4591,-1,-1,-1
365,91,1446.77,691.61,90.77,221.94,0.8061,-1,-1,-1
366,109,3.52,706.42,53.31,187.53,0.4889,-1,-1,-1
366,107,49.53,694.32,52.88,173.27,0.5287,-1,-1,-1
366,106,1372.29,632.66,71.50,219.14,0.6423,-1,-1,-1
366,103,1579.32,661.91,79.88,220.89,0.7566,-1,-1,-1
366,102,9.65,705.99,49.08,188.46,0.4124,-1,-1,-1
366,98,1339.08,634.09,52.65,214.89,0.3252,-1,-1,-1
366,91,1448.14,697.79,96.37,224.53,0.7842,-1,-1,-1
367,109,7.74,718.18,46.77,172.96,0.4378,-1,-1,-1
367,107,45.15,704.21,49.21,171.89,0.5043,-1,-1,-1
367,106,1372.88,639.03,70.03,215.93,0.5690,-1,-1,-1
367,103,1578.16,662.31,81.89,232.21,0.7167,-1,-1,-1
367,102,2.42,713.60,54.55,186.25,0.5995,-1,-1,-1
367,98,1334.35,641.14,48.47,155.89,0.5410,-1,-1,-1
367,91,1453.46,705.73,91.66,222.55,0.7960,-1,-1,-1
367,76,44.45,704.17,48.07,176.21,0.3498,-1,-1,-1
368,108,1332.58,645.11,50.46,166.86,0.4938,-1,-1,-1
368,106,1373.27,641.93,63.84,215.07,0.6282,-1,-1,-1
368,103,1576.35,666.64,86.93,232.61,0.6722,-1,-1,-1
368,102,0.00,711.67,46.74,194.04,0.4708,-1,-1,-1
368,98,1331.50,645.87,56.43,210.68,0.4375,-1,-1,-1
368,91,1455.46,710.60,91.88,224.84,0.7923,-1,-1,-1
369,108,1330.18,646.96,50.98,169.94,0.4718,-1,-1,-1
369,106,1373.11,642.28,64.77,217.91,0.6701,-1,-1,-1
369,103,1575.28,664.21,91.81,237.05,0.6731,-1,-1,-1
369,102,0.00,714.48,40.45,196.68,0.5153,-1,-1,-1
369,98,1328.41,645.52,57.40,209.35,0.5726,-1,-1,-1
369,91,1460.20,708.92,90.34,230.33,0.6128,-1,-1,-1
369,76,28.63,710.11,52.20,181.83,0.4990,-1,-1,-1
370,108,1326.53,644.21,61.29,219.39,0.3210,-1,-1,-1
370,106,1368.22,642.91,65.74,223.14,0.5726,-1,-1,-1
370,103,1560.58,662.58,105.79,241.82,0.7173,-1,-1,-1
370,102,0.04,720.80,30.54,191.78,0.3078,-1,-1,-1
370,98,1327.60,648.60,50.87,155.20,0.3201,-1,-1,-1
370,91,1459.46,716.51,91.74,228.77,0.6594,-1,-1,-1
371,106,1366.82,643.75,67.71,225.18,0.5533,-1,-1,-1
371,103,1555.03,665.03,114.39,240.07,0.7576,-1,-1,-1
371,91,1461.25,719.16,91.19,229.00,0.7708,-1,-1,-1
371,76,3.66,715.25,59.32,193.36,0.4252,-1,-1,-1
372,106,1362.94,644.85,71.09,226.56,0.5249,-1,-1,-1
372,103,1556.47,668.07,114.73,243.48,0.7400,-1,-1,-1
372,98,1323.71,651.15,51.41,158.51,0.3367,-1,-1,-1
372,91,1460.49,719.60,93.27,232.98,0.7896,-1,-1,-1
372,76,1.07,718.19,56.78,185.16,0.6799,-1,-1,-1
373,106,1359.49,647.76,72.49,225.86,0.4654,-1,-1,-1
373,103,1557.52,670.96,113.93,245.56,0.7566,-1,-1,-1
373,98,1320.31,651.60,53.97,163.98,0.3254,-1,-1,-1
373,91,1459.11,719.85,94.67,235.72,0.7962,-1,-1,-1
373,76,0.62,727.06,50.12,179.13,0.5914,-1,-1,-1
374,106,1357.93,653.32,74.67,222.85,0.5707,-1,-1,-1
374,103,1561.08,676.97,111.18,245.36,0.6224,-1,-1,-1
374,91,1454.73,723.47,94.45,237.89,0.7851,-1,-1,-1
374,76,0.17,729.39,42.63,181.13,0.6572,-1,-1,-1
375,106,1356.94,656.46,78.71,222.11,0.5659,-1,-1,-1
375,103,1561.36,680.47,106.99,241.21,0.6237,-1,-1,-1
375,91,1455.20,723.58,85.86,240.94,0.8034,-1,-1,-1
375,76,0.19,729.68,34.87,185.05,0.5882,-1,-1,-1
376,106,1350.42,652.50,78.87,222.21,0.5327,-1,-1,-1
376,103,1558.89,678.99,103.95,243.94,0.6613,-1,-1,-1
376,91,1456.60,725.62,80.35,241.98,0.8136,-1,-1,-1
376,76,0.14,729.34,23.84,179.94,0.5772,-1,-1,-1
377,112,1711.29,605.64,60.35,145.21,0.3148,-1,-1,-1
377,106,1345.97,648.25,87.74,228.46,0.6111,-1,-1,-1
377,103,1554.24,679.46,102.19,240.36,0.7174,-1,-1,-1
377,91,1456.23,725.14,81.29,247.40,0.8076,-1,-1,-1
378,112,1724.38,605.70,65.35,139.53,0.3176,-1,-1,-1
378,106,1340.54,646.19,87.65,233.01,0.5098,-1,-1,-1
378,103,1549.08,682.19,102.29,246.10,0.7505,-1,-1,-1
378,91,1458.06,726.03,80.07,252.64,0.8009,-1,-1,-1
379,112,1714.33,603.69,57.73,140.75,0.3588,-1,-1,-1
379,103,1546.19,681.15,98.46,247.25,0.7260,-1,-1,-1
379,91,1457.02,725.64,79.11,260.99,0.7927,-1,-1,-1
380,112,1712.62,603.63,57.27,143.03,0.3437,-1,-1,-1
380,106,1327.19,646.47,67.90,184.14,0.4248,-1,-1,-1
380,103,1541.71,678.44,96.78,252.13,0.7805,-1,-1,-1
380,91,1455.15,725.24,79.26,266.49,0.7761,-1,-1,-1
381,112,1711.67,602.35,55.38,141.91,0.4310,-1,-1,-1
381,106,1327.36,646.35,63.36,187.30,0.3777,-1,-1,-1
381,103,1529.72,679.87,89.88,258.49,0.6596,-1,-1,-1
381,91,1452.56,725.80,91.70,270.31,0.7776,-1,-1,-1
382,113,1446.56,559.83,40.31,82.24,0.3280,-1,-1,-1
382,112,1711.32,594.91,60.22,148.93,0.4150,-1,-1,-1
382,106,1325.38,646.37,58.30,183.57,0.5414,-1,-1,-1
382,103,1532.28,680.02,81.08,258.48,0.6293,-1,-1,-1
382,91,1449.92,730.51,90.84,270.91,0.7508,-1,-1,-1
383,115,1549.83,559.98,44.14,89.19,0.3633,-1,-1,-1
383,112,1710.91,600.74,54.09,141.92,0.5052,-1,-1,-1
383,106,1322.41,647.51,53.73,187.05,0.4418,-1,-1,-1
383,103,1528.59,685.94,82.53,254.95,0.6444,-1,-1,-1
383,91,1446.31,737.64,96.88,268.70,0.7975,-1,-1,-1
384,114,1713.22,593.27,67.66,151.04,0.3088,-1,-1,-1
384,112,1711.34,599.41,54.53,143.39,0.5327,-1,-1,-1
384,106,1318.31,649.69,50.89,186.92,0.3764,-1,-1,-1
384,103,1519.03,687.29,91.51,256.78,0.6864,-1,-1,-1
384,91,1443.02,740.89,101.83,271.38,0.8027,-1,-1,-1
385,114,1715.71,591.04,73.68,156.94,0.4785,-1,-1,-1
385,112,1713.83,595.65,62.00,149.49,0.3744,-1,-1,-1
385,106,1249.73,642.57,114.29,220.91,0.4855,-1,-1,-1
385,103,1518.36,690.28,92.73,250.92,0.6971,-1,-1,-1
385,91,1439.89,742.46,99.75,271.74,0.7887,-1,-1,-1
386,113,1431.02,559.15,48.47,83.91,0.3504,-1,-1,-1
386,106,1243.64,644.33,59.13,216.86,0.4153,-1,-1,-1
386,103,1513.30,698.37,95.67,249.72,0.7046,-1,-1,-1
386,91,1434.04,745.51,95.61,273.75,0.8148,-1,-1,-1
387,110,1495.68,557.20,46.83,76.02,0.3719,-1,-1,-1
387,106,1238.93,643.87,66.19,217.24,0.5612,-1,-1,-1
387,103,1507.42,689.09,97.56,260.14,0.7681,-1,-1,-1
387,91,1432.69,746.10,90.11,274.96,0.7926,-1,-1,-1
388,106,1231.64,643.98,61.52,223.51,0.5439,-1,-1,-1
388,103,1496.04,677.66,103.57,278.55,0.6953,-1,-1,-1
388,98,1259.75,645.73,86.32,228.27,0.4840,-1,-1,-1
388,91,1429.92,746.16,90.57,282.34,0.7555,-1,-1,-1
389,116,1782.05,592.09,45.46,158.74,0.3373,-1,-1,-1
389,106,1208.83,643.63,76.00,202.43,0.3476,-1,-1,-1
389,103,1488.17,683.30,110.76,275.71,0.7664,-1,-1,-1
389,98,1278.95,638.92,59.80,232.34,0.3208,-1,-1,-1
389,91,1427.11,746.26,93.34,290.67,0.7297,-1,-1,-1
390,115,1532.72,552.66,45.01,92.27,0.3521,-1,-1,-1
390,114,1737.63,593.47,56.73,159.47,0.3026,-1,-1,-1
390,106,1207.89,643.26,73.53,212.03,0.3434,-1,-1,-1
390,103,1487.14,691.72,107.87,265.72,0.7010,-1,-1,-1
390,98,1276.90,642.06,56.76,232.29,0.4900,-1,-1,-1
390,91,1415.13,748.85,101.56,292.71,0.7360,-1,-1,-1
391,115,1531.67,564.73,40.97,80.75,0.4683,-1,-1,-1
391,113,1407.56,553.10,51.16,90.30,0.4792,-1,-1,-1
391,110,1481.42,560.01,48.24,80.30,0.3852,-1,-1,-1
391,103,1481.55,710.77,109.51,239.49,0.6647,-1,-1,-1
391,91,1407.02,751.86,113.17,298.18,0.6844,-1,-1,-1
392,117,1340.35,552.72,52.79,111.95,0.3407,-1,-1,-1
392,113,1402.09,550.64,52.56,91.97,0.3898,-1,-1,-1
392,112,1731.69,591.12,67.41,177.59,0.3016,-1,-1,-1
392,106,1195.37,647.98,72.06,221.77,0.5226,-1,-1,-1
392,103,1469.79,709.44,111.69,251.85,0.4834,-1,-1,-1
392,98,1249.65,646.85,68.29,235.87,0.5909,-1,-1,-1
392,91,1398.40,753.52,107.50,298.61,0.7563,-1,-1,-1
393,115,1519.08,560.16,44.64,96.00,0.3559,-1,-1,-1
393,112,1729.78,603.16,66.00,165.11,0.3774,-1,-1,-1
393,110,1468.66,562.21,46.11,79.09,0.4311,-1,-1,-1
393,106,1190.44,646.95,68.89,229.96,0.5001,-1,-1,-1
393,98,1231.56,649.03,74.09,249.91,0.3295,-1,-1,-1
393,91,1395.09,761.05,112.91,297.00,0.6298,-1,-1,-1
394,117,1329.50,554.55,50.25,115.88,0.4295,-1,-1,-1
394,114,1730.80,604.94,55.24,157.60,0.3740,-1,-1,-1
394,113,1385.93,549.94,57.14,96.41,0.3356,-1,-1,-1
394,112,1727.86,601.48,64.46,165.28,0.3228,-1,-1,-1
394,106,1183.27,651.03,65.49,227.62,0.5824,-1,-1,-1
394,91,1388.32,766.11,105.79,298.53,0.5596,-1,-1,-1
395,117,1321.77,557.15,52.90,121.17,0.4224,-1,-1,-1
395,115,1508.99,561.72,40.02,85.90,0.3927,-1,-1,-1
395,113,1383.49,548.15,54.04,95.68,0.5182,-1,-1,-1
395,110,1458.63,560.42,41.75,79.85,0.3093,-1,-1,-1
395,106,1169.66,648.21,71.67,238.55,0.7683,-1,-1,-1
395,103,1441.54,702.10,88.81,262.98,0.5522,-1,-1,-1
395,91,1380.40,768.21,100.18,301.13,0.7293,-1,-1,-1
396,114,1725.61,596.37,65.17,176.96,0.3289,-1,-1,-1
396,113,1377.97,547.88,53.26,99.45,0.4288,-1,-1,-1
396,106,1161.74,648.36,71.20,220.36,0.6563,-1,-1,-1
396,103,1430.07,703.44,88.08,258.45,0.4999,-1,-1,-1
396,91,1371.72,770.33,105.05,305.87,0.8273,-1,-1,-1
397,117,1312.90,564.17,48.32,119.04,0.5057,-1,-1,-1
397,115,1495.10,559.72,45.18,95.85,0.4174,-1,-1,-1
397,114,1722.07,599.86,62.67,170.20,0.3445,-1,-1,-1
397,113,1371.78,551.52,46.55,97.34,0.5152,-1,-1,-1
397,112,1722.66,605.65,54.14,157.66,0.3241,-1,-1,-1
397,110,1445.86,560.78,50.45,86.10,0.4986,-1,-1,-1
397,106,1148.70,649.34,74.07,229.76,0.6959,-1,-1,-1
397,103,1417.61,715.75,88.69,265.31,0.4704,-1,-1,-1
397,91,1365.37,768.64,104.36,310.27,0.7678,-1,-1,-1
398,117,1302.81,558.77,45.28,125.47,0.7121,-1,-1,-1
398,114,1713.30,604.59,64.17,167.60,0.3602,-1,-1,-1
398,113,1356.08,549.42,57.24,96.60,0.3718,-1,-1,-1
398,106,1141.07,648.88,75.28,238.74,0.6048,-1,-1,-1
398,91,1356.06,769.42,114.26,309.06,0.6075,-1,-1,-1
399,117,1293.39,553.18,52.08,126.72,0.5748,-1,-1,-1
399,115,1478.81,558.23,43.13,93.50,0.3913,-1,-1,-1
399,114,1712.20,604.46,62.57,164.68,0.4387,-1,-1,-1
399,106,1130.24,649.98,68.46,237.25,0.6975,-1,-1,-1
400,117,1290.25,554.89,41.86,128.22,0.7036,-1,-1,-1
400,115,1471.78,556.75,44.07,98.62,0.4894,-1,-1,-1
400,114,1712.14,608.68,73.08,164.28,0.3309,-1,-1,-1
400,113,1346.70,549.73,45.57,99.38,0.5309,-1,-1,-1
400,110,1420.10,560.77,48.67,85.23,0.4833,-1,-1,-1
400,106,1110.23,652.57,97.05,269.22,0.6691,-1,-1,-1
401,118,1382.53,723.12,62.23,151.59,0.3480,-1,-1,-1
401,117,1279.27,553.71,45.29,130.26,0.6962,-1,-1,-1
401,113,1331.17,544.56,54.39,101.08,0.4306,-1,-1,-1
401,106,1094.73,655.58,82.05,249.65,0.7634,-1,-1,-1
401,91,1321.93,772.46,115.56,307.29,0.6161,-1,-1,-1
402,115,1454.44,556.80,44.36,97.78,0.3535,-1,-1,-1
402,113,1323.91,540.98,51.26,108.25,0.3580,-1,-1,-1
402,106,1073.39,656.34,102.50,251.29,0.7401,-1,-1,-1
402,91,1314.43,777.31,115.47,302.53,0.7626,-1,-1,-1
403,117,1263.28,556.02,39.13,123.61,0.3810,-1,-1,-1
403,113,1312.92,541.67,51.96,105.62,0.4230,-1,-1,-1
403,110,1394.90,558.12,55.02,89.18,0.3990,-1,-1,-1
403,106,1057.44,656.93,111.89,281.20,0.7188,-1,-1,-1
403,91,1302.97,765.04,125.27,313.97,0.7035,-1,-1,-1
404,117,1249.33,548.10,49.46,128.00,0.5421,-1,-1,-1
404,115,1435.16,559.56,43.76,91.03,0.5501,-1,-1,-1
404,113,1308.16,542.70,49.25,105.39,0.6606,-1,-1,-1
404,110,1384.25,559.06,49.11,86.30,0.3924,-1,-1,-1
404,106,1068.61,660.17,90.98,282.20,0.7821,-1,-1,-1
404,91,1283.86,765.36,130.60,313.40,0.7955,-1,-1,-1
405,117,1243.69,544.95,37.50,138.51,0.4578,-1,-1,-1
405,115,1424.55,556.65,46.16,99.47,0.4705,-1,-1,-1
405,113,1299.06,553.77,46.73,96.42,0.4313,-1,-1,-1
405,110,1373.62,559.87,51.23,86.64,0.3382,-1,-1,-1
405,106,1046.12,662.30,98.41,280.18,0.7316,-1,-1,-1
405,91,1258.23,783.72,142.73,296.28,0.7189,-1,-1,-1
406,120,1297.91,725.05,61.21,131.14,0.4312,-1,-1,-1
406,117,1227.94,549.15,46.10,126.80,0.5526,-1,-1,-1
406,113,1289.11,540.61,46.16,105.94,0.7478,-1,-1,-1
406,106,1009.73,662.03,118.55,282.97,0.8261,-1,-1,-1
406,91,1201.87,779.14,184.33,300.06,0.4923,-1,-1,-1
407,117,1218.09,540.99,44.17,141.06,0.4618,-1,-1,-1
407,115,1404.41,553.35,45.45,105.06,0.5099,-1,-1,-1
407,113,1277.94,549.19,45.93,101.24,0.6218,-1,-1,-1
407,110,1353.47,557.80,46.25,92.54,0.3522,-1,-1,-1
407,106,1007.36,666.67,107.61,285.25,0.6371,-1,-1,-1
407,91,1184.87,784.88,186.22,294.59,0.6848,-1,-1,-1
408,117,1203.73,545.88,48.22,131.84,0.5631,-1,-1,-1
408,113,1264.27,541.03,46.64,107.08,0.7221,-1,-1,-1
408,106,997.94,668.18,101.47,288.16,0.7839,-1,-1,-1
408,91,1206.14,793.97,150.69,284.65,0.6450,-1,-1,-1
409,117,1193.88,541.18,45.12,140.55,0.5706,-1,-1,-1
409,115,1381.06,552.33,44.41,104.95,0.5406,-1,-1,-1
409,113,1249.44,547.53,51.77,104.61,0.5584,-1,-1,-1
409,110,1328.21,557.13,48.11,93.84,0.4155,-1,-1,-1
409,106,964.19,665.23,119.14,294.45,0.7846,-1,-1,-1
409,91,1192.43,791.93,144.71,287.80,0.7701,-1,-1,-1
410,117,1179.10,541.22,48.39,136.87,0.5696,-1,-1,-1
410,113,1238.37,541.53,49.60,106.09,0.6244,-1,-1,-1
410,110,1317.24,559.96,39.92,87.19,0.3364,-1,-1,-1
410,106,942.80,668.58,115.84,293.06,0.8298,-1,-1,-1
410,91,1188.33,810.75,128.19,269.25,0.6601,-1,-1,-1
411,117,1169.96,537.64,42.36,137.62,0.4018,-1,-1,-1
411,115,1356.02,549.99,46.14,108.82,0.5601,-1,-1,-1
411,113,1226.57,545.37,49.18,107.89,0.5307,-1,-1,-1
411,112,1720.13,611.29,39.46,160.10,0.3176,-1,-1,-1
411,110,1304.78,556.37,48.53,95.40,0.4898,-1,-1,-1
411,106,935.08,668.72,113.62,293.07,0.6514,-1,-1,-1
411,91,1164.84,816.77,133.92,261.54,0.3147,-1,-1,-1
412,122,1632.43,605.07,58.80,194.11,0.3689,-1,-1,-1
412,117,1152.58,542.85,47.11,132.96,0.4880,-1,-1,-1
412,115,1345.29,555.21,42.94,99.68,0.3512,-1,-1,-1
412,113,1213.07,539.12,47.43,111.48,0.6459,-1,-1,-1
412,110,1293.24,557.73,39.79,89.96,0.3527,-1,-1,-1
412,106,899.40,667.51,135.04,301.62,0.8024,-1,-1,-1
412,91,1151.88,825.31,128.85,252.31,0.7486,-1,-1,-1
413,117,1139.17,543.13,42.67,137.10,0.4431,-1,-1,-1
413,115,1330.71,550.48,44.01,108.21,0.5519,-1,-1,-1
413,113,1196.68,542.28,49.71,109.75,0.5224,-1,-1,-1
413,110,1280.21,554.94,46.88,95.45,0.5129,-1,-1,-1
413,106,895.98,671.11,123.40,297.40,0.7902,-1,-1,-1
413,91,1115.60,814.09,144.54,265.64,0.6801,-1,-1,-1
414,115,1318.21,553.00,45.75,104.48,0.3279,-1,-1,-1
414,113,1182.83,539.34,50.66,115.03,0.6958,-1,-1,-1
414,110,1266.07,554.01,37.36,95.56,0.5208,-1,-1,-1
414,106,865.76,672.02,111.35,301.38,0.8175,-1,-1,-1
414,91,1115.68,824.89,124.01,254.64,0.7187,-1,-1,-1
415,117,1111.30,544.03,44.35,133.63,0.4598,-1,-1,-1
415,115,1304.82,550.15,44.58,109.62,0.5630,-1,-1,-1
415,113,1165.19,536.49,52.94,116.16,0.6726,-1,-1,-1
415,110,1252.82,557.34,54.90,93.55,0.5232,-1,-1,-1
415,106,838.08,671.89,119.63,305.63,0.8178,-1,-1,-1
415,91,1077.37,822.42,139.12,257.25,0.6685,-1,-1,-1
416,117,1095.67,539.55,48.62,138.59,0.5223,-1,-1,-1
416,115,1285.66,551.95,46.78,106.49,0.5792,-1,-1,-1
416,113,1148.42,537.09,50.78,115.51,0.6531,-1,-1,-1
416,110,1237.79,553.63,43.93,93.96,0.5300,-1,-1,-1
416,106,811.76,672.33,111.40,307.26,0.8407,-1,-1,-1
416,91,1061.91,830.28,132.80,247.72,0.6431,-1,-1,-1
417,122,1637.97,611.76,65.41,167.20,0.3631,-1,-1,-1
417,117,1083.74,540.51,46.94,127.51,0.4478,-1,-1,-1
417,115,1276.78,550.74,42.71,109.86,0.3506,-1,-1,-1
417,113,1135.69,532.35,54.86,113.29,0.3733,-1,-1,-1
417,110,1221.19,556.50,40.17,90.34,0.5218,-1,-1,-1
417,106,783.12,676.57,115.44,308.21,0.7955,-1,-1,-1
417,91,1031.41,831.22,138.03,247.20,0.6019,-1,-1,-1
418,129,1795.09,582.42,90.86,203.68,0.4975,-1,-1,-1
418,122,1619.18,602.36,76.04,176.72,0.4297,-1,-1,-1
418,117,1062.30,539.05,48.37,135.91,0.4924,-1,-1,-1
418,115,1257.06,551.27,44.46,110.18,0.4706,-1,-1,-1
418,113,1119.49,529.74,53.83,120.97,0.6176,-1,-1,-1
418,110,1207.65,555.99,46.61,94.40,0.6051,-1,-1,-1
418,106,751.68,676.27,114.64,311.10,0.8388,-1,-1,-1
418,91,1021.99,833.73,121.72,246.27,0.7182,-1,-1,-1
419,129,1782.84,575.33,96.70,211.28,0.5468,-1,-1,-1
419,122,1609.16,613.08,77.18,168.01,0.6434,-1,-1,-1
419,117,1048.11,539.08,45.67,130.47,0.4896,-1,-1,-1
419,115,1237.87,549.91,46.58,106.23,0.5088,-1,-1,-1
419,113,1103.70,531.49,52.14,117.87,0.6161,-1,-1,-1
419,110,1192.73,550.73,39.31,95.18,0.6800,-1,-1,-1
419,106,714.14,677.40,125.00,315.55,0.7638,-1,-1,-1
419,91,1005.50,837.36,113.63,242.64,0.7662,-1,-1,-1
420,130,902.10,782.90,110.92,297.10,0.5107,-1,-1,-1
420,129,1768.23,576.34,69.88,197.30,0.5681,-1,-1,-1
420,122,1587.63,612.91,80.64,172.40,0.4161,-1,-1,-1
420,117,1035.94,532.23,48.35,134.68,0.5084,-1,-1,-1
420,115,1228.60,550.95,43.72,108.85,0.3115,-1,-1,-1
420,113,1091.64,530.86,50.64,115.81,0.6003,-1,-1,-1
420,110,1176.23,553.92,44.32,92.31,0.3637,-1,-1,-1
420,106,685.05,681.77,129.73,313.15,0.8607,-1,-1,-1
420,91,973.13,836.86,117.94,243.14,0.6917,-1,-1,-1
421,130,870.05,764.55,126.82,315.45,0.3230,-1,-1,-1
421,129,1751.83,578.59,69.97,203.32,0.7408,-1,-1,-1
421,122,1580.89,608.69,78.09,171.95,0.4986,-1,-1,-1
421,117,1012.58,537.67,49.03,137.18,0.5698,-1,-1,-1
421,115,1206.46,549.52,47.16,109.24,0.5299,-1,-1,-1
421,113,1074.01,530.62,51.40,121.27,0.5569,-1,-1,-1
421,110,1160.51,552.98,48.26,96.95,0.5704,-1,-1,-1
421,106,655.46,681.58,129.47,315.28,0.8646,-1,-1,-1
421,91,944.54,833.96,118.83,246.04,0.7079,-1,-1,-1
422,130,849.00,792.21,105.73,287.42,0.5375,-1,-1,-1
422,122,1556.92,611.26,87.23,170.95,0.5122,-1,-1,-1
422,117,990.02,529.14,57.85,140.22,0.4763,-1,-1,-1
422,115,1188.83,547.13,47.71,111.71,0.4491,-1,-1,-1
422,113,1053.70,529.63,52.45,116.76,0.6256,-1,-1,-1
422,110,1143.19,551.80,40.82,93.82,0.5408,-1,-1,-1
422,106,624.46,680.09,140.17,325.51,0.8595,-1,-1,-1
422,91,913.34,846.13,121.50,233.87,0.8054,-1,-1,-1
423,130,812.67,797.34,111.01,282.10,0.5969,-1,-1,-1
423,129,1719.31,577.53,68.31,204.76,0.6088,-1,-1,-1
423,122,1553.04,608.03,68.14,171.95,0.7312,-1,-1,-1
423,117,971.44,528.93,51.34,136.93,0.4919,-1,-1,-1
423,113,1034.07,528.18,56.82,119.54,0.6163,-1,-1,-1
423,110,1125.05,554.53,42.96,91.98,0.3249,-1,-1,-1
423,106,598.97,684.73,136.28,323.70,0.8425,-1,-1,-1
423,91,878.80,851.02,124.56,228.98,0.8241,-1,-1,-1
424,130,763.50,801.67,127.13,278.33,0.3029,-1,-1,-1
424,129,1692.31,573.05,71.99,204.87,0.5311,-1,-1,-1
424,122,1537.53,609.87,66.69,170.92,0.6325,-1,-1,-1
424,117,951.65,528.83,50.65,136.03,0.5658,-1,-1,-1
424,113,1015.31,528.57,56.85,118.95,0.6705,-1,-1,-1
424,110,1102.80,552.11,43.88,95.60,0.3258,-1,-1,-1
424,106,559.09,691.68,151.00,321.32,0.8611,-1,-1,-1
424,91,856.01,858.44,116.19,220.45,0.7746,-1,-1,-1
425,130,742.38,801.13,115.62,278.87,0.5618,-1,-1,-1
425,129,1673.20,579.42,69.78,198.53,0.7236,-1,-1,-1
425,122,1520.69,608.69,66.35,170.91,0.7007,-1,-1,-1
425,117,935.01,527.42,55.37,137.16,0.4351,-1,-1,-1
425,113,995.81,527.99,55.54,122.94,0.5716,-1,-1,-1
425,106,516.68,687.68,152.83,329.87,0.8458,-1,-1,-1
425,91,820.27,862.68,119.26,216.96,0.7821,-1,-1,-1
426,130,714.16,816.59,102.92,261.95,0.4032,-1,-1,-1
426,129,1653.37,577.57,72.83,201.39,0.7921,-1,-1,-1
426,122,1507.82,607.66,63.12,171.13,0.5642,-1,-1,-1
426,117,914.19,521.52,60.71,152.47,0.3528,-1,-1,-1
426,115,1147.22,535.25,41.78,122.78,0.3890,-1,-1,-1
426,113,976.41,528.37,56.98,119.64,0.6137,-1,-1,-1
426,110,1074.38,547.34,38.95,100.31,0.3917,-1,-1,-1
426,106,480.46,693.97,135.02,327.70,0.7340,-1,-1,-1
426,91,788.46,867.22,118.67,212.78,0.7485,-1,-1,-1
427,129,1631.17,580.61,75.38,202.95,0.6263,-1,-1,-1
427,122,1486.65,606.35,68.20,174.30,0.5694,-1,-1,-1
427,117,896.69,528.96,52.31,137.07,0.5641,-1,-1,-1
427,113,959.11,529.07,52.62,124.38,0.5398,-1,-1,-1
427,110,1090.19,546.47,47.15,115.82,0.4092,-1,-1,-1
427,106,434.53,696.37,187.17,335.89,0.7905,-1,-1,-1
427,91,757.34,874.63,116.22,205.17,0.5998,-1,-1,-1
428,130,619.68,835.73,137.56,220.16,0.3165,-1,-1,-1
428,129,1606.54,581.76,82.68,203.48,0.6787,-1,-1,-1
428,122,1470.25,606.79,68.54,179.25,0.4762,-1,-1,-1
428,117,865.82,526.29,65.22,148.65,0.4704,-1,-1,-1
428,113,938.88,529.77,54.70,126.28,0.5816,-1,-1,-1
428,106,409.07,700.50,176.23,341.63,0.7132,-1,-1,-1
428,91,717.77,887.53,117.69,191.38,0.6279,-1,-1,-1
429,130,582.98,849.53,125.08,206.79,0.4659,-1,-1,-1
429,129,1583.00,586.51,85.10,203.49,0.5102,-1,-1,-1
429,122,1452.00,610.16,70.73,181.05,0.5297,-1,-1,-1
429,117,852.01,532.22,52.49,136.30,0.4800,-1,-1,-1
429,113,919.96,530.46,51.73,124.70,0.3681,-1,-1,-1
429,106,387.78,705.00,120.09,316.92,0.5213,-1,-1,-1
429,91,683.98,895.28,114.79,184.30,0.6622,-1,-1,-1
430,136,610.20,790.55,84.14,167.16,0.4354,-1,-1,-1
430,130,536.34,861.24,127.69,212.60,0.6008,-1,-1,-1
430,129,1559.76,587.25,80.98,202.34,0.7785,-1,-1,-1
430,122,1436.44,611.14,72.24,188.29,0.6345,-1,-1,-1
430,118,1368.15,634.78,84.42,201.95,0.4082,-1,-1,-1
430,117,824.89,529.92,68.23,145.17,0.3235,-1,-1,-1
430,113,892.10,532.81,59.39,126.78,0.3728,-1,-1,-1
430,110,1031.33,559.81,49.26,117.78,0.4489,-1,-1,-1
430,106,323.56,710.03,167.00,332.56,0.7959,-1,-1,-1
430,91,632.98,907.27,128.29,172.73,0.6692,-1,-1,-1
431,130,558.17,799.12,93.72,173.75,0.4409,-1,-1,-1
431,129,1539.32,594.16,89.09,206.10,0.4929,-1,-1,-1
431,122,1413.80,617.63,75.62,180.76,0.5511,-1,-1,-1
431,117,801.58,555.70,54.65,122.66,0.3402,-1,-1,-1
431,110,1010.42,561.50,49.52,120.41,0.5708,-1,-1,-1
431,106,303.26,714.12,132.65,331.56,0.6618,-1,-1,-1
431,91,611.04,916.59,106.41,162.99,0.5493,-1,-1,-1
432,142,956.41,560.97,37.36,109.86,0.5472,-1,-1,-1
432,129,1515.31,591.61,85.16,206.23,0.7024,-1,-1,-1
432,122,1401.69,619.61,77.50,177.79,0.4764,-1,-1,-1
432,118,1328.74,631.75,81.02,219.46,0.3709,-1,-1,-1
432,110,990.28,558.54,48.93,130.09,0.5979,-1,-1,-1
432,106,248.08,718.44,105.84,336.78,0.3300,-1,-1,-1
432,91,571.59,927.32,102.67,152.68,0.7028,-1,-1,-1
433,144,936.63,565.10,34.11,108.50,0.3995,-1,-1,-1
433,143,321.55,869.18,218.17,210.82,0.7109,-1,-1,-1
433,130,479.09,813.40,86.99,164.15,0.4098,-1,-1,-1
433,129,1496.37,595.24,95.63,213.17,0.6196,-1,-1,-1
433,122,1379.34,627.21,85.54,177.55,0.3871,-1,-1,-1
433,118,1311.79,654.18,94.53,202.85,0.3404,-1,-1,-1
433,110,964.14,562.14,55.62,132.60,0.5696,-1,-1,-1
433,106,211.81,725.93,151.93,329.72,0.6517,-1,-1,-1
433,91,525.38,938.68,108.56,139.69,0.7082,-1,-1,-1
434,143,292.91,879.30,199.55,200.70,0.7575,-1,-1,-1
434,130,432.02,818.52,95.17,178.98,0.5897,-1,-1,-1
434,129,1475.01,594.90,81.73,210.65,0.6525,-1,-1,-1
434,122,1361.32,630.37,83.14,177.28,0.6170,-1,-1,-1
434,118,1282.40,627.34,95.49,231.75,0.4897,-1,-1,-1
434,110,941.00,563.12,55.83,129.92,0.6106,-1,-1,-1
434,106,161.82,729.30,98.47,340.24,0.7517,-1,-1,-1
434,91,482.17,949.37,106.13,126.58,0.7001,-1,-1,-1
435,143,267.33,889.49,176.30,190.51,0.7667,-1,-1,-1
435,130,388.30,828.09,102.38,167.49,0.6238,-1,-1,-1
435,129,1457.61,600.49,88.37,213.58,0.5137,-1,-1,-1
435,122,1341.68,630.66,82.69,180.33,0.6097,-1,-1,-1
435,118,1266.61,639.50,84.58,225.80,0.4940,-1,-1,-1
435,113,897.15,567.73,33.74,115.04,0.4156,-1,-1,-1
435,110,922.69,562.95,53.52,136.09,0.3402,-1,-1,-1
435,106,112.81,734.94,101.10,342.75,0.8033,-1,-1,-1
435,91,429.09,961.82,112.18,115.89,0.6803,-1,-1,-1
436,143,236.67,892.64,156.83,187.36,0.7941,-1,-1,-1
436,142,945.28,554.85,43.15,130.12,0.4458,-1,-1,-1
436,130,338.57,833.30,98.21,177.26,0.6191,-1,-1,-1
436,129,1431.11,600.99,76.32,207.23,0.6414,-1,-1,-1
436,122,1322.17,630.76,84.84,180.94,0.7347,-1,-1,-1
436,118,1239.39,638.67,82.74,231.97,0.6388,-1,-1,-1
436,113,874.39,568.13,33.44,113.94,0.3784,-1,-1,-1
436,110,900.01,564.55,52.79,133.78,0.5939,-1,-1,-1
436,106,58.36,734.60,108.34,344.65,0.8384,-1,-1,-1
436,91,378.34,968.02,113.23,111.86,0.5860,-1,-1,-1
437,143,180.38,904.26,163.66,175.74,0.7927,-1,-1,-1
437,142,922.75,559.90,43.42,129.43,0.4735,-1,-1,-1
437,130,289.00,843.17,98.29,173.02,0.5967,-1,-1,-1
437,129,1411.78,601.54,86.31,213.15,0.3426,-1,-1,-1
437,122,1301.48,632.66,86.67,183.95,0.7415,-1,-1,-1
437,118,1225.12,645.32,73.33,231.67,0.6877,-1,-1,-1
437,117,673.02,552.40,55.58,126.95,0.3660,-1,-1,-1
437,113,847.68,566.90,37.39,120.80,0.4264,-1,-1,-1
437,110,881.20,566.53,50.05,133.27,0.4551,-1,-1,-1
437,106,3.46,737.92,137.34,342.08,0.8111,-1,-1,-1
437,91,328.81,977.17,100.71,100.97,0.4466,-1,-1,-1
438,143,124.81,913.95,159.00,166.05,0.7596,-1,-1,-1
438,142,903.52,561.30,40.84,117.07,0.3063,-1,-1,-1
438,130,240.51,831.36,98.68,199.08,0.4019,-1,-1,-1
438,129,1386.52,601.12,67.21,200.37,0.6976,-1,-1,-1
438,122,1281.45,630.60,85.84,183.65,0.6672,-1,-1,-1
438,118,1205.45,645.45,70.97,235.98,0.6594,-1,-1,-1
438,113,825.88,567.22,37.11,120.49,0.3197,-1,-1,-1
438,110,856.61,566.38,53.63,135.42,0.4308,-1,-1,-1
438,106,0.11,738.10,66.22,280.12,0.4734,-1,-1,-1
438,91,272.33,996.03,87.93,83.97,0.3805,-1,-1,-1
439,143,65.27,920.85,154.89,159.15,0.8075,-1,-1,-1
439,129,1361.63,598.45,79.59,213.50,0.4983,-1,-1,-1
439,122,1263.81,632.28,75.34,183.02,0.6914,-1,-1,-1
439,118,1179.06,645.97,86.82,241.28,0.6967,-1,-1,-1
439,117,625.81,552.18,55.41,127.92,0.4081,-1,-1,-1
439,113,801.32,566.36,39.60,124.31,0.3252,-1,-1,-1
439,110,833.31,565.21,51.43,137.87,0.3477,-1,-1,-1
439,91,209.92,1003.54,97.57,76.46,0.5290,-1,-1,-1
440,143,1.86,932.26,160.87,147.74,0.8325,-1,-1,-1
440,130,130.35,862.86,100.45,182.07,0.5273,-1,-1,-1
440,129,1334.92,602.71,75.42,207.10,0.6362,-1,-1,-1
440,122,1239.68,641.61,86.14,185.43,0.5987,-1,-1,-1
440,118,1152.37,657.06,91.25,237.17,0.7696,-1,-1,-1
440,117,602.69,554.70,48.65,125.68,0.6972,-1,-1,-1
440,113,784.37,568.01,35.75,127.90,0.3897,-1,-1,-1
440,110,815.19,568.79,53.34,135.78,0.4000,-1,-1,-1
440,91,148.67,1016.10,102.50,63.90,0.3088,-1,-1,-1
441,143,0.95,943.53,92.20,136.09,0.7017,-1,-1,-1
441,129,1308.67,599.87,91.21,227.30,0.4583,-1,-1,-1
441,122,1221.09,636.38,77.90,195.21,0.6279,-1,-1,-1
441,118,1127.68,656.88,97.44,239.01,0.4481,-1,-1,-1
441,117,579.38,550.98,51.31,130.68,0.5870,-1,-1,-1
441,113,759.42,566.25,37.11,129.65,0.4868,-1,-1,-1
441,110,793.77,566.33,49.36,139.12,0.3611,-1,-1,-1
442,130,3.75,880.15,121.77,199.16,0.7145,-1,-1,-1
442,129,1284.75,602.42,85.99,220.01,0.7287,-1,-1,-1
442,122,1200.60,642.73,79.41,189.09,0.6615,-1,-1,-1
442,118,1101.90,670.76,100.54,228.25,0.8563,-1,-1,-1
442,117,554.75,551.68,49.72,128.45,0.3047,-1,-1,-1
442,113,738.00,569.92,34.54,131.94,0.5668,-1,-1,-1
442,110,770.33,567.06,50.08,140.79,0.4986,-1,-1,-1
443,129,1258.20,603.10,86.75,227.32,0.5133,-1,-1,-1
443,122,1185.18,637.67,71.85,196.97,0.7974,-1,-1,-1
443,118,1078.81,675.17,108.68,225.75,0.8521,-1,-1,-1
443,117,530.35,566.72,47.39,117.51,0.5342,-1,-1,-1
443,113,714.19,571.50,35.56,131.98,0.5703,-1,-1,-1
443,110,749.08,570.23,45.95,136.35,0.3621,-1,-1,-1
444,129,1230.40,605.39,74.75,214.92,0.7881,-1,-1,-1
444,122,1163.40,640.73,70.78,195.49,0.4560,-1,-1,-1
444,118,1051.70,676.42,105.56,232.18,0.7885,-1,-1,-1
444,117,504.16,567.53,45.99,115.91,0.6283,-1,-1,-1
444,113,691.01,572.31,34.80,124.36,0.4872,-1,-1,-1
444,110,770.80,566.50,51.37,131.14,0.3051,-1,-1,-1
445,129,1204.02,605.77,68.60,221.87,0.7526,-1,-1,-1
445,122,1138.66,638.55,76.52,202.12,0.7927,-1,-1,-1
445,118,1026.44,676.47,97.43,235.99,0.8384,-1,-1,-1
445,117,480.35,570.23,45.58,120.46,0.3479,-1,-1,-1
445,113,665.88,573.12,36.00,130.21,0.5668,-1,-1,-1
446,145,675.05,568.74,48.48,144.52,0.3247,-1,-1,-1
446,129,1179.84,604.10,74.48,221.53,0.7780,-1,-1,-1
446,122,1117.28,641.57,73.23,200.37,0.7457,-1,-1,-1
446,118,998.94,675.24,97.04,242.78,0.8438,-1,-1,-1
446,117,453.52,571.92,46.55,116.67,0.6303,-1,-1,-1
446,113,641.95,573.63,35.24,125.31,0.3130,-1,-1,-1
447,129,1153.31,604.15,70.20,219.62,0.8201,-1,-1,-1
447,122,1088.87,640.21,77.11,204.60,0.7761,-1,-1,-1
447,118,974.05,670.82,92.86,254.29,0.7437,-1,-1,-1
447,117,426.30,575.50,47.24,113.91,0.6493,-1,-1,-1
448,129,1129.09,604.71,65.26,222.22,0.7161,-1,-1,-1
448,122,1067.11,640.40,73.60,204.64,0.3762,-1,-1,-1
448,118,941.91,670.78,96.01,259.78,0.7824,-1,-1,-1
448,117,398.02,575.99,50.07,112.85,0.5088,-1,-1,-1
449,129,1098.48,604.95,64.94,221.53,0.6779,-1,-1,-1
449,122,1039.39,641.66,80.81,206.89,0.7566,-1,-1,-1
449,118,911.13,670.07,109.97,269.94,0.7384,-1,-1,-1
449,117,368.37,570.58,54.70,118.55,0.7080,-1,-1,-1
449,110,653.27,561.99,46.28,136.07,0.4194,-1,-1,-1
450,154,1832.94,777.92,86.22,299.21,0.8283,-1,-1,-1
450,129,1075.02,608.16,61.44,217.91,0.3962,-1,-1,-1
450,122,1014.45,635.95,78.87,216.34,0.4066,-1,-1,-1
450,118,880.76,676.31,96.82,254.79,0.7449,-1,-1,-1
450,117,338.71,569.08,54.04,119.74,0.6239,-1,-1,-1
450,110,628.44,557.68,46.51,139.84,0.3753,-1,-1,-1
451,154,1802.08,775.23,117.06,303.63,0.8717,-1,-1,-1
451,129,1039.66,606.61,59.79,232.72,0.3777,-1,-1,-1
451,122,986.96,638.35,84.29,211.85,0.5923,-1,-1,-1
451,118,849.81,683.72,88.96,269.05,0.8333,-1,-1,-1
451,110,606.36,558.34,45.70,140.10,0.3435,-1,-1,-1
452,154,1771.94,774.28,147.51,303.45,0.9033,-1,-1,-1
452,122,964.85,616.28,89.80,238.58,0.5793,-1,-1,-1
452,118,817.60,689.12,104.66,268.51,0.8670,-1,-1,-1
452,117,284.24,569.62,44.54,120.06,0.6372,-1,-1,-1
453,154,1740.32,773.73,179.05,304.86,0.8971,-1,-1,-1
453,122,937.74,616.91,95.17,235.97,0.5923,-1,-1,-1
453,118,785.46,692.74,107.01,268.44,0.8263,-1,-1,-1
453,117,254.99,570.08,49.46,120.92,0.3808,-1,-1,-1
453,110,556.53,559.46,45.14,142.02,0.3500,-1,-1,-1
454,154,1709.76,770.77,188.31,309.23,0.8857,-1,-1,-1
454,122,914.94,612.71,81.95,248.71,0.5937,-1,-1,-1
454,118,749.07,695.86,103.98,272.69,0.8439,-1,-1,-1
454,117,225.41,570.90,49.18,124.01,0.3189,-1,-1,-1
454,110,527.61,560.49,48.06,142.33,0.3066,-1,-1,-1
455,161,814.91,630.74,62.38,225.46,0.6685,-1,-1,-1
455,154,1679.33,771.65,186.84,308.11,0.8812,-1,-1,-1
455,122,885.50,617.43,83.55,248.00,0.8321,-1,-1,-1
455,118,715.23,698.84,100.53,273.54,0.8529,-1,-1,-1
455,110,500.43,559.53,43.83,148.69,0.4108,-1,-1,-1
456,161,783.81,629.03,67.86,222.99,0.5490,-1,-1,-1
456,154,1644.99,766.81,190.94,312.31,0.8965,-1,-1,-1
456,122,859.60,615.16,79.33,250.74,0.8048,-1,-1,-1
456,118,678.60,696.80,91.43,292.29,0.8472,-1,-1,-1
456,110,472.52,560.08,43.60,145.03,0.5957,-1,-1,-1
457,161,755.51,629.48,72.85,228.77,0.7500,-1,-1,-1
457,154,1610.59,760.23,190.90,319.77,0.8923,-1,-1,-1
457,122,823.70,622.94,88.15,250.77,0.7186,-1,-1,-1
457,118,642.75,696.09,88.50,308.81,0.8551,-1,-1,-1
457,110,443.34,563.67,46.78,143.76,0.5049,-1,-1,-1
458,167,313.46,570.21,43.96,160.73,0.5018,-1,-1,-1
458,161,717.82,636.03,72.49,226.85,0.7094,-1,-1,-1
458,154,1576.16,759.82,191.64,320.18,0.8923,-1,-1,-1
458,122,793.96,622.83,89.44,256.71,0.7596,-1,-1,-1
458,118,605.22,700.31,102.92,317.10,0.8312,-1,-1,-1
458,110,413.38,559.91,49.73,149.37,0.4351,-1,-1,-1
459,168,279.24,576.07,45.97,164.28,0.5352,-1,-1,-1
459,161,692.19,647.35,69.44,213.62,0.6926,-1,-1,-1
459,154,1541.69,754.86,193.62,325.14,0.8896,-1,-1,-1
459,122,765.45,679.86,90.03,202.20,0.3013,-1,-1,-1
459,118,563.25,704.13,102.15,325.78,0.7559,-1,-1,-1
460,161,658.55,648.90,71.09,222.28,0.7796,-1,-1,-1
460,154,1507.41,757.66,192.22,322.34,0.8815,-1,-1,-1
460,122,730.87,676.64,89.87,210.90,0.6705,-1,-1,-1
460,118,517.82,706.98,107.27,336.19,0.8241,-1,-1,-1
461,161,621.91,650.38,74.26,228.47,0.7201,-1,-1,-1
461,154,1473.63,761.43,188.29,318.57,0.9033,-1,-1,-1
461,122,704.37,635.51,82.82,256.63,0.7260,-1,-1,-1
461,118,470.30,725.39,111.62,325.87,0.8047,-1,-1,-1
461,117,219.75,580.77,43.67,159.72,0.4077,-1,-1,-1
462,161,592.44,651.16,73.01,231.13,0.6521,-1,-1,-1
462,154,1439.87,775.56,188.02,304.44,0.8884,-1,-1,-1
462,122,668.59,633.31,91.15,264.53,0.6764,-1,-1,-1
462,118,422.64,734.91,127.73,325.48,0.8314,-1,-1,-1
462,117,182.68,580.29,48.24,167.65,0.4451,-1,-1,-1
463,168,270.05,579.52,54.78,144.85,0.3086,-1,-1,-1
463,161,554.97,652.55,76.36,235.63,0.7135,-1,-1,-1
463,154,1404.54,790.66,186.41,289.34,0.8804,-1,-1,-1
463,122,632.28,648.96,108.07,258.41,0.7997,-1,-1,-1
463,118,380.14,740.63,127.35,328.46,0.8535,-1,-1,-1
464,161,517.44,658.10,89.43,236.60,0.6136,-1,-1,-1
464,154,1370.54,804.87,186.79,275.13,0.8977,-1,-1,-1
464,122,597.15,640.90,108.38,273.52,0.7349,-1,-1,-1
464,118,329.75,750.91,143.03,325.28,0.7482,-1,-1,-1
465,161,483.72,654.48,88.30,237.75,0.6876,-1,-1,-1
465,154,1334.91,819.56,187.26,260.44,0.8752,-1,-1,-1
465,122,557.19,646.29,112.71,270.37,0.7459,-1,-1,-1
465,118,278.04,749.99,159.16,330.01,0.7896,-1,-1,-1
465,117,125.83,578.09,54.76,165.37,0.3817,-1,-1,-1
466,166,167.84,553.53,71.86,186.43,0.3289,-1,-1,-1
466,161,444.89,651.01,96.64,250.90,0.7386,-1,-1,-1
466,154,1300.24,828.95,185.14,251.05,0.8118,-1,-1,-1
466,122,528.58,687.66,106.25,239.85,0.7413,-1,-1,-1
466,118,221.48,758.81,171.05,321.19,0.8638,-1,-1,-1
467,172,130.68,560.22,78.09,181.49,0.4292,-1,-1,-1
467,161,404.82,664.60,103.17,246.54,0.6684,-1,-1,-1
467,154,1269.54,840.46,181.31,239.08,0.8314,-1,-1,-1
467,122,488.56,683.26,112.64,249.36,0.7330,-1,-1,-1
467,118,168.90,763.48,176.21,315.34,0.8802,-1,-1,-1
468,161,369.54,664.89,83.52,245.74,0.3823,-1,-1,-1
468,154,1235.66,849.83,180.10,230.17,0.8533,-1,-1,-1
468,122,455.39,699.60,103.29,237.96,0.6725,-1,-1,-1
468,118,110.97,763.29,184.15,313.73,0.8941,-1,-1,-1
469,161,330.57,666.71,74.88,239.37,0.5961,-1,-1,-1
469,154,1204.21,855.22,173.29,224.03,0.8650,-1,-1,-1
469,122,410.09,698.04,112.94,244.78,0.5480,-1,-1,-1
469,118,49.33,774.16,191.05,303.82,0.8927,-1,-1,-1
470,161,287.68,662.86,88.11,261.22,0.5489,-1,-1,-1
470,154,1170.48,855.05,171.57,224.95,0.8645,-1,-1,-1
470,122,374.78,697.68,109.38,253.65,0.6750,-1,-1,-1
470,118,0.00,775.34,183.03,304.66,0.8851,-1,-1,-1
471,161,250.66,656.39,109.19,280.38,0.5576,-1,-1,-1
471,154,1131.19,852.01,173.86,227.71,0.8690,-1,-1,-1
471,122,339.14,697.46,106.81,257.09,0.7300,-1,-1,-1
471,118,0.04,782.88,128.22,293.58,0.7844,-1,-1,-1
472,161,211.75,651.16,111.66,285.63,0.6943,-1,-1,-1
472,154,1091.96,850.29,176.30,229.71,0.8472,-1,-1,-1
472,122,299.32,699.06,104.78,256.57,0.7285,-1,-1,-1
473,161,199.98,657.45,87.97,283.02,0.3486,-1,-1,-1
473,154,1051.03,850.35,180.43,229.65,0.8669,-1,-1,-1
473,122,262.43,699.83,102.27,261.84,0.7679,-1,-1,-1
474,161,124.09,655.23,110.75,294.55,0.7500,-1,-1,-1
474,154,1009.97,849.78,184.30,230.22,0.8615,-1,-1,-1
474,122,220.52,702.87,98.52,262.15,0.7768,-1,-1,-1
475,161,75.58,665.53,99.37,287.99,0.6907,-1,-1,-1
475,154,970.78,850.10,178.35,229.90,0.8544,-1,-1,-1
475,122,175.86,698.35,100.26,273.50,0.6613,-1,-1,-1
476,161,27.58,685.26,101.69,272.92,0.7530,-1,-1,-1
476,154,928.60,859.33,170.09,220.67,0.7884,-1,-1,-1
476,122,126.18,704.07,111.34,275.24,0.8231,-1,-1,-1
477,161,0.07,715.87,77.43,235.48,0.4393,-1,-1,-1
477,154,885.11,865.27,193.05,214.73,0.6736,-1,-1,-1
477,122,76.41,703.17,113.12,285.90,0.7751,-1,-1,-1
478,154,840.57,869.75,196.05,210.25,0.7707,-1,-1,-1
478,122,22.38,715.42,89.05,239.84,0.4017,-1,-1,-1
479,154,794.99,883.71,193.17,196.29,0.6695,-1,-1,-1
480,154,749.17,891.50,190.81,188.50,0.6448,-1,-1,-1
481,154,703.79,879.72,186.88,200.28,0.8094,-1,-1,-1
482,177,1827.80,655.69,91.35,237.52,0.7538,-1,-1,-1
482,154,691.52,877.04,150.26,202.96,0.8000,-1,-1,-1
483,177,1791.10,657.20,96.52,236.31,0.8305,-1,-1,-1
483,154,613.20,876.87,175.35,203.13,0.8522,-1,-1,-1
484,177,1749.80,655.62,94.69,240.98,0.7498,-1,-1,-1
484,154,559.93,875.72,178.00,204.28,0.8642,-1,-1,-1
485,177,1709.64,658.26,88.61,236.48,0.6482,-1,-1,-1
485,154,509.23,877.89,174.52,202.11,0.8669,-1,-1,-1
486,177,1670.40,656.99,84.27,202.48,0.6022,-1,-1,-1
486,154,457.72,879.72,174.00,200.28,0.8800,-1,-1,-1
487,177,1628.13,658.48,85.39,204.61,0.3110,-1,-1,-1
487,154,403.20,890.72,173.94,189.28,0.8902,-1,-1,-1
488,154,350.26,903.34,172.99,176.66,0.8884,-1,-1,-1
489,154,303.24,917.90,165.77,161.86,0.8687,-1,-1,-1
490,184,1409.33,661.01,104.44,239.63,0.7653,-1,-1,-1
490,154,256.27,930.52,155.39,149.48,0.8578,-1,-1,-1
491,184,1367.75,664.15,99.12,241.39,0.7365,-1,-1,-1
491,154,206.84,946.58,150.63,133.25,0.8460,-1,-1,-1
492,184,1329.96,667.84,97.66,243.64,0.7021,-1,-1,-1
492,154,155.09,951.99,149.00,128.01,0.5067,-1,-1,-1
493,184,1290.69,668.13,91.79,251.49,0.7055,-1,-1,-1
493,177,1370.71,677.14,86.90,147.35,0.3183,-1,-1,-1
493,154,100.46,959.54,150.66,120.46,0.8677,-1,-1,-1
494,184,1254.69,671.37,75.73,256.84,0.3457,-1,-1,-1
494,154,40.80,965.53,148.69,114.47,0.8631,-1,-1,-1
495,184,1218.61,677.40,63.46,258.57,0.4249,-1,-1,-1
495,177,1280.48,686.19,82.43,151.13,0.3792,-1,-1,-1
495,154,0.58,966.34,129.60,112.66,0.8713,-1,-1,-1
496,184,1173.30,682.36,69.11,266.62,0.6716,-1,-1,-1
496,154,0.71,965.34,59.37,114.66,0.5380,-1,-1,-1
497,186,1169.96,691.01,106.40,272.19,0.6824,-1,-1,-1
497,184,1129.01,681.23,64.57,266.77,0.6590,-1,-1,-1
498,184,1078.95,679.68,72.82,270.59,0.7615,-1,-1,-1
498,177,1131.45,691.42,94.88,249.42,0.5741,-1,-1,-1
499,184,1029.63,680.59,73.60,271.38,0.7828,-1,-1,-1
499,177,1097.53,688.66,89.86,260.98,0.6290,-1,-1,-1
500,184,980.76,678.59,81.10,270.23,0.8329,-1,-1,-1
500,177,1053.03,688.04,85.44,256.28,0.6854,-1,-1,-1
501,184,931.14,680.04,90.27,274.47,0.8359,-1,-1,-1
501,177,1007.87,687.80,83.73,270.15,0.7691,-1,-1,-1
502,184,881.46,680.65,93.39,271.06,0.7705,-1,-1,-1
502,177,962.01,686.13,82.09,272.35,0.6242,-1,-1,-1
503,184,833.59,683.03,98.62,268.15,0.7842,-1,-1,-1
503,177,914.29,684.44,80.31,268.55,0.4673,-1,-1,-1
504,187,1829.96,647.02,89.00,171.03,0.7006,-1,-1,-1
504,184,784.59,682.02,99.42,275.48,0.8235,-1,-1,-1
504,177,873.46,688.64,79.11,276.94,0.6351,-1,-1,-1
505,188,1884.58,665.08,34.68,162.47,0.3235,-1,-1,-1
505,187,1799.39,647.30,80.43,176.29,0.7333,-1,-1,-1
505,184,735.77,682.99,100.60,290.13,0.8424,-1,-1,-1
505,177,824.67,691.43,82.97,295.99,0.6643,-1,-1,-1
506,189,1841.42,655.49,77.80,181.93,0.3213,-1,-1,-1
506,187,1764.22,650.69,79.02,169.27,0.6743,-1,-1,-1
506,184,685.29,688.87,93.75,292.17,0.7703,-1,-1,-1
506,177,742.75,693.98,116.86,312.02,0.3547,-1,-1,-1
507,189,1812.35,652.84,79.18,182.74,0.8147,-1,-1,-1
507,187,1735.45,654.51,72.41,168.78,0.7025,-1,-1,-1
507,184,637.96,692.90,90.76,290.03,0.8300,-1,-1,-1
507,177,686.72,701.54,119.89,315.99,0.8130,-1,-1,-1
508,189,1778.70,660.55,77.27,179.27,0.7107,-1,-1,-1
508,187,1701.36,655.07,75.85,170.70,0.6964,-1,-1,-1
508,184,591.96,698.96,85.16,293.62,0.8266,-1,-1,-1
508,177,633.38,711.20,126.30,324.08,0.8508,-1,-1,-1
509,189,1743.98,661.15,75.78,179.99,0.7910,-1,-1,-1
509,187,1667.26,664.51,77.09,171.75,0.7630,-1,-1,-1
509,184,542.57,708.49,79.42,303.00,0.7518,-1,-1,-1
509,177,594.50,716.73,113.24,320.12,0.8185,-1,-1,-1
510,189,1709.25,667.03,74.99,181.99,0.7659,-1,-1,-1
510,187,1636.63,669.26,70.60,169.17,0.7518,-1,-1,-1
510,184,488.53,711.44,85.78,304.33,0.6159,-1,-1,-1
510,177,544.26,725.63,111.76,327.21,0.7035,-1,-1,-1
511,189,1676.44,668.33,71.76,183.76,0.8024,-1,-1,-1
511,187,1596.08,670.60,74.33,171.85,0.8348,-1,-1,-1
511,184,433.66,720.46,89.60,289.69,0.6723,-1,-1,-1
511,177,495.97,734.05,108.12,326.48,0.7947,-1,-1,-1
512,189,1639.89,672.30,75.89,184.70,0.6752,-1,-1,-1
512,187,1558.23,670.30,79.22,179.60,0.8322,-1,-1,-1
512,184,377.67,727.98,92.01,312.28,0.5968,-1,-1,-1
512,177,416.58,744.46,136.45,317.90,0.7563,-1,-1,-1
513,189,1605.94,672.09,69.59,189.53,0.7225,-1,-1,-1
513,187,1523.51,671.00,82.72,179.36,0.8370,-1,-1,-1
513,184,274.31,733.10,135.63,315.17,0.7248,-1,-1,-1
513,177,375.52,750.50,121.83,329.21,0.7747,-1,-1,-1
514,189,1568.52,672.84,79.33,195.96,0.7509,-1,-1,-1
514,187,1493.35,675.68,75.60,178.45,0.6697,-1,-1,-1
514,184,207.47,741.31,144.73,323.02,0.3865,-1,-1,-1
514,177,310.47,754.52,130.98,325.05,0.8329,-1,-1,-1
515,189,1537.53,674.65,70.61,196.09,0.7892,-1,-1,-1
515,187,1462.18,674.79,73.97,180.77,0.7987,-1,-1,-1
515,184,151.53,749.59,147.11,328.07,0.3782,-1,-1,-1
515,177,260.63,759.71,126.12,320.29,0.7635,-1,-1,-1
516,189,1504.93,676.31,70.42,201.40,0.6801,-1,-1,-1
516,187,1429.09,675.04,74.35,178.36,0.7989,-1,-1,-1
516,184,101.62,753.92,127.34,326.08,0.3369,-1,-1,-1
516,177,202.62,762.84,120.33,315.33,0.7260,-1,-1,-1
517,202,1851.39,731.03,67.73,275.78,0.7893,-1,-1,-1
517,189,1473.46,673.73,73.44,200.23,0.7695,-1,-1,-1
517,187,1395.02,673.49,76.88,184.20,0.7678,-1,-1,-1
517,177,107.31,770.10,159.49,309.27,0.8186,-1,-1,-1
518,202,1820.47,732.52,99.06,272.52,0.6869,-1,-1,-1
518,189,1444.22,683.28,53.55,189.45,0.4157,-1,-1,-1
518,187,1356.26,676.59,87.41,186.61,0.6243,-1,-1,-1
518,184,5.36,759.54,100.71,312.24,0.5437,-1,-1,-1
518,177,67.69,778.93,135.43,301.07,0.7889,-1,-1,-1
519,202,1777.64,732.36,106.32,272.05,0.8204,-1,-1,-1
519,189,1410.45,676.16,66.09,195.07,0.6714,-1,-1,-1
519,187,1318.34,675.43,91.77,187.64,0.7740,-1,-1,-1
519,177,1.04,785.21,149.50,294.56,0.8520,-1,-1,-1
520,202,1748.58,732.88,101.79,273.84,0.7047,-1,-1,-1
520,189,1374.59,677.05,76.57,197.17,0.8105,-1,-1,-1
520,187,1288.17,675.65,87.49,188.48,0.8500,-1,-1,-1
520,177,0.34,789.14,86.53,288.88,0.5169,-1,-1,-1
521,202,1699.51,731.78,117.75,277.58,0.6907,-1,-1,-1
521,189,1349.87,679.12,67.96,203.45,0.7364,-1,-1,-1
521,187,1254.89,682.14,87.55,182.47,0.8210,-1,-1,-1
522,208,1375.83,571.71,47.45,99.32,0.5258,-1,-1,-1
522,202,1665.89,731.97,119.13,276.49,0.3623,-1,-1,-1
522,189,1314.72,677.45,67.14,201.57,0.7398,-1,-1,-1
522,187,1225.38,680.46,81.17,185.90,0.8315,-1,-1,-1
523,208,1350.92,570.65,50.27,100.74,0.6178,-1,-1,-1
523,202,1643.08,729.70,114.09,268.93,0.7900,-1,-1,-1
523,189,1278.71,680.23,75.62,205.67,0.8369,-1,-1,-1
523,187,1194.83,682.57,77.91,184.08,0.8531,-1,-1,-1
524,208,1324.64,572.58,52.53,98.40,0.6374,-1,-1,-1
524,202,1611.27,726.05,111.34,277.04,0.7021,-1,-1,-1
524,189,1250.88,682.54,72.76,205.52,0.8323,-1,-1,-1
524,187,1163.90,685.56,76.88,187.44,0.7561,-1,-1,-1
525,208,1300.40,571.79,52.03,99.70,0.6709,-1,-1,-1
525,202,1578.49,727.82,114.50,273.55,0.8593,-1,-1,-1
525,189,1214.05,677.38,74.51,214.70,0.7303,-1,-1,-1
525,187,1130.69,680.58,74.37,195.17,0.7995,-1,-1,-1
526,208,1276.89,574.80,48.57,96.65,0.6037,-1,-1,-1
526,202,1544.60,722.94,115.34,277.59,0.8423,-1,-1,-1
526,189,1175.89,677.91,82.44,220.14,0.8190,-1,-1,-1
526,187,1100.22,684.39,71.50,196.91,0.8296,-1,-1,-1
527,208,1254.07,574.27,46.12,97.59,0.5964,-1,-1,-1
527,189,1142.95,682.27,81.60,219.26,0.7884,-1,-1,-1
527,187,1067.52,685.08,72.03,197.98,0.4703,-1,-1,-1
528,208,1229.77,573.64,48.92,98.27,0.6453,-1,-1,-1
528,202,1478.07,726.52,116.26,266.99,0.7770,-1,-1,-1
528,189,1109.51,685.57,84.70,223.26,0.8386,-1,-1,-1
528,187,1037.25,685.64,70.26,203.31,0.8108,-1,-1,-1
529,208,1206.99,573.00,47.27,99.83,0.6653,-1,-1,-1
529,202,1440.61,726.90,122.44,275.51,0.6907,-1,-1,-1
529,189,1062.39,689.10,100.67,227.89,0.8357,-1,-1,-1
529,187,1003.43,686.73,73.78,210.75,0.8178,-1,-1,-1
530,208,1184.90,573.19,44.72,99.30,0.6672,-1,-1,-1
530,202,1408.22,729.40,127.62,286.77,0.3199,-1,-1,-1
530,189,1029.28,692.82,102.76,227.86,0.7948,-1,-1,-1
530,187,967.66,697.16,74.24,210.42,0.7555,-1,-1,-1
531,208,1162.99,570.87,43.30,101.80,0.7009,-1,-1,-1
531,202,1380.33,726.64,129.77,293.39,0.8837,-1,-1,-1
531,189,995.96,698.28,106.34,230.16,0.8119,-1,-1,-1
531,187,937.95,700.11,74.64,205.41,0.7804,-1,-1,-1
532,208,1142.35,571.88,43.37,104.86,0.7713,-1,-1,-1
532,202,1354.19,733.57,133.13,290.34,0.8013,-1,-1,-1
532,189,962.20,702.27,106.82,239.04,0.7723,-1,-1,-1
532,187,896.12,701.95,86.28,214.53,0.7586,-1,-1,-1
533,208,1118.63,570.70,44.96,105.76,0.8277,-1,-1,-1
533,202,1323.63,735.49,118.07,294.65,0.8231,-1,-1,-1
533,189,937.63,702.98,99.55,239.97,0.8214,-1,-1,-1
533,187,858.95,707.83,87.21,209.10,0.7587,-1,-1,-1
534,208,1097.56,571.47,43.51,108.11,0.8261,-1,-1,-1
534,202,1300.44,738.45,113.65,291.63,0.8081,-1,-1,-1
534,189,914.72,705.69,93.22,233.10,0.4403,-1,-1,-1
534,187,836.40,704.97,81.20,212.98,0.8169,-1,-1,-1
535,208,1076.00,570.85,41.46,109.01,0.8225,-1,-1,-1
535,202,1273.00,739.52,114.24,295.55,0.3652,-1,-1,-1
535,189,881.67,707.68,89.91,244.42,0.8340,-1,-1,-1
535,187,803.02,705.21,82.29,225.23,0.7549,-1,-1,-1
536,208,1057.97,574.69,41.05,108.74,0.6093,-1,-1,-1
536,202,1249.83,737.60,107.99,294.28,0.8442,-1,-1,-1
536,189,845.00,706.18,93.61,252.41,0.8739,-1,-1,-1
536,187,770.51,705.38,76.61,228.04,0.7411,-1,-1,-1
537,208,1037.45,575.88,41.46,107.76,0.7919,-1,-1,-1
537,202,1219.99,732.67,109.95,297.74,0.7608,-1,-1,-1
537,189,820.04,709.36,87.20,254.03,0.6945,-1,-1,-1
537,187,735.89,705.18,67.37,236.84,0.3357,-1,-1,-1
538,208,1017.17,579.51,43.88,109.95,0.7028,-1,-1,-1
538,202,1196.94,736.48,105.18,292.72,0.8540,-1,-1,-1
538,189,776.88,709.89,90.66,260.98,0.7712,-1,-1,-1
538,187,703.52,709.31,63.10,233.16,0.6609,-1,-1,-1
539,208,996.16,577.20,42.43,111.15,0.7833,-1,-1,-1
539,202,1172.34,735.48,106.53,296.61,0.8529,-1,-1,-1
539,189,743.40,714.02,92.46,268.93,0.8339,-1,-1,-1
539,187,666.28,714.54,73.56,231.81,0.8003,-1,-1,-1
540,208,977.01,578.83,42.65,111.56,0.8454,-1,-1,-1
540,202,1142.69,737.77,103.13,304.53,0.8341,-1,-1,-1
540,189,715.79,718.84,78.73,267.11,0.7551,-1,-1,-1
540,187,617.78,718.00,93.03,240.90,0.7306,-1,-1,-1
541,208,956.44,579.39,43.46,113.35,0.7075,-1,-1,-1
541,202,1112.65,741.20,102.97,302.56,0.8375,-1,-1,-1
541,189,669.88,724.49,101.06,275.85,0.7750,-1,-1,-1
541,187,569.40,724.24,109.48,246.97,0.8140,-1,-1,-1
542,208,936.89,583.12,47.65,113.08,0.7694,-1,-1,-1
542,202,1066.74,751.03,122.74,312.82,0.7613,-1,-1,-1
542,189,631.52,731.60,105.53,275.10,0.7970,-1,-1,-1
542,187,524.49,725.20,119.99,248.84,0.7839,-1,-1,-1
543,208,916.85,584.31,48.40,111.87,0.7945,-1,-1,-1
543,202,1050.30,752.50,112.85,304.86,0.8086,-1,-1,-1
543,189,596.72,736.82,102.77,281.46,0.8443,-1,-1,-1
543,187,489.39,732.76,127.34,257.19,0.7592,-1,-1,-1
544,208,895.97,586.78,46.62,111.92,0.7967,-1,-1,-1
544,202,1025.19,760.60,110.40,309.06,0.8307,-1,-1,-1
544,189,559.68,747.99,104.71,300.83,0.7879,-1,-1,-1
544,187,449.67,747.60,134.55,261.32,0.8161,-1,-1,-1
545,208,877.13,582.94,48.63,113.37,0.7075,-1,-1,-1
545,202,986.58,753.97,120.88,317.28,0.8322,-1,-1,-1
545,189,525.99,746.16,107.90,298.59,0.8321,-1,-1,-1
545,187,420.42,746.37,129.80,253.35,0.7221,-1,-1,-1
546,208,854.69,584.44,49.82,113.73,0.4294,-1,-1,-1
546,202,972.09,758.24,111.69,308.78,0.8039,-1,-1,-1
546,189,487.55,748.99,111.22,303.80,0.8308,-1,-1,-1
546,187,388.62,744.72,118.69,263.40,0.7863,-1,-1,-1
547,208,837.38,582.85,50.97,114.19,0.7631,-1,-1,-1
547,202,934.72,756.11,122.28,311.08,0.8402,-1,-1,-1
547,189,456.03,752.85,101.93,297.35,0.3929,-1,-1,-1
547,187,360.94,747.20,100.87,265.54,0.8100,-1,-1,-1
548,208,818.09,582.18,52.43,115.84,0.7198,-1,-1,-1
548,202,914.94,761.94,116.51,302.90,0.8511,-1,-1,-1
548,189,415.34,752.88,98.17,309.25,0.7942,-1,-1,-1
548,187,318.37,751.44,101.47,274.03,0.8290,-1,-1,-1
549,208,797.52,579.39,51.47,117.04,0.7721,-1,-1,-1
549,202,884.45,751.08,122.04,314.01,0.8487,-1,-1,-1
549,189,373.39,757.21,109.11,317.53,0.8794,-1,-1,-1
549,187,280.05,760.50,102.96,269.29,0.4485,-1,-1,-1
550,208,780.67,581.38,50.43,119.09,0.4733,-1,-1,-1
550,202,861.93,758.02,117.54,309.79,0.8363,-1,-1,-1
550,189,333.49,760.14,119.40,313.23,0.8369,-1,-1,-1
550,187,241.59,758.86,98.77,284.79,0.7992,-1,-1,-1
551,208,758.64,584.10,52.29,118.54,0.8126,-1,-1,-1
551,202,839.77,773.43,114.78,294.85,0.7373,-1,-1,-1
551,189,288.53,765.80,109.42,307.72,0.8036,-1,-1,-1
551,187,195.97,762.44,99.74,299.53,0.8123,-1,-1,-1
552,208,742.85,583.30,54.92,116.36,0.7985,-1,-1,-1
552,202,806.13,712.47,124.60,363.73,0.7998,-1,-1,-1
552,189,242.05,768.13,114.82,311.87,0.4246,-1,-1,-1
552,187,154.89,767.96,100.62,307.86,0.7815,-1,-1,-1
553,208,724.56,580.80,53.41,120.58,0.7951,-1,-1,-1
553,202,786.69,746.00,121.29,334.00,0.8289,-1,-1,-1
553,189,189.07,777.60,121.93,302.40,0.8125,-1,-1,-1
553,187,105.83,773.91,101.21,306.09,0.7684,-1,-1,-1
554,208,705.42,579.93,53.79,122.40,0.7276,-1,-1,-1
554,202,765.90,760.49,118.54,318.77,0.8476,-1,-1,-1
554,189,139.32,783.11,128.83,296.89,0.8204,-1,-1,-1
554,187,63.17,783.00,105.17,295.29,0.7736,-1,-1,-1
555,208,686.40,583.49,51.52,119.99,0.7903,-1,-1,-1
555,202,717.63,760.43,142.62,310.87,0.8224,-1,-1,-1
555,189,95.64,797.83,138.25,282.17,0.8332,-1,-1,-1
555,187,14.82,792.19,108.90,286.26,0.8271,-1,-1,-1
556,208,670.14,579.79,53.40,122.00,0.8031,-1,-1,-1
556,202,699.26,762.24,129.59,304.32,0.8349,-1,-1,-1
556,189,51.23,806.18,125.76,273.82,0.8499,-1,-1,-1
556,187,0.52,798.16,73.37,281.84,0.7333,-1,-1,-1
557,208,652.98,577.51,48.84,124.34,0.7727,-1,-1,-1
557,202,683.22,766.14,122.12,312.98,0.7722,-1,-1,-1
557,189,0.69,816.33,126.71,263.33,0.8701,-1,-1,-1
558,208,633.46,576.36,53.46,125.17,0.6969,-1,-1,-1
558,202,652.27,764.06,126.06,310.65,0.8495,-1,-1,-1
558,189,0.33,819.08,65.27,255.68,0.6434,-1,-1,-1
559,208,614.86,575.61,54.10,128.23,0.5153,-1,-1,-1
559,202,626.73,765.01,128.33,312.04,0.8638,-1,-1,-1
560,208,599.22,580.95,51.21,126.32,0.7320,-1,-1,-1
560,202,605.62,759.04,124.09,320.96,0.8783,-1,-1,-1
561,208,580.71,575.64,56.26,129.97,0.6355,-1,-1,-1
561,202,578.30,756.91,126.18,323.09,0.8899,-1,-1,-1
562,208,563.32,580.69,57.40,129.99,0.4715,-1,-1,-1
562,202,549.33,756.85,128.34,323.15,0.8928,-1,-1,-1
563,208,547.55,582.70,57.23,130.87,0.4265,-1,-1,-1
563,202,530.38,756.32,120.75,323.68,0.8964,-1,-1,-1
564,226,530.23,582.56,60.41,132.57,0.5465,-1,-1,-1
564,208,532.84,585.67,57.95,127.51,0.4308,-1,-1,-1
564,202,502.24,759.19,124.16,320.81,0.9090,-1,-1,-1
565,208,511.60,582.67,60.38,135.64,0.7544,-1,-1,-1
565,202,471.19,761.43,133.20,318.57,0.8364,-1,-1,-1
566,208,493.11,582.70,66.97,133.34,0.5608,-1,-1,-1
566,202,438.86,768.29,143.29,311.71,0.8453,-1,-1,-1
567,226,481.09,584.80,61.60,137.49,0.7266,-1,-1,-1
567,208,481.91,587.31,61.24,132.24,0.3428,-1,-1,-1
567,202,416.88,780.06,140.11,299.94,0.8760,-1,-1,-1
568,226,461.58,585.52,64.28,138.33,0.7444,-1,-1,-1
568,202,375.53,786.22,157.55,293.78,0.8689,-1,-1,-1
569,226,437.84,585.73,75.29,140.26,0.6094,-1,-1,-1
569,202,355.31,790.34,156.32,289.66,0.8661,-1,-1,-1
570,226,428.72,585.06,66.54,143.08,0.7437,-1,-1,-1
570,202,328.71,790.48,156.91,289.41,0.8541,-1,-1,-1
571,226,413.33,591.10,68.69,140.25,0.7742,-1,-1,-1
571,202,304.94,795.85,156.95,284.15,0.8717,-1,-1,-1
572,227,1855.29,588.19,63.73,163.79,0.4324,-1,-1,-1
572,226,395.57,595.67,70.64,137.75,0.6758,-1,-1,-1
572,221,285.86,797.46,148.16,220.98,0.4537,-1,-1,-1
572,202,283.20,799.29,150.79,277.14,0.5682,-1,-1,-1
573,227,1861.17,590.31,57.75,161.21,0.4710,-1,-1,-1
573,226,379.58,592.10,68.36,144.55,0.7470,-1,-1,-1
573,202,265.14,797.61,144.80,229.58,0.6213,-1,-1,-1
574,227,1858.14,588.40,50.59,158.55,0.3596,-1,-1,-1
574,226,364.14,597.68,72.12,141.58,0.7729,-1,-1,-1
574,202,221.35,801.07,158.16,277.23,0.5749,-1,-1,-1
575,226,344.19,598.24,74.55,140.75,0.4304,-1,-1,-1
575,208,343.15,596.47,74.25,142.02,0.6495,-1,-1,-1
575,202,206.41,799.79,145.80,228.13,0.6657,-1,-1,-1
576,227,1833.69,586.68,63.89,174.64,0.3874,-1,-1,-1
576,208,327.41,598.56,73.10,146.50,0.8047,-1,-1,-1
576,202,164.94,806.92,160.21,270.35,0.7040,-1,-1,-1
577,227,1827.58,581.40,63.34,182.70,0.4507,-1,-1,-1
577,226,310.90,599.54,76.44,143.86,0.7925,-1,-1,-1
577,202,143.72,806.94,154.77,220.37,0.5749,-1,-1,-1
578,226,294.30,597.24,76.10,150.40,0.8361,-1,-1,-1
578,202,163.69,813.62,108.02,207.26,0.3386,-1,-1,-1
579,227,1814.22,586.01,59.18,181.44,0.5381,-1,-1,-1
579,226,278.37,597.55,72.21,152.37,0.8166,-1,-1,-1
579,202,80.63,819.48,163.29,232.07,0.6006,-1,-1,-1
580,227,1808.57,590.78,59.25,179.68,0.6473,-1,-1,-1
580,226,262.86,601.28,74.05,149.32,0.7731,-1,-1,-1
580,202,58.15,824.06,155.87,197.69,0.3879,-1,-1,-1
581,227,1802.05,588.90,61.04,184.58,0.4630,-1,-1,-1
581,226,245.79,596.40,74.49,158.51,0.8120,-1,-1,-1
581,202,4.88,828.96,178.65,251.04,0.8015,-1,-1,-1
582,227,1794.76,588.51,62.98,186.68,0.6089,-1,-1,-1
582,226,230.49,598.06,70.58,159.41,0.8301,-1,-1,-1
582,202,0.67,834.22,156.85,245.78,0.7948,-1,-1,-1
583,227,1786.98,607.09,66.19,168.93,0.4324,-1,-1,-1
583,226,209.71,600.09,79.47,159.21,0.8284,-1,-1,-1
583,202,0.57,836.03,129.92,238.18,0.7126,-1,-1,-1
584,227,1782.02,616.40,65.66,159.13,0.4655,-1,-1,-1
584,226,194.84,598.63,80.14,167.49,0.8355,-1,-1,-1
584,202,0.36,834.64,99.25,243.77,0.7938,-1,-1,-1
585,226,187.25,602.53,73.92,169.90,0.8514,-1,-1,-1
585,202,0.25,844.73,71.22,233.66,0.7424,-1,-1,-1
586,227,1774.91,586.37,65.07,184.38,0.3823,-1,-1,-1
586,226,166.46,605.36,80.22,169.38,0.8108,-1,-1,-1
586,202,0.47,923.79,41.58,156.02,0.5414,-1,-1,-1
587,227,1774.29,590.80,56.82,162.54,0.3216,-1,-1,-1
587,226,153.27,608.69,83.35,170.56,0.8493,-1,-1,-1
588,227,1776.24,587.38,52.30,160.06,0.3461,-1,-1,-1
588,226,141.16,609.26,82.27,174.52,0.8510,-1,-1,-1
589,229,1767.07,583.01,58.71,163.85,0.6033,-1,-1,-1
589,227,1769.50,585.47,51.38,153.08,0.3822,-1,-1,-1
589,226,126.74,612.99,84.64,173.15,0.8613,-1,-1,-1
590,229,1766.57,581.09,57.88,168.65,0.7235,-1,-1,-1
590,226,113.06,614.29,85.44,176.69,0.8429,-1,-1,-1
591,230,1224.00,527.26,30.96,76.40,0.5049,-1,-1,-1
591,229,1765.64,582.35,60.91,168.86,0.8096,-1,-1,-1
591,226,99.30,613.98,82.61,179.54,0.8543,-1,-1,-1
592,230,1226.32,528.61,27.68,74.87,0.4131,-1,-1,-1
592,229,1764.54,578.70,63.60,168.39,0.8070,-1,-1,-1
592,226,84.69,619.05,86.39,174.33,0.8744,-1,-1,-1
593,231,332.63,533.63,42.46,99.95,0.5370,-1,-1,-1
593,230,1224.92,527.92,28.37,76.12,0.5084,-1,-1,-1
593,229,1763.52,583.49,63.15,167.66,0.8110,-1,-1,-1
593,226,71.02,617.71,85.51,181.97,0.8516,-1,-1,-1
594,231,331.57,535.25,37.25,98.82,0.4846,-1,-1,-1
594,230,1222.91,528.22,29.34,75.14,0.4879,-1,-1,-1
594,229,1760.16,579.77,68.19,173.47,0.8161,-1,-1,-1
594,226,55.96,621.45,92.01,183.51,0.8440,-1,-1,-1
595,231,325.74,536.62,41.20,95.27,0.6289,-1,-1,-1
595,230,1222.72,526.98,29.54,78.63,0.5037,-1,-1,-1
595,229,1748.09,581.17,83.11,178.09,0.8024,-1,-1,-1
595,226,44.18,620.52,86.81,187.92,0.8455,-1,-1,-1
596,231,319.90,535.59,43.06,99.20,0.5778,-1,-1,-1
596,230,1224.34,526.76,29.40,77.57,0.5066,-1,-1,-1
596,229,1749.01,580.24,83.73,178.77,0.8181,-1,-1,-1
596,226,28.58,625.91,90.03,188.20,0.8645,-1,-1,-1
597,231,314.02,532.14,43.32,104.47,0.5054,-1,-1,-1
597,230,1226.40,528.49,27.39,76.18,0.3519,-1,-1,-1
597,229,1756.27,587.27,78.55,170.89,0.8354,-1,-1,-1
597,226,14.29,626.39,91.41,192.87,0.8549,-1,-1,-1
598,231,309.93,535.14,41.20,107.37,0.5601,-1,-1,-1
598,229,1759.28,585.46,81.17,170.91,0.8479,-1,-1,-1
598,226,1.34,637.45,96.70,190.70,0.8700,-1,-1,-1
599,231,308.20,539.88,43.06,102.10,0.5136,-1,-1,-1
599,230,1230.19,528.33,27.07,76.53,0.3442,-1,-1,-1
599,229,1765.30,582.26,81.12,174.34,0.8424,-1,-1,-1
599,226,0.00,639.02,83.76,191.55,0.8440,-1,-1,-1
600,231,303.06,544.98,45.86,98.67,0.6313,-1,-1,-1
600,229,1766.03,581.21,81.67,178.31,0.8521,-1,-1,-1
600,226,0.34,647.81,72.67,191.54,0.8207,-1,-1,-1
601,231,301.07,543.54,46.52,99.85,0.5348,-1,-1,-1
601,229,1777.40,579.72,72.35,179.38,0.8289,-1,-1,-1
601,226,0.16,649.83,59.62,192.52,0.8183,-1,-1,-1
602,231,295.79,540.14,49.67,105.59,0.5538,-1,-1,-1
602,229,1785.52,576.02,66.70,182.93,0.7398,-1,-1,-1
602,226,0.31,663.64,49.59,181.49,0.4621,-1,-1,-1
603,231,290.64,534.59,50.65,109.63,0.5587,-1,-1,-1
603,230,1235.55,516.80,32.32,90.32,0.4557,-1,-1,-1
603,229,1788.81,579.36,64.33,182.19,0.6599,-1,-1,-1
603,226,0.25,671.80,35.86,180.14,0.5348,-1,-1,-1
604,231,288.73,546.88,48.70,101.66,0.5181,-1,-1,-1
604,230,1237.82,517.39,30.65,91.09,0.6162,-1,-1,-1
604,229,1806.88,576.93,47.20,184.79,0.3298,-1,-1,-1
605,231,285.47,541.21,48.80,107.38,0.5551,-1,-1,-1
605,230,1239.50,516.70,30.54,89.83,0.6926,-1,-1,-1
605,229,1812.00,580.72,46.54,184.93,0.4777,-1,-1,-1
606,231,282.67,540.18,50.95,109.47,0.6782,-1,-1,-1
606,230,1243.01,514.31,27.93,91.59,0.6968,-1,-1,-1
607,231,279.49,542.74,49.99,108.22,0.7104,-1,-1,-1
607,230,1243.75,513.72,30.01,92.69,0.6798,-1,-1,-1
608,231,277.23,542.72,49.59,105.87,0.7869,-1,-1,-1
608,230,1246.34,516.39,31.28,90.79,0.4358,-1,-1,-1
609,231,276.30,546.96,47.70,97.97,0.6303,-1,-1,-1
609,230,1248.13,515.85,34.62,92.20,0.5473,-1,-1,-1
610,231,273.84,534.99,49.28,109.10,0.6569,-1,-1,-1
610,230,1250.12,515.52,34.78,94.23,0.3382,-1,-1,-1
611,231,270.34,513.29,50.55,130.42,0.6204,-1,-1,-1
611,229,1819.37,586.71,46.04,180.21,0.3285,-1,-1,-1
612,231,268.03,510.37,50.17,134.10,0.6256,-1,-1,-1
612,230,1258.70,518.44,33.52,96.85,0.4143,-1,-1,-1
612,229,1825.02,590.21,48.48,185.20,0.4266,-1,-1,-1
613,230,1264.02,522.81,29.02,92.16,0.6029,-1,-1,-1
613,229,1828.28,594.98,53.58,182.81,0.6004,-1,-1,-1
614,231,261.97,500.60,50.28,140.86,0.3690,-1,-1,-1
614,230,1266.42,523.74,28.63,91.22,0.6860,-1,-1,-1
614,229,1834.62,595.83,62.27,190.01,0.6468,-1,-1,-1
615,231,258.46,498.91,48.44,143.41,0.4494,-1,-1,-1
615,230,1267.16,523.83,30.01,91.90,0.6400,-1,-1,-1
615,229,1841.24,600.44,60.16,192.40,0.5284,-1,-1,-1
616,231,256.03,506.74,48.44,137.35,0.6977,-1,-1,-1
616,230,1268.78,525.71,31.89,96.78,0.7124,-1,-1,-1
616,229,1847.04,604.44,72.96,196.12,0.6290,-1,-1,-1
617,231,253.89,506.98,49.89,137.31,0.7675,-1,-1,-1
617,230,1272.66,527.19,30.95,97.63,0.6417,-1,-1,-1
617,229,1850.79,608.94,68.68,195.13,0.6729,-1,-1,-1
618,231,250.56,505.37,49.62,140.63,0.7598,-1,-1,-1
618,230,1275.31,529.81,32.44,98.00,0.5837,-1,-1,-1
618,229,1855.85,610.58,63.17,199.52,0.7696,-1,-1,-1
619,231,248.04,505.38,50.04,143.92,0.6444,-1,-1,-1
619,230,1276.75,531.60,33.48,96.30,0.5822,-1,-1,-1
619,229,1863.38,608.61,55.91,205.55,0.7570,-1,-1,-1
620,231,246.22,505.60,49.42,143.86,0.4670,-1,-1,-1
620,230,1276.88,532.87,36.09,99.05,0.3498,-1,-1,-1
620,229,1870.27,609.95,48.99,207.76,0.7694,-1,-1,-1
621,231,242.06,500.49,51.75,151.14,0.5381,-1,-1,-1
621,230,1282.47,529.81,37.18,102.91,0.6731,-1,-1,-1
621,229,1877.86,609.78,41.39,207.93,0.6083,-1,-1,-1
622,234,310.21,480.72,20.13,33.84,0.3404,-1,-1,-1
622,231,241.64,503.94,46.96,146.65,0.3635,-1,-1,-1
622,230,1287.81,530.31,33.31,105.72,0.6348,-1,-1,-1
622,229,1881.50,610.77,37.77,200.32,0.7004,-1,-1,-1
623,235,239.76,523.03,48.47,132.80,0.3714,-1,-1,-1
623,234,310.95,482.84,18.87,33.68,0.3181,-1,-1,-1
623,231,238.27,503.05,51.07,151.80,0.5785,-1,-1,-1
623,230,1292.41,527.47,35.83,104.76,0.7439,-1,-1,-1
623,229,1887.14,603.13,32.21,194.04,0.3268,-1,-1,-1
624,231,237.29,502.84,50.07,149.65,0.5215,-1,-1,-1
624,230,1295.12,529.61,37.12,105.45,0.6553,-1,-1,-1
625,235,237.76,525.14,47.85,133.45,0.6491,-1,-1,-1
625,234,309.98,483.77,18.62,38.83,0.3199,-1,-1,-1
625,231,237.13,519.08,50.12,140.10,0.3018,-1,-1,-1
625,230,1301.20,535.17,33.65,104.27,0.5360,-1,-1,-1
626,235,235.80,527.55,50.24,128.86,0.6644,-1,-1,-1
626,230,1305.71,531.84,42.47,108.26,0.6823,-1,-1,-1
627,235,234.97,544.83,49.00,117.07,0.6407,-1,-1,-1
627,230,1312.21,529.76,39.56,110.88,0.7747,-1,-1,-1
628,235,234.60,543.99,50.53,117.55,0.6658,-1,-1,-1
628,230,1318.91,531.09,38.12,107.63,0.6864,-1,-1,-1
629,235,234.26,552.10,48.82,118.89,0.6566,-1,-1,-1
629,230,1323.44,529.52,40.31,106.56,0.6078,-1,-1,-1
630,235,234.62,551.26,48.36,117.37,0.7063,-1,-1,-1
630,230,1331.59,529.97,42.44,108.25,0.8242,-1,-1,-1
631,235,235.99,552.87,52.16,116.02,0.6644,-1,-1,-1
631,230,1340.64,527.95,39.06,111.54,0.7975,-1,-1,-1
632,235,237.76,551.96,48.39,120.31,0.6013,-1,-1,-1
632,230,1346.86,531.89,40.50,109.07,0.6796,-1,-1,-1
633,230,1355.23,536.38,41.56,107.25,0.7630,-1,-1,-1
634,235,240.00,552.34,54.36,122.63,0.3588,-1,-1,-1
634,230,1363.60,536.38,39.49,106.21,0.6524,-1,-1,-1
635,235,241.26,538.69,54.60,137.61,0.3249,-1,-1,-1
635,230,1369.74,532.64,43.11,115.51,0.7380,-1,-1,-1
636,235,243.20,551.64,53.17,125.05,0.4814,-1,-1,-1
636,230,1378.54,540.19,41.45,109.55,0.6476,-1,-1,-1
637,235,245.48,550.12,54.68,129.30,0.3696,-1,-1,-1
637,231,244.74,534.68,54.99,146.54,0.5293,-1,-1,-1
637,230,1390.22,538.31,39.08,114.58,0.4999,-1,-1,-1
638,235,247.75,531.37,51.96,151.81,0.6303,-1,-1,-1
638,231,246.76,533.93,52.94,149.28,0.4325,-1,-1,-1
638,230,1397.64,537.87,42.83,121.96,0.6921,-1,-1,-1
639,235,249.99,544.21,51.29,141.02,0.3300,-1,-1,-1
639,231,249.40,536.45,52.48,148.80,0.6156,-1,-1,-1
639,230,1411.78,552.19,36.56,108.81,0.4841,-1,-1,-1
640,235,251.86,541.18,50.57,146.44,0.3461,-1,-1,-1
640,231,251.10,535.10,51.42,153.10,0.5390,-1,-1,-1
641,230,1430.10,553.28,38.41,105.12,0.5542,-1,-1,-1
642,230,1441.43,557.83,39.78,105.53,0.3091,-1,-1,-1
643,230,1455.29,562.47,36.35,92.17,0.3875,-1,-1,-1
645,230,1480.63,565.77,32.74,69.87,0.4687,-1,-1,-1
646,235,273.17,574.59,45.23,121.70,0.3396,-1,-1,-1
646,230,1489.56,566.92,36.52,64.65,0.3374,-1,-1,-1
647,235,275.61,554.74,44.78,140.11,0.4433,-1,-1,-1
647,230,1503.78,568.80,36.47,68.73,0.3305,-1,-1,-1
648,235,278.98,567.28,46.43,128.08,0.5631,-1,-1,-1
649,235,282.13,552.40,46.78,136.93,0.5012,-1,-1,-1
650,235,285.89,532.87,48.70,161.63,0.6073,-1,-1,-1
651,235,291.07,530.41,50.12,166.42,0.3917,-1,-1,-1
652,235,300.90,557.09,45.19,126.37,0.5748,-1,-1,-1
655,235,321.89,519.72,40.23,165.44,0.3064,-1,-1,-1
656,237,1634.37,564.77,50.17,52.78,0.3986,-1,-1,-1
656,235,325.66,529.68,46.58,171.06,0.4471,-1,-1,-1
657,237,1658.15,565.52,45.21,62.35,0.4136,-1,-1,-1
657,235,334.01,531.68,48.26,174.17,0.4443,-1,-1,-1
658,237,1674.24,570.06,47.41,60.72,0.3702,-1,-1,-1
658,235,350.28,576.48,41.72,130.17,0.4438,-1,-1,-1
661,237,1724.41,598.59,58.86,64.80,0.3333,-1,-1,-1
661,235,365.39,593.50,44.62,128.02,0.5767,-1,-1,-1
662,239,357.73,540.80,24.83,70.02,0.4180,-1,-1,-1
662,237,1749.84,608.81,54.80,59.77,0.4029,-1,-1,-1
662,235,367.73,597.96,52.51,124.84,0.4974,-1,-1,-1
663,235,375.51,600.85,52.80,119.12,0.4417,-1,-1,-1
664,235,383.62,592.83,54.04,125.00,0.6124,-1,-1,-1
665,235,383.06,596.68,62.42,121.47,0.3886,-1,-1,-1
666,239,375.99,525.72,26.54,75.21,0.6284,-1,-1,-1
666,235,392.53,589.26,65.17,124.62,0.6009,-1,-1,-1
667,239,385.95,523.57,23.86,74.27,0.4134,-1,-1,-1
667,235,393.59,586.09,78.64,128.73,0.5811,-1,-1,-1
668,239,387.96,525.55,26.52,73.09,0.3733,-1,-1,-1
668,235,393.74,579.27,101.89,141.39,0.6405,-1,-1,-1
669,235,405.15,573.79,98.62,142.71,0.5441,-1,-1,-1
670,239,399.35,512.83,28.00,80.68,0.7416,-1,-1,-1
670,235,415.91,571.93,99.05,143.27,0.6494,-1,-1,-1
671,239,405.24,511.35,27.16,78.42,0.6096,-1,-1,-1
671,235,427.84,569.00,95.83,145.26,0.5688,-1,-1,-1
672,239,410.79,509.19,28.26,76.23,0.5704,-1,-1,-1
675,239,428.00,492.35,32.73,84.71,0.4568,-1,-1,-1
676,242,561.76,480.31,19.94,48.02,0.3208,-1,-1,-1
676,239,430.23,500.22,30.87,80.29,0.6708,-1,-1,-1
677,242,574.01,482.23,17.85,43.83,0.3690,-1,-1,-1
677,239,437.66,495.94,38.05,80.94,0.3081,-1,-1,-1
678,242,576.86,479.93,22.08,50.38,0.3206,-1,-1,-1
678,239,441.05,497.36,35.09,84.93,0.5050,-1,-1,-1
679,239,448.49,510.96,36.17,81.35,0.4777,-1,-1,-1
679,235,534.58,573.88,100.65,145.66,0.6229,-1,-1,-1
681,235,569.60,595.15,97.08,149.78,0.3445,-1,-1,-1
682,243,605.40,618.87,61.79,135.16,0.3320,-1,-1,-1
683,239,464.48,521.97,30.80,87.44,0.3154,-1,-1,-1
683,235,620.94,595.19,41.57,133.52,0.3152,-1,-1,-1
685,239,472.32,519.20,29.47,79.67,0.4741,-1,-1,-1
685,235,641.23,583.59,78.17,140.08,0.3351,-1,-1,-1
686,239,474.55,509.33,31.71,81.33,0.5892,-1,-1,-1
686,235,662.45,573.60,49.80,126.98,0.4865,-1,-1,-1
687,239,482.58,507.15,32.55,79.59,0.5471,-1,-1,-1
688,235,655.43,573.01,111.43,143.57,0.3780,-1,-1,-1
689,235,663.65,567.40,112.16,150.32,0.5508,-1,-1,-1
690,239,495.96,502.19,27.66,82.29,0.4367,-1,-1,-1
690,235,679.68,564.02,109.88,151.59,0.5889,-1,-1,-1
691,245,652.92,473.87,19.13,51.79,0.4152,-1,-1,-1
691,239,501.74,503.94,26.29,79.24,0.3205,-1,-1,-1
691,235,699.19,566.10,107.49,151.63,0.5673,-1,-1,-1
692,245,659.17,475.79,15.32,46.90,0.3359,-1,-1,-1
692,239,507.80,501.60,27.16,81.40,0.5571,-1,-1,-1
692,235,719.94,571.43,98.51,145.93,0.5349,-1,-1,-1
693,239,511.66,497.18,36.57,87.19,0.5450,-1,-1,-1
694,239,513.11,499.26,34.39,86.39,0.6331,-1,-1,-1
694,235,773.94,582.38,81.78,140.81,0.4923,-1,-1,-1
695,247,677.24,476.52,20.62,54.36,0.4261,-1,-1,-1
695,239,517.78,500.93,32.21,86.42,0.6550,-1,-1,-1
695,235,790.30,586.43,81.21,146.33,0.3794,-1,-1,-1
696,247,680.55,474.05,20.22,54.77,0.3052,-1,-1,-1
696,239,526.89,500.25,31.28,84.13,0.6103,-1,-1,-1
697,239,530.44,502.94,30.34,84.98,0.6134,-1,-1,-1
698,247,694.68,478.29,20.61,52.93,0.3757,-1,-1,-1
698,239,532.26,501.92,32.96,88.20,0.4365,-1,-1,-1
699,247,698.82,475.87,22.05,55.35,0.5136,-1,-1,-1
699,235,840.93,583.24,97.01,157.93,0.6659,-1,-1,-1
700,248,1269.99,520.04,25.63,62.37,0.3994,-1,-1,-1
700,247,703.95,479.31,19.48,53.52,0.4976,-1,-1,-1
700,239,538.24,501.09,33.77,94.30,0.6437,-1,-1,-1
700,235,854.34,585.45,103.92,158.81,0.6667,-1,-1,-1
701,239,544.93,505.05,32.54,90.87,0.5512,-1,-1,-1
701,235,881.55,591.44,93.15,156.53,0.5969,-1,-1,-1
702,247,718.59,479.07,20.81,55.87,0.3963,-1,-1,-1
702,239,551.91,506.85,31.58,88.19,0.4916,-1,-1,-1
702,235,927.66,598.63,66.81,155.93,0.6242,-1,-1,-1
703,247,720.67,472.35,24.11,63.27,0.3965,-1,-1,-1
703,239,555.52,504.87,31.93,88.98,0.6702,-1,-1,-1
703,235,950.30,604.47,60.10,151.55,0.4798,-1,-1,-1
704,247,726.01,475.48,20.91,62.01,0.3356,-1,-1,-1
704,239,555.18,508.62,35.27,91.05,0.7046,-1,-1,-1
704,235,954.88,611.22,73.57,155.17,0.6601,-1,-1,-1
705,247,727.63,476.21,20.92,60.61,0.4305,-1,-1,-1
705,239,556.01,509.30,37.80,89.92,0.6123,-1,-1,-1
705,235,976.63,612.16,67.94,156.45,0.6971,-1,-1,-1
706,239,561.08,512.08,36.90,91.02,0.7227,-1,-1,-1
706,235,984.76,615.56,79.53,159.94,0.8442,-1,-1,-1
707,239,562.69,513.96,36.83,93.67,0.7615,-1,-1,-1
707,235,993.84,613.48,90.27,169.95,0.8265,-1,-1,-1
708,239,566.18,517.81,35.62,95.20,0.4877,-1,-1,-1
708,235,991.82,616.85,110.57,171.22,0.7692,-1,-1,-1
709,247,744.45,491.85,21.68,54.97,0.3044,-1,-1,-1
709,239,567.62,521.15,35.89,97.01,0.7534,-1,-1,-1
709,235,999.85,609.50,125.72,179.48,0.8391,-1,-1,-1
710,247,751.09,501.33,17.53,53.35,0.4815,-1,-1,-1
710,239,574.05,529.89,34.98,91.18,0.7225,-1,-1,-1
710,235,1015.69,622.71,126.58,178.82,0.8340,-1,-1,-1
711,247,751.40,503.06,17.94,52.95,0.4909,-1,-1,-1
711,239,575.59,533.95,34.67,89.34,0.5893,-1,-1,-1
711,235,1048.25,620.36,115.18,176.14,0.7951,-1,-1,-1
712,247,759.52,506.98,28.29,50.62,0.3494,-1,-1,-1
712,239,576.53,535.80,37.10,91.18,0.7684,-1,-1,-1
712,235,1073.65,633.49,105.19,173.80,0.5793,-1,-1,-1
713,247,764.16,507.06,21.47,48.38,0.3022,-1,-1,-1
713,239,576.69,535.25,37.02,93.20,0.7901,-1,-1,-1
713,235,1127.99,631.46,73.55,168.68,0.6513,-1,-1,-1
714,247,765.50,508.88,21.72,54.38,0.3231,-1,-1,-1
714,239,578.73,539.11,37.64,103.56,0.5330,-1,-1,-1
714,235,1128.25,637.20,99.12,169.17,0.8086,-1,-1,-1
715,247,766.48,502.81,24.83,61.75,0.3674,-1,-1,-1
715,239,580.53,537.59,36.90,104.77,0.6251,-1,-1,-1
715,235,1139.75,634.91,99.79,174.84,0.7996,-1,-1,-1
716,247,767.39,503.69,25.85,58.79,0.3295,-1,-1,-1
716,239,582.38,543.15,36.68,101.77,0.5963,-1,-1,-1
716,235,1154.84,631.40,102.95,180.62,0.8455,-1,-1,-1
717,239,581.21,543.52,38.78,101.42,0.6020,-1,-1,-1
717,235,1172.72,629.03,103.61,185.15,0.8559,-1,-1,-1
718,239,585.95,553.34,34.88,96.19,0.5318,-1,-1,-1
718,235,1188.66,624.40,110.43,196.81,0.8630,-1,-1,-1
719,239,585.17,547.00,37.93,99.99,0.6226,-1,-1,-1
719,235,1210.14,633.28,111.18,192.79,0.7747,-1,-1,-1
720,239,585.49,551.33,38.89,103.25,0.6730,-1,-1,-1
720,235,1229.34,632.44,114.76,197.04,0.7780,-1,-1,-1
721,239,587.48,552.01,40.49,103.36,0.6177,-1,-1,-1
721,235,1255.60,635.54,106.06,201.82,0.3321,-1,-1,-1
722,239,591.91,554.40,37.83,102.69,0.6796,-1,-1,-1
722,235,1296.52,648.88,87.20,197.72,0.5009,-1,-1,-1
723,239,595.99,551.88,36.66,104.90,0.4992,-1,-1,-1
723,235,1310.84,656.33,102.83,193.59,0.5267,-1,-1,-1
724,247,792.37,524.34,23.93,54.52,0.3838,-1,-1,-1
724,239,595.86,562.93,36.03,105.62,0.5756,-1,-1,-1
724,235,1349.68,663.28,88.67,197.68,0.5639,-1,-1,-1
725,247,798.72,524.89,21.48,54.09,0.5307,-1,-1,-1
725,239,595.87,565.44,37.95,103.84,0.6954,-1,-1,-1
725,235,1371.36,662.76,91.95,207.56,0.7496,-1,-1,-1
726,247,800.27,521.47,20.50,57.26,0.3530,-1,-1,-1
726,239,597.82,564.15,36.71,105.09,0.6216,-1,-1,-1
726,235,1383.03,673.75,107.39,208.42,0.6804,-1,-1,-1
727,239,597.38,569.65,43.13,107.89,0.8197,-1,-1,-1
727,235,1423.11,671.01,85.90,205.06,0.4514,-1,-1,-1
728,247,814.67,526.24,21.97,58.01,0.3509,-1,-1,-1
728,239,597.77,568.67,42.50,105.81,0.7485,-1,-1,-1
728,235,1405.99,682.19,132.83,218.25,0.6411,-1,-1,-1
729,247,814.30,525.92,21.03,56.64,0.3675,-1,-1,-1
729,239,597.03,566.85,42.95,109.39,0.7187,-1,-1,-1
729,235,1428.70,679.49,139.22,222.65,0.7842,-1,-1,-1
730,239,600.37,568.39,47.40,112.85,0.5699,-1,-1,-1
730,235,1521.93,688.43,75.66,227.80,0.5063,-1,-1,-1
731,247,816.95,523.94,24.39,60.83,0.4188,-1,-1,-1
731,239,600.88,565.52,47.09,115.44,0.7157,-1,-1,-1
732,247,820.87,525.54,22.42,58.60,0.5814,-1,-1,-1
732,239,602.95,566.07,45.69,115.84,0.7173,-1,-1,-1
732,235,1565.20,703.22,80.91,229.08,0.5999,-1,-1,-1
733,247,822.05,521.88,23.28,61.45,0.5929,-1,-1,-1
733,239,603.00,568.80,45.19,114.48,0.7451,-1,-1,-1
733,235,1589.10,705.23,88.13,227.96,0.8138,-1,-1,-1
734,247,825.08,526.98,19.66,53.02,0.4246,-1,-1,-1
734,239,604.48,559.52,43.81,121.69,0.7747,-1,-1,-1
734,235,1592.46,706.20,115.94,231.91,0.6670,-1,-1,-1
735,253,842.78,528.49,20.38,51.41,0.4296,-1,-1,-1
735,239,604.37,562.91,44.18,121.99,0.7784,-1,-1,-1
735,235,1609.51,702.96,126.97,233.65,0.7888,-1,-1,-1
736,247,835.07,523.97,23.66,53.28,0.3833,-1,-1,-1
736,239,608.55,560.44,42.65,120.71,0.7788,-1,-1,-1
736,235,1628.45,702.86,136.98,250.65,0.7806,-1,-1,-1
737,247,836.00,523.34,24.71,54.55,0.3771,-1,-1,-1
737,239,608.38,562.44,44.43,121.44,0.7729,-1,-1,-1
737,235,1657.97,690.51,136.69,266.25,0.8605,-1,-1,-1
738,247,836.91,525.53,24.08,54.68,0.3249,-1,-1,-1
738,239,607.28,563.60,47.16,121.99,0.7633,-1,-1,-1
738,235,1687.48,705.98,139.91,265.78,0.7931,-1,-1,-1
739,247,838.87,524.63,24.92,56.91,0.3469,-1,-1,-1
739,239,607.82,566.02,48.75,122.28,0.7844,-1,-1,-1
739,235,1714.71,721.32,155.02,259.43,0.8049,-1,-1,-1
740,247,839.15,523.75,24.71,58.94,0.4374,-1,-1,-1
740,239,608.39,567.61,47.94,122.72,0.8092,-1,-1,-1
740,235,1745.76,739.08,144.92,249.84,0.8238,-1,-1,-1
741,247,841.47,527.02,24.17,56.88,0.4827,-1,-1,-1
741,239,608.41,568.62,48.23,124.45,0.8194,-1,-1,-1
741,235,1783.71,732.03,136.09,262.74,0.6551,-1,-1,-1
742,247,843.40,527.80,22.44,56.69,0.5269,-1,-1,-1
742,239,609.66,569.90,46.84,124.26,0.8146,-1,-1,-1
742,235,1830.07,750.55,89.14,258.72,0.4576,-1,-1,-1
743,247,845.39,528.52,21.49,55.68,0.4806,-1,-1,-1
743,239,608.68,571.48,49.95,126.43,0.7067,-1,-1,-1
744,247,846.02,528.00,21.07,55.98,0.4793,-1,-1,-1
744,239,607.40,571.83,49.33,128.44,0.6288,-1,-1,-1
745,247,845.73,525.26,21.80,60.16,0.5212,-1,-1,-1
745,239,606.19,574.19,49.72,128.48,0.7182,-1,-1,-1
746,247,845.52,525.02,22.47,61.84,0.5287,-1,-1,-1
746,239,604.55,576.03,48.20,129.72,0.7276,-1,-1,-1
747,247,846.18,525.18,22.41,62.38,0.5130,-1,-1,-1
747,239,605.05,576.86,48.05,131.13,0.7506,-1,-1,-1
748,239,603.64,577.04,48.65,131.63,0.7658,-1,-1,-1
749,247,848.30,528.48,21.15,59.04,0.3594,-1,-1,-1
749,239,603.62,577.74,48.72,130.97,0.7804,-1,-1,-1
750,247,849.91,528.80,20.50,56.60,0.3359,-1,-1,-1
750,239,602.45,579.53,48.96,129.86,0.7425,-1,-1,-1
