1,1,0.00,8.27,351.31,1061.33,0.9419,-1,-1,-1
1,2,403.76,277.11,108.38,319.52,0.8873,-1,-1,-1
1,3,545.23,271.14,96.08,316.75,0.8846,-1,-1,-1
1,4,874.73,152.86,241.06,625.67,0.8441,-1,-1,-1
1,5,741.47,331.59,40.52,122.29,0.4978,-1,-1,-1
1,6,1055.29,292.17,86.09,327.03,0.3806,-1,-1,-1
2,1,-0.09,5.90,345.34,1068.59,0.9473,-1,-1,-1
2,2,397.70,271.84,111.08,322.27,0.8921,-1,-1,-1
2,3,541.30,266.58,97.70,321.89,0.8822,-1,-1,-1
2,4,869.92,149.19,236.30,628.71,0.8476,-1,-1,-1
2,6,1051.28,290.25,89.74,330.92,0.4936,-1,-1,-1
3,1,-0.33,5.13,340.08,1068.32,0.9500,-1,-1,-1
3,2,390.90,271.70,110.04,323.87,0.9090,-1,-1,-1
3,3,535.95,264.36,98.13,329.45,0.8745,-1,-1,-1
3,4,865.63,152.10,228.40,628.08,0.8588,-1,-1,-1
3,6,1045.16,295.01,93.99,338.94,0.4435,-1,-1,-1
3,5,738.78,330.80,38.09,121.31,0.4015,-1,-1,-1
4,1,-0.12,3.52,327.66,1068.62,0.9462,-1,-1,-1
4,2,382.28,267.48,112.40,329.52,0.9158,-1,-1,-1
4,3,531.40,264.35,96.90,331.41,0.8796,-1,-1,-1
4,4,868.67,153.09,219.50,628.81,0.8706,-1,-1,-1
4,6,1042.82,294.42,92.77,346.81,0.4985,-1,-1,-1
4,5,733.80,327.07,39.59,126.05,0.5253,-1,-1,-1
5,1,-0.07,2.84,312.19,1065.13,0.9411,-1,-1,-1
5,2,375.88,262.52,111.48,334.17,0.9179,-1,-1,-1
5,3,526.38,262.17,97.13,334.54,0.8847,-1,-1,-1
5,4,876.64,151.85,207.74,634.22,0.8381,-1,-1,-1
5,6,1046.82,292.97,84.61,348.92,0.5640,-1,-1,-1
5,5,731.20,324.27,37.90,123.34,0.4968,-1,-1,-1
5,7,691.68,332.12,38.16,111.32,0.3922,-1,-1,-1
6,1,0.36,17.91,292.47,1055.23,0.9103,-1,-1,-1
6,2,370.96,260.42,112.11,336.41,0.9154,-1,-1,-1
6,3,520.59,261.96,100.01,336.23,0.8873,-1,-1,-1
6,4,883.31,151.38,198.43,627.31,0.8325,-1,-1,-1
6,6,1046.06,294.27,80.74,349.66,0.5925,-1,-1,-1
6,7,688.53,332.77,38.90,115.06,0.4643,-1,-1,-1
7,1,0.67,62.53,273.88,1009.48,0.9236,-1,-1,-1
7,2,363.13,260.09,114.36,338.75,0.9089,-1,-1,-1
7,3,516.27,259.68,100.51,343.48,0.8791,-1,-1,-1
7,4,892.75,151.84,187.73,622.11,0.8482,-1,-1,-1
7,6,1042.20,296.61,83.03,349.58,0.6524,-1,-1,-1
7,5,726.42,322.07,39.11,123.56,0.4623,-1,-1,-1
8,1,0.94,83.94,259.05,986.10,0.9121,-1,-1,-1
8,2,353.36,259.80,119.04,343.17,0.9014,-1,-1,-1
8,3,511.23,262.09,100.77,346.84,0.9012,-1,-1,-1
8,4,893.68,151.63,185.37,625.79,0.8148,-1,-1,-1
8,6,1038.24,299.17,86.20,348.02,0.7165,-1,-1,-1
8,8,861.80,265.33,74.32,293.80,0.6082,-1,-1,-1
8,5,723.95,322.36,41.09,125.07,0.4209,-1,-1,-1
8,7,682.98,332.89,41.72,120.53,0.4122,-1,-1,-1
9,1,0.94,98.06,227.77,972.42,0.8747,-1,-1,-1
9,2,347.56,260.41,120.55,344.96,0.8941,-1,-1,-1
9,3,506.21,262.15,103.31,348.14,0.9065,-1,-1,-1
9,4,890.04,153.56,185.76,624.85,0.7921,-1,-1,-1
9,6,1036.55,302.50,84.76,348.96,0.7268,-1,-1,-1
9,8,860.69,266.69,74.09,292.19,0.6028,-1,-1,-1
9,5,721.53,322.95,39.27,128.79,0.5642,-1,-1,-1
9,9,782.39,309.87,42.08,137.51,0.3632,-1,-1,-1
9,7,679.73,334.26,43.14,119.65,0.4099,-1,-1,-1
10,1,0.92,104.85,207.05,963.21,0.7700,-1,-1,-1
10,2,344.17,259.91,119.84,347.28,0.8854,-1,-1,-1
10,3,500.52,264.05,105.94,349.11,0.8798,-1,-1,-1
10,4,883.61,156.27,188.36,623.11,0.8524,-1,-1,-1
10,6,1036.41,298.66,82.68,355.95,0.6724,-1,-1,-1
10,8,861.15,262.41,73.10,301.46,0.6649,-1,-1,-1
10,5,720.47,324.86,39.47,129.53,0.6085,-1,-1,-1
10,9,779.29,301.83,47.88,150.39,0.5103,-1,-1,-1
10,7,677.10,336.68,41.91,119.59,0.3617,-1,-1,-1
11,1,0.95,112.03,178.74,956.33,0.7943,-1,-1,-1
11,2,337.47,262.12,122.42,348.73,0.8732,-1,-1,-1
11,3,493.67,262.82,109.40,353.78,0.8844,-1,-1,-1
11,4,880.44,156.31,188.20,628.40,0.8548,-1,-1,-1
11,6,1037.49,293.89,77.45,363.94,0.7502,-1,-1,-1
11,8,861.62,273.82,67.83,293.96,0.6291,-1,-1,-1
11,5,719.20,327.10,38.77,127.72,0.6064,-1,-1,-1
11,9,777.47,316.02,47.93,137.50,0.6539,-1,-1,-1
11,7,675.82,341.99,39.95,114.43,0.3781,-1,-1,-1
12,1,0.94,117.84,160.57,762.40,0.8107,-1,-1,-1
12,2,327.71,264.33,126.92,351.72,0.8962,-1,-1,-1
12,3,489.49,259.57,111.59,358.70,0.8730,-1,-1,-1
12,4,872.26,156.74,190.63,632.41,0.8769,-1,-1,-1
12,6,1036.20,292.34,74.39,367.91,0.7576,-1,-1,-1
12,8,863.57,255.67,65.09,312.57,0.4361,-1,-1,-1
12,5,717.88,328.17,40.26,130.05,0.6698,-1,-1,-1
12,9,775.47,318.00,51.71,136.74,0.6485,-1,-1,-1
12,7,673.92,342.06,39.73,118.26,0.4862,-1,-1,-1
13,1,1.15,138.17,140.11,627.10,0.7819,-1,-1,-1
13,2,319.83,264.65,132.22,356.45,0.9049,-1,-1,-1
13,3,483.33,256.43,114.84,362.44,0.8838,-1,-1,-1
13,4,864.13,155.78,195.50,636.31,0.8676,-1,-1,-1
13,6,1034.58,295.21,75.15,360.75,0.7555,-1,-1,-1
13,8,864.78,262.29,62.00,303.01,0.3600,-1,-1,-1
13,5,717.24,328.78,39.78,131.81,0.6127,-1,-1,-1
13,9,773.80,320.07,53.10,135.69,0.6412,-1,-1,-1
13,7,672.88,342.85,38.36,120.25,0.4800,-1,-1,-1
13,10,828.85,327.60,45.61,122.41,0.4985,-1,-1,-1
14,1,0.61,174.43,115.81,577.53,0.6639,-1,-1,-1
14,2,314.17,265.88,134.86,360.00,0.9130,-1,-1,-1
14,3,478.84,255.13,116.65,365.24,0.8927,-1,-1,-1
14,4,855.47,154.13,200.99,640.43,0.8295,-1,-1,-1
14,6,1032.81,291.17,75.07,365.23,0.7527,-1,-1,-1
14,5,715.87,328.84,41.41,132.67,0.6405,-1,-1,-1
14,9,773.61,322.58,49.63,131.59,0.6650,-1,-1,-1
14,7,672.42,344.17,36.20,117.23,0.4157,-1,-1,-1
14,10,826.64,326.73,47.25,124.66,0.5132,-1,-1,-1
15,1,0.53,234.07,81.19,445.51,0.3772,-1,-1,-1
15,2,314.27,268.64,132.05,361.30,0.9124,-1,-1,-1
15,3,475.43,255.49,118.56,366.33,0.8942,-1,-1,-1
15,4,845.66,153.28,206.27,641.65,0.8432,-1,-1,-1
15,6,1030.03,285.30,77.27,371.37,0.7535,-1,-1,-1
15,5,714.78,330.38,43.06,131.65,0.6106,-1,-1,-1
15,9,773.48,322.23,48.32,130.73,0.6519,-1,-1,-1
15,7,671.98,346.20,33.95,110.71,0.4510,-1,-1,-1
15,10,825.87,327.72,46.20,125.29,0.4422,-1,-1,-1
16,2,309.31,270.51,135.28,364.16,0.9181,-1,-1,-1
16,3,472.90,256.39,121.20,368.73,0.8964,-1,-1,-1
16,4,840.15,153.82,211.11,644.39,0.8483,-1,-1,-1
16,6,1027.76,277.76,80.27,380.25,0.6033,-1,-1,-1
16,5,714.53,331.39,43.55,130.91,0.6278,-1,-1,-1
16,9,772.09,323.18,49.67,130.29,0.6560,-1,-1,-1
16,7,671.51,349.09,32.45,107.66,0.4967,-1,-1,-1
16,10,826.82,331.52,43.19,122.39,0.4284,-1,-1,-1
17,2,307.72,275.79,135.46,366.06,0.9000,-1,-1,-1
17,3,471.02,257.47,123.14,370.91,0.9017,-1,-1,-1
17,4,837.46,155.29,215.00,647.59,0.8711,-1,-1,-1
17,6,1024.37,275.27,85.58,380.87,0.6878,-1,-1,-1
17,5,714.62,332.39,44.23,132.88,0.7000,-1,-1,-1
17,9,770.87,325.49,52.02,130.33,0.6586,-1,-1,-1
17,7,671.47,347.93,32.24,114.30,0.5345,-1,-1,-1
17,10,829.19,335.73,40.92,121.54,0.4602,-1,-1,-1
18,2,308.07,280.27,134.62,366.84,0.8956,-1,-1,-1
18,3,468.81,259.64,126.58,374.20,0.8963,-1,-1,-1
18,4,837.08,158.89,214.64,651.73,0.8929,-1,-1,-1
18,6,1021.68,268.35,88.53,386.04,0.6997,-1,-1,-1
18,5,714.67,334.87,44.95,133.60,0.4780,-1,-1,-1
18,7,671.50,351.44,32.64,115.34,0.3544,-1,-1,-1
19,2,297.96,283.65,143.69,372.94,0.9019,-1,-1,-1
19,3,466.35,262.77,130.73,378.54,0.8814,-1,-1,-1
19,4,840.93,162.61,205.93,654.62,0.8890,-1,-1,-1
19,6,1016.62,257.83,93.57,397.56,0.7837,-1,-1,-1
19,5,716.04,339.16,44.20,136.49,0.5436,-1,-1,-1
19,9,772.56,335.39,50.69,128.71,0.5813,-1,-1,-1
19,10,831.67,344.41,42.64,116.06,0.4279,-1,-1,-1
20,2,295.95,289.58,146.73,375.97,0.9020,-1,-1,-1
20,3,467.57,271.90,131.00,379.43,0.8834,-1,-1,-1
20,4,845.85,167.88,198.31,655.55,0.8811,-1,-1,-1
20,6,1013.32,252.59,97.73,407.51,0.7951,-1,-1,-1
20,5,718.24,344.07,42.39,137.98,0.6340,-1,-1,-1
20,9,773.67,338.71,50.77,128.27,0.6715,-1,-1,-1
20,10,828.65,352.93,47.70,111.05,0.4078,-1,-1,-1
21,2,303.51,289.52,145.41,383.10,0.9163,-1,-1,-1
21,3,472.46,275.27,134.26,386.92,0.8785,-1,-1,-1
21,4,860.31,169.91,189.16,657.31,0.8598,-1,-1,-1
21,6,1017.71,249.65,105.07,413.72,0.8501,-1,-1,-1
22,2,320.99,288.80,145.24,387.14,0.8899,-1,-1,-1
22,3,492.60,276.84,131.69,392.56,0.8882,-1,-1,-1
22,4,880.58,168.89,188.32,661.04,0.8817,-1,-1,-1
22,6,1032.66,249.23,107.77,418.90,0.8608,-1,-1,-1
22,5,743.78,355.45,42.27,133.00,0.4983,-1,-1,-1
22,9,799.72,340.53,51.07,136.34,0.6332,-1,-1,-1
22,10,855.27,359.85,49.52,108.04,0.4193,-1,-1,-1
23,2,331.20,291.39,145.76,388.44,0.8905,-1,-1,-1
23,3,505.48,280.66,131.34,394.25,0.8939,-1,-1,-1
23,4,886.90,171.41,190.29,661.88,0.8966,-1,-1,-1
23,6,1041.57,252.85,112.19,417.34,0.8771,-1,-1,-1
23,5,753.85,353.52,45.13,134.43,0.4691,-1,-1,-1
23,7,707.35,367.33,37.30,126.15,0.5422,-1,-1,-1
24,2,340.54,293.50,147.45,391.52,0.9043,-1,-1,-1
24,3,515.36,283.88,132.37,395.93,0.8931,-1,-1,-1
24,4,885.57,172.78,201.37,661.32,0.8995,-1,-1,-1
24,6,1048.55,254.78,118.38,416.57,0.8679,-1,-1,-1
24,5,764.88,356.10,45.00,132.83,0.4592,-1,-1,-1
24,7,718.38,369.00,38.16,125.95,0.5877,-1,-1,-1
24,9,825.19,345.62,48.16,136.30,0.5854,-1,-1,-1
25,2,353.01,294.86,146.09,391.41,0.9080,-1,-1,-1
25,3,524.19,284.82,134.60,404.79,0.8992,-1,-1,-1
25,4,882.03,173.35,210.34,658.79,0.8938,-1,-1,-1
25,6,1058.14,257.95,122.67,416.99,0.8747,-1,-1,-1
25,5,777.19,353.29,45.96,138.21,0.5212,-1,-1,-1
25,7,731.32,369.03,38.87,126.74,0.5244,-1,-1,-1
26,2,364.99,296.08,149.23,396.76,0.9094,-1,-1,-1
26,3,538.35,292.35,133.34,407.52,0.8864,-1,-1,-1
26,4,884.13,174.65,217.20,655.36,0.9017,-1,-1,-1
26,6,1068.35,260.90,130.97,420.16,0.8763,-1,-1,-1
27,2,380.28,299.43,146.07,398.94,0.8970,-1,-1,-1
27,3,551.86,293.66,134.96,414.04,0.8925,-1,-1,-1
27,4,885.35,177.59,225.79,656.48,0.8934,-1,-1,-1
27,6,1080.98,265.53,137.42,418.57,0.8774,-1,-1,-1
27,9,864.01,349.48,57.75,142.27,0.3506,-1,-1,-1
28,2,385.59,305.21,146.90,402.37,0.9021,-1,-1,-1
28,3,559.89,298.41,134.29,416.34,0.8960,-1,-1,-1
28,4,886.04,184.69,230.75,658.70,0.9046,-1,-1,-1
28,6,1086.78,272.83,139.82,418.14,0.8973,-1,-1,-1
29,2,391.44,309.78,143.54,406.10,0.9076,-1,-1,-1
29,3,564.20,299.81,135.10,418.97,0.8901,-1,-1,-1
29,4,885.22,190.50,227.03,660.11,0.9041,-1,-1,-1
29,6,1091.19,278.52,142.31,422.29,0.8950,-1,-1,-1
29,5,821.71,369.12,43.21,136.97,0.5907,-1,-1,-1
30,2,397.14,312.50,144.81,412.40,0.9131,-1,-1,-1
30,3,568.88,299.97,137.80,419.38,0.8976,-1,-1,-1
30,4,888.51,195.01,225.77,661.73,0.8966,-1,-1,-1
30,6,1097.76,280.98,150.03,429.73,0.8868,-1,-1,-1
30,5,828.54,372.30,46.03,139.73,0.6612,-1,-1,-1
31,2,400.02,318.30,145.87,418.22,0.9189,-1,-1,-1
31,3,573.04,302.36,137.11,420.51,0.8783,-1,-1,-1
31,4,889.16,200.69,227.22,665.14,0.9097,-1,-1,-1
31,6,1102.57,285.08,153.48,433.57,0.8957,-1,-1,-1
31,7,789.91,392.92,40.77,125.24,0.5465,-1,-1,-1
32,2,401.87,323.73,146.02,420.96,0.9270,-1,-1,-1
32,3,577.66,305.33,135.09,427.90,0.8932,-1,-1,-1
32,4,890.02,207.74,230.61,668.49,0.9035,-1,-1,-1
32,6,1104.06,290.04,155.74,433.55,0.8951,-1,-1,-1
32,7,795.50,400.04,42.59,126.00,0.3588,-1,-1,-1
32,5,840.12,382.94,43.84,143.11,0.5317,-1,-1,-1
33,2,403.36,329.63,148.36,422.36,0.9243,-1,-1,-1
33,3,580.86,308.02,137.82,431.98,0.8974,-1,-1,-1
33,4,893.01,212.81,232.73,670.20,0.9045,-1,-1,-1
33,6,1106.55,297.26,161.48,431.84,0.8852,-1,-1,-1
33,5,846.12,388.84,43.86,143.28,0.5748,-1,-1,-1
34,2,401.17,333.22,149.96,429.01,0.9146,-1,-1,-1
34,3,585.00,309.34,136.58,436.10,0.9028,-1,-1,-1
34,4,896.19,219.57,236.99,673.37,0.9032,-1,-1,-1
34,6,1108.94,302.15,162.96,427.92,0.8750,-1,-1,-1
34,5,849.31,393.70,45.82,145.35,0.6963,-1,-1,-1
34,7,802.29,408.01,46.07,130.31,0.4194,-1,-1,-1
35,2,398.07,337.37,153.53,433.62,0.8815,-1,-1,-1
35,3,588.90,312.95,134.83,439.52,0.9022,-1,-1,-1
35,4,901.57,227.25,234.68,677.53,0.8053,-1,-1,-1
35,6,1110.90,306.77,164.33,423.65,0.8867,-1,-1,-1
35,5,851.24,397.83,47.12,146.62,0.6293,-1,-1,-1
35,7,804.01,409.25,46.52,134.70,0.4050,-1,-1,-1
36,2,394.03,340.35,152.47,439.39,0.9091,-1,-1,-1
36,3,590.81,318.35,138.81,442.14,0.9003,-1,-1,-1
36,4,904.32,232.79,234.90,679.76,0.9056,-1,-1,-1
36,6,1113.19,312.10,163.76,420.93,0.9037,-1,-1,-1
36,7,808.24,414.49,45.24,132.80,0.4232,-1,-1,-1
37,2,390.18,342.51,149.70,446.07,0.9174,-1,-1,-1
37,3,592.60,322.83,135.92,445.87,0.8801,-1,-1,-1
37,4,905.14,240.71,234.64,680.28,0.9092,-1,-1,-1
37,6,1116.60,316.15,164.04,423.39,0.9115,-1,-1,-1
37,7,810.50,423.42,46.07,128.63,0.3674,-1,-1,-1
37,5,861.33,413.93,42.63,136.41,0.5221,-1,-1,-1
38,2,383.71,346.38,152.09,449.29,0.9122,-1,-1,-1
38,3,592.31,329.29,136.94,451.07,0.8892,-1,-1,-1
38,4,910.85,247.39,230.37,679.60,0.9002,-1,-1,-1
38,6,1118.39,321.22,163.80,422.68,0.9051,-1,-1,-1
38,5,864.71,419.93,42.37,134.52,0.5865,-1,-1,-1
39,2,377.52,351.04,155.62,453.62,0.9174,-1,-1,-1
39,3,590.59,334.66,138.84,461.13,0.9002,-1,-1,-1
39,4,919.61,254.46,223.29,680.19,0.8999,-1,-1,-1
39,6,1123.11,327.82,160.41,426.93,0.8975,-1,-1,-1
40,2,371.80,355.93,158.26,456.69,0.9075,-1,-1,-1
40,3,586.85,341.82,142.55,467.35,0.8746,-1,-1,-1
40,4,926.05,257.47,217.09,685.10,0.8959,-1,-1,-1
40,6,1126.94,333.92,158.55,429.91,0.8915,-1,-1,-1
41,2,359.51,356.73,165.86,459.40,0.9113,-1,-1,-1
41,3,583.69,343.49,143.41,472.67,0.8799,-1,-1,-1
41,4,927.67,260.18,213.17,683.43,0.9024,-1,-1,-1
41,6,1131.18,338.58,155.02,430.26,0.8924,-1,-1,-1
41,5,862.03,436.09,46.85,141.14,0.3520,-1,-1,-1
42,2,347.16,358.32,171.20,464.56,0.9252,-1,-1,-1
42,3,577.95,347.73,145.52,480.72,0.8159,-1,-1,-1
42,4,930.74,266.24,208.47,676.14,0.9082,-1,-1,-1
42,6,1133.14,346.52,151.08,429.05,0.8924,-1,-1,-1
42,5,861.77,440.00,45.81,142.22,0.3579,-1,-1,-1
43,2,333.49,363.36,176.46,470.18,0.9172,-1,-1,-1
43,3,572.54,353.12,142.74,485.21,0.8705,-1,-1,-1
43,4,932.50,273.96,202.64,664.99,0.9141,-1,-1,-1
43,6,1131.21,353.97,150.99,429.37,0.9045,-1,-1,-1
44,2,318.68,365.97,182.27,476.28,0.9169,-1,-1,-1
44,3,566.19,354.66,143.44,493.08,0.8831,-1,-1,-1
44,4,932.18,278.46,198.50,662.28,0.6596,-1,-1,-1
44,6,1127.96,360.70,151.86,425.04,0.9043,-1,-1,-1
45,2,304.43,371.62,187.93,486.48,0.9040,-1,-1,-1
45,3,559.89,359.16,141.23,501.19,0.8999,-1,-1,-1
45,4,930.59,284.10,196.46,663.86,0.9307,-1,-1,-1
45,6,1124.09,367.71,151.48,425.46,0.8994,-1,-1,-1
45,5,849.01,452.81,48.06,143.50,0.3914,-1,-1,-1
46,2,290.47,378.43,191.24,497.81,0.9040,-1,-1,-1
46,3,553.16,362.11,141.99,509.44,0.9037,-1,-1,-1
46,4,926.61,292.68,196.04,667.43,0.9293,-1,-1,-1
46,6,1120.73,376.18,150.43,429.57,0.9111,-1,-1,-1
46,5,846.09,459.48,47.86,145.31,0.4964,-1,-1,-1
47,2,274.06,383.99,199.01,516.03,0.8983,-1,-1,-1
47,3,544.58,368.73,144.59,515.57,0.9087,-1,-1,-1
47,4,922.74,302.14,194.23,670.95,0.9194,-1,-1,-1
47,6,1116.88,382.65,148.00,433.90,0.8935,-1,-1,-1
47,5,843.64,469.95,45.86,136.35,0.3849,-1,-1,-1
48,2,257.43,392.27,206.02,525.86,0.9172,-1,-1,-1
48,3,534.67,374.13,148.77,519.60,0.8984,-1,-1,-1
48,4,917.53,309.65,194.05,679.14,0.9145,-1,-1,-1
48,6,1112.26,389.11,142.11,436.74,0.8231,-1,-1,-1
48,5,838.64,471.09,46.58,146.76,0.4874,-1,-1,-1
49,2,240.71,400.30,210.98,530.75,0.8675,-1,-1,-1
49,3,525.10,378.12,153.13,529.78,0.9079,-1,-1,-1
49,4,910.22,318.74,194.38,682.84,0.9043,-1,-1,-1
49,6,1105.65,395.99,145.63,435.01,0.8970,-1,-1,-1
49,5,831.62,476.46,48.15,147.21,0.5101,-1,-1,-1
50,2,225.64,407.56,215.50,519.26,0.4704,-1,-1,-1
50,3,517.88,382.38,155.04,537.07,0.8942,-1,-1,-1
50,4,904.38,327.48,193.82,683.48,0.9026,-1,-1,-1
50,6,1100.33,401.59,143.69,436.78,0.8906,-1,-1,-1
50,5,824.22,481.02,49.09,149.38,0.6717,-1,-1,-1
51,2,209.75,412.72,221.76,517.87,0.8935,-1,-1,-1
51,3,508.87,385.88,157.45,540.00,0.9004,-1,-1,-1
51,4,899.19,334.65,191.69,685.03,0.8972,-1,-1,-1
51,6,1095.40,405.22,144.98,438.36,0.8949,-1,-1,-1
51,5,819.24,483.02,51.20,151.76,0.6584,-1,-1,-1
52,2,196.30,416.76,226.06,546.88,0.8684,-1,-1,-1
52,3,500.05,389.37,161.50,541.32,0.9107,-1,-1,-1
52,4,894.07,341.46,190.17,684.50,0.9082,-1,-1,-1
52,6,1091.54,406.48,146.56,441.83,0.9013,-1,-1,-1
53,2,185.33,418.86,225.03,564.00,0.8881,-1,-1,-1
53,3,492.35,397.55,165.07,542.26,0.8795,-1,-1,-1
53,4,889.31,347.46,190.10,682.53,0.9135,-1,-1,-1
53,6,1084.80,408.86,153.03,443.74,0.9078,-1,-1,-1
53,5,810.91,491.99,52.80,147.39,0.5071,-1,-1,-1
54,2,174.75,420.22,226.75,574.50,0.9061,-1,-1,-1
54,3,483.52,400.78,170.80,549.99,0.8076,-1,-1,-1
54,4,883.83,350.71,192.34,680.21,0.9187,-1,-1,-1
54,6,1078.80,409.98,158.55,444.21,0.9202,-1,-1,-1
55,2,165.28,419.69,226.99,582.56,0.9199,-1,-1,-1
55,3,474.70,402.89,177.77,557.96,0.8225,-1,-1,-1
55,4,875.53,350.50,196.45,679.46,0.9172,-1,-1,-1
55,6,1074.80,409.92,162.50,445.68,0.9229,-1,-1,-1
55,7,749.00,506.91,50.30,143.21,0.5679,-1,-1,-1
55,5,807.75,493.19,53.18,144.67,0.4237,-1,-1,-1
56,2,157.38,418.78,226.12,592.30,0.9106,-1,-1,-1
56,3,469.98,403.11,182.93,572.94,0.8737,-1,-1,-1
56,4,870.70,350.10,196.56,681.17,0.9113,-1,-1,-1
56,6,1073.99,410.06,164.47,444.17,0.9220,-1,-1,-1
57,2,146.76,418.01,226.62,603.49,0.9170,-1,-1,-1
57,3,464.12,403.04,190.55,588.63,0.8897,-1,-1,-1
57,4,863.83,349.03,198.51,684.08,0.9049,-1,-1,-1
57,6,1073.23,410.59,167.03,443.65,0.9233,-1,-1,-1
57,5,806.31,499.94,51.38,151.78,0.4576,-1,-1,-1
58,2,136.71,415.78,229.13,613.91,0.9102,-1,-1,-1
58,3,458.84,400.71,195.30,605.57,0.8987,-1,-1,-1
58,4,858.34,347.82,200.95,678.32,0.8993,-1,-1,-1
58,6,1071.16,410.55,169.08,445.65,0.9322,-1,-1,-1
58,5,807.38,505.64,50.19,146.22,0.3726,-1,-1,-1
59,2,126.42,415.42,234.06,619.59,0.9204,-1,-1,-1
59,3,455.13,397.79,195.37,618.20,0.9338,-1,-1,-1
59,4,848.45,345.16,205.46,670.28,0.9070,-1,-1,-1
59,6,1069.48,410.54,170.77,445.68,0.9322,-1,-1,-1
59,5,805.15,507.63,49.10,141.86,0.3716,-1,-1,-1
60,2,114.92,414.79,238.51,625.07,0.9318,-1,-1,-1
60,3,451.74,396.75,193.10,625.85,0.9298,-1,-1,-1
60,4,839.89,345.38,207.91,665.84,0.9145,-1,-1,-1
60,6,1066.66,411.66,174.17,446.04,0.9315,-1,-1,-1
61,2,105.20,414.75,242.12,633.16,0.9307,-1,-1,-1
61,3,445.99,397.65,194.39,637.42,0.9048,-1,-1,-1
61,4,827.65,345.78,216.95,666.56,0.9095,-1,-1,-1
61,6,1064.12,413.23,177.89,446.70,0.9303,-1,-1,-1
61,5,800.11,500.80,51.31,143.18,0.4184,-1,-1,-1
62,2,98.51,412.33,244.04,651.14,0.9306,-1,-1,-1
62,3,444.65,396.39,194.67,645.47,0.8927,-1,-1,-1
62,4,821.87,344.66,223.55,667.20,0.8989,-1,-1,-1
62,6,1064.68,412.22,180.78,446.56,0.9289,-1,-1,-1
63,2,95.96,407.46,239.73,665.75,0.9249,-1,-1,-1
63,3,442.44,392.13,197.99,653.26,0.9063,-1,-1,-1
63,4,819.85,341.05,224.96,672.54,0.8975,-1,-1,-1
63,6,1066.30,411.12,185.00,446.92,0.9265,-1,-1,-1
63,8,1021.59,433.00,66.11,309.30,0.5745,-1,-1,-1
64,2,92.00,403.65,237.50,673.30,0.9242,-1,-1,-1
64,3,446.39,386.62,198.59,661.85,0.9246,-1,-1,-1
64,4,820.64,339.74,222.62,676.67,0.9016,-1,-1,-1
64,6,1068.21,411.40,187.66,447.21,0.9275,-1,-1,-1
64,8,1023.86,431.19,65.52,310.48,0.6679,-1,-1,-1
64,5,803.22,494.92,47.22,146.70,0.3647,-1,-1,-1
65,2,83.45,402.17,239.39,676.20,0.9216,-1,-1,-1
65,3,446.26,379.20,202.68,671.68,0.8997,-1,-1,-1
65,4,817.95,337.77,226.40,680.79,0.9059,-1,-1,-1
65,6,1071.48,408.77,188.25,449.44,0.9073,-1,-1,-1
65,8,1023.48,431.94,69.98,311.43,0.7694,-1,-1,-1
65,5,803.35,489.29,47.19,155.93,0.4463,-1,-1,-1
65,7,741.51,509.68,59.01,142.35,0.6352,-1,-1,-1
66,2,75.59,400.27,242.93,677.47,0.9262,-1,-1,-1
66,3,444.80,371.65,208.84,680.61,0.9010,-1,-1,-1
66,4,819.39,335.86,225.64,684.25,0.9053,-1,-1,-1
66,6,1078.43,405.61,190.10,451.93,0.9073,-1,-1,-1
66,8,1024.76,430.26,73.71,312.42,0.7988,-1,-1,-1
66,7,744.22,507.02,59.04,143.00,0.5106,-1,-1,-1
67,2,65.45,397.26,245.00,679.04,0.9258,-1,-1,-1
67,3,443.71,365.26,213.69,687.42,0.9071,-1,-1,-1
67,4,819.25,335.43,226.86,685.80,0.9084,-1,-1,-1
67,6,1083.51,403.27,191.21,452.47,0.9083,-1,-1,-1
67,8,1025.83,427.29,76.44,311.47,0.8019,-1,-1,-1
68,2,51.57,392.63,250.58,681.66,0.9186,-1,-1,-1
68,3,441.65,356.16,219.85,694.95,0.9052,-1,-1,-1
68,4,820.91,334.26,227.25,686.91,0.9061,-1,-1,-1
68,6,1089.91,399.97,185.91,452.28,0.9017,-1,-1,-1
68,8,1027.14,422.54,78.56,312.07,0.8078,-1,-1,-1
68,7,750.43,499.11,55.50,142.24,0.4128,-1,-1,-1
69,2,37.79,384.18,260.21,686.56,0.9301,-1,-1,-1
69,3,441.33,348.27,224.55,702.70,0.9102,-1,-1,-1
69,4,827.71,330.37,223.98,688.21,0.9040,-1,-1,-1
69,6,1094.71,395.86,184.01,454.12,0.9089,-1,-1,-1
69,8,1030.87,419.21,78.00,311.50,0.8066,-1,-1,-1
69,7,752.97,492.88,56.05,145.67,0.5079,-1,-1,-1
70,2,20.00,375.67,270.63,696.16,0.9293,-1,-1,-1
70,3,437.72,341.44,230.90,710.02,0.9228,-1,-1,-1
70,4,829.31,327.56,224.82,686.12,0.9133,-1,-1,-1
70,6,1097.77,392.01,184.68,456.00,0.9022,-1,-1,-1
70,8,1033.14,416.01,78.16,311.80,0.8090,-1,-1,-1
70,7,754.72,488.43,56.27,147.59,0.4512,-1,-1,-1
70,15,752.58,486.73,60.40,151.64,0.5125,-1,-1,-1
70,16,1546.05,451.41,55.59,61.95,0.4973,-1,-1,-1
71,2,5.06,367.68,270.23,704.33,0.9308,-1,-1,-1
71,3,432.99,334.82,235.77,721.13,0.9243,-1,-1,-1
71,4,831.89,324.92,223.92,683.81,0.9071,-1,-1,-1
71,6,1100.11,387.22,183.83,454.24,0.9000,-1,-1,-1
71,8,1033.88,412.62,79.03,312.29,0.8296,-1,-1,-1
71,7,754.76,484.34,57.26,149.00,0.3966,-1,-1,-1
71,15,752.87,483.98,61.35,151.98,0.6252,-1,-1,-1
71,16,1543.72,447.40,60.12,62.39,0.6319,-1,-1,-1
72,2,-2.38,359.94,262.90,712.64,0.9387,-1,-1,-1
72,3,427.95,326.25,239.78,741.75,0.9308,-1,-1,-1
72,4,832.38,320.05,225.35,683.52,0.9104,-1,-1,-1
72,6,1102.56,384.05,182.43,452.41,0.9058,-1,-1,-1
72,8,1035.14,410.51,78.29,312.58,0.8264,-1,-1,-1
72,7,754.46,483.08,60.04,150.35,0.5965,-1,-1,-1
72,15,753.86,483.66,61.57,150.99,0.5965,-1,-1,-1
72,16,1547.30,444.80,58.68,62.92,0.5425,-1,-1,-1
73,2,-4.89,349.97,250.85,722.89,0.9261,-1,-1,-1
73,3,422.02,315.36,243.28,758.96,0.9243,-1,-1,-1
73,4,833.47,314.09,224.28,681.19,0.9082,-1,-1,-1
73,6,1103.86,381.08,180.77,447.03,0.9070,-1,-1,-1
73,8,1036.08,408.90,77.43,313.12,0.6393,-1,-1,-1
73,7,754.45,479.09,55.71,150.21,0.4922,-1,-1,-1
73,15,752.94,477.75,59.09,152.78,0.4169,-1,-1,-1
73,16,1544.41,442.35,62.12,61.83,0.5764,-1,-1,-1
74,2,-5.19,342.66,232.66,732.24,0.9150,-1,-1,-1
74,3,414.14,309.59,246.74,765.38,0.9157,-1,-1,-1
74,4,832.86,308.71,223.83,671.89,0.9026,-1,-1,-1
74,6,1105.75,378.09,175.97,443.42,0.9018,-1,-1,-1
74,8,1035.15,408.87,78.60,310.87,0.7921,-1,-1,-1
74,7,752.64,477.45,56.11,149.11,0.4610,-1,-1,-1
74,15,750.12,475.17,60.69,152.77,0.5652,-1,-1,-1
74,16,1543.29,440.96,65.17,60.79,0.5538,-1,-1,-1
75,2,-4.24,331.94,214.44,743.57,0.9275,-1,-1,-1
75,3,404.19,302.68,250.42,772.55,0.9219,-1,-1,-1
75,4,834.79,303.78,224.19,662.08,0.8963,-1,-1,-1
75,6,1106.02,375.88,174.71,441.14,0.9042,-1,-1,-1
75,8,1035.35,418.80,76.14,298.46,0.7901,-1,-1,-1
75,7,751.70,476.59,54.49,148.25,0.5958,-1,-1,-1
75,15,748.10,472.42,60.31,153.05,0.5231,-1,-1,-1
75,16,1543.09,439.04,66.93,60.13,0.5271,-1,-1,-1
76,2,-3.65,322.61,198.19,751.94,0.9218,-1,-1,-1
76,3,393.54,295.67,254.60,776.66,0.9224,-1,-1,-1
76,4,838.90,299.50,221.67,658.47,0.8901,-1,-1,-1
76,6,1107.57,373.95,169.99,441.08,0.9005,-1,-1,-1
76,8,1035.89,431.26,75.35,283.29,0.8552,-1,-1,-1
76,7,750.62,476.77,56.09,144.14,0.5398,-1,-1,-1
76,15,746.06,472.27,63.84,148.33,0.4671,-1,-1,-1
76,16,1542.11,438.92,69.95,58.87,0.5065,-1,-1,-1
77,2,-2.95,316.70,181.11,758.89,0.8324,-1,-1,-1
77,3,383.51,292.61,258.14,777.46,0.9245,-1,-1,-1
77,4,843.84,296.99,214.50,660.87,0.8990,-1,-1,-1
77,6,1108.18,372.62,168.14,443.32,0.9046,-1,-1,-1
77,8,1034.81,435.34,76.26,278.77,0.7528,-1,-1,-1
77,7,748.52,476.89,59.65,144.02,0.4006,-1,-1,-1
77,15,744.37,471.89,67.12,148.11,0.5207,-1,-1,-1
77,16,1540.91,439.02,73.05,58.44,0.4207,-1,-1,-1
78,2,-2.83,311.36,163.08,762.38,0.8878,-1,-1,-1
78,3,369.19,288.80,264.39,783.57,0.9263,-1,-1,-1
78,4,848.15,295.96,205.04,663.30,0.8890,-1,-1,-1
78,6,1107.22,371.43,167.55,444.45,0.9037,-1,-1,-1
78,8,1030.69,424.79,77.15,291.18,0.8162,-1,-1,-1
78,7,745.19,473.78,60.98,149.58,0.4388,-1,-1,-1
78,15,741.83,467.40,68.03,154.34,0.5882,-1,-1,-1
78,16,1541.53,437.76,69.45,60.15,0.4727,-1,-1,-1
78,5,814.23,454.02,46.88,156.89,0.5539,-1,-1,-1
79,2,-2.75,308.37,146.61,763.52,0.8514,-1,-1,-1
79,3,353.10,283.60,267.55,789.65,0.9325,-1,-1,-1
79,4,850.62,293.27,200.86,667.90,0.8801,-1,-1,-1
79,6,1106.75,369.09,166.39,445.40,0.8977,-1,-1,-1
79,8,1026.21,407.35,78.50,308.00,0.8086,-1,-1,-1
79,7,742.88,473.58,55.36,148.15,0.5050,-1,-1,-1
79,15,741.70,471.40,57.85,149.69,0.5050,-1,-1,-1
79,16,1540.30,436.36,68.08,61.82,0.3888,-1,-1,-1
79,5,811.32,451.92,47.14,160.38,0.4971,-1,-1,-1
80,2,-3.00,387.05,123.71,499.87,0.3814,-1,-1,-1
80,3,334.22,276.09,274.41,795.25,0.9178,-1,-1,-1
80,4,850.03,290.38,195.90,673.10,0.8745,-1,-1,-1
80,6,1104.67,366.53,164.01,448.88,0.8728,-1,-1,-1
80,8,1022.47,402.48,76.45,312.50,0.7799,-1,-1,-1
80,7,738.63,470.52,51.51,151.69,0.4911,-1,-1,-1
80,15,735.79,467.10,57.04,158.09,0.3576,-1,-1,-1
80,5,801.88,445.19,55.41,171.48,0.4276,-1,-1,-1
81,2,-2.07,425.71,95.86,417.73,0.5933,-1,-1,-1
81,3,316.28,267.04,279.10,804.75,0.9151,-1,-1,-1
81,4,849.17,291.15,193.50,674.34,0.8665,-1,-1,-1
81,6,1102.37,365.46,159.21,447.52,0.8977,-1,-1,-1
81,8,1017.60,404.07,75.19,309.71,0.7441,-1,-1,-1
81,7,734.47,468.41,49.41,149.94,0.5349,-1,-1,-1
81,15,733.53,467.29,51.20,152.24,0.5349,-1,-1,-1
81,5,796.02,441.81,57.53,172.78,0.4606,-1,-1,-1
81,17,1869.54,884.25,48.85,195.92,0.3925,-1,-1,-1
81,16,1534.22,431.54,68.59,62.94,0.4526,-1,-1,-1
82,2,-1.39,441.31,72.94,362.65,0.7862,-1,-1,-1
82,3,294.82,254.26,292.58,819.75,0.9258,-1,-1,-1
82,4,846.79,291.35,190.23,674.42,0.8763,-1,-1,-1
82,6,1098.88,360.67,156.18,448.04,0.9059,-1,-1,-1
82,8,1013.96,392.85,74.15,311.00,0.5787,-1,-1,-1
82,7,727.75,458.98,49.84,156.94,0.5637,-1,-1,-1
82,15,725.20,457.79,54.66,158.38,0.5596,-1,-1,-1
82,5,793.73,439.40,55.49,171.03,0.4705,-1,-1,-1
82,16,1529.14,429.19,71.59,61.93,0.3892,-1,-1,-1
83,3,271.80,241.51,302.04,831.62,0.9224,-1,-1,-1
83,4,844.87,290.55,181.58,674.07,0.9036,-1,-1,-1
83,6,1094.84,358.62,153.76,450.91,0.9006,-1,-1,-1
83,8,1004.53,383.52,79.13,315.24,0.6173,-1,-1,-1
84,3,244.03,229.04,306.29,844.99,0.9319,-1,-1,-1
84,4,837.43,290.97,178.06,675.05,0.8828,-1,-1,-1
84,6,1086.68,355.68,154.60,455.34,0.9087,-1,-1,-1
84,8,995.87,376.88,79.98,319.92,0.8445,-1,-1,-1
84,7,712.97,453.04,52.47,153.64,0.4568,-1,-1,-1
84,15,711.14,450.18,56.65,155.87,0.5002,-1,-1,-1
84,5,781.87,433.99,55.72,166.75,0.4892,-1,-1,-1
84,16,1516.23,422.22,75.51,62.63,0.3754,-1,-1,-1
85,3,211.84,216.87,325.66,858.70,0.9257,-1,-1,-1
85,4,827.16,289.66,177.06,672.60,0.8663,-1,-1,-1
85,6,1079.53,353.26,150.49,454.76,0.9055,-1,-1,-1
85,8,984.67,373.54,81.79,318.34,0.8432,-1,-1,-1
85,7,707.68,453.48,50.81,148.42,0.4228,-1,-1,-1
85,15,707.16,452.56,52.12,149.15,0.4228,-1,-1,-1
85,5,774.28,427.28,52.74,169.43,0.3908,-1,-1,-1
86,3,186.67,203.48,326.75,872.08,0.9312,-1,-1,-1
86,4,813.30,284.07,181.08,672.73,0.8643,-1,-1,-1
86,6,1070.44,348.92,151.21,456.78,0.8950,-1,-1,-1
86,8,972.12,368.09,87.15,318.66,0.8777,-1,-1,-1
86,7,697.42,446.25,55.37,153.18,0.5817,-1,-1,-1
86,15,695.29,444.10,59.60,156.42,0.5373,-1,-1,-1
86,5,767.69,419.57,49.68,177.64,0.3701,-1,-1,-1
86,20,483.96,412.63,75.41,285.60,0.7864,-1,-1,-1
87,3,157.21,190.97,332.63,884.23,0.9370,-1,-1,-1
87,4,799.85,278.92,187.18,674.59,0.8835,-1,-1,-1
87,6,1062.12,346.06,152.54,455.48,0.8966,-1,-1,-1
87,8,961.83,364.96,91.63,318.33,0.8760,-1,-1,-1
87,7,689.68,444.43,52.26,152.35,0.4630,-1,-1,-1
87,15,688.90,443.68,53.85,153.54,0.4630,-1,-1,-1
87,5,759.51,414.13,48.81,184.67,0.3699,-1,-1,-1
87,20,472.81,409.71,76.94,284.20,0.8036,-1,-1,-1
88,3,131.51,179.88,339.03,895.86,0.9404,-1,-1,-1
88,4,782.97,275.41,197.95,669.64,0.8839,-1,-1,-1
88,6,1053.00,341.34,152.44,454.19,0.9122,-1,-1,-1
88,8,950.77,359.61,94.22,320.86,0.8454,-1,-1,-1
88,7,681.41,441.54,51.67,152.81,0.5545,-1,-1,-1
88,15,679.85,439.30,56.73,155.70,0.5506,-1,-1,-1
88,5,749.62,409.85,48.92,178.67,0.4736,-1,-1,-1
88,20,448.98,407.66,91.37,287.22,0.8083,-1,-1,-1
89,3,103.82,167.96,351.24,907.42,0.9341,-1,-1,-1
89,4,767.71,270.01,204.95,665.15,0.8659,-1,-1,-1
89,6,1042.94,334.28,158.95,454.71,0.9055,-1,-1,-1
89,8,941.74,357.32,96.64,318.93,0.7323,-1,-1,-1
89,7,672.83,436.29,56.88,156.61,0.5782,-1,-1,-1
89,15,673.02,438.01,56.31,155.72,0.5042,-1,-1,-1
89,20,430.84,398.03,101.87,298.09,0.8270,-1,-1,-1
89,16,1497.34,402.92,58.29,66.28,0.3640,-1,-1,-1
90,3,75.29,153.01,369.33,922.28,0.9381,-1,-1,-1
90,4,751.34,262.90,216.58,656.32,0.8910,-1,-1,-1
90,6,1036.85,326.68,161.15,459.70,0.9103,-1,-1,-1
90,8,937.28,354.50,95.87,315.45,0.8120,-1,-1,-1
90,7,666.72,432.59,60.84,156.70,0.4373,-1,-1,-1
90,15,666.87,433.32,60.59,156.30,0.4373,-1,-1,-1
90,20,420.08,390.36,104.41,303.03,0.8471,-1,-1,-1
90,16,1494.51,400.30,56.99,64.00,0.4017,-1,-1,-1
91,3,51.01,141.59,382.50,931.96,0.9436,-1,-1,-1
91,4,737.84,256.33,223.34,650.01,0.8881,-1,-1,-1
91,6,1030.70,322.51,164.92,457.24,0.9194,-1,-1,-1
91,8,929.83,349.10,100.21,317.38,0.8293,-1,-1,-1
91,7,660.99,428.93,54.01,154.99,0.3861,-1,-1,-1
91,15,661.14,429.28,53.69,154.78,0.3861,-1,-1,-1
91,20,411.20,385.45,105.58,306.92,0.5468,-1,-1,-1
91,16,1500.64,395.69,45.64,63.45,0.4396,-1,-1,-1
92,3,23.05,128.67,401.52,944.19,0.9357,-1,-1,-1
92,4,725.94,249.96,227.74,651.73,0.8858,-1,-1,-1
92,6,1025.13,317.52,168.05,454.39,0.9213,-1,-1,-1
92,8,923.91,346.65,99.95,316.42,0.8215,-1,-1,-1
92,7,656.42,428.25,55.33,153.40,0.3853,-1,-1,-1
92,15,654.69,423.96,58.03,158.62,0.4892,-1,-1,-1
92,20,402.47,383.38,108.78,308.71,0.8599,-1,-1,-1
92,16,1504.70,394.83,37.62,61.01,0.5171,-1,-1,-1
93,3,1.14,116.91,412.47,955.98,0.9473,-1,-1,-1
93,4,716.34,243.95,234.52,655.39,0.8931,-1,-1,-1
93,6,1018.30,313.72,172.43,453.43,0.9236,-1,-1,-1
93,8,921.18,345.41,99.30,314.99,0.8352,-1,-1,-1
93,20,394.72,379.20,111.09,312.25,0.8682,-1,-1,-1
93,23,1844.84,839.09,73.88,195.14,0.4466,-1,-1,-1
94,3,-6.78,106.73,410.45,968.11,0.9499,-1,-1,-1
94,4,710.18,240.93,231.57,659.02,0.9035,-1,-1,-1
94,6,1013.78,311.90,175.54,453.09,0.9257,-1,-1,-1
94,8,917.49,344.68,100.07,316.35,0.8543,-1,-1,-1
94,20,387.55,378.14,113.41,312.01,0.8525,-1,-1,-1
95,3,-8.77,97.18,408.38,978.99,0.9549,-1,-1,-1
95,4,702.95,239.84,231.98,663.81,0.9108,-1,-1,-1
95,6,1008.84,310.95,178.91,453.98,0.9156,-1,-1,-1
95,8,915.18,343.22,99.51,317.85,0.8457,-1,-1,-1
95,20,382.28,376.17,114.00,315.46,0.8681,-1,-1,-1
96,3,-8.45,86.58,392.66,989.89,0.9578,-1,-1,-1
96,4,695.03,241.79,232.47,664.28,0.9247,-1,-1,-1
96,6,1005.03,310.43,182.60,456.22,0.9063,-1,-1,-1
96,8,911.02,344.30,101.82,317.43,0.8363,-1,-1,-1
96,20,378.61,376.00,112.42,318.49,0.8508,-1,-1,-1
97,3,-6.84,75.87,378.63,999.62,0.9562,-1,-1,-1
97,4,694.37,240.97,229.65,669.72,0.9208,-1,-1,-1
97,6,1003.02,309.99,186.41,457.79,0.9041,-1,-1,-1
97,8,905.78,344.51,106.74,317.06,0.8148,-1,-1,-1
97,20,376.23,372.53,112.72,323.15,0.8739,-1,-1,-1
97,25,1726.18,855.95,98.23,221.31,0.4964,-1,-1,-1
97,7,632.91,417.96,62.15,162.95,0.5420,-1,-1,-1
97,15,636.08,423.64,52.70,155.27,0.4580,-1,-1,-1
97,23,1849.01,834.20,70.09,185.87,0.3941,-1,-1,-1
98,3,-5.45,60.05,366.12,1012.98,0.9602,-1,-1,-1
98,4,693.87,242.69,227.61,674.55,0.9207,-1,-1,-1
98,6,1002.21,309.81,190.83,460.41,0.9033,-1,-1,-1
98,8,906.42,345.66,106.21,317.97,0.8066,-1,-1,-1
98,20,375.78,370.24,112.39,328.00,0.8790,-1,-1,-1
98,25,1728.49,857.23,98.92,222.20,0.4339,-1,-1,-1
98,7,634.17,419.69,55.81,161.31,0.4675,-1,-1,-1
98,15,632.78,417.71,58.62,164.16,0.6587,-1,-1,-1
99,3,-3.84,48.53,353.99,1023.96,0.9553,-1,-1,-1
99,4,693.63,246.14,226.93,677.06,0.9189,-1,-1,-1
99,6,1003.31,310.25,195.68,462.09,0.9061,-1,-1,-1
99,8,907.91,346.59,105.56,317.55,0.7917,-1,-1,-1
99,20,374.90,368.24,113.08,332.25,0.8891,-1,-1,-1
99,7,635.15,420.75,52.30,160.43,0.5147,-1,-1,-1
99,15,632.69,416.45,57.76,165.76,0.6432,-1,-1,-1
100,3,-2.69,37.27,340.32,1033.77,0.9515,-1,-1,-1
100,4,694.81,249.03,224.22,676.06,0.9215,-1,-1,-1
100,6,1005.76,311.19,198.59,461.85,0.9058,-1,-1,-1
100,8,909.49,348.17,105.87,316.63,0.8473,-1,-1,-1
100,20,373.46,367.77,114.77,334.48,0.8983,-1,-1,-1
100,7,631.86,416.58,58.68,165.18,0.7173,-1,-1,-1
100,15,631.10,415.04,60.50,167.07,0.7173,-1,-1,-1
101,3,-1.75,19.77,322.95,1053.54,0.9447,-1,-1,-1
101,4,700.10,249.60,218.57,675.88,0.9144,-1,-1,-1
101,6,1008.19,311.18,201.39,462.67,0.8932,-1,-1,-1
101,8,912.75,347.35,105.17,316.86,0.8553,-1,-1,-1
101,20,374.10,366.16,115.32,336.69,0.8944,-1,-1,-1
101,7,633.23,413.98,60.31,165.91,0.7690,-1,-1,-1
101,15,632.98,413.47,60.96,166.50,0.7690,-1,-1,-1
102,3,-0.48,11.73,302.82,1060.47,0.9446,-1,-1,-1
102,4,704.01,250.36,219.41,670.96,0.9199,-1,-1,-1
102,6,1014.55,311.34,200.54,463.93,0.8888,-1,-1,-1
102,8,918.94,346.06,104.76,317.39,0.8579,-1,-1,-1
102,20,375.09,365.13,117.50,339.64,0.8912,-1,-1,-1
102,7,637.79,413.57,59.97,167.07,0.5032,-1,-1,-1
102,15,637.75,413.46,60.14,167.18,0.5032,-1,-1,-1
103,3,1.38,6.33,284.58,1065.16,0.9377,-1,-1,-1
103,4,715.84,250.29,221.42,669.40,0.9271,-1,-1,-1
103,6,1022.80,311.38,204.53,466.18,0.9008,-1,-1,-1
103,8,929.54,342.24,103.17,320.43,0.8346,-1,-1,-1
103,20,384.71,365.57,115.92,338.61,0.8710,-1,-1,-1
103,7,644.97,409.55,60.52,166.49,0.3981,-1,-1,-1
103,15,644.99,409.58,60.51,166.42,0.3981,-1,-1,-1
104,3,3.31,7.22,264.98,1057.40,0.8556,-1,-1,-1
104,4,726.75,247.16,223.75,669.55,0.8902,-1,-1,-1
104,6,1040.63,309.45,204.32,466.23,0.9095,-1,-1,-1
104,8,942.32,341.04,104.91,320.85,0.7902,-1,-1,-1
104,20,395.99,367.89,115.03,337.05,0.8880,-1,-1,-1
104,7,658.36,407.39,58.10,167.59,0.7044,-1,-1,-1
104,15,658.40,407.47,58.03,167.47,0.7044,-1,-1,-1
104,25,1787.97,858.69,106.88,221.28,0.4530,-1,-1,-1
105,3,2.20,164.58,243.13,904.07,0.7814,-1,-1,-1
105,4,738.50,245.07,222.67,666.45,0.8925,-1,-1,-1
105,6,1052.68,308.94,202.46,468.07,0.8896,-1,-1,-1
105,8,953.47,337.33,103.51,325.52,0.8078,-1,-1,-1
105,20,404.00,365.69,114.27,338.95,0.7712,-1,-1,-1
105,7,665.04,407.42,60.49,167.84,0.3730,-1,-1,-1
105,15,665.08,407.51,60.42,167.71,0.3730,-1,-1,-1
105,26,1546.61,374.48,45.38,66.59,0.4962,-1,-1,-1
105,25,1805.29,860.95,107.14,219.39,0.5967,-1,-1,-1
106,3,1.23,225.25,161.68,729.92,0.5934,-1,-1,-1
106,4,747.20,242.18,218.01,655.70,0.9024,-1,-1,-1
106,6,1064.03,304.01,203.56,471.48,0.8837,-1,-1,-1
106,8,959.81,333.20,103.78,327.61,0.8586,-1,-1,-1
106,20,411.94,363.08,111.17,341.20,0.8842,-1,-1,-1
106,7,669.20,404.32,62.08,168.94,0.7581,-1,-1,-1
106,15,669.23,404.41,62.01,168.81,0.7581,-1,-1,-1
106,26,1556.85,372.04,45.15,67.50,0.4678,-1,-1,-1
106,25,1818.32,858.19,103.37,221.54,0.6953,-1,-1,-1
107,3,0.46,244.71,109.78,772.61,0.6848,-1,-1,-1
107,4,755.78,237.80,215.26,648.55,0.9035,-1,-1,-1
107,6,1072.40,301.51,194.24,473.00,0.8838,-1,-1,-1
107,8,964.00,330.52,107.07,327.13,0.8134,-1,-1,-1
107,20,414.50,360.66,112.56,342.57,0.8841,-1,-1,-1
107,7,670.82,402.74,66.18,170.50,0.6292,-1,-1,-1
107,15,670.84,402.82,66.12,170.39,0.6292,-1,-1,-1
107,26,1567.61,371.30,44.23,66.92,0.3632,-1,-1,-1
107,25,1830.81,855.74,93.35,222.05,0.5255,-1,-1,-1
108,4,761.60,234.21,212.22,646.48,0.9071,-1,-1,-1
108,6,1080.39,299.75,182.30,473.96,0.8933,-1,-1,-1
108,8,968.76,328.16,107.17,328.23,0.8150,-1,-1,-1
108,20,417.05,360.18,112.32,344.56,0.8915,-1,-1,-1
108,7,673.33,402.32,67.86,171.54,0.5725,-1,-1,-1
108,15,673.35,402.40,67.80,171.44,0.5725,-1,-1,-1
108,26,1575.59,370.59,42.78,64.51,0.4700,-1,-1,-1
109,4,769.25,232.11,207.14,645.61,0.9021,-1,-1,-1
109,6,1085.49,298.79,173.64,468.59,0.9216,-1,-1,-1
109,8,972.51,327.14,102.18,326.30,0.6013,-1,-1,-1
109,20,415.74,358.96,114.74,347.34,0.8911,-1,-1,-1
109,7,677.24,400.36,66.08,172.31,0.5850,-1,-1,-1
109,15,677.26,400.43,66.02,172.22,0.5850,-1,-1,-1
109,26,1583.35,371.72,41.84,62.96,0.6079,-1,-1,-1
110,4,771.47,230.71,206.84,646.03,0.9022,-1,-1,-1
110,6,1089.23,295.53,171.42,464.28,0.9264,-1,-1,-1
110,8,975.66,323.92,103.82,327.40,0.7595,-1,-1,-1
110,20,412.07,355.61,117.89,352.74,0.8853,-1,-1,-1
110,7,679.00,398.12,67.19,171.72,0.5898,-1,-1,-1
110,15,679.01,398.18,67.14,171.63,0.5898,-1,-1,-1
110,26,1591.26,369.27,38.16,65.63,0.3567,-1,-1,-1
111,4,775.15,229.75,204.22,648.22,0.8950,-1,-1,-1
111,6,1093.50,292.52,169.44,460.59,0.9160,-1,-1,-1
111,8,975.91,323.10,105.91,326.16,0.6386,-1,-1,-1
111,20,411.30,352.02,118.41,356.64,0.8893,-1,-1,-1
111,7,681.71,395.50,66.57,172.99,0.6327,-1,-1,-1
111,15,681.73,395.55,66.52,172.92,0.6327,-1,-1,-1
111,26,1599.84,370.76,37.60,63.45,0.4764,-1,-1,-1
112,4,776.23,229.47,202.95,649.01,0.8946,-1,-1,-1
112,6,1098.11,288.66,168.51,459.98,0.8453,-1,-1,-1
112,8,974.86,322.84,109.78,326.91,0.6684,-1,-1,-1
112,20,412.96,348.76,116.66,360.39,0.8555,-1,-1,-1
112,7,683.06,395.20,67.17,173.22,0.5879,-1,-1,-1
112,15,689.43,410.97,60.73,156.93,0.3523,-1,-1,-1
113,4,778.35,228.76,200.68,649.72,0.8907,-1,-1,-1
113,6,1104.03,285.66,165.25,462.94,0.9066,-1,-1,-1
113,8,979.16,322.61,109.48,326.24,0.6424,-1,-1,-1
113,20,415.89,347.07,113.96,362.70,0.8362,-1,-1,-1
113,7,685.39,391.96,67.75,178.28,0.6528,-1,-1,-1
113,15,687.68,397.40,65.46,172.76,0.6528,-1,-1,-1
114,4,783.55,229.82,196.56,650.90,0.8803,-1,-1,-1
114,6,1108.90,284.02,164.44,464.80,0.9121,-1,-1,-1
114,8,987.12,321.18,103.61,322.60,0.6369,-1,-1,-1
114,20,418.94,344.92,111.54,365.26,0.8063,-1,-1,-1
114,7,689.08,392.77,67.20,176.96,0.6513,-1,-1,-1
114,15,689.91,394.79,66.34,174.91,0.6513,-1,-1,-1
114,26,1616.04,377.57,37.02,51.33,0.3756,-1,-1,-1
115,4,790.32,231.41,193.02,651.96,0.8763,-1,-1,-1
115,6,1112.11,283.92,164.41,466.39,0.9167,-1,-1,-1
115,8,995.19,321.05,101.08,321.26,0.8214,-1,-1,-1
115,20,415.67,343.22,115.84,367.99,0.8240,-1,-1,-1
115,7,693.32,391.45,66.50,179.36,0.6414,-1,-1,-1
115,15,693.59,392.12,66.21,178.68,0.6414,-1,-1,-1
116,4,793.18,232.33,192.22,652.86,0.8791,-1,-1,-1
116,6,1114.33,284.50,164.97,465.00,0.9170,-1,-1,-1
116,8,994.32,322.71,106.68,319.52,0.7923,-1,-1,-1
116,20,407.63,342.18,124.31,370.10,0.8563,-1,-1,-1
116,7,696.29,393.06,66.93,178.68,0.4825,-1,-1,-1
116,15,696.35,393.21,66.85,178.53,0.4825,-1,-1,-1
116,26,1624.93,366.32,39.59,61.22,0.4132,-1,-1,-1
117,4,792.08,232.27,192.05,652.18,0.8787,-1,-1,-1
117,6,1116.43,283.46,165.04,467.12,0.9134,-1,-1,-1
117,8,994.40,327.13,107.83,314.56,0.6581,-1,-1,-1
117,20,408.56,340.00,123.33,371.82,0.7572,-1,-1,-1
117,7,691.57,390.14,72.84,179.51,0.7177,-1,-1,-1
117,15,691.57,390.10,72.82,179.55,0.7177,-1,-1,-1
118,4,785.82,234.57,192.96,649.26,0.8814,-1,-1,-1
118,6,1118.06,284.87,165.07,469.67,0.9186,-1,-1,-1
118,8,986.65,324.91,115.41,318.29,0.8158,-1,-1,-1
118,20,406.61,338.49,122.02,374.57,0.7147,-1,-1,-1
118,7,688.48,391.65,75.16,179.82,0.7356,-1,-1,-1
118,15,688.46,391.54,75.18,179.93,0.7356,-1,-1,-1
119,4,782.11,235.63,192.38,648.53,0.8940,-1,-1,-1
119,6,1121.33,286.45,162.71,472.24,0.9166,-1,-1,-1
119,8,981.00,325.57,121.41,320.04,0.8344,-1,-1,-1
119,20,394.75,338.11,129.38,376.82,0.8910,-1,-1,-1
119,7,689.09,392.91,74.46,179.85,0.6685,-1,-1,-1
119,15,689.05,392.79,74.49,179.98,0.6685,-1,-1,-1
120,4,775.93,233.80,195.91,648.67,0.9045,-1,-1,-1
120,6,1121.90,286.77,161.69,473.94,0.9164,-1,-1,-1
120,8,974.16,325.25,124.30,322.13,0.7058,-1,-1,-1
120,20,387.72,333.42,131.66,383.77,0.8943,-1,-1,-1
120,7,686.12,392.29,76.78,179.37,0.6618,-1,-1,-1
120,15,686.08,392.17,76.81,179.49,0.6618,-1,-1,-1
121,4,769.65,230.47,197.87,645.77,0.9022,-1,-1,-1
121,6,1120.03,288.44,162.24,475.24,0.9144,-1,-1,-1
121,8,969.85,326.25,127.05,321.87,0.6873,-1,-1,-1
121,20,380.76,332.99,134.24,388.15,0.8983,-1,-1,-1
121,7,680.18,392.82,83.91,179.22,0.5279,-1,-1,-1
121,15,680.15,392.72,83.93,179.33,0.5279,-1,-1,-1
122,4,761.89,228.17,198.22,639.02,0.8993,-1,-1,-1
122,6,1117.64,289.57,162.10,476.80,0.9111,-1,-1,-1
122,8,968.18,326.63,128.96,321.41,0.7250,-1,-1,-1
122,20,371.03,332.22,137.88,394.20,0.9063,-1,-1,-1
122,26,1638.21,373.45,43.94,59.10,0.3671,-1,-1,-1
123,4,751.08,226.90,202.96,637.94,0.8999,-1,-1,-1
123,6,1114.73,290.26,162.25,478.30,0.9169,-1,-1,-1
123,8,960.30,327.35,134.56,322.37,0.7095,-1,-1,-1
123,20,363.79,331.83,137.42,401.43,0.9144,-1,-1,-1
123,26,1636.16,374.17,45.83,58.52,0.3915,-1,-1,-1
124,4,740.90,227.19,206.72,639.10,0.8987,-1,-1,-1
124,6,1111.20,290.40,161.40,482.34,0.9138,-1,-1,-1
124,8,956.85,327.36,126.79,324.61,0.6710,-1,-1,-1
124,20,355.70,331.88,138.42,404.76,0.9205,-1,-1,-1
124,26,1630.06,371.58,49.70,62.90,0.4977,-1,-1,-1
125,4,731.96,228.12,209.93,641.93,0.8923,-1,-1,-1
125,6,1106.89,290.51,161.19,483.82,0.9069,-1,-1,-1
125,8,951.79,325.75,129.21,328.46,0.7720,-1,-1,-1
125,20,345.03,337.04,141.36,402.57,0.9159,-1,-1,-1
125,26,1627.07,370.94,48.98,64.93,0.4436,-1,-1,-1
125,15,671.64,393.26,74.29,192.75,0.3749,-1,-1,-1
126,4,716.85,228.39,220.18,647.28,0.8943,-1,-1,-1
126,6,1102.01,290.16,160.45,481.73,0.9075,-1,-1,-1
126,8,950.39,323.85,130.77,329.45,0.6387,-1,-1,-1
126,20,334.27,337.41,143.62,408.37,0.8963,-1,-1,-1
126,26,1624.58,369.39,47.87,65.95,0.4787,-1,-1,-1
127,4,709.68,230.62,223.98,649.41,0.9011,-1,-1,-1
127,6,1095.76,290.37,163.82,481.44,0.9150,-1,-1,-1
127,8,942.38,323.85,137.27,331.72,0.8339,-1,-1,-1
127,20,326.60,342.15,143.05,408.58,0.9025,-1,-1,-1
127,26,1621.90,369.91,46.62,66.64,0.5049,-1,-1,-1
128,4,705.58,230.91,225.65,651.06,0.9082,-1,-1,-1
128,6,1089.50,289.09,167.98,481.81,0.9186,-1,-1,-1
128,8,933.16,323.22,143.70,333.93,0.7459,-1,-1,-1
128,20,318.55,341.87,144.55,410.92,0.8964,-1,-1,-1
128,26,1619.80,369.59,43.86,67.21,0.4406,-1,-1,-1
128,15,662.30,391.09,70.61,193.29,0.3905,-1,-1,-1
129,4,707.08,234.08,222.60,649.15,0.9110,-1,-1,-1
129,6,1084.37,287.26,173.49,482.37,0.9213,-1,-1,-1
129,8,933.02,322.41,120.36,334.65,0.7522,-1,-1,-1
129,20,313.09,338.97,146.53,419.81,0.8868,-1,-1,-1
129,26,1618.00,367.88,44.08,68.78,0.4481,-1,-1,-1
129,15,660.00,389.78,68.11,193.41,0.5795,-1,-1,-1
130,4,706.61,235.84,222.64,649.09,0.9161,-1,-1,-1
130,6,1081.46,286.01,176.84,482.75,0.9226,-1,-1,-1
130,8,933.11,320.16,107.74,336.53,0.8252,-1,-1,-1
130,20,308.78,334.72,148.55,429.68,0.9113,-1,-1,-1
130,26,1618.56,367.12,42.50,69.29,0.4708,-1,-1,-1
130,15,659.21,389.22,64.91,193.46,0.6335,-1,-1,-1
131,4,706.96,237.67,223.40,649.17,0.9161,-1,-1,-1
131,6,1079.67,284.70,177.42,481.91,0.9252,-1,-1,-1
131,8,929.98,319.23,106.26,335.71,0.8381,-1,-1,-1
131,20,305.91,332.66,147.89,434.87,0.9040,-1,-1,-1
131,26,1619.49,366.14,42.32,68.56,0.4637,-1,-1,-1
131,15,657.12,389.37,65.14,193.56,0.6856,-1,-1,-1
132,4,708.74,238.58,223.03,650.48,0.9145,-1,-1,-1
132,6,1079.29,283.41,176.40,480.66,0.9232,-1,-1,-1
132,8,927.39,317.69,106.01,335.93,0.8414,-1,-1,-1
132,20,306.66,332.57,145.04,436.97,0.9065,-1,-1,-1
132,26,1619.97,364.94,41.43,68.88,0.4973,-1,-1,-1
132,15,656.27,388.74,65.80,195.09,0.6375,-1,-1,-1
132,29,1012.47,360.83,70.67,230.85,0.5939,-1,-1,-1
133,4,711.79,239.27,222.96,649.91,0.9131,-1,-1,-1
133,6,1076.33,283.12,179.47,481.41,0.9289,-1,-1,-1
133,8,926.92,316.63,104.07,337.78,0.8497,-1,-1,-1
133,20,299.11,329.57,150.32,443.71,0.8985,-1,-1,-1
133,26,1621.02,364.33,41.88,70.29,0.4692,-1,-1,-1
133,15,655.98,389.10,65.78,195.83,0.4307,-1,-1,-1
133,29,1011.91,362.18,72.64,230.35,0.6106,-1,-1,-1
134,4,714.16,239.02,218.50,649.95,0.9159,-1,-1,-1
134,6,1073.72,284.47,183.75,484.02,0.9271,-1,-1,-1
134,8,928.32,317.94,100.18,338.51,0.8442,-1,-1,-1
134,20,290.13,326.47,155.09,452.53,0.9179,-1,-1,-1
134,26,1621.85,364.69,42.52,71.33,0.4489,-1,-1,-1
134,15,655.12,391.33,67.64,195.78,0.6126,-1,-1,-1
134,29,1011.05,363.47,74.40,226.04,0.7403,-1,-1,-1
135,4,717.04,240.30,216.02,650.06,0.9183,-1,-1,-1
135,6,1071.96,285.84,185.73,486.21,0.9262,-1,-1,-1
135,8,928.98,318.88,97.57,339.26,0.8261,-1,-1,-1
135,20,286.25,327.81,155.39,455.58,0.9028,-1,-1,-1
135,15,652.85,393.15,70.30,196.78,0.6603,-1,-1,-1
135,29,1010.23,367.44,76.86,222.18,0.7863,-1,-1,-1
136,4,722.56,240.17,212.39,647.25,0.9121,-1,-1,-1
136,6,1070.95,288.04,189.31,487.84,0.9275,-1,-1,-1
136,8,928.75,319.67,97.74,337.92,0.8433,-1,-1,-1
136,20,280.89,325.63,159.03,461.74,0.8941,-1,-1,-1
136,15,647.05,394.54,78.27,197.25,0.7807,-1,-1,-1
136,29,1011.67,366.90,77.08,224.58,0.8173,-1,-1,-1
137,4,725.19,240.36,211.69,635.18,0.9214,-1,-1,-1
137,6,1071.71,290.29,192.02,489.72,0.9195,-1,-1,-1
137,8,930.17,319.78,95.53,338.23,0.8538,-1,-1,-1
137,20,280.91,323.93,157.32,465.94,0.8964,-1,-1,-1
137,15,648.55,394.74,78.04,200.64,0.7810,-1,-1,-1
137,29,1014.34,368.83,76.60,224.48,0.4751,-1,-1,-1
137,26,1629.49,367.40,45.52,69.55,0.5590,-1,-1,-1
138,4,725.56,242.39,215.48,628.63,0.9214,-1,-1,-1
138,6,1076.85,293.74,192.52,490.36,0.9092,-1,-1,-1
138,8,931.53,321.56,94.42,339.58,0.8612,-1,-1,-1
138,20,274.61,323.44,162.24,469.71,0.8904,-1,-1,-1
138,15,651.31,396.90,74.19,201.19,0.7642,-1,-1,-1
138,29,1018.31,369.66,74.99,226.74,0.8327,-1,-1,-1
138,26,1637.19,370.66,44.96,69.44,0.3546,-1,-1,-1
139,4,729.61,242.07,214.05,626.48,0.9156,-1,-1,-1
139,6,1080.69,294.21,194.40,490.73,0.8788,-1,-1,-1
139,8,933.06,321.11,93.91,340.40,0.8404,-1,-1,-1
139,20,266.42,320.20,168.04,474.61,0.8952,-1,-1,-1
139,15,652.19,395.38,72.22,204.21,0.7447,-1,-1,-1
139,29,1021.33,366.08,74.29,228.36,0.8448,-1,-1,-1
140,4,740.46,241.53,205.44,630.26,0.8509,-1,-1,-1
140,6,1087.30,296.29,190.45,489.54,0.8898,-1,-1,-1
140,8,938.13,320.95,91.87,342.24,0.8278,-1,-1,-1
140,20,263.28,319.06,171.20,482.24,0.9003,-1,-1,-1
140,15,650.70,396.15,74.41,205.35,0.7779,-1,-1,-1
140,29,1022.48,365.22,76.02,230.52,0.8621,-1,-1,-1
141,6,1091.81,296.55,190.55,494.80,0.4499,-1,-1,-1
141,8,935.98,322.07,96.21,343.16,0.8358,-1,-1,-1
141,20,264.47,318.98,170.81,491.80,0.8960,-1,-1,-1
141,15,649.74,396.75,77.96,205.44,0.8499,-1,-1,-1
141,29,1024.71,367.00,77.54,228.99,0.8486,-1,-1,-1
141,26,1650.49,367.69,47.89,69.83,0.3741,-1,-1,-1
142,6,1098.50,296.03,189.89,499.77,0.9082,-1,-1,-1
142,8,934.37,324.05,99.94,342.36,0.8366,-1,-1,-1
142,20,268.46,321.70,169.15,498.75,0.8818,-1,-1,-1
142,15,650.25,399.04,82.13,203.49,0.8062,-1,-1,-1
142,29,1028.82,371.45,78.68,227.03,0.8730,-1,-1,-1
142,4,753.87,247.70,194.59,632.48,0.8865,-1,-1,-1
143,6,1105.42,297.40,190.68,501.23,0.9203,-1,-1,-1
143,8,949.68,326.13,88.07,340.81,0.8068,-1,-1,-1
143,20,268.68,325.35,171.34,502.20,0.9049,-1,-1,-1
143,15,653.76,400.41,83.02,204.03,0.7403,-1,-1,-1
143,29,1037.10,374.87,75.24,225.93,0.8720,-1,-1,-1
143,4,765.31,250.55,189.69,637.01,0.9160,-1,-1,-1
143,26,1669.39,373.39,44.42,63.93,0.4319,-1,-1,-1
144,6,1111.75,297.13,189.18,499.78,0.9061,-1,-1,-1
144,8,956.69,328.44,85.38,338.49,0.8628,-1,-1,-1
144,20,268.02,325.54,174.27,508.65,0.8774,-1,-1,-1
144,15,661.31,397.82,77.77,207.24,0.8107,-1,-1,-1
144,29,1041.80,375.69,76.11,225.28,0.8550,-1,-1,-1
144,4,770.83,252.99,189.36,636.97,0.6075,-1,-1,-1
144,26,1673.72,371.34,49.42,65.80,0.4087,-1,-1,-1
145,6,1120.46,297.05,187.97,499.51,0.8736,-1,-1,-1
145,8,961.21,327.16,83.78,341.09,0.8004,-1,-1,-1
145,20,265.96,324.84,177.82,512.14,0.8453,-1,-1,-1
145,15,664.60,396.69,79.53,209.72,0.8082,-1,-1,-1
145,29,1044.38,377.43,78.45,222.30,0.8437,-1,-1,-1
145,4,777.27,254.97,188.22,638.09,0.9058,-1,-1,-1
145,26,1681.70,372.17,49.25,66.13,0.4006,-1,-1,-1
146,6,1128.03,299.09,185.81,495.01,0.8671,-1,-1,-1
146,8,965.79,329.88,84.94,339.29,0.3894,-1,-1,-1
146,20,267.10,324.70,178.80,521.13,0.8654,-1,-1,-1
146,15,669.43,397.56,79.90,210.50,0.8043,-1,-1,-1
146,29,1048.48,380.55,78.95,218.37,0.8025,-1,-1,-1
146,4,781.98,259.16,189.10,639.20,0.8978,-1,-1,-1
146,26,1693.80,378.78,45.36,61.00,0.3648,-1,-1,-1
147,6,1134.27,299.88,186.12,492.30,0.9161,-1,-1,-1
147,8,967.09,331.63,88.17,338.11,0.8074,-1,-1,-1
147,20,263.53,326.13,182.15,526.78,0.8869,-1,-1,-1
147,15,671.00,397.13,80.93,214.47,0.8265,-1,-1,-1
147,29,1049.98,382.91,80.45,219.49,0.7488,-1,-1,-1
147,4,784.67,262.84,189.34,639.56,0.8962,-1,-1,-1
147,26,1699.91,375.46,46.85,66.69,0.4422,-1,-1,-1
148,6,1140.26,300.35,182.26,490.67,0.9180,-1,-1,-1
148,8,969.29,331.87,89.22,338.74,0.8503,-1,-1,-1
148,20,258.70,326.48,185.75,537.34,0.8871,-1,-1,-1
148,15,673.03,396.07,77.97,217.67,0.8173,-1,-1,-1
148,29,1052.67,381.10,79.00,223.71,0.8183,-1,-1,-1
148,4,789.76,265.01,186.69,637.93,0.8909,-1,-1,-1
148,26,1701.63,374.48,50.24,69.21,0.4039,-1,-1,-1
149,6,1146.16,298.81,180.03,490.87,0.8959,-1,-1,-1
149,8,973.34,336.25,85.83,336.83,0.8527,-1,-1,-1
149,20,253.01,324.64,184.27,546.33,0.8828,-1,-1,-1
149,15,674.20,399.69,77.45,218.03,0.6603,-1,-1,-1
149,29,1054.63,379.76,78.08,227.95,0.7426,-1,-1,-1
149,4,793.55,265.84,184.85,639.40,0.8990,-1,-1,-1
150,6,1150.13,298.88,179.29,493.02,0.9168,-1,-1,-1
150,8,976.28,340.42,85.78,336.78,0.8713,-1,-1,-1
150,20,247.84,320.78,181.24,556.37,0.8605,-1,-1,-1
150,15,673.36,404.38,79.77,216.81,0.6446,-1,-1,-1
150,29,1056.04,374.25,77.01,235.66,0.8255,-1,-1,-1
150,4,794.24,266.35,185.08,639.27,0.8854,-1,-1,-1
150,26,1710.97,378.64,50.39,69.39,0.5361,-1,-1,-1
151,6,1152.83,299.48,180.54,498.80,0.9206,-1,-1,-1
151,8,978.49,341.99,85.25,338.34,0.8574,-1,-1,-1
151,20,236.78,317.90,184.25,566.29,0.8881,-1,-1,-1
151,15,674.00,408.77,79.16,214.37,0.7199,-1,-1,-1
151,29,1056.33,369.39,77.27,243.07,0.7381,-1,-1,-1
151,4,793.84,266.48,187.75,636.10,0.8758,-1,-1,-1
151,26,1712.24,377.61,52.36,71.95,0.5803,-1,-1,-1
152,6,1154.30,300.07,182.53,498.48,0.9281,-1,-1,-1
152,8,979.66,342.64,85.33,339.82,0.8485,-1,-1,-1
152,20,227.62,314.94,187.46,575.31,0.6570,-1,-1,-1
152,15,674.18,409.92,80.77,215.81,0.7875,-1,-1,-1
152,29,1055.09,371.55,78.89,240.69,0.7568,-1,-1,-1
152,4,791.48,265.05,191.31,629.10,0.8839,-1,-1,-1
152,26,1716.19,376.45,52.50,73.30,0.6250,-1,-1,-1
153,6,1158.09,302.16,181.19,497.80,0.9280,-1,-1,-1
153,8,981.17,343.14,84.41,341.57,0.8612,-1,-1,-1
153,20,215.86,310.86,193.98,583.50,0.8737,-1,-1,-1
153,15,674.69,410.53,82.62,219.17,0.7760,-1,-1,-1
153,29,1055.57,372.51,79.02,241.15,0.7789,-1,-1,-1
153,4,785.79,263.66,199.38,621.15,0.8840,-1,-1,-1
153,26,1719.43,379.47,51.46,73.14,0.5409,-1,-1,-1
154,6,1159.63,303.39,180.27,495.70,0.9267,-1,-1,-1
154,8,981.79,343.34,83.08,342.31,0.8622,-1,-1,-1
154,20,203.61,308.09,200.99,589.84,0.8874,-1,-1,-1
154,15,674.99,411.64,86.28,220.21,0.7108,-1,-1,-1
154,29,1054.61,374.03,79.68,240.95,0.7968,-1,-1,-1
154,4,778.99,262.24,207.98,618.35,0.8897,-1,-1,-1
154,26,1721.78,380.51,50.61,73.73,0.5005,-1,-1,-1
155,6,1160.09,302.11,179.99,498.20,0.9294,-1,-1,-1
155,8,981.33,341.91,82.13,340.44,0.8674,-1,-1,-1
155,20,191.85,304.51,206.46,594.46,0.8904,-1,-1,-1
155,15,672.01,407.76,95.15,222.58,0.7828,-1,-1,-1
155,29,1053.87,373.55,79.29,240.08,0.8390,-1,-1,-1
155,4,771.19,259.65,215.52,618.39,0.9040,-1,-1,-1
155,26,1721.56,376.01,51.29,76.46,0.4093,-1,-1,-1
156,6,1159.11,303.97,180.89,504.57,0.9282,-1,-1,-1
156,8,979.10,341.78,84.13,341.59,0.8499,-1,-1,-1
156,20,179.85,302.98,209.22,598.80,0.8908,-1,-1,-1
156,15,670.88,405.93,98.26,225.05,0.8155,-1,-1,-1
156,29,1052.40,371.98,79.30,243.39,0.8280,-1,-1,-1
156,4,765.42,258.77,223.15,621.04,0.9045,-1,-1,-1
156,26,1720.77,377.08,52.36,76.97,0.4394,-1,-1,-1
157,6,1156.20,306.46,180.10,507.67,0.9263,-1,-1,-1
157,8,972.10,341.77,91.29,346.04,0.8380,-1,-1,-1
157,20,169.82,301.67,211.49,604.60,0.8952,-1,-1,-1
157,15,667.54,407.14,99.19,225.57,0.7289,-1,-1,-1
157,29,1049.83,371.44,80.80,245.17,0.8141,-1,-1,-1
157,4,759.52,259.76,229.36,625.02,0.9101,-1,-1,-1
157,26,1720.54,376.95,52.47,79.19,0.5332,-1,-1,-1
158,6,1151.40,305.18,178.31,509.05,0.9252,-1,-1,-1
158,8,967.61,341.19,91.19,344.82,0.8539,-1,-1,-1
158,20,156.16,297.50,214.55,611.45,0.8992,-1,-1,-1
158,15,662.59,405.97,85.84,227.25,0.7855,-1,-1,-1
158,29,1045.58,371.53,83.20,244.09,0.8487,-1,-1,-1
158,4,758.32,257.73,227.43,629.00,0.9055,-1,-1,-1
158,26,1717.40,379.95,53.13,74.14,0.5169,-1,-1,-1
159,6,1147.09,306.22,175.61,506.66,0.9234,-1,-1,-1
159,8,967.66,340.90,84.48,335.90,0.7726,-1,-1,-1
159,20,139.49,294.09,218.23,621.37,0.9002,-1,-1,-1
159,15,658.38,402.67,85.29,230.35,0.7659,-1,-1,-1
159,29,1040.19,376.05,85.01,238.61,0.8230,-1,-1,-1
159,4,760.74,259.61,223.42,629.49,0.8989,-1,-1,-1
159,26,1712.25,376.68,55.86,75.80,0.6141,-1,-1,-1
160,6,1142.68,305.28,173.27,507.86,0.9284,-1,-1,-1
160,8,962.17,339.72,88.71,338.72,0.5757,-1,-1,-1
160,20,126.85,290.24,221.74,637.85,0.8751,-1,-1,-1
160,15,651.74,401.71,90.88,230.23,0.7691,-1,-1,-1
160,29,1036.95,378.49,83.63,235.97,0.8258,-1,-1,-1
160,4,763.64,261.65,218.06,630.65,0.8934,-1,-1,-1
160,26,1707.03,372.76,57.10,79.33,0.4477,-1,-1,-1
160,35,743.71,358.25,67.70,275.05,0.5478,-1,-1,-1
161,6,1138.48,305.51,172.19,508.57,0.9276,-1,-1,-1
161,8,956.34,336.15,86.46,346.95,0.7364,-1,-1,-1
161,20,112.35,289.37,225.84,655.34,0.8709,-1,-1,-1
161,15,645.75,399.35,90.12,234.88,0.8046,-1,-1,-1
161,29,1032.84,380.44,84.15,234.56,0.8442,-1,-1,-1
161,4,764.79,266.49,216.09,630.59,0.8987,-1,-1,-1
161,26,1705.19,371.86,55.43,81.49,0.3580,-1,-1,-1
161,35,738.40,359.24,73.44,279.58,0.5622,-1,-1,-1
162,6,1134.00,303.03,169.83,510.36,0.9227,-1,-1,-1
162,8,951.21,334.86,85.86,347.15,0.6497,-1,-1,-1
162,20,96.19,284.56,229.10,662.13,0.8883,-1,-1,-1
162,15,638.19,396.36,81.94,238.20,0.8367,-1,-1,-1
162,29,1026.06,384.89,83.15,227.86,0.8331,-1,-1,-1
162,4,766.65,268.19,212.15,629.97,0.9070,-1,-1,-1
162,26,1699.23,374.72,56.95,79.96,0.5206,-1,-1,-1
162,35,730.97,359.83,77.08,279.27,0.5486,-1,-1,-1
163,6,1124.26,302.03,173.65,510.34,0.9203,-1,-1,-1
163,8,947.38,331.89,82.09,350.46,0.7044,-1,-1,-1
163,20,82.01,282.52,224.83,676.64,0.8820,-1,-1,-1
163,15,629.36,394.82,82.80,239.17,0.8229,-1,-1,-1
163,29,1019.39,386.18,84.80,225.56,0.8361,-1,-1,-1
163,4,767.33,268.09,207.34,632.05,0.9153,-1,-1,-1
163,26,1693.99,379.43,55.64,75.59,0.4615,-1,-1,-1
163,35,724.82,358.39,76.67,279.99,0.7220,-1,-1,-1
164,6,1114.46,299.88,180.03,509.16,0.9253,-1,-1,-1
164,8,943.10,331.86,81.34,350.74,0.7726,-1,-1,-1
164,20,60.75,282.17,238.78,694.03,0.8954,-1,-1,-1
164,15,620.82,392.55,86.23,243.30,0.7993,-1,-1,-1
164,29,1016.50,389.92,82.27,220.68,0.8420,-1,-1,-1
164,4,764.68,267.14,206.84,628.31,0.9257,-1,-1,-1
164,35,713.97,362.02,78.72,277.85,0.7247,-1,-1,-1
165,6,1106.77,298.98,183.97,505.35,0.9271,-1,-1,-1
165,8,941.09,331.88,80.47,348.71,0.8209,-1,-1,-1
165,20,41.91,279.85,245.54,712.02,0.8756,-1,-1,-1
165,15,613.19,391.88,84.65,245.34,0.7917,-1,-1,-1
165,29,1013.70,387.68,81.13,221.76,0.7706,-1,-1,-1
165,4,762.47,263.39,201.66,629.50,0.9228,-1,-1,-1
165,35,706.87,363.53,79.95,278.16,0.7994,-1,-1,-1
165,26,1685.87,375.67,52.22,76.16,0.4006,-1,-1,-1
166,6,1100.62,296.82,187.35,502.26,0.9344,-1,-1,-1
166,8,936.04,327.28,80.54,350.03,0.8211,-1,-1,-1
166,20,21.83,277.78,258.24,725.73,0.9095,-1,-1,-1
166,15,606.38,390.74,86.62,246.94,0.7994,-1,-1,-1
166,29,1009.48,381.16,80.90,226.31,0.6426,-1,-1,-1
166,4,763.48,259.65,197.26,631.78,0.9196,-1,-1,-1
166,35,701.05,364.59,79.82,277.95,0.8217,-1,-1,-1
166,26,1682.02,374.31,50.76,74.63,0.3640,-1,-1,-1
167,6,1094.09,293.16,192.27,503.70,0.9279,-1,-1,-1
167,8,934.47,326.43,80.83,348.80,0.8089,-1,-1,-1
167,20,5.91,273.99,259.23,737.69,0.8927,-1,-1,-1
167,15,602.12,388.97,86.59,249.24,0.8232,-1,-1,-1
167,29,1007.31,375.97,79.41,231.38,0.4510,-1,-1,-1
167,4,765.16,256.53,194.29,632.40,0.9091,-1,-1,-1
167,35,693.56,362.62,86.30,279.69,0.8343,-1,-1,-1
167,26,1682.93,373.75,50.06,75.03,0.3893,-1,-1,-1
168,6,1089.45,290.94,195.04,503.90,0.9253,-1,-1,-1
168,8,931.73,327.46,82.32,345.58,0.7848,-1,-1,-1
168,20,-2.61,266.27,259.84,751.35,0.9053,-1,-1,-1
168,15,596.19,389.20,88.24,250.37,0.7804,-1,-1,-1
168,29,1006.23,376.18,78.21,231.59,0.4906,-1,-1,-1
168,4,768.43,255.37,188.88,616.33,0.4210,-1,-1,-1
168,35,684.41,359.32,93.39,281.94,0.8629,-1,-1,-1
168,26,1677.95,370.68,54.97,77.75,0.3605,-1,-1,-1
169,6,1085.79,289.99,197.61,504.66,0.9287,-1,-1,-1
169,8,930.12,328.16,82.05,343.57,0.7965,-1,-1,-1
169,20,-5.68,258.93,250.22,763.96,0.9159,-1,-1,-1
169,15,589.78,387.84,91.14,252.55,0.8235,-1,-1,-1
169,29,1003.80,376.75,79.53,227.06,0.6473,-1,-1,-1
169,4,773.64,250.45,185.93,614.00,0.8965,-1,-1,-1
169,35,679.74,356.77,95.50,283.84,0.8768,-1,-1,-1
169,26,1675.49,369.13,56.46,78.85,0.4005,-1,-1,-1
170,6,1081.18,291.19,199.83,504.54,0.9245,-1,-1,-1
170,8,929.55,328.17,80.10,342.96,0.7638,-1,-1,-1
170,20,-6.00,252.02,237.76,777.25,0.9239,-1,-1,-1
170,15,587.16,387.59,85.85,252.57,0.7714,-1,-1,-1
170,29,1002.89,374.72,80.93,228.54,0.6184,-1,-1,-1
170,4,776.37,251.29,182.62,607.39,0.3615,-1,-1,-1
170,35,674.04,353.30,101.42,289.07,0.8598,-1,-1,-1
171,6,1078.08,291.45,202.37,507.26,0.9221,-1,-1,-1
171,8,929.10,327.43,80.43,343.49,0.8003,-1,-1,-1
171,20,-5.53,246.48,225.23,790.41,0.9337,-1,-1,-1
171,15,581.21,384.27,90.22,257.64,0.7314,-1,-1,-1
171,29,1004.08,370.01,79.28,228.99,0.6839,-1,-1,-1
171,4,777.38,247.57,181.66,612.26,0.8734,-1,-1,-1
171,35,666.71,351.22,109.51,293.71,0.8559,-1,-1,-1
172,6,1074.90,291.42,205.27,507.78,0.9281,-1,-1,-1
172,8,928.64,334.30,79.71,337.09,0.7364,-1,-1,-1
172,20,-4.83,241.51,211.75,801.63,0.9288,-1,-1,-1
172,15,574.59,385.40,96.79,259.47,0.7728,-1,-1,-1
172,29,1002.03,369.05,79.93,228.75,0.7032,-1,-1,-1
172,4,776.56,246.98,183.83,617.62,0.8852,-1,-1,-1
172,35,660.41,349.97,116.06,296.45,0.8888,-1,-1,-1
173,6,1073.08,290.27,205.44,509.35,0.9246,-1,-1,-1
173,8,928.08,334.67,77.67,335.45,0.7168,-1,-1,-1
173,20,-4.08,236.16,200.23,815.99,0.9193,-1,-1,-1
173,15,567.26,386.52,101.55,260.21,0.7956,-1,-1,-1
173,29,1001.34,370.94,79.63,223.68,0.7317,-1,-1,-1
173,4,777.40,245.39,181.68,620.95,0.8838,-1,-1,-1
173,35,656.24,347.38,122.30,299.32,0.8890,-1,-1,-1
173,26,1673.38,363.31,53.88,76.36,0.5011,-1,-1,-1
174,6,1073.48,290.08,207.01,513.20,0.9264,-1,-1,-1
174,8,929.04,334.03,76.99,336.50,0.6984,-1,-1,-1
174,20,-3.06,232.23,190.99,828.85,0.9159,-1,-1,-1
174,15,563.35,382.62,99.27,267.67,0.7779,-1,-1,-1
174,29,1002.14,369.36,78.51,226.10,0.7331,-1,-1,-1
174,4,777.39,245.96,182.72,622.73,0.8960,-1,-1,-1
174,35,654.36,345.69,126.10,300.84,0.8853,-1,-1,-1
174,26,1674.51,362.33,54.96,75.38,0.4100,-1,-1,-1
175,6,1076.34,290.88,206.68,516.18,0.9244,-1,-1,-1
175,8,930.69,330.82,76.93,341.39,0.6975,-1,-1,-1
175,20,-2.23,227.53,182.48,839.38,0.9184,-1,-1,-1
175,15,560.10,380.36,98.85,272.11,0.7816,-1,-1,-1
175,29,1003.17,369.26,77.93,228.48,0.7355,-1,-1,-1
175,4,780.45,246.67,179.79,627.42,0.8914,-1,-1,-1
175,35,653.07,344.77,129.03,302.83,0.8674,-1,-1,-1
175,26,1678.90,363.21,56.64,73.69,0.5256,-1,-1,-1
176,6,1079.46,290.07,208.68,519.53,0.9195,-1,-1,-1
176,8,933.68,327.48,74.33,346.22,0.7109,-1,-1,-1
176,20,-1.05,227.46,175.38,846.91,0.9154,-1,-1,-1
176,15,557.20,380.48,100.52,275.56,0.8123,-1,-1,-1
176,29,1007.11,368.07,76.02,230.67,0.7667,-1,-1,-1
176,4,785.03,253.23,177.43,627.68,0.8916,-1,-1,-1
176,35,653.06,345.60,131.22,306.57,0.8666,-1,-1,-1
176,26,1686.01,364.51,51.31,71.90,0.4264,-1,-1,-1
177,6,1083.47,289.87,207.99,518.01,0.9189,-1,-1,-1
177,8,934.98,322.63,69.57,348.24,0.6740,-1,-1,-1
177,20,-0.97,225.18,165.67,853.45,0.9123,-1,-1,-1
177,15,554.57,380.19,102.15,275.47,0.8099,-1,-1,-1
177,29,1008.16,368.42,76.07,228.52,0.7863,-1,-1,-1
177,4,787.44,255.99,176.69,627.70,0.8980,-1,-1,-1
177,35,653.20,344.89,130.73,310.01,0.8722,-1,-1,-1
177,26,1687.37,359.90,54.89,73.41,0.4391,-1,-1,-1
178,6,1088.20,289.85,209.20,522.63,0.9091,-1,-1,-1
178,8,939.08,316.40,67.70,355.32,0.4364,-1,-1,-1
178,20,-0.14,222.83,156.93,856.95,0.8999,-1,-1,-1
178,15,554.23,380.61,101.31,276.99,0.8275,-1,-1,-1
178,29,1012.24,370.52,75.68,227.93,0.7178,-1,-1,-1
178,4,791.00,260.12,177.13,626.98,0.9073,-1,-1,-1
178,35,653.51,346.85,133.73,313.74,0.8722,-1,-1,-1
178,26,1691.68,359.32,56.28,74.47,0.4223,-1,-1,-1
179,6,1095.53,288.25,205.95,525.50,0.8967,-1,-1,-1
179,8,934.19,306.88,74.70,366.24,0.5440,-1,-1,-1
179,20,0.13,224.32,145.93,855.29,0.6906,-1,-1,-1
179,15,553.33,380.18,102.07,279.36,0.7990,-1,-1,-1
179,29,1014.50,374.41,75.36,222.90,0.7204,-1,-1,-1
179,4,793.33,261.78,176.95,626.26,0.9051,-1,-1,-1
179,35,652.77,347.66,138.36,316.90,0.8749,-1,-1,-1
179,26,1691.76,357.18,61.85,77.91,0.4739,-1,-1,-1
180,6,1101.81,289.39,204.09,524.13,0.8366,-1,-1,-1
180,20,0.47,227.40,135.70,854.68,0.8081,-1,-1,-1
180,15,552.95,379.71,104.32,283.17,0.8385,-1,-1,-1
180,29,1018.96,381.30,74.43,217.34,0.6987,-1,-1,-1
180,4,796.52,265.01,179.35,621.04,0.9098,-1,-1,-1
180,35,654.67,349.43,136.00,318.58,0.8688,-1,-1,-1
180,26,1698.68,359.28,62.15,75.50,0.4900,-1,-1,-1
181,6,1111.37,286.36,200.07,526.88,0.9067,-1,-1,-1
181,20,0.83,248.74,128.00,832.54,0.8657,-1,-1,-1
181,15,554.17,381.71,104.11,284.27,0.7976,-1,-1,-1
181,29,1020.09,374.34,77.36,224.44,0.7792,-1,-1,-1
181,4,798.26,265.10,182.73,620.35,0.9077,-1,-1,-1
181,35,656.55,350.04,135.95,322.21,0.8809,-1,-1,-1
181,26,1710.31,356.62,54.95,76.93,0.5074,-1,-1,-1
182,6,1118.18,285.41,197.91,526.05,0.9059,-1,-1,-1
182,20,1.04,274.20,119.06,806.54,0.8584,-1,-1,-1
182,15,554.88,382.25,106.45,286.92,0.8185,-1,-1,-1
182,29,1023.37,376.84,78.65,220.91,0.8660,-1,-1,-1
182,4,798.79,264.38,184.67,619.41,0.8931,-1,-1,-1
182,35,656.75,348.95,137.37,324.89,0.8916,-1,-1,-1
182,26,1716.04,355.65,57.64,76.86,0.5980,-1,-1,-1
182,8,942.96,315.93,65.85,352.29,0.3635,-1,-1,-1
183,6,1129.08,283.79,193.77,521.36,0.9154,-1,-1,-1
183,20,1.32,299.99,106.84,780.52,0.8555,-1,-1,-1
183,15,555.73,384.77,107.86,287.14,0.8023,-1,-1,-1
183,29,1025.10,382.20,81.32,216.54,0.8126,-1,-1,-1
183,4,800.92,262.98,189.94,614.52,0.8973,-1,-1,-1
183,35,657.47,347.67,139.32,328.01,0.8946,-1,-1,-1
183,26,1717.81,354.22,55.93,77.79,0.3975,-1,-1,-1
184,6,1134.11,283.17,193.30,516.77,0.9203,-1,-1,-1
184,20,1.60,357.56,94.56,721.13,0.8368,-1,-1,-1
184,15,555.62,388.39,112.13,285.71,0.5877,-1,-1,-1
184,29,1029.30,382.01,81.97,219.41,0.7521,-1,-1,-1
184,4,803.42,263.72,192.53,603.47,0.9109,-1,-1,-1
184,35,661.00,346.40,141.96,328.77,0.8911,-1,-1,-1
184,26,1726.69,355.34,59.22,75.92,0.4580,-1,-1,-1
184,42,1002.81,403.94,38.36,131.60,0.3661,-1,-1,-1
185,6,1138.96,282.63,195.40,514.47,0.8198,-1,-1,-1
185,20,1.28,382.87,85.94,694.77,0.7842,-1,-1,-1
185,15,556.90,390.89,117.53,285.64,0.7921,-1,-1,-1
185,29,1035.16,384.00,79.39,218.17,0.7942,-1,-1,-1
185,4,804.09,261.88,194.40,600.76,0.8824,-1,-1,-1
185,35,668.13,334.09,138.34,342.75,0.9041,-1,-1,-1
185,26,1730.02,352.67,63.57,77.87,0.4789,-1,-1,-1
186,6,1147.97,283.71,190.04,514.69,0.9164,-1,-1,-1
186,20,0.94,395.71,83.09,681.85,0.7306,-1,-1,-1
186,15,557.61,391.62,119.64,287.38,0.8211,-1,-1,-1
186,29,1037.10,383.91,82.00,218.26,0.7774,-1,-1,-1
186,4,805.20,258.07,194.20,604.57,0.8850,-1,-1,-1
186,35,670.72,326.75,137.74,351.41,0.9032,-1,-1,-1
186,26,1739.27,353.22,60.41,78.61,0.3967,-1,-1,-1
187,6,1154.03,279.88,187.65,518.82,0.9107,-1,-1,-1
187,20,0.18,414.19,66.98,661.61,0.4014,-1,-1,-1
187,15,557.55,387.53,123.59,292.76,0.8434,-1,-1,-1
187,29,1041.76,379.90,80.08,219.72,0.7951,-1,-1,-1
187,4,806.67,254.28,195.59,605.47,0.8893,-1,-1,-1
187,35,671.84,327.27,137.32,351.03,0.8837,-1,-1,-1
188,6,1156.43,278.42,186.31,518.38,0.9130,-1,-1,-1
188,15,556.35,385.91,126.09,294.32,0.8534,-1,-1,-1
188,29,1038.34,377.47,84.36,222.06,0.7975,-1,-1,-1
188,4,803.20,252.14,201.47,607.25,0.8888,-1,-1,-1
188,35,669.53,325.59,139.09,350.85,0.8615,-1,-1,-1
188,26,1757.99,354.14,54.54,75.02,0.4938,-1,-1,-1
189,6,1159.46,275.61,183.23,521.87,0.9043,-1,-1,-1
189,15,553.81,381.94,130.18,299.36,0.5617,-1,-1,-1
189,29,1037.30,375.57,85.60,223.04,0.8016,-1,-1,-1
189,4,800.44,251.74,203.87,610.38,0.8924,-1,-1,-1
189,35,667.90,324.28,140.18,353.46,0.9046,-1,-1,-1
189,26,1759.09,352.27,58.84,75.31,0.5850,-1,-1,-1
190,6,1161.37,274.60,181.71,523.96,0.9014,-1,-1,-1
190,15,548.53,380.01,138.11,302.10,0.7417,-1,-1,-1
190,29,1032.99,375.79,90.29,221.98,0.7767,-1,-1,-1
190,4,802.19,250.87,201.90,613.34,0.6121,-1,-1,-1
190,35,670.82,322.77,136.82,356.90,0.9004,-1,-1,-1
190,26,1758.85,352.46,61.71,76.36,0.6154,-1,-1,-1
191,6,1162.71,276.60,181.35,526.27,0.7669,-1,-1,-1
191,15,545.58,378.95,137.44,305.70,0.7535,-1,-1,-1
191,29,1033.08,374.86,90.60,225.16,0.7826,-1,-1,-1
191,4,804.48,251.35,199.63,618.96,0.8757,-1,-1,-1
191,35,671.88,323.88,134.93,359.58,0.8863,-1,-1,-1
191,26,1761.76,355.39,60.33,77.45,0.5794,-1,-1,-1
192,6,1162.62,284.03,180.57,525.75,0.9257,-1,-1,-1
192,15,541.76,378.58,114.35,307.37,0.8079,-1,-1,-1
192,29,1031.43,377.94,90.53,224.35,0.7892,-1,-1,-1
192,4,808.79,257.48,195.21,620.37,0.8978,-1,-1,-1
192,35,667.78,325.74,137.63,361.51,0.8719,-1,-1,-1
192,26,1759.44,359.89,64.60,76.70,0.5741,-1,-1,-1
193,6,1161.56,286.20,177.74,526.69,0.9286,-1,-1,-1
193,15,536.02,377.85,124.48,309.99,0.7673,-1,-1,-1
193,29,1030.00,376.71,89.40,226.74,0.8091,-1,-1,-1
193,4,809.42,262.25,194.83,620.10,0.9063,-1,-1,-1
193,35,658.78,328.16,144.19,362.63,0.8634,-1,-1,-1
193,26,1755.60,361.45,68.26,76.82,0.5762,-1,-1,-1
194,6,1159.64,289.83,175.86,527.72,0.9295,-1,-1,-1
194,15,529.94,378.23,129.76,313.27,0.8467,-1,-1,-1
194,29,1031.66,379.17,86.47,226.51,0.8178,-1,-1,-1
194,4,807.16,266.99,197.10,616.76,0.8914,-1,-1,-1
194,35,654.91,331.02,145.42,365.14,0.8931,-1,-1,-1
194,26,1755.18,362.92,68.86,79.42,0.5380,-1,-1,-1
195,6,1155.49,293.03,175.46,528.82,0.9299,-1,-1,-1
195,15,522.07,379.61,121.07,317.61,0.8503,-1,-1,-1
195,29,1026.13,381.91,90.45,225.43,0.8290,-1,-1,-1
195,4,802.81,272.99,203.06,612.71,0.8960,-1,-1,-1
195,35,646.58,336.08,150.70,367.39,0.8962,-1,-1,-1
195,26,1756.51,366.84,66.80,80.34,0.6408,-1,-1,-1
196,6,1150.11,294.71,174.93,530.36,0.9205,-1,-1,-1
196,15,514.41,380.24,121.15,322.88,0.8526,-1,-1,-1
196,29,1020.93,383.84,93.23,224.23,0.8252,-1,-1,-1
196,4,799.26,271.56,205.30,615.40,0.8968,-1,-1,-1
196,35,641.63,340.41,152.09,367.47,0.8869,-1,-1,-1
196,26,1758.93,368.90,62.30,79.62,0.4631,-1,-1,-1
197,6,1145.48,295.10,174.01,533.10,0.9216,-1,-1,-1
197,15,506.74,382.21,116.99,325.38,0.7740,-1,-1,-1
197,29,1017.23,386.74,93.70,222.42,0.8755,-1,-1,-1
197,4,796.21,271.16,208.17,616.27,0.9029,-1,-1,-1
197,35,634.56,341.63,153.29,370.13,0.8738,-1,-1,-1
197,26,1758.29,372.36,61.60,76.72,0.3556,-1,-1,-1
198,6,1139.70,297.78,175.09,530.61,0.9111,-1,-1,-1
198,15,497.08,385.28,118.67,329.95,0.8546,-1,-1,-1
198,29,1014.34,390.64,92.47,221.16,0.8597,-1,-1,-1
198,4,796.21,272.92,208.12,616.70,0.8928,-1,-1,-1
198,35,622.33,343.53,156.58,373.99,0.8940,-1,-1,-1
199,6,1133.94,298.90,176.43,539.62,0.8887,-1,-1,-1
199,15,488.66,388.63,120.76,332.74,0.8629,-1,-1,-1
199,29,1010.13,396.51,90.77,216.86,0.8557,-1,-1,-1
199,4,801.84,275.68,200.32,602.20,0.9056,-1,-1,-1
199,35,607.69,346.03,162.64,379.35,0.9025,-1,-1,-1
200,6,1126.39,301.55,180.13,538.05,0.8803,-1,-1,-1
200,15,478.92,392.77,126.99,335.18,0.7968,-1,-1,-1
200,29,1008.64,404.55,87.48,211.21,0.7733,-1,-1,-1
200,4,800.30,279.82,201.39,590.77,0.9076,-1,-1,-1
200,35,605.51,347.35,155.83,382.93,0.9090,-1,-1,-1
200,26,1736.22,380.83,70.83,80.26,0.6729,-1,-1,-1
201,6,1117.38,303.96,184.36,532.14,0.6253,-1,-1,-1
201,15,467.49,395.42,125.22,336.74,0.8521,-1,-1,-1
201,29,1007.65,397.14,82.26,220.21,0.8176,-1,-1,-1
201,4,799.55,281.03,197.59,589.30,0.9069,-1,-1,-1
201,35,585.93,348.16,163.74,384.07,0.8671,-1,-1,-1
201,26,1730.66,383.20,73.25,79.95,0.4412,-1,-1,-1
202,6,1110.74,303.93,187.65,531.59,0.4302,-1,-1,-1
202,15,458.16,400.04,131.07,335.20,0.8625,-1,-1,-1
202,29,1005.11,403.04,79.39,217.03,0.7773,-1,-1,-1
202,4,796.68,281.46,195.61,591.97,0.9141,-1,-1,-1
202,35,582.44,347.92,158.23,388.67,0.8861,-1,-1,-1
202,26,1729.87,384.47,70.85,79.46,0.4306,-1,-1,-1
203,6,1106.67,304.66,191.53,532.31,0.8324,-1,-1,-1
203,15,446.74,398.93,119.89,342.20,0.7218,-1,-1,-1
203,29,1001.47,407.28,80.31,216.61,0.8007,-1,-1,-1
203,4,798.54,282.03,190.10,594.65,0.9080,-1,-1,-1
203,35,576.96,345.79,156.83,396.13,0.8972,-1,-1,-1
203,47,1105.86,303.22,191.91,532.20,0.4210,-1,-1,-1
204,6,1104.98,306.48,193.46,531.49,0.4963,-1,-1,-1
204,15,435.63,399.58,133.22,345.38,0.8171,-1,-1,-1
204,29,1003.00,411.77,77.86,217.00,0.7993,-1,-1,-1
204,4,805.11,284.16,180.72,596.08,0.8996,-1,-1,-1
204,35,572.09,345.01,155.96,398.50,0.8940,-1,-1,-1
204,47,1103.96,305.62,193.40,530.95,0.6479,-1,-1,-1
204,48,758.84,398.61,65.16,243.00,0.7724,-1,-1,-1
205,6,1102.38,305.51,195.50,530.64,0.8773,-1,-1,-1
205,15,425.01,398.51,142.40,349.33,0.8645,-1,-1,-1
205,29,1001.94,413.34,77.12,215.82,0.7537,-1,-1,-1
205,4,807.58,285.33,176.48,597.93,0.8991,-1,-1,-1
205,35,564.80,343.83,154.95,400.21,0.8861,-1,-1,-1
205,47,1102.32,305.30,195.46,530.34,0.8773,-1,-1,-1
205,48,758.24,397.06,66.18,245.59,0.7777,-1,-1,-1
205,26,1715.97,382.30,78.36,84.92,0.3901,-1,-1,-1
206,6,1098.82,305.12,199.45,532.93,0.7915,-1,-1,-1
206,15,417.47,396.46,148.62,353.23,0.8842,-1,-1,-1
206,29,999.87,415.11,78.56,213.84,0.7595,-1,-1,-1
206,4,808.88,286.78,173.61,599.83,0.9006,-1,-1,-1
206,35,558.69,341.81,155.71,402.99,0.9076,-1,-1,-1
206,47,1098.80,305.11,199.73,533.07,0.7915,-1,-1,-1
206,48,756.41,395.82,67.92,248.43,0.8053,-1,-1,-1
206,26,1732.88,382.70,62.47,81.82,0.3851,-1,-1,-1
207,6,1096.65,306.64,204.03,534.93,0.5918,-1,-1,-1
207,15,411.30,394.96,150.07,356.55,0.9083,-1,-1,-1
207,29,999.43,414.61,78.69,214.98,0.7680,-1,-1,-1
207,4,809.51,288.26,171.75,599.52,0.8864,-1,-1,-1
207,35,552.09,341.87,159.87,404.65,0.9218,-1,-1,-1
207,47,1095.36,305.63,204.41,534.80,0.7338,-1,-1,-1
207,48,754.70,395.33,69.56,249.73,0.8007,-1,-1,-1
207,26,1740.56,382.36,55.50,81.83,0.4091,-1,-1,-1
208,6,1094.52,304.44,208.08,539.79,0.7319,-1,-1,-1
208,15,404.11,394.14,146.41,358.36,0.9118,-1,-1,-1
208,29,1001.58,410.88,76.15,213.88,0.7982,-1,-1,-1
208,4,810.07,288.96,169.80,599.16,0.8570,-1,-1,-1
208,35,544.31,336.30,165.17,413.59,0.9076,-1,-1,-1
208,47,1092.85,302.45,208.38,539.64,0.7083,-1,-1,-1
208,48,754.45,393.39,70.11,252.00,0.7960,-1,-1,-1
208,26,1742.40,382.33,53.66,81.99,0.3558,-1,-1,-1
209,6,1093.31,303.33,210.36,542.66,0.7125,-1,-1,-1
209,15,398.23,391.42,146.39,361.90,0.8396,-1,-1,-1
209,29,1002.13,405.64,75.56,216.29,0.7914,-1,-1,-1
209,4,809.15,290.44,169.79,599.13,0.8706,-1,-1,-1
209,35,535.72,335.71,175.27,418.28,0.9125,-1,-1,-1
209,47,1093.98,303.86,210.68,542.80,0.8455,-1,-1,-1
209,48,754.04,393.67,68.41,253.00,0.7053,-1,-1,-1
209,26,1743.78,382.78,53.39,81.29,0.4214,-1,-1,-1
210,6,1093.92,305.99,211.55,542.20,0.3771,-1,-1,-1
210,15,392.38,390.47,147.09,364.57,0.8931,-1,-1,-1
210,29,1001.69,405.26,77.31,216.23,0.5763,-1,-1,-1
210,4,806.77,293.37,171.83,598.65,0.8918,-1,-1,-1
210,35,530.90,338.22,180.62,422.27,0.8853,-1,-1,-1
210,47,1095.28,307.23,212.29,542.45,0.9040,-1,-1,-1
210,48,750.05,392.91,71.32,256.30,0.7521,-1,-1,-1
210,26,1744.37,383.38,53.73,80.59,0.4004,-1,-1,-1
211,6,1095.46,308.79,211.77,545.62,0.9098,-1,-1,-1
211,15,385.49,388.97,147.27,368.72,0.8927,-1,-1,-1
211,29,1002.76,415.49,75.24,206.17,0.5756,-1,-1,-1
211,4,805.09,293.48,173.80,601.17,0.8921,-1,-1,-1
211,35,520.70,331.82,186.62,437.91,0.8758,-1,-1,-1
211,47,1096.13,309.36,212.14,545.95,0.9098,-1,-1,-1
211,48,747.48,393.31,71.32,259.81,0.7546,-1,-1,-1
211,26,1745.45,382.81,53.78,81.49,0.4489,-1,-1,-1
212,6,1095.74,312.74,213.41,543.78,0.9118,-1,-1,-1
212,15,377.35,388.51,145.18,376.19,0.8861,-1,-1,-1
212,29,999.98,408.01,77.29,215.39,0.7433,-1,-1,-1
212,4,800.12,291.94,180.76,601.84,0.8841,-1,-1,-1
212,35,506.49,330.76,197.55,447.48,0.8832,-1,-1,-1
212,47,1096.11,313.10,213.64,544.01,0.9118,-1,-1,-1
212,48,743.82,394.09,73.15,261.72,0.7540,-1,-1,-1
213,6,1096.44,313.84,213.38,545.29,0.9111,-1,-1,-1
213,15,369.23,389.28,148.60,385.08,0.9104,-1,-1,-1
213,29,996.66,404.52,79.79,220.44,0.8088,-1,-1,-1
213,4,795.71,292.56,182.74,601.90,0.8863,-1,-1,-1
213,35,504.33,336.38,194.95,448.04,0.8905,-1,-1,-1
213,47,1096.70,314.05,213.52,545.50,0.9111,-1,-1,-1
213,48,740.86,396.01,70.68,263.51,0.7686,-1,-1,-1
214,6,1097.58,320.35,213.95,545.52,0.9181,-1,-1,-1
214,15,364.30,395.21,150.17,390.61,0.9235,-1,-1,-1
214,29,995.76,410.11,81.66,219.55,0.8237,-1,-1,-1
214,4,793.03,297.33,184.52,594.40,0.8850,-1,-1,-1
214,35,503.89,342.14,194.09,446.76,0.8847,-1,-1,-1
214,47,1097.79,320.53,214.05,545.69,0.9181,-1,-1,-1
214,48,739.79,402.00,68.80,261.44,0.7708,-1,-1,-1
215,6,1102.43,316.89,211.29,551.39,0.9177,-1,-1,-1
215,15,360.62,395.68,150.64,395.75,0.9249,-1,-1,-1
215,29,995.49,406.58,83.52,222.17,0.7876,-1,-1,-1
215,4,790.62,293.32,187.89,587.03,0.8854,-1,-1,-1
215,35,502.48,340.74,195.01,451.94,0.8997,-1,-1,-1
215,47,1102.63,317.02,211.33,551.58,0.9177,-1,-1,-1
215,48,739.55,401.11,67.40,260.89,0.7848,-1,-1,-1
215,26,1750.24,392.76,54.29,76.42,0.3982,-1,-1,-1
216,6,1110.69,315.26,205.07,555.19,0.9035,-1,-1,-1
216,15,358.21,396.47,150.06,401.67,0.9206,-1,-1,-1
216,29,1001.87,411.93,80.92,217.60,0.8278,-1,-1,-1
216,4,788.72,291.38,191.61,588.54,0.8863,-1,-1,-1
216,35,500.91,337.28,193.96,461.76,0.9170,-1,-1,-1
216,47,1110.89,315.35,205.05,555.37,0.9035,-1,-1,-1
216,48,741.65,400.59,65.61,261.11,0.7175,-1,-1,-1
216,26,1760.56,395.58,49.76,75.26,0.3948,-1,-1,-1
217,6,1116.97,312.33,202.98,557.32,0.8869,-1,-1,-1
217,15,356.22,397.15,150.38,403.08,0.9227,-1,-1,-1
217,29,1007.08,416.10,79.69,214.39,0.8514,-1,-1,-1
217,4,788.02,289.72,194.31,589.75,0.8913,-1,-1,-1
217,35,500.56,333.53,192.93,470.34,0.9182,-1,-1,-1
217,47,1117.15,312.39,202.95,557.48,0.8869,-1,-1,-1
217,48,743.52,398.47,66.02,267.56,0.6963,-1,-1,-1
217,26,1767.42,393.31,48.77,78.74,0.3820,-1,-1,-1
218,6,1124.05,313.17,198.56,553.29,0.3652,-1,-1,-1
218,15,354.48,397.41,155.81,408.45,0.9232,-1,-1,-1
218,29,1011.85,422.34,78.63,208.83,0.8190,-1,-1,-1
218,4,791.13,289.06,194.78,592.48,0.8924,-1,-1,-1
218,35,502.21,327.23,190.85,482.39,0.9202,-1,-1,-1
218,47,1125.66,312.63,198.38,553.67,0.7066,-1,-1,-1
218,48,747.70,396.98,65.60,272.46,0.7275,-1,-1,-1
219,6,1131.04,314.06,196.98,547.23,0.8240,-1,-1,-1
219,15,354.26,399.04,162.93,411.09,0.9139,-1,-1,-1
219,29,1016.66,421.22,80.53,213.91,0.8280,-1,-1,-1
219,4,795.64,289.73,195.26,593.18,0.8990,-1,-1,-1
219,35,506.36,323.20,189.75,488.55,0.9222,-1,-1,-1
219,47,1131.71,313.89,196.89,547.41,0.8240,-1,-1,-1
219,48,750.89,397.12,67.24,275.24,0.7586,-1,-1,-1
219,51,666.54,406.30,55.81,182.98,0.4357,-1,-1,-1
219,26,1783.12,394.94,50.37,81.18,0.4004,-1,-1,-1
220,6,1136.29,314.06,198.96,547.47,0.8443,-1,-1,-1
220,15,354.04,398.16,167.05,413.83,0.9280,-1,-1,-1
220,29,1020.19,420.43,81.28,215.23,0.8461,-1,-1,-1
220,4,796.25,293.04,197.75,594.19,0.8980,-1,-1,-1
220,35,509.70,320.76,189.56,492.14,0.9142,-1,-1,-1
220,47,1136.59,314.03,198.92,547.57,0.8443,-1,-1,-1
220,48,751.64,397.42,70.77,275.91,0.7438,-1,-1,-1
220,51,665.94,412.38,59.28,172.99,0.4536,-1,-1,-1
220,26,1790.80,394.49,51.41,83.30,0.4163,-1,-1,-1
221,6,1145.16,314.58,198.39,546.54,0.7174,-1,-1,-1
221,15,353.39,394.87,170.54,418.79,0.9253,-1,-1,-1
221,29,1025.07,422.87,80.57,213.84,0.8407,-1,-1,-1
221,4,801.57,295.93,199.30,596.14,0.8944,-1,-1,-1
221,35,510.69,317.36,190.46,496.56,0.9182,-1,-1,-1
221,47,1143.77,315.05,198.79,545.79,0.6087,-1,-1,-1
221,48,753.25,396.25,74.69,277.52,0.7598,-1,-1,-1
221,51,666.05,408.96,65.06,181.54,0.3920,-1,-1,-1
221,26,1798.53,395.06,52.17,84.71,0.5013,-1,-1,-1
222,6,1153.93,317.14,194.14,546.20,0.6176,-1,-1,-1
222,15,352.71,391.57,172.55,423.77,0.9268,-1,-1,-1
222,29,1025.17,424.15,85.30,214.56,0.8181,-1,-1,-1
222,4,807.52,298.43,197.54,598.40,0.8990,-1,-1,-1
222,35,512.01,312.66,190.21,503.81,0.9222,-1,-1,-1
222,47,1154.19,317.12,194.93,546.34,0.5265,-1,-1,-1
222,48,756.52,396.07,76.40,278.79,0.7937,-1,-1,-1
222,51,667.64,409.70,69.26,186.92,0.4422,-1,-1,-1
222,26,1809.38,397.06,51.53,83.43,0.5393,-1,-1,-1
223,6,1162.14,315.97,191.22,548.76,0.8093,-1,-1,-1
223,15,350.00,389.74,175.28,426.77,0.9230,-1,-1,-1
223,29,1033.05,422.01,80.40,217.43,0.7896,-1,-1,-1
223,4,815.47,300.94,194.56,597.85,0.9031,-1,-1,-1
223,35,511.92,309.26,192.52,507.19,0.9208,-1,-1,-1
223,47,1162.28,315.98,191.50,548.84,0.8093,-1,-1,-1
223,48,759.17,394.92,78.39,280.49,0.5185,-1,-1,-1
223,51,669.10,409.84,71.50,190.67,0.5308,-1,-1,-1
223,26,1815.35,396.04,52.90,85.26,0.5487,-1,-1,-1
223,53,1434.12,525.40,155.41,332.47,0.3972,-1,-1,-1
224,6,1168.84,314.06,189.52,552.64,0.8189,-1,-1,-1
224,15,348.78,388.64,174.68,428.23,0.9156,-1,-1,-1
224,29,1038.11,420.11,80.47,218.04,0.8325,-1,-1,-1
224,4,821.83,303.56,194.59,595.87,0.9137,-1,-1,-1
224,35,509.99,305.23,195.47,513.51,0.9178,-1,-1,-1
224,47,1168.93,314.08,189.60,552.70,0.8189,-1,-1,-1
224,48,760.96,392.92,82.05,285.09,0.8862,-1,-1,-1
224,51,671.63,409.91,71.34,194.41,0.3852,-1,-1,-1
224,26,1822.79,395.97,55.44,86.67,0.4417,-1,-1,-1
224,53,1443.08,530.60,147.87,327.23,0.4584,-1,-1,-1
225,6,1175.29,312.83,187.72,555.42,0.3570,-1,-1,-1
225,15,347.46,387.83,170.90,431.74,0.9236,-1,-1,-1
225,29,1040.24,420.73,80.92,216.16,0.8380,-1,-1,-1
225,4,827.45,303.90,197.56,594.08,0.9195,-1,-1,-1
225,35,507.38,300.70,199.86,523.64,0.8985,-1,-1,-1
225,47,1176.17,313.04,188.96,555.71,0.8788,-1,-1,-1
225,48,761.46,393.47,87.30,286.68,0.9056,-1,-1,-1
225,51,673.14,407.56,70.38,199.96,0.5467,-1,-1,-1
225,26,1832.40,396.69,55.17,85.64,0.4768,-1,-1,-1
226,6,1179.64,313.91,186.83,556.40,0.7918,-1,-1,-1
226,15,341.00,385.04,171.46,436.27,0.9166,-1,-1,-1
226,29,1040.22,422.19,81.34,213.72,0.8301,-1,-1,-1
226,4,835.48,302.38,195.51,589.64,0.9132,-1,-1,-1
226,35,500.91,298.71,207.16,532.52,0.8360,-1,-1,-1
226,47,1180.00,314.00,187.27,556.53,0.7918,-1,-1,-1
226,48,760.68,393.99,92.59,288.17,0.4687,-1,-1,-1
226,51,672.12,405.53,71.95,210.03,0.6851,-1,-1,-1
226,26,1835.92,396.25,57.34,86.93,0.6077,-1,-1,-1
227,6,1182.38,315.37,186.69,554.68,0.6891,-1,-1,-1
227,15,335.50,381.96,170.09,444.13,0.9007,-1,-1,-1
227,29,1040.34,425.31,85.15,210.64,0.8348,-1,-1,-1
227,4,837.81,301.01,197.10,583.10,0.9005,-1,-1,-1
227,35,493.54,295.28,212.66,545.09,0.8984,-1,-1,-1
227,47,1182.54,315.41,186.83,554.75,0.6891,-1,-1,-1
227,48,756.56,393.24,99.91,291.62,0.8787,-1,-1,-1
227,51,671.30,403.44,73.29,216.17,0.7301,-1,-1,-1
227,26,1837.99,397.39,62.61,86.89,0.4725,-1,-1,-1
228,6,1184.11,315.64,185.92,558.46,0.7500,-1,-1,-1
228,15,329.28,374.61,166.16,459.88,0.9046,-1,-1,-1
228,29,1041.65,421.78,86.00,213.89,0.8458,-1,-1,-1
228,4,840.67,298.31,195.49,593.14,0.7277,-1,-1,-1
228,35,479.08,291.99,225.01,552.91,0.8930,-1,-1,-1
228,47,1184.19,315.67,185.96,558.50,0.7500,-1,-1,-1
228,48,754.34,392.71,104.71,294.40,0.8968,-1,-1,-1
228,51,668.67,400.84,76.47,225.65,0.7245,-1,-1,-1
228,26,1842.32,397.47,63.32,85.79,0.3554,-1,-1,-1
229,6,1185.09,317.29,186.38,561.40,0.8308,-1,-1,-1
229,15,321.33,370.54,164.37,472.03,0.9013,-1,-1,-1
229,29,1044.70,421.48,84.19,214.33,0.8439,-1,-1,-1
229,4,847.07,296.33,190.40,594.21,0.6695,-1,-1,-1
229,35,473.44,291.28,227.63,555.65,0.8882,-1,-1,-1
229,47,1185.13,317.31,186.38,561.43,0.8308,-1,-1,-1
229,48,753.63,392.92,105.34,297.32,0.9063,-1,-1,-1
229,51,665.11,400.76,79.35,228.37,0.7543,-1,-1,-1
229,26,1846.75,396.27,62.66,88.26,0.4462,-1,-1,-1
229,55,847.33,298.18,188.13,583.99,0.5231,-1,-1,-1
230,6,1186.25,318.14,186.06,562.57,0.8776,-1,-1,-1
230,15,309.41,372.24,171.97,479.92,0.9129,-1,-1,-1
230,29,1047.47,420.79,81.48,215.25,0.8707,-1,-1,-1
230,4,853.39,296.72,187.55,587.62,0.8468,-1,-1,-1
230,35,457.93,291.62,238.62,565.28,0.8840,-1,-1,-1
230,47,1186.28,318.16,186.04,562.59,0.8776,-1,-1,-1
230,48,753.54,395.02,104.75,298.97,0.9057,-1,-1,-1
230,51,660.39,399.38,83.64,232.64,0.7555,-1,-1,-1
230,26,1849.78,397.55,64.21,89.10,0.5571,-1,-1,-1
230,55,852.77,299.37,188.59,577.76,0.5004,-1,-1,-1
231,6,1185.49,317.43,186.09,564.76,0.8764,-1,-1,-1
231,15,294.80,373.65,177.19,483.86,0.9095,-1,-1,-1
231,29,1047.43,418.73,80.72,217.56,0.8702,-1,-1,-1
231,4,860.31,296.71,183.05,583.89,0.8091,-1,-1,-1
231,35,446.80,289.44,245.66,578.86,0.8890,-1,-1,-1
231,47,1185.51,317.44,186.07,564.77,0.8764,-1,-1,-1
231,48,752.66,395.19,104.54,301.07,0.8914,-1,-1,-1
231,51,654.13,397.89,88.35,245.79,0.8102,-1,-1,-1
231,26,1851.76,401.27,64.12,88.10,0.6713,-1,-1,-1
231,55,860.27,299.14,184.22,570.77,0.5451,-1,-1,-1
232,6,1183.41,317.66,185.88,568.00,0.8534,-1,-1,-1
232,15,277.51,372.32,179.41,493.40,0.8925,-1,-1,-1
232,29,1045.01,421.04,79.97,217.09,0.8500,-1,-1,-1
232,4,862.38,297.29,181.30,582.81,0.7384,-1,-1,-1
232,35,437.02,287.16,246.20,590.31,0.8843,-1,-1,-1
232,47,1183.43,317.67,185.86,568.02,0.8534,-1,-1,-1
232,48,748.58,398.77,104.42,302.08,0.9128,-1,-1,-1
232,51,645.14,398.20,92.59,262.26,0.8385,-1,-1,-1
232,26,1852.39,403.22,63.83,89.32,0.6787,-1,-1,-1
232,55,863.43,299.40,181.20,566.99,0.5438,-1,-1,-1
233,6,1179.08,319.09,187.65,574.98,0.6870,-1,-1,-1
233,15,253.92,371.21,193.28,505.53,0.8288,-1,-1,-1
233,29,1041.68,422.49,80.08,220.48,0.8407,-1,-1,-1
233,4,858.71,301.39,181.06,573.80,0.6422,-1,-1,-1
233,35,424.91,285.17,249.51,605.19,0.9235,-1,-1,-1
233,47,1179.09,319.10,187.63,574.99,0.6870,-1,-1,-1
233,48,736.54,396.91,111.04,306.94,0.8875,-1,-1,-1
233,51,637.00,403.70,95.29,275.83,0.8499,-1,-1,-1
233,26,1851.26,407.75,63.50,88.79,0.7136,-1,-1,-1
233,55,858.57,301.17,182.29,579.15,0.8291,-1,-1,-1
234,6,1174.35,320.81,191.76,576.31,0.9050,-1,-1,-1
234,15,243.90,369.26,193.16,519.57,0.8780,-1,-1,-1
234,29,1036.76,425.45,80.93,221.04,0.8173,-1,-1,-1
234,4,856.71,302.33,183.01,582.00,0.9032,-1,-1,-1
234,35,412.28,281.91,246.35,616.04,0.9229,-1,-1,-1
234,47,1174.36,320.82,191.74,576.32,0.9050,-1,-1,-1
234,48,732.14,393.17,110.51,311.80,0.8910,-1,-1,-1
234,51,629.75,404.51,96.95,284.78,0.8669,-1,-1,-1
234,26,1849.49,411.76,63.44,85.84,0.6508,-1,-1,-1
234,55,856.85,302.14,183.55,584.73,0.9032,-1,-1,-1
235,6,1166.58,320.27,196.44,578.39,0.9119,-1,-1,-1
235,15,231.13,364.33,192.97,534.95,0.9026,-1,-1,-1
235,29,1035.94,425.69,79.30,219.62,0.8156,-1,-1,-1
235,4,855.52,302.88,184.52,587.63,0.9111,-1,-1,-1
235,35,397.32,274.99,247.86,625.72,0.9105,-1,-1,-1
235,47,1166.59,320.28,196.43,578.40,0.9119,-1,-1,-1
235,48,723.44,391.56,112.16,314.85,0.8678,-1,-1,-1
235,51,623.35,404.37,96.49,290.63,0.8923,-1,-1,-1
235,26,1849.92,413.82,63.10,85.17,0.5558,-1,-1,-1
235,55,855.74,302.79,184.82,589.36,0.9111,-1,-1,-1
236,6,1159.83,322.12,201.60,578.52,0.9090,-1,-1,-1
236,15,213.69,361.61,201.20,539.77,0.8304,-1,-1,-1
236,29,1032.58,428.09,80.86,216.53,0.7784,-1,-1,-1
236,4,856.44,305.88,182.32,590.11,0.9055,-1,-1,-1
236,35,385.50,271.02,246.00,635.51,0.9091,-1,-1,-1
236,47,1159.84,322.13,201.59,578.53,0.9090,-1,-1,-1
236,48,720.88,391.79,110.47,318.54,0.8734,-1,-1,-1
236,51,615.49,405.50,98.57,301.36,0.8605,-1,-1,-1
236,26,1850.77,416.01,63.30,84.96,0.6486,-1,-1,-1
236,55,856.69,305.88,182.42,591.33,0.9055,-1,-1,-1
237,6,1155.02,323.93,205.82,573.96,0.9158,-1,-1,-1
237,15,201.61,358.35,201.99,544.74,0.9144,-1,-1,-1
237,29,1033.26,427.95,77.73,219.54,0.8205,-1,-1,-1
237,4,857.46,309.62,178.87,590.00,0.9248,-1,-1,-1
237,35,374.65,266.22,245.12,644.01,0.9044,-1,-1,-1
237,47,1155.03,323.94,205.82,573.97,0.9158,-1,-1,-1
237,48,711.38,389.78,117.01,324.19,0.8746,-1,-1,-1
237,51,607.50,406.28,99.59,305.86,0.8716,-1,-1,-1
237,26,1849.85,417.05,64.71,86.73,0.6399,-1,-1,-1
237,55,857.72,309.69,178.85,590.91,0.9248,-1,-1,-1
238,6,1149.79,327.61,210.81,567.35,0.9108,-1,-1,-1
238,15,188.65,351.75,202.59,556.27,0.9192,-1,-1,-1
238,29,1032.76,426.15,77.50,225.43,0.5791,-1,-1,-1
238,4,857.20,311.53,175.89,592.83,0.9210,-1,-1,-1
238,35,358.90,261.28,245.84,654.39,0.8998,-1,-1,-1
238,47,1149.80,327.61,210.80,567.35,0.9108,-1,-1,-1
238,48,710.98,388.93,114.65,326.28,0.8980,-1,-1,-1
238,51,598.84,407.04,102.69,307.73,0.8848,-1,-1,-1
238,26,1848.10,417.32,66.65,89.66,0.6419,-1,-1,-1
238,55,857.44,311.59,175.82,593.60,0.9210,-1,-1,-1
239,6,1145.31,328.12,213.15,564.92,0.9132,-1,-1,-1
239,15,175.32,352.14,198.61,561.59,0.7679,-1,-1,-1
239,29,1032.36,427.00,74.63,229.52,0.6235,-1,-1,-1
239,4,855.75,316.07,174.23,592.15,0.9140,-1,-1,-1
239,35,339.59,257.95,253.88,662.06,0.8947,-1,-1,-1
239,47,1145.31,328.13,213.14,564.93,0.9132,-1,-1,-1
239,48,702.81,388.19,117.66,329.64,0.9079,-1,-1,-1
239,51,590.89,406.30,103.35,311.86,0.8558,-1,-1,-1
239,26,1847.75,419.37,65.37,89.70,0.6455,-1,-1,-1
239,55,855.95,316.17,174.16,592.78,0.9140,-1,-1,-1
240,6,1137.63,329.76,216.89,564.83,0.9165,-1,-1,-1
240,15,153.43,349.71,205.59,568.48,0.8450,-1,-1,-1
240,29,1029.69,431.49,73.70,230.82,0.6490,-1,-1,-1
240,4,851.26,320.74,171.19,591.07,0.9077,-1,-1,-1
240,35,314.45,253.53,273.42,670.79,0.8956,-1,-1,-1
240,47,1137.63,329.76,216.88,564.84,0.9165,-1,-1,-1
240,48,696.24,388.01,119.77,333.69,0.8984,-1,-1,-1
240,51,585.52,407.67,103.11,314.03,0.8422,-1,-1,-1
240,26,1843.83,422.40,65.44,89.81,0.5666,-1,-1,-1
240,55,851.41,320.86,171.11,591.58,0.9077,-1,-1,-1
241,6,1132.56,329.84,216.69,566.23,0.9079,-1,-1,-1
241,15,135.96,346.81,208.23,574.41,0.8970,-1,-1,-1
241,29,1020.34,426.44,79.44,233.33,0.5641,-1,-1,-1
241,4,845.69,322.39,169.23,590.74,0.9117,-1,-1,-1
241,35,303.16,250.32,269.51,678.35,0.9275,-1,-1,-1
241,47,1132.56,329.85,216.68,566.23,0.9079,-1,-1,-1
241,48,690.85,389.23,120.98,334.18,0.8755,-1,-1,-1
241,51,577.49,407.60,102.38,321.97,0.8692,-1,-1,-1
241,55,845.79,322.49,169.16,591.19,0.9117,-1,-1,-1
242,6,1128.48,329.03,216.25,568.41,0.8968,-1,-1,-1
242,15,105.46,340.59,225.59,585.57,0.8893,-1,-1,-1
242,4,836.68,323.74,168.75,583.80,0.8202,-1,-1,-1
242,35,283.56,246.01,279.69,694.54,0.9141,-1,-1,-1
242,47,1127.71,326.69,216.99,571.31,0.6679,-1,-1,-1
242,48,683.30,388.60,122.24,338.70,0.8464,-1,-1,-1
242,51,569.85,404.74,101.63,329.21,0.8744,-1,-1,-1
242,55,836.73,323.83,168.69,584.14,0.8202,-1,-1,-1
242,26,1832.28,423.13,71.13,92.63,0.3836,-1,-1,-1
243,6,1123.37,330.61,215.64,568.83,0.8879,-1,-1,-1
243,15,83.13,337.97,232.19,595.63,0.8687,-1,-1,-1
243,4,828.34,323.20,171.54,578.42,0.6573,-1,-1,-1
243,35,253.78,242.27,298.88,714.40,0.9132,-1,-1,-1
243,47,1123.08,329.72,215.93,569.93,0.8879,-1,-1,-1
243,48,678.90,388.53,118.56,343.48,0.8656,-1,-1,-1
243,51,556.74,403.82,109.40,332.20,0.8719,-1,-1,-1
243,55,827.60,322.82,172.35,589.17,0.7696,-1,-1,-1
243,26,1827.57,420.95,70.27,94.59,0.7081,-1,-1,-1
243,29,1007.06,426.01,79.88,243.82,0.5665,-1,-1,-1
244,6,1117.59,331.35,216.58,570.91,0.8193,-1,-1,-1
244,15,64.18,335.69,234.12,622.24,0.8697,-1,-1,-1
244,4,819.57,321.46,175.53,572.09,0.4099,-1,-1,-1
244,35,222.02,238.05,320.02,747.42,0.8942,-1,-1,-1
244,47,1116.37,331.68,216.73,570.53,0.4476,-1,-1,-1
244,48,674.63,391.10,115.21,344.31,0.8889,-1,-1,-1
244,51,544.49,401.77,113.87,338.13,0.8587,-1,-1,-1
244,55,818.28,320.48,176.61,590.96,0.8365,-1,-1,-1
244,26,1824.11,420.74,70.12,93.14,0.6666,-1,-1,-1
244,29,1004.05,425.72,79.01,238.80,0.7699,-1,-1,-1
245,6,1113.51,331.83,216.31,572.38,0.9251,-1,-1,-1
245,15,29.89,334.85,250.48,635.19,0.8802,-1,-1,-1
245,4,805.84,318.21,182.80,581.74,0.8716,-1,-1,-1
245,35,202.20,236.03,328.65,751.98,0.8910,-1,-1,-1
245,47,1113.05,331.97,216.36,572.23,0.9251,-1,-1,-1
245,48,666.32,392.58,116.90,347.02,0.8821,-1,-1,-1
245,51,532.05,400.42,115.72,344.11,0.8748,-1,-1,-1
245,55,805.35,317.89,183.22,588.85,0.8716,-1,-1,-1
245,26,1821.23,421.32,68.41,92.54,0.6432,-1,-1,-1
245,29,1000.43,417.29,79.01,242.84,0.6221,-1,-1,-1
246,6,1109.25,332.22,218.14,574.19,0.9226,-1,-1,-1
246,15,12.03,333.56,248.88,644.45,0.8791,-1,-1,-1
246,4,795.29,316.55,190.27,579.55,0.8856,-1,-1,-1
246,35,182.77,232.99,339.27,787.70,0.9009,-1,-1,-1
246,47,1109.09,332.29,218.15,574.12,0.9226,-1,-1,-1
246,48,654.81,392.04,121.99,352.47,0.8811,-1,-1,-1
246,51,521.15,398.90,120.49,350.61,0.8714,-1,-1,-1
246,55,795.09,316.45,190.44,582.19,0.8856,-1,-1,-1
246,26,1818.14,421.92,66.99,91.79,0.5604,-1,-1,-1
246,29,997.35,417.40,76.61,237.89,0.6726,-1,-1,-1
247,6,1104.65,334.36,220.58,574.87,0.9183,-1,-1,-1
247,15,-3.53,333.93,248.76,658.08,0.9031,-1,-1,-1
247,4,788.70,316.14,194.44,578.41,0.8813,-1,-1,-1
247,35,153.65,231.24,357.04,807.37,0.8091,-1,-1,-1
247,47,1104.60,334.39,220.58,574.84,0.9183,-1,-1,-1
247,48,647.11,392.37,124.35,356.66,0.8813,-1,-1,-1
247,51,513.00,398.77,118.69,358.10,0.8603,-1,-1,-1
247,55,788.62,316.12,194.51,579.34,0.8813,-1,-1,-1
247,26,1811.94,420.90,69.54,93.18,0.5960,-1,-1,-1
247,29,993.53,426.72,75.44,227.31,0.5478,-1,-1,-1
248,6,1099.93,335.80,222.32,581.71,0.9166,-1,-1,-1
248,15,-8.19,334.06,241.60,678.26,0.8955,-1,-1,-1
248,4,782.96,319.01,201.54,578.22,0.8602,-1,-1,-1
248,35,120.44,229.30,378.22,814.75,0.9111,-1,-1,-1
248,47,1099.93,335.82,222.32,581.69,0.9166,-1,-1,-1
248,48,640.40,397.12,125.41,358.55,0.8655,-1,-1,-1
248,51,504.56,401.65,117.89,365.37,0.8906,-1,-1,-1
248,55,782.93,319.02,201.58,578.52,0.8602,-1,-1,-1
248,26,1809.54,422.32,65.26,95.04,0.3778,-1,-1,-1
248,29,988.80,427.19,75.43,233.94,0.4792,-1,-1,-1
249,6,1099.43,338.23,221.28,586.22,0.9179,-1,-1,-1
249,15,-9.32,348.29,217.54,687.12,0.8520,-1,-1,-1
249,4,778.07,321.77,198.56,579.04,0.8675,-1,-1,-1
249,35,100.06,226.57,380.77,835.80,0.9214,-1,-1,-1
249,47,1099.44,338.25,221.27,586.20,0.9179,-1,-1,-1
249,48,633.45,398.15,128.61,365.56,0.8709,-1,-1,-1
249,51,495.98,403.27,122.41,375.75,0.8897,-1,-1,-1
249,55,778.07,321.80,198.57,579.11,0.8675,-1,-1,-1
249,26,1806.40,424.60,67.95,93.07,0.5937,-1,-1,-1
249,53,1409.46,478.83,170.21,439.01,0.4335,-1,-1,-1
250,6,1100.82,339.39,220.89,589.14,0.9228,-1,-1,-1
250,15,-6.88,345.90,195.92,713.99,0.8519,-1,-1,-1
250,4,775.37,321.52,198.44,582.86,0.8815,-1,-1,-1
250,35,81.22,222.33,386.43,849.97,0.9061,-1,-1,-1
250,47,1100.83,339.40,220.88,589.13,0.9228,-1,-1,-1
250,48,628.59,397.72,131.81,371.48,0.8891,-1,-1,-1
250,51,491.91,406.05,122.54,380.26,0.8800,-1,-1,-1
250,55,775.37,321.54,198.44,582.85,0.8815,-1,-1,-1
250,26,1809.08,425.45,66.83,91.97,0.4638,-1,-1,-1
250,60,937.72,371.90,72.39,379.46,0.6527,-1,-1,-1
251,6,1102.75,339.58,219.23,593.09,0.9245,-1,-1,-1
251,15,-5.51,342.38,180.17,729.29,0.8666,-1,-1,-1
251,4,773.90,325.32,197.44,586.25,0.8904,-1,-1,-1
251,35,68.98,218.71,382.32,859.61,0.9023,-1,-1,-1
251,47,1102.76,339.59,219.23,593.08,0.9245,-1,-1,-1
251,48,625.05,398.97,133.87,375.90,0.8873,-1,-1,-1
251,51,485.67,411.58,126.85,382.43,0.8937,-1,-1,-1
251,55,773.90,325.35,197.43,586.21,0.8904,-1,-1,-1
251,26,1807.76,427.74,69.49,90.27,0.4850,-1,-1,-1
251,60,937.83,372.42,69.14,381.99,0.5322,-1,-1,-1
251,29,983.48,452.81,72.33,284.69,0.4043,-1,-1,-1
252,6,1104.03,341.40,218.28,593.71,0.9259,-1,-1,-1
252,15,-3.89,339.94,162.46,736.36,0.8577,-1,-1,-1
252,4,773.41,328.97,193.29,589.51,0.8624,-1,-1,-1
252,35,63.04,213.13,374.24,866.46,0.9095,-1,-1,-1
252,47,1104.05,341.41,218.27,593.70,0.9259,-1,-1,-1
252,48,614.18,399.55,142.58,377.76,0.8945,-1,-1,-1
252,51,478.52,414.67,131.85,384.74,0.8930,-1,-1,-1
252,55,773.41,328.99,193.28,589.47,0.8624,-1,-1,-1
252,26,1804.96,429.09,75.13,89.68,0.4422,-1,-1,-1
252,60,936.14,365.22,75.87,392.50,0.4396,-1,-1,-1
253,6,1107.50,340.10,216.77,596.26,0.9209,-1,-1,-1
253,15,-3.38,335.07,143.97,746.75,0.8626,-1,-1,-1
253,4,772.80,329.74,193.01,594.65,0.8766,-1,-1,-1
253,35,62.80,205.12,360.02,870.61,0.9378,-1,-1,-1
253,47,1107.51,340.11,216.76,596.25,0.9209,-1,-1,-1
253,48,604.81,397.78,149.60,379.47,0.9069,-1,-1,-1
253,51,472.24,414.27,136.12,389.54,0.9051,-1,-1,-1
253,55,772.80,329.76,193.00,594.62,0.8766,-1,-1,-1
253,26,1809.88,426.35,72.90,89.88,0.3799,-1,-1,-1
253,60,936.74,374.97,82.25,384.75,0.5034,-1,-1,-1
253,29,980.06,439.69,75.36,314.89,0.3847,-1,-1,-1
254,6,1112.02,341.64,214.74,595.24,0.9185,-1,-1,-1
254,15,-1.55,334.35,127.93,748.34,0.8453,-1,-1,-1
254,4,774.09,333.62,195.66,595.54,0.8879,-1,-1,-1
254,35,51.09,200.47,357.80,873.83,0.9336,-1,-1,-1
254,47,1112.03,341.65,214.74,595.23,0.9185,-1,-1,-1
254,48,602.50,398.73,152.56,380.35,0.9116,-1,-1,-1
254,51,469.80,417.32,135.86,394.88,0.9081,-1,-1,-1
254,55,774.10,333.63,195.65,595.50,0.8879,-1,-1,-1
254,26,1816.63,426.26,70.93,80.80,0.3749,-1,-1,-1
254,60,940.13,383.30,103.36,379.33,0.6146,-1,-1,-1
254,29,954.11,405.53,99.99,356.12,0.6146,-1,-1,-1
255,6,1116.80,339.88,215.09,593.91,0.9188,-1,-1,-1
255,15,-0.66,331.54,110.20,751.09,0.7793,-1,-1,-1
255,4,776.83,337.44,198.78,594.88,0.9001,-1,-1,-1
255,35,35.13,194.36,364.33,879.62,0.9318,-1,-1,-1
255,47,1116.81,339.89,215.08,593.91,0.9188,-1,-1,-1
255,48,600.28,398.76,156.21,384.71,0.9106,-1,-1,-1
255,51,468.35,417.74,135.56,399.72,0.9124,-1,-1,-1
255,55,776.83,337.45,198.78,594.85,0.9001,-1,-1,-1
255,26,1822.15,424.48,72.81,87.01,0.5741,-1,-1,-1
255,60,944.88,416.71,116.34,347.97,0.7395,-1,-1,-1
255,29,948.70,419.86,113.42,345.81,0.7395,-1,-1,-1
256,6,1120.34,341.25,216.40,586.48,0.9024,-1,-1,-1
256,15,-0.13,332.20,95.55,747.89,0.6557,-1,-1,-1
256,4,783.87,344.02,195.71,591.55,0.9053,-1,-1,-1
256,35,18.26,186.22,372.96,887.73,0.9349,-1,-1,-1
256,47,1120.35,341.26,216.40,586.47,0.9024,-1,-1,-1
256,48,597.37,400.85,161.94,388.45,0.9151,-1,-1,-1
256,51,466.07,417.70,139.93,405.86,0.9107,-1,-1,-1
256,55,783.88,344.04,195.70,591.52,0.9053,-1,-1,-1
256,26,1825.26,425.49,76.37,89.72,0.5369,-1,-1,-1
256,60,949.97,429.33,125.00,338.05,0.6988,-1,-1,-1
256,29,949.46,427.12,122.54,341.96,0.6988,-1,-1,-1
257,6,1126.80,341.70,214.21,580.63,0.9047,-1,-1,-1
257,15,0.11,396.29,78.91,669.06,0.4309,-1,-1,-1
257,4,789.85,349.51,194.69,586.71,0.9128,-1,-1,-1
257,35,7.21,180.05,374.64,892.09,0.9360,-1,-1,-1
257,47,1126.81,341.70,214.21,580.63,0.9047,-1,-1,-1
257,48,595.23,401.06,165.57,394.26,0.9092,-1,-1,-1
257,51,464.05,416.93,141.79,410.53,0.9092,-1,-1,-1
257,55,789.86,349.53,194.68,586.69,0.9128,-1,-1,-1
257,26,1832.18,425.59,75.17,91.93,0.3809,-1,-1,-1
257,60,954.51,428.18,128.32,340.53,0.5761,-1,-1,-1
257,29,952.35,425.31,126.27,345.32,0.5761,-1,-1,-1
258,6,1134.15,341.52,211.02,578.22,0.9040,-1,-1,-1
258,4,796.29,350.99,192.55,582.16,0.6465,-1,-1,-1
258,35,-0.43,173.45,375.49,897.19,0.9388,-1,-1,-1
258,47,1134.16,341.52,211.02,578.22,0.9040,-1,-1,-1
258,48,592.54,399.72,168.19,404.52,0.8927,-1,-1,-1
258,51,462.31,414.11,141.22,414.90,0.9111,-1,-1,-1
258,55,796.01,348.89,191.84,586.75,0.8330,-1,-1,-1
258,26,1834.14,422.81,78.59,93.99,0.3851,-1,-1,-1
258,60,980.70,445.78,107.46,320.17,0.4069,-1,-1,-1
258,29,977.82,441.64,106.00,326.44,0.4069,-1,-1,-1
259,6,1139.33,341.75,208.56,577.71,0.9140,-1,-1,-1
259,4,800.60,351.96,191.16,580.97,0.7368,-1,-1,-1
259,35,-3.92,166.80,373.44,903.80,0.9354,-1,-1,-1
259,47,1139.34,341.76,208.56,577.71,0.9140,-1,-1,-1
259,48,588.05,402.91,172.61,405.67,0.9023,-1,-1,-1
259,51,458.40,411.34,140.54,415.63,0.9004,-1,-1,-1
259,55,800.50,351.18,190.90,582.68,0.7368,-1,-1,-1
259,26,1846.33,423.88,72.00,91.79,0.5066,-1,-1,-1
259,60,974.12,436.92,116.61,329.96,0.5948,-1,-1,-1
259,29,971.70,434.13,115.53,334.62,0.5948,-1,-1,-1
260,6,1145.15,341.08,205.82,583.26,0.9225,-1,-1,-1
260,4,804.01,348.13,192.00,587.02,0.5684,-1,-1,-1
260,35,-4.88,158.93,369.50,912.54,0.9469,-1,-1,-1
260,47,1145.15,341.08,205.82,583.25,0.9225,-1,-1,-1
260,48,584.70,407.72,175.67,405.78,0.9030,-1,-1,-1
260,51,452.66,409.47,144.21,420.26,0.9039,-1,-1,-1
260,55,805.52,350.93,189.81,578.14,0.4845,-1,-1,-1
260,26,1851.25,423.79,68.54,92.24,0.3691,-1,-1,-1
260,60,974.72,433.01,120.76,338.73,0.5874,-1,-1,-1
260,29,972.27,430.63,119.75,342.68,0.5874,-1,-1,-1
261,6,1148.87,340.35,204.26,587.02,0.9275,-1,-1,-1
261,4,814.78,346.40,184.57,574.28,0.8165,-1,-1,-1
261,35,-4.90,150.48,363.10,922.51,0.9520,-1,-1,-1
261,47,1148.87,340.35,204.26,587.01,0.9275,-1,-1,-1
261,48,584.74,410.28,173.30,408.64,0.8942,-1,-1,-1
261,51,448.66,406.72,146.68,424.59,0.8951,-1,-1,-1
261,55,815.38,347.45,183.73,570.85,0.8165,-1,-1,-1
261,26,1854.46,423.01,65.63,94.87,0.4175,-1,-1,-1
261,60,976.84,431.38,121.70,343.36,0.6703,-1,-1,-1
261,29,974.53,429.27,120.80,346.85,0.6703,-1,-1,-1
262,6,1152.42,339.43,203.36,589.57,0.9311,-1,-1,-1
262,4,821.21,343.78,180.66,568.20,0.8194,-1,-1,-1
262,35,-4.48,142.78,353.77,931.21,0.9545,-1,-1,-1
262,47,1152.42,339.43,203.36,589.57,0.9311,-1,-1,-1
262,48,588.08,411.84,165.03,410.88,0.8705,-1,-1,-1
262,51,445.12,403.59,145.81,432.85,0.9235,-1,-1,-1
262,55,821.42,344.17,180.37,566.94,0.8194,-1,-1,-1
262,26,1860.21,423.15,59.97,95.35,0.4041,-1,-1,-1
262,60,978.47,426.55,122.94,349.40,0.5333,-1,-1,-1
262,29,976.40,424.81,122.16,352.41,0.5333,-1,-1,-1
262,61,785.28,455.61,56.84,208.35,0.6265,-1,-1,-1
263,6,1156.30,337.34,202.60,592.13,0.9330,-1,-1,-1
263,4,825.66,342.59,177.87,558.09,0.7433,-1,-1,-1
263,35,-3.80,131.27,341.56,942.22,0.9514,-1,-1,-1
263,47,1156.30,337.34,202.60,592.13,0.9330,-1,-1,-1
263,48,590.02,409.07,155.28,417.31,0.8314,-1,-1,-1
263,51,440.08,400.05,145.52,441.41,0.9067,-1,-1,-1
263,55,825.73,342.73,177.78,557.64,0.7433,-1,-1,-1
263,26,1862.23,422.48,55.37,95.44,0.3725,-1,-1,-1
263,60,984.90,426.97,122.01,345.85,0.7435,-1,-1,-1
263,29,983.04,425.38,121.34,348.65,0.7435,-1,-1,-1
263,61,785.26,452.93,59.46,210.71,0.5066,-1,-1,-1
264,6,1158.86,335.41,202.72,595.40,0.9280,-1,-1,-1
264,4,826.49,340.53,177.21,555.49,0.7988,-1,-1,-1
264,35,-3.17,121.90,327.61,949.87,0.9417,-1,-1,-1
264,47,1158.86,335.41,202.72,595.40,0.9280,-1,-1,-1
264,48,588.27,404.69,150.68,423.43,0.8648,-1,-1,-1
264,51,430.72,395.97,151.60,451.94,0.9020,-1,-1,-1
264,55,826.52,340.58,177.19,555.35,0.7988,-1,-1,-1
264,26,1864.21,419.82,51.75,97.63,0.4220,-1,-1,-1
264,60,992.05,423.89,123.14,346.08,0.7160,-1,-1,-1
264,29,990.39,422.53,122.57,348.54,0.7160,-1,-1,-1
265,6,1160.15,333.13,203.22,598.26,0.9298,-1,-1,-1
265,4,828.53,331.58,172.12,564.79,0.7914,-1,-1,-1
265,35,-2.66,113.44,309.95,957.10,0.9321,-1,-1,-1
265,47,1160.15,333.14,203.21,598.26,0.9298,-1,-1,-1
265,48,585.26,396.30,146.28,430.39,0.8561,-1,-1,-1
265,51,417.31,394.32,160.88,455.47,0.9130,-1,-1,-1
265,55,828.54,331.59,172.12,564.75,0.7914,-1,-1,-1
265,60,996.01,417.85,125.38,349.80,0.8236,-1,-1,-1
265,29,994.51,416.70,124.88,351.93,0.8236,-1,-1,-1
265,61,786.58,446.44,62.80,227.14,0.6278,-1,-1,-1
266,6,1161.39,330.97,203.27,601.57,0.9308,-1,-1,-1
266,4,831.00,326.45,168.85,572.08,0.8338,-1,-1,-1
266,35,-2.13,114.99,287.26,951.18,0.8707,-1,-1,-1
266,47,1161.39,330.97,203.27,601.57,0.9308,-1,-1,-1
266,48,576.52,389.64,149.71,435.74,0.8529,-1,-1,-1
266,51,406.51,393.63,165.11,457.88,0.9029,-1,-1,-1
266,55,831.00,326.45,168.86,572.08,0.8338,-1,-1,-1
266,60,995.85,411.50,137.57,354.59,0.8069,-1,-1,-1
266,29,994.50,410.51,137.11,356.45,0.8069,-1,-1,-1
266,61,786.25,444.77,65.52,230.18,0.7546,-1,-1,-1
266,26,1877.01,418.47,41.94,94.58,0.5129,-1,-1,-1
267,6,1163.14,329.33,203.23,603.97,0.9289,-1,-1,-1
267,4,835.17,324.50,163.88,575.40,0.8314,-1,-1,-1
267,35,-1.81,194.14,259.60,866.17,0.8604,-1,-1,-1
267,47,1163.14,329.33,203.23,603.97,0.9289,-1,-1,-1
267,48,553.83,381.44,169.56,443.77,0.9041,-1,-1,-1
267,51,401.85,391.17,161.00,463.68,0.9200,-1,-1,-1
267,55,835.17,324.49,163.90,575.42,0.8314,-1,-1,-1
267,60,1004.27,407.12,135.77,356.94,0.8282,-1,-1,-1
267,29,1003.00,406.24,135.33,358.59,0.8282,-1,-1,-1
267,61,786.25,443.19,68.45,234.66,0.8101,-1,-1,-1
267,26,1881.58,417.53,37.96,94.69,0.5525,-1,-1,-1
268,6,1163.89,327.35,203.47,605.64,0.9287,-1,-1,-1
268,4,841.06,323.32,156.69,577.98,0.8725,-1,-1,-1
268,35,-1.35,225.20,219.54,788.30,0.8522,-1,-1,-1
268,47,1163.89,327.36,203.46,605.64,0.9287,-1,-1,-1
268,48,550.23,376.82,171.90,448.79,0.9113,-1,-1,-1
268,51,398.99,390.56,158.87,468.56,0.9271,-1,-1,-1
268,55,841.06,323.31,156.70,578.00,0.8725,-1,-1,-1
268,60,1010.62,404.50,132.29,360.04,0.8693,-1,-1,-1
268,29,1009.50,403.72,131.91,361.50,0.8693,-1,-1,-1
268,61,785.60,442.17,71.86,236.72,0.8541,-1,-1,-1
268,26,1884.18,416.05,35.43,95.51,0.4926,-1,-1,-1
269,6,1163.23,324.01,204.04,611.55,0.9238,-1,-1,-1
269,4,844.85,321.93,151.05,579.83,0.8558,-1,-1,-1
269,35,-1.30,222.84,187.35,812.80,0.8612,-1,-1,-1
269,47,1163.23,324.01,204.04,611.55,0.9238,-1,-1,-1
269,48,545.34,366.93,172.57,458.28,0.8840,-1,-1,-1
269,51,392.96,382.28,158.15,478.83,0.9207,-1,-1,-1
269,55,844.84,321.92,151.06,579.84,0.8558,-1,-1,-1
269,60,1004.21,400.81,141.16,366.85,0.8009,-1,-1,-1
269,29,1003.23,400.11,140.83,368.12,0.8009,-1,-1,-1
269,61,784.45,439.39,72.48,236.50,0.8450,-1,-1,-1
269,26,1886.15,413.37,32.94,98.47,0.3964,-1,-1,-1
270,6,1162.10,318.14,203.78,615.55,0.9192,-1,-1,-1
270,35,-0.93,222.80,156.97,613.02,0.4731,-1,-1,-1
270,47,1162.10,318.14,203.78,615.55,0.9192,-1,-1,-1
270,48,540.66,354.26,176.43,468.35,0.8969,-1,-1,-1
270,51,384.94,373.88,163.06,485.82,0.9143,-1,-1,-1
270,60,1009.85,395.91,137.99,372.75,0.6973,-1,-1,-1
270,29,1008.95,395.28,137.68,373.88,0.6973,-1,-1,-1
270,61,782.73,435.73,72.97,233.78,0.8317,-1,-1,-1
271,6,1161.28,315.22,203.10,613.93,0.9225,-1,-1,-1
271,47,1161.28,315.22,203.10,613.93,0.9225,-1,-1,-1
271,48,534.98,347.61,179.46,472.76,0.9007,-1,-1,-1
271,51,375.36,365.85,169.04,494.09,0.9224,-1,-1,-1
271,60,1010.91,394.71,137.84,374.11,0.8330,-1,-1,-1
271,29,1010.12,394.14,137.58,375.13,0.8330,-1,-1,-1
271,61,780.82,432.15,73.46,232.18,0.8345,-1,-1,-1
271,4,839.98,322.02,151.80,569.58,0.7129,-1,-1,-1
272,6,1159.11,308.67,201.57,613.00,0.9267,-1,-1,-1
272,47,1159.11,308.67,201.57,613.00,0.9267,-1,-1,-1
272,48,528.39,341.12,179.74,478.38,0.8968,-1,-1,-1
272,51,358.92,354.74,172.44,504.24,0.9282,-1,-1,-1
272,60,1010.95,392.13,137.50,372.73,0.8499,-1,-1,-1
272,29,1010.25,391.62,137.27,373.65,0.8499,-1,-1,-1
272,61,775.92,426.34,72.96,232.84,0.8607,-1,-1,-1
272,4,837.75,319.17,148.35,571.09,0.8941,-1,-1,-1
272,26,1886.20,407.04,32.54,96.34,0.3779,-1,-1,-1
273,6,1155.51,303.66,201.05,611.78,0.9290,-1,-1,-1
273,47,1155.51,303.66,201.05,611.77,0.9290,-1,-1,-1
273,48,523.66,337.36,176.15,480.12,0.9146,-1,-1,-1
273,51,344.00,344.93,172.99,511.46,0.9275,-1,-1,-1
273,60,1009.37,390.07,137.04,374.54,0.8654,-1,-1,-1
273,29,1008.75,389.61,136.84,375.35,0.8654,-1,-1,-1
273,61,770.39,420.05,73.50,232.11,0.8452,-1,-1,-1
273,4,830.96,316.38,152.19,570.68,0.9089,-1,-1,-1
273,63,705.15,449.56,42.38,137.75,0.3899,-1,-1,-1
273,26,1883.21,401.54,35.14,98.41,0.4502,-1,-1,-1
274,6,1150.83,299.55,202.89,607.80,0.9280,-1,-1,-1
274,47,1150.83,299.56,202.89,607.80,0.9280,-1,-1,-1
274,48,517.27,332.78,180.05,488.93,0.9084,-1,-1,-1
274,51,331.24,334.22,169.26,518.21,0.9186,-1,-1,-1
274,60,1002.09,386.51,142.30,377.93,0.8713,-1,-1,-1
274,29,1001.55,386.10,142.13,378.64,0.8713,-1,-1,-1
274,61,765.79,414.02,71.26,239.43,0.8045,-1,-1,-1
274,4,826.04,308.75,152.79,573.05,0.9164,-1,-1,-1
274,63,702.06,445.14,39.50,136.92,0.4863,-1,-1,-1
274,26,1880.93,395.98,36.89,101.38,0.5176,-1,-1,-1
275,6,1141.66,293.18,209.32,602.97,0.9291,-1,-1,-1
275,47,1141.66,293.18,209.32,602.97,0.9291,-1,-1,-1
275,48,506.37,325.51,185.96,496.47,0.9132,-1,-1,-1
275,51,316.34,323.33,174.95,525.50,0.9023,-1,-1,-1
275,60,992.43,380.74,149.13,382.15,0.8865,-1,-1,-1
275,29,991.94,380.38,148.97,382.78,0.8865,-1,-1,-1
275,61,758.39,404.17,71.42,248.60,0.7520,-1,-1,-1
275,4,814.42,300.54,162.23,577.00,0.6887,-1,-1,-1
275,26,1877.32,394.59,40.35,101.03,0.4833,-1,-1,-1
276,6,1135.75,287.14,212.11,598.09,0.9296,-1,-1,-1
276,47,1135.75,287.14,212.11,598.09,0.9296,-1,-1,-1
276,48,497.79,319.48,188.16,501.75,0.9090,-1,-1,-1
276,51,301.84,316.50,181.09,530.89,0.9019,-1,-1,-1
276,60,986.46,372.92,151.27,388.03,0.8983,-1,-1,-1
276,29,986.01,372.60,151.11,388.58,0.8983,-1,-1,-1
276,61,752.50,398.12,70.36,252.24,0.7234,-1,-1,-1
276,4,806.01,289.64,164.84,581.63,0.6231,-1,-1,-1
276,26,1875.13,392.41,42.10,98.84,0.3939,-1,-1,-1
277,6,1129.83,279.00,215.17,597.97,0.9258,-1,-1,-1
277,47,1129.83,279.00,215.16,597.97,0.9258,-1,-1,-1
277,48,489.15,309.27,188.91,505.15,0.8787,-1,-1,-1
277,51,288.25,306.58,180.34,541.30,0.9027,-1,-1,-1
277,60,990.46,366.69,144.19,392.20,0.8549,-1,-1,-1
277,29,990.07,366.40,144.05,392.69,0.8549,-1,-1,-1
277,61,744.32,391.88,69.65,250.73,0.7161,-1,-1,-1
277,4,796.52,283.26,166.81,569.74,0.8059,-1,-1,-1
277,26,1867.51,387.95,50.24,96.44,0.3581,-1,-1,-1
277,65,938.95,328.89,71.18,409.09,0.5846,-1,-1,-1
278,6,1123.66,273.08,216.51,597.83,0.9005,-1,-1,-1
278,47,1123.66,273.08,216.51,597.83,0.9005,-1,-1,-1
278,48,479.23,297.38,188.09,519.88,0.8963,-1,-1,-1
278,51,273.58,299.36,179.10,551.99,0.8360,-1,-1,-1
278,60,981.43,357.24,150.24,397.29,0.8185,-1,-1,-1
278,29,981.09,356.98,150.13,397.73,0.8185,-1,-1,-1
278,61,740.07,386.68,65.08,243.92,0.6121,-1,-1,-1
278,4,786.16,276.80,170.82,562.93,0.8786,-1,-1,-1
278,65,934.15,338.57,87.57,387.98,0.5421,-1,-1,-1
279,6,1120.72,264.72,218.32,599.63,0.9084,-1,-1,-1
279,47,1120.72,264.72,218.32,599.63,0.9084,-1,-1,-1
279,48,471.63,292.11,186.50,526.02,0.9111,-1,-1,-1
279,51,258.96,291.45,186.09,566.37,0.9098,-1,-1,-1
279,60,977.48,347.69,153.27,401.52,0.8748,-1,-1,-1
279,29,977.17,347.46,153.16,401.91,0.8748,-1,-1,-1
279,61,734.40,377.97,65.86,242.31,0.6681,-1,-1,-1
279,4,775.46,268.78,178.59,559.51,0.8906,-1,-1,-1
279,26,1861.19,374.67,56.93,98.72,0.4504,-1,-1,-1
280,6,1117.49,255.33,221.35,603.86,0.9087,-1,-1,-1
280,47,1117.49,255.33,221.35,603.86,0.9087,-1,-1,-1
280,48,468.46,280.74,185.88,537.79,0.8697,-1,-1,-1
280,51,246.17,278.06,190.06,579.48,0.4524,-1,-1,-1
280,60,980.02,335.96,150.89,406.42,0.8606,-1,-1,-1
280,29,979.74,335.76,150.80,406.77,0.8606,-1,-1,-1
280,61,731.25,371.16,65.61,244.64,0.7963,-1,-1,-1
280,4,769.71,260.05,180.93,556.65,0.9089,-1,-1,-1
280,26,1862.35,368.45,56.81,97.99,0.4058,-1,-1,-1
281,6,1118.11,248.31,221.65,603.52,0.9111,-1,-1,-1
281,47,1118.11,248.31,221.65,603.52,0.9111,-1,-1,-1
281,48,463.11,272.25,188.95,547.39,0.5984,-1,-1,-1
281,51,235.36,269.01,197.33,590.35,0.9109,-1,-1,-1
281,60,982.22,322.38,149.32,416.12,0.8910,-1,-1,-1
281,29,981.97,322.20,149.24,416.43,0.8910,-1,-1,-1
281,61,730.03,366.49,61.68,240.06,0.7201,-1,-1,-1
281,4,771.28,251.22,177.87,555.71,0.8589,-1,-1,-1
281,26,1864.64,362.29,55.20,95.90,0.4411,-1,-1,-1
281,65,917.16,309.17,97.24,387.06,0.5450,-1,-1,-1
282,6,1115.77,239.03,223.19,607.04,0.9061,-1,-1,-1
282,47,1115.77,239.03,223.19,607.04,0.9061,-1,-1,-1
282,48,458.99,250.59,192.38,566.68,0.9102,-1,-1,-1
282,51,224.86,253.67,204.29,600.67,0.9156,-1,-1,-1
282,60,985.09,308.73,147.03,421.65,0.8730,-1,-1,-1
282,29,984.87,308.57,146.95,421.93,0.8730,-1,-1,-1
282,61,727.78,355.50,61.78,245.08,0.6595,-1,-1,-1
282,4,761.69,242.03,190.35,558.09,0.8518,-1,-1,-1
282,65,916.11,297.83,101.01,385.42,0.4661,-1,-1,-1
283,6,1116.72,229.05,224.56,609.51,0.9127,-1,-1,-1
283,47,1116.72,229.05,224.56,609.51,0.9127,-1,-1,-1
283,48,453.06,231.81,199.15,577.32,0.9126,-1,-1,-1
283,51,213.78,240.33,211.89,611.61,0.9165,-1,-1,-1
283,60,985.37,298.51,148.65,428.48,0.8765,-1,-1,-1
283,29,985.18,298.36,148.59,428.73,0.8765,-1,-1,-1
283,61,726.72,346.32,62.42,252.03,0.6466,-1,-1,-1
283,4,757.74,233.46,195.46,561.76,0.8468,-1,-1,-1
283,26,1870.02,347.67,50.83,97.54,0.4512,-1,-1,-1
284,6,1118.46,220.60,225.91,615.00,0.9135,-1,-1,-1
284,47,1118.46,220.60,225.91,615.00,0.9135,-1,-1,-1
284,48,444.01,219.93,209.44,578.95,0.9129,-1,-1,-1
284,51,204.32,226.70,217.95,626.80,0.9137,-1,-1,-1
284,60,981.51,288.45,157.30,435.43,0.8601,-1,-1,-1
284,29,981.34,288.32,157.24,435.65,0.8601,-1,-1,-1
284,61,725.03,340.90,63.39,245.93,0.6925,-1,-1,-1
284,4,759.20,226.22,196.75,561.43,0.8499,-1,-1,-1
285,6,1120.47,213.03,227.82,618.71,0.9185,-1,-1,-1
285,47,1120.47,213.03,227.82,618.71,0.9185,-1,-1,-1
285,48,437.31,205.21,216.97,592.95,0.9298,-1,-1,-1
285,51,194.74,212.34,223.44,638.65,0.9160,-1,-1,-1
285,60,981.69,280.24,163.40,441.12,0.8166,-1,-1,-1
285,29,981.53,280.12,163.34,441.32,0.8166,-1,-1,-1
285,61,725.11,332.85,64.92,247.85,0.7386,-1,-1,-1
285,4,763.51,216.62,190.65,569.22,0.3958,-1,-1,-1
286,6,1122.91,206.82,228.55,623.15,0.9151,-1,-1,-1
286,47,1122.91,206.82,228.55,623.15,0.9151,-1,-1,-1
286,48,434.72,192.51,219.56,599.61,0.9208,-1,-1,-1
286,51,182.52,199.29,226.90,649.86,0.9108,-1,-1,-1
286,60,979.13,272.29,172.29,449.94,0.8653,-1,-1,-1
286,29,978.99,272.19,172.25,450.12,0.8653,-1,-1,-1
286,61,724.70,325.65,67.54,248.38,0.8025,-1,-1,-1
286,4,765.38,213.04,192.49,564.99,0.8884,-1,-1,-1
286,63,668.24,360.99,36.42,151.02,0.4850,-1,-1,-1
287,6,1124.75,201.45,233.28,622.34,0.9187,-1,-1,-1
287,47,1124.75,201.45,233.28,622.34,0.9187,-1,-1,-1
287,48,431.99,179.96,222.68,608.19,0.9179,-1,-1,-1
287,51,171.84,185.95,230.62,659.23,0.9213,-1,-1,-1
287,60,977.85,261.99,180.87,456.78,0.8417,-1,-1,-1
287,29,977.72,261.90,180.83,456.94,0.8417,-1,-1,-1
287,61,725.78,317.72,71.39,252.37,0.8329,-1,-1,-1
287,4,769.80,208.65,189.65,560.53,0.8874,-1,-1,-1
287,65,916.59,244.89,93.21,399.64,0.5577,-1,-1,-1
288,6,1136.33,193.47,230.26,624.53,0.9106,-1,-1,-1
288,47,1136.33,193.47,230.26,624.53,0.9106,-1,-1,-1
288,48,430.23,168.00,224.73,619.82,0.9118,-1,-1,-1
288,51,164.22,174.62,231.79,666.27,0.9303,-1,-1,-1
288,60,984.61,254.71,182.42,462.30,0.7742,-1,-1,-1
288,29,984.49,254.62,182.38,462.45,0.7742,-1,-1,-1
288,61,729.07,309.88,72.25,253.67,0.8101,-1,-1,-1
288,4,773.54,201.50,186.84,562.15,0.8618,-1,-1,-1
288,65,924.98,234.78,82.24,401.58,0.4139,-1,-1,-1
288,63,673.34,341.59,37.81,153.44,0.3593,-1,-1,-1
289,6,1146.49,185.22,230.28,628.41,0.9043,-1,-1,-1
289,47,1146.49,185.22,230.28,628.41,0.9043,-1,-1,-1
289,48,422.53,160.47,234.56,634.87,0.9359,-1,-1,-1
289,51,153.60,163.93,236.21,676.18,0.9333,-1,-1,-1
289,60,994.84,250.59,176.88,466.62,0.7165,-1,-1,-1
289,29,994.74,250.51,176.84,466.75,0.7165,-1,-1,-1
289,61,730.80,300.63,75.33,264.61,0.5324,-1,-1,-1
289,4,780.45,191.51,187.06,567.73,0.5297,-1,-1,-1
289,65,932.45,228.38,74.76,399.66,0.5257,-1,-1,-1
289,63,678.76,335.26,37.86,151.74,0.4000,-1,-1,-1
290,6,1158.28,181.82,225.78,626.38,0.9077,-1,-1,-1
290,47,1158.28,181.82,225.78,626.38,0.9077,-1,-1,-1
290,48,416.85,153.37,242.57,652.85,0.9365,-1,-1,-1
290,51,148.01,151.83,235.45,686.94,0.9337,-1,-1,-1
290,60,1015.10,246.84,166.56,476.28,0.8824,-1,-1,-1
290,29,1015.01,246.77,166.52,476.40,0.8824,-1,-1,-1
290,61,733.91,296.01,76.00,266.34,0.8232,-1,-1,-1
290,4,787.49,187.74,190.50,570.61,0.8730,-1,-1,-1
290,65,938.62,227.35,91.24,400.54,0.4971,-1,-1,-1
290,63,685.54,333.61,36.63,151.14,0.4287,-1,-1,-1
291,6,1171.52,177.95,218.99,623.55,0.8469,-1,-1,-1
291,47,1171.52,177.95,218.99,623.55,0.8469,-1,-1,-1
291,48,410.65,148.23,250.41,662.36,0.9332,-1,-1,-1
291,51,137.19,140.98,240.74,697.54,0.9336,-1,-1,-1
291,60,1027.77,238.59,162.17,485.32,0.8620,-1,-1,-1
291,29,1027.69,238.52,162.14,485.42,0.8620,-1,-1,-1
291,61,737.45,288.70,77.04,270.18,0.8302,-1,-1,-1
291,4,795.49,184.29,186.05,567.59,0.4825,-1,-1,-1
291,65,943.72,217.25,93.59,407.37,0.4376,-1,-1,-1
292,6,1180.73,173.59,218.02,619.92,0.9240,-1,-1,-1
292,47,1180.73,173.59,218.02,619.92,0.9240,-1,-1,-1
292,48,405.22,147.36,257.70,673.47,0.9316,-1,-1,-1
292,51,129.47,134.36,237.90,711.40,0.9256,-1,-1,-1
292,60,1033.10,233.95,167.66,489.75,0.8903,-1,-1,-1
292,29,1033.03,233.89,167.63,489.84,0.8903,-1,-1,-1
292,61,739.34,283.23,80.48,273.58,0.8430,-1,-1,-1
292,4,797.44,181.35,189.22,561.12,0.7920,-1,-1,-1
292,65,949.10,210.88,94.13,413.94,0.3853,-1,-1,-1
293,6,1191.23,171.26,214.13,613.67,0.9357,-1,-1,-1
293,47,1191.23,171.26,214.13,613.67,0.9357,-1,-1,-1
293,48,400.88,144.67,261.18,688.62,0.9292,-1,-1,-1
293,51,113.70,130.92,245.71,732.65,0.9256,-1,-1,-1
293,60,1037.90,230.62,176.59,494.93,0.8965,-1,-1,-1
293,29,1037.84,230.57,176.57,495.01,0.8965,-1,-1,-1
293,61,743.58,279.09,83.96,274.99,0.8278,-1,-1,-1
293,4,808.57,180.42,182.87,553.48,0.8768,-1,-1,-1
293,65,956.86,205.25,96.38,404.10,0.5980,-1,-1,-1
294,6,1206.99,170.78,209.30,611.52,0.8942,-1,-1,-1
294,47,1206.99,170.78,209.30,611.51,0.8942,-1,-1,-1
294,48,399.06,143.83,262.86,701.79,0.9292,-1,-1,-1
294,51,87.80,130.84,266.45,753.82,0.9312,-1,-1,-1
294,60,1045.97,226.56,180.37,501.14,0.9043,-1,-1,-1
294,29,1045.92,226.52,180.35,501.21,0.9043,-1,-1,-1
294,61,750.00,278.60,87.48,276.09,0.8283,-1,-1,-1
294,4,819.65,179.11,178.00,549.69,0.9131,-1,-1,-1
294,65,963.09,202.55,99.94,414.68,0.6705,-1,-1,-1
295,6,1222.31,171.46,203.41,613.63,0.9130,-1,-1,-1
295,47,1222.31,171.46,203.41,613.63,0.9130,-1,-1,-1
295,48,395.13,142.00,267.33,727.09,0.9314,-1,-1,-1
295,51,63.40,132.38,285.67,764.76,0.9263,-1,-1,-1
295,60,1053.41,221.10,184.04,514.54,0.9040,-1,-1,-1
295,29,1053.36,221.06,184.03,514.61,0.9040,-1,-1,-1
295,61,756.09,278.97,88.96,276.66,0.8756,-1,-1,-1
295,4,828.54,179.98,177.59,549.52,0.9026,-1,-1,-1
295,65,970.50,205.17,94.91,419.86,0.5447,-1,-1,-1
296,6,1237.07,170.49,196.07,616.73,0.9136,-1,-1,-1
296,47,1237.07,170.49,196.07,616.73,0.9136,-1,-1,-1
296,48,389.02,137.26,273.45,746.64,0.9263,-1,-1,-1
296,51,41.03,130.31,299.04,778.56,0.9274,-1,-1,-1
296,60,1061.11,214.13,186.38,527.98,0.9221,-1,-1,-1
296,29,1061.06,214.09,186.37,528.04,0.9221,-1,-1,-1
296,61,759.73,277.26,91.42,278.08,0.8688,-1,-1,-1
296,4,836.66,177.13,175.20,552.49,0.8873,-1,-1,-1
296,65,974.95,201.30,96.21,427.17,0.6578,-1,-1,-1
297,6,1251.96,171.09,191.21,622.87,0.9164,-1,-1,-1
297,47,1251.96,171.09,191.21,622.87,0.9164,-1,-1,-1
297,48,382.60,130.91,278.02,762.83,0.9306,-1,-1,-1
297,51,28.21,128.72,304.29,796.19,0.9314,-1,-1,-1
297,60,1068.81,210.67,192.83,536.50,0.8989,-1,-1,-1
297,29,1068.77,210.63,192.81,536.56,0.8989,-1,-1,-1
297,61,766.78,276.53,91.51,279.18,0.8744,-1,-1,-1
297,4,847.86,177.98,167.81,554.32,0.8657,-1,-1,-1
297,65,980.65,202.60,108.93,424.25,0.7499,-1,-1,-1
298,6,1262.71,170.84,187.69,629.92,0.9114,-1,-1,-1
298,47,1262.71,170.84,187.69,629.92,0.9114,-1,-1,-1
298,48,375.43,120.79,282.10,777.89,0.9010,-1,-1,-1
298,51,22.77,125.81,302.62,813.08,0.9307,-1,-1,-1
298,60,1075.23,205.44,197.48,546.27,0.8300,-1,-1,-1
298,29,1075.20,205.41,197.47,546.32,0.8300,-1,-1,-1
298,61,771.89,277.78,91.62,275.83,0.8878,-1,-1,-1
298,4,855.83,179.61,164.58,554.96,0.8568,-1,-1,-1
298,65,985.28,210.49,106.15,421.20,0.7866,-1,-1,-1
299,6,1268.65,170.51,188.08,635.75,0.9034,-1,-1,-1
299,47,1268.65,170.51,188.08,635.75,0.9034,-1,-1,-1
299,48,366.85,108.47,285.90,796.20,0.9263,-1,-1,-1
299,51,16.56,116.44,303.64,837.68,0.9212,-1,-1,-1
299,60,1080.04,202.94,205.32,555.08,0.9277,-1,-1,-1
299,29,1080.01,202.92,205.31,555.13,0.9277,-1,-1,-1
299,61,776.45,277.15,92.86,278.66,0.8744,-1,-1,-1
299,4,865.19,180.55,158.02,554.93,0.8508,-1,-1,-1
299,65,991.05,204.78,100.80,428.64,0.8007,-1,-1,-1
300,6,1265.16,171.13,198.49,639.56,0.9041,-1,-1,-1
300,47,1265.16,171.13,198.49,639.56,0.9041,-1,-1,-1
300,48,354.07,97.86,296.57,812.71,0.9237,-1,-1,-1
300,51,5.58,108.69,310.70,867.36,0.9132,-1,-1,-1
300,60,1086.40,200.77,212.55,570.06,0.9165,-1,-1,-1
300,29,1086.37,200.75,212.54,570.10,0.9165,-1,-1,-1
300,61,780.19,276.80,94.97,279.89,0.8463,-1,-1,-1
300,4,868.82,184.64,156.37,554.89,0.4067,-1,-1,-1
300,65,997.28,203.15,96.03,426.96,0.8100,-1,-1,-1
301,6,1259.93,170.08,209.82,644.65,0.9067,-1,-1,-1
301,47,1259.93,170.08,209.82,644.65,0.9067,-1,-1,-1
301,48,340.79,84.32,306.36,831.67,0.9280,-1,-1,-1
301,51,-3.93,98.53,312.07,891.19,0.9362,-1,-1,-1
301,60,1090.79,199.41,217.27,584.79,0.9067,-1,-1,-1
301,29,1090.76,199.39,217.26,584.83,0.9067,-1,-1,-1
301,61,781.89,277.05,97.01,279.56,0.8509,-1,-1,-1
301,4,872.19,185.28,154.95,558.85,0.9016,-1,-1,-1
301,65,1002.46,204.94,102.91,422.38,0.8046,-1,-1,-1
302,6,1261.01,169.57,212.45,648.91,0.8965,-1,-1,-1
302,47,1261.01,169.57,212.45,648.91,0.8965,-1,-1,-1
302,48,325.10,74.89,317.98,844.53,0.9232,-1,-1,-1
302,51,-7.77,85.29,302.68,915.77,0.9357,-1,-1,-1
302,60,1094.29,197.79,218.97,594.81,0.8860,-1,-1,-1
302,29,1094.26,197.77,218.96,594.84,0.8860,-1,-1,-1
302,61,780.93,276.65,99.98,281.22,0.8551,-1,-1,-1
302,4,875.29,187.21,153.11,560.17,0.9040,-1,-1,-1
302,65,1005.60,204.38,103.12,422.69,0.8104,-1,-1,-1
303,6,1263.84,170.96,209.81,650.09,0.8535,-1,-1,-1
303,47,1263.84,170.96,209.81,650.09,0.8535,-1,-1,-1
303,48,310.99,60.27,327.72,862.61,0.9283,-1,-1,-1
303,51,-8.69,67.87,287.19,941.70,0.9484,-1,-1,-1
303,60,1099.91,196.93,214.38,605.16,0.8622,-1,-1,-1
303,29,1099.89,196.91,214.37,605.19,0.8622,-1,-1,-1
303,61,780.53,276.49,101.44,282.03,0.8482,-1,-1,-1
303,4,878.71,188.47,149.72,557.88,0.9122,-1,-1,-1
303,65,1007.62,204.64,100.45,423.24,0.8043,-1,-1,-1
304,6,1270.76,171.48,201.61,652.88,0.8176,-1,-1,-1
304,47,1270.76,171.48,201.61,652.88,0.8176,-1,-1,-1
304,48,297.84,53.67,337.34,877.98,0.9358,-1,-1,-1
304,51,-7.56,53.38,258.94,958.08,0.9228,-1,-1,-1
304,60,1107.63,196.94,206.48,616.18,0.8588,-1,-1,-1
304,29,1107.61,196.93,206.47,616.20,0.8588,-1,-1,-1
304,61,782.42,277.57,98.70,281.78,0.8688,-1,-1,-1
304,4,876.92,189.06,149.70,557.90,0.9112,-1,-1,-1
304,65,1008.67,207.69,100.08,420.98,0.8370,-1,-1,-1
305,6,1281.35,172.34,189.70,653.76,0.8380,-1,-1,-1
305,47,1281.35,172.34,189.70,653.76,0.8380,-1,-1,-1
305,48,288.45,47.35,341.28,910.51,0.9429,-1,-1,-1
305,51,-6.04,37.57,227.02,980.78,0.8479,-1,-1,-1
305,60,1110.22,197.25,204.43,625.15,0.8729,-1,-1,-1
305,29,1110.20,197.24,204.42,625.18,0.8729,-1,-1,-1
305,61,782.24,278.92,97.11,282.07,0.8678,-1,-1,-1
305,4,871.44,189.07,152.75,558.49,0.8963,-1,-1,-1
305,65,1008.30,212.19,99.28,417.67,0.8584,-1,-1,-1
306,6,1285.04,172.60,185.15,651.20,0.8787,-1,-1,-1
306,47,1285.04,172.60,185.15,651.20,0.8787,-1,-1,-1
306,48,272.90,42.54,350.46,945.83,0.9415,-1,-1,-1
306,51,-4.97,33.41,202.35,998.59,0.9215,-1,-1,-1
306,60,1109.73,196.36,205.20,643.61,0.8876,-1,-1,-1
306,29,1109.71,196.35,205.20,643.63,0.8876,-1,-1,-1
306,61,781.77,278.42,96.97,285.47,0.8733,-1,-1,-1
306,4,864.46,187.66,157.52,555.69,0.8832,-1,-1,-1
306,65,1006.96,212.47,99.75,418.70,0.8610,-1,-1,-1
307,6,1291.40,170.55,177.52,658.02,0.4830,-1,-1,-1
307,47,1291.40,170.55,177.52,658.02,0.4830,-1,-1,-1
307,48,253.05,36.93,365.02,976.00,0.9333,-1,-1,-1
307,51,-3.85,31.36,180.07,1028.07,0.9114,-1,-1,-1
307,60,1109.40,194.02,208.52,656.01,0.8962,-1,-1,-1
307,29,1109.39,194.01,208.51,656.03,0.8962,-1,-1,-1
307,61,780.51,276.00,95.52,290.04,0.8394,-1,-1,-1
307,4,859.12,184.83,160.20,549.02,0.8902,-1,-1,-1
307,65,1003.32,211.44,102.77,418.65,0.8847,-1,-1,-1
308,6,1293.65,167.66,172.82,660.21,0.8587,-1,-1,-1
308,47,1293.65,167.66,172.82,660.21,0.8587,-1,-1,-1
308,48,238.05,31.97,369.20,1004.89,0.9345,-1,-1,-1
308,51,-3.03,98.51,152.81,965.55,0.8071,-1,-1,-1
308,60,1107.91,190.34,214.27,671.76,0.8897,-1,-1,-1
308,29,1107.90,190.33,214.26,671.78,0.8897,-1,-1,-1
308,61,777.58,275.07,94.22,290.68,0.8499,-1,-1,-1
308,4,855.60,182.85,162.45,547.34,0.8826,-1,-1,-1
308,65,999.83,212.71,106.24,420.95,0.8713,-1,-1,-1
309,6,1293.71,169.26,167.38,656.50,0.8650,-1,-1,-1
309,47,1293.71,169.26,167.38,656.50,0.8650,-1,-1,-1
309,48,219.85,32.23,375.57,1023.08,0.9339,-1,-1,-1
309,51,-1.42,151.17,129.24,905.27,0.8505,-1,-1,-1
309,60,1102.80,188.49,219.49,682.32,0.8495,-1,-1,-1
309,29,1102.79,188.48,219.49,682.34,0.8495,-1,-1,-1
309,61,776.03,278.04,88.97,285.23,0.8397,-1,-1,-1
309,4,849.53,183.66,166.42,546.64,0.8240,-1,-1,-1
309,65,997.13,215.40,108.27,421.07,0.8694,-1,-1,-1
310,6,1295.09,165.75,165.28,662.04,0.7848,-1,-1,-1
310,47,1295.09,165.75,165.28,662.04,0.7848,-1,-1,-1
310,48,199.92,26.19,385.32,1033.94,0.9398,-1,-1,-1
310,51,-1.50,174.57,111.23,868.32,0.5732,-1,-1,-1
310,60,1100.81,179.53,225.86,698.01,0.7825,-1,-1,-1
310,29,1100.81,179.52,225.85,698.02,0.7825,-1,-1,-1
310,61,774.74,276.49,86.53,286.85,0.6783,-1,-1,-1
310,4,844.51,182.09,170.44,544.82,0.7398,-1,-1,-1
310,65,996.33,213.25,109.54,423.91,0.8752,-1,-1,-1
311,6,1298.16,165.35,164.52,659.95,0.8516,-1,-1,-1
311,47,1298.16,165.35,164.52,659.95,0.8516,-1,-1,-1
311,48,183.04,16.31,391.79,1058.32,0.9400,-1,-1,-1
311,51,-0.04,195.96,90.49,616.51,0.8098,-1,-1,-1
311,60,1098.77,174.77,234.33,705.30,0.7903,-1,-1,-1
311,29,1098.76,174.77,234.33,705.31,0.7903,-1,-1,-1
311,61,774.19,272.64,84.89,288.78,0.7786,-1,-1,-1
311,4,832.20,182.02,182.62,544.08,0.4346,-1,-1,-1
311,65,996.45,210.78,107.15,426.84,0.8715,-1,-1,-1
312,6,1305.04,164.45,161.06,654.67,0.8615,-1,-1,-1
312,47,1305.04,164.45,161.06,654.67,0.8615,-1,-1,-1
312,48,164.74,5.73,400.46,1074.21,0.9497,-1,-1,-1
312,60,1102.53,164.13,237.82,719.14,0.9130,-1,-1,-1
312,29,1102.52,164.12,237.82,719.15,0.9130,-1,-1,-1
312,61,772.55,270.86,83.69,290.90,0.7636,-1,-1,-1
312,4,824.88,181.12,190.11,546.74,0.3918,-1,-1,-1
312,65,996.87,208.45,107.32,430.77,0.8669,-1,-1,-1
312,72,824.60,183.99,192.38,552.47,0.8185,-1,-1,-1
313,6,1305.80,162.56,158.67,654.57,0.5182,-1,-1,-1
313,47,1305.80,162.56,158.67,654.57,0.5182,-1,-1,-1
313,48,143.50,1.01,412.64,1076.36,0.9458,-1,-1,-1
313,60,1104.75,149.86,242.20,739.34,0.9254,-1,-1,-1
313,29,1104.74,149.86,242.20,739.35,0.9254,-1,-1,-1
313,61,769.87,271.53,82.56,289.01,0.8273,-1,-1,-1
313,4,818.07,180.94,196.49,549.22,0.3905,-1,-1,-1
313,65,997.34,210.13,106.93,429.78,0.8642,-1,-1,-1
313,72,818.40,183.47,197.58,555.30,0.8377,-1,-1,-1
314,6,1306.01,160.34,156.99,659.37,0.8847,-1,-1,-1
314,47,1306.01,160.34,156.99,659.37,0.8847,-1,-1,-1
314,48,121.30,-1.26,427.76,1077.85,0.9488,-1,-1,-1
314,60,1104.06,140.36,247.97,755.85,0.9099,-1,-1,-1
314,29,1104.05,140.36,247.97,755.86,0.9099,-1,-1,-1
314,61,766.59,271.26,84.23,291.53,0.8458,-1,-1,-1
314,4,814.67,181.17,197.37,551.15,0.8163,-1,-1,-1
314,65,996.33,211.92,103.71,428.04,0.8567,-1,-1,-1
314,72,815.05,182.15,197.61,553.73,0.8163,-1,-1,-1
315,6,1310.96,157.10,153.74,648.78,0.8473,-1,-1,-1
315,47,1310.96,157.10,153.74,648.78,0.8473,-1,-1,-1
315,48,91.75,-2.91,448.73,1079.23,0.9550,-1,-1,-1
315,60,1106.41,133.19,249.19,778.89,0.9197,-1,-1,-1
315,29,1106.41,133.19,249.19,778.90,0.9197,-1,-1,-1
315,61,764.93,269.10,84.22,295.07,0.8750,-1,-1,-1
315,4,815.85,182.04,193.98,550.31,0.8845,-1,-1,-1
315,65,995.86,214.72,103.44,424.95,0.8760,-1,-1,-1
315,72,816.94,182.61,193.20,551.29,0.8845,-1,-1,-1
316,6,1310.98,154.04,154.74,646.58,0.8334,-1,-1,-1
316,47,1312.63,155.56,153.43,652.23,0.6101,-1,-1,-1
316,48,58.06,-3.30,471.23,1079.17,0.9565,-1,-1,-1
316,60,1109.90,127.78,252.36,804.15,0.9195,-1,-1,-1
316,29,1109.89,127.77,252.36,804.16,0.9195,-1,-1,-1
316,61,762.01,266.20,85.73,297.55,0.8639,-1,-1,-1
316,4,814.80,183.03,193.98,550.81,0.8755,-1,-1,-1
316,65,995.00,216.04,101.14,424.10,0.8424,-1,-1,-1
316,72,816.02,183.46,193.11,551.35,0.8755,-1,-1,-1
317,6,1315.68,151.08,149.75,644.56,0.8565,-1,-1,-1
317,47,1316.30,151.65,149.26,646.69,0.8565,-1,-1,-1
317,48,26.79,-1.37,492.49,1079.72,0.9327,-1,-1,-1
317,60,1111.98,118.53,259.15,829.45,0.9135,-1,-1,-1
317,29,1111.97,118.53,259.15,829.46,0.9135,-1,-1,-1
317,61,760.97,263.40,84.63,299.06,0.8801,-1,-1,-1
317,4,813.62,181.78,194.62,551.80,0.9034,-1,-1,-1
317,65,992.90,214.97,100.01,425.48,0.8847,-1,-1,-1
317,72,814.81,182.03,193.81,552.21,0.9034,-1,-1,-1
318,6,1318.84,148.40,145.16,646.52,0.8476,-1,-1,-1
318,47,1319.05,148.60,144.99,647.29,0.8476,-1,-1,-1
318,48,2.68,-0.69,500.96,1077.16,0.9534,-1,-1,-1
318,60,1113.56,110.23,268.71,850.61,0.9048,-1,-1,-1
318,29,1113.55,110.23,268.71,850.61,0.9048,-1,-1,-1
318,61,756.81,260.61,87.90,300.77,0.8701,-1,-1,-1
318,4,813.66,180.18,193.51,550.82,0.8541,-1,-1,-1
318,65,991.28,213.45,99.92,424.52,0.8847,-1,-1,-1
318,72,814.86,180.32,192.67,551.05,0.8541,-1,-1,-1
319,6,1323.39,144.71,139.77,651.71,0.7601,-1,-1,-1
319,47,1325.79,142.73,138.86,662.44,0.4193,-1,-1,-1
319,48,-6.72,1.08,495.72,1072.88,0.9620,-1,-1,-1
319,60,1116.43,99.68,277.02,878.06,0.8772,-1,-1,-1
319,29,1116.43,99.67,277.01,878.07,0.8772,-1,-1,-1
319,61,745.76,258.73,97.74,302.35,0.8702,-1,-1,-1
319,4,812.70,177.38,192.95,555.21,0.8967,-1,-1,-1
319,65,988.46,210.83,102.10,424.63,0.8832,-1,-1,-1
319,72,813.75,177.43,192.17,555.57,0.8967,-1,-1,-1
320,6,1329.96,142.75,137.60,653.92,0.6804,-1,-1,-1
320,47,1334.58,138.81,132.10,668.39,0.7286,-1,-1,-1
320,48,-9.85,1.57,479.76,1070.36,0.9623,-1,-1,-1
320,60,1119.32,95.86,284.28,893.65,0.6324,-1,-1,-1
320,29,1119.32,95.85,284.28,893.66,0.6324,-1,-1,-1
320,61,741.17,256.50,100.57,305.26,0.8727,-1,-1,-1
320,4,810.40,172.76,193.67,553.07,0.9014,-1,-1,-1
320,65,985.39,206.52,105.32,426.76,0.8759,-1,-1,-1
320,72,811.30,172.70,192.98,553.31,0.9014,-1,-1,-1
321,6,1342.44,144.37,129.13,629.10,0.4801,-1,-1,-1
321,47,1344.15,142.83,127.14,634.67,0.4801,-1,-1,-1
321,48,-9.66,0.14,456.67,1073.10,0.9622,-1,-1,-1
321,60,1127.84,89.09,287.75,927.72,0.9161,-1,-1,-1
321,29,1127.84,89.09,287.75,927.73,0.9161,-1,-1,-1
321,61,737.42,253.57,101.82,307.39,0.7975,-1,-1,-1
321,4,807.55,168.20,194.08,556.51,0.8627,-1,-1,-1
321,65,982.35,203.84,108.66,426.89,0.8776,-1,-1,-1
321,72,808.28,168.09,193.48,556.78,0.8627,-1,-1,-1
322,48,-8.41,1.68,432.62,1070.89,0.9524,-1,-1,-1
322,60,1136.60,80.59,312.07,959.61,0.9234,-1,-1,-1
322,29,1136.59,80.59,312.07,959.61,0.9234,-1,-1,-1
322,61,733.78,251.21,103.36,309.33,0.8273,-1,-1,-1
322,4,815.17,166.40,185.13,553.65,0.8993,-1,-1,-1
322,65,978.97,199.45,110.52,427.88,0.8506,-1,-1,-1
322,72,815.99,166.30,184.42,553.84,0.8993,-1,-1,-1
323,48,-6.43,3.74,402.87,1066.35,0.8172,-1,-1,-1
323,60,1141.57,70.60,328.65,983.68,0.9331,-1,-1,-1
323,29,1141.57,70.60,328.65,983.69,0.9331,-1,-1,-1
323,61,731.01,249.31,103.88,312.41,0.8341,-1,-1,-1
323,4,818.97,164.46,179.69,546.69,0.9156,-1,-1,-1
323,65,976.02,197.09,112.50,424.57,0.8464,-1,-1,-1
323,72,819.70,164.37,179.03,546.78,0.9156,-1,-1,-1
324,48,-5.52,6.25,369.40,1064.91,0.9442,-1,-1,-1
324,60,1151.39,61.27,330.09,1008.35,0.9355,-1,-1,-1
324,29,1151.38,61.27,330.09,1008.35,0.9355,-1,-1,-1
324,61,726.90,250.50,103.87,314.90,0.8497,-1,-1,-1
324,4,820.58,165.67,177.25,538.47,0.9177,-1,-1,-1
324,65,974.35,196.56,113.77,422.87,0.8406,-1,-1,-1
324,72,821.20,165.58,176.66,538.49,0.9177,-1,-1,-1
325,48,-3.92,7.24,332.05,1063.04,0.9321,-1,-1,-1
325,60,1160.20,49.75,328.50,1027.83,0.9311,-1,-1,-1
325,29,1160.20,49.74,328.50,1027.83,0.9311,-1,-1,-1
325,61,722.75,250.83,104.82,318.39,0.8376,-1,-1,-1
325,4,826.44,163.85,171.12,538.93,0.9120,-1,-1,-1
325,65,975.10,196.37,114.00,424.31,0.8438,-1,-1,-1
325,72,827.01,163.76,170.56,538.96,0.9120,-1,-1,-1
326,48,-2.69,7.34,318.67,1063.73,0.9048,-1,-1,-1
326,60,1166.82,34.28,331.57,1045.83,0.9321,-1,-1,-1
326,29,1166.81,34.28,331.57,1045.83,0.9321,-1,-1,-1
326,61,715.57,250.17,110.09,320.39,0.8738,-1,-1,-1
326,4,829.37,162.50,168.34,540.34,0.8981,-1,-1,-1
326,65,975.54,194.72,114.03,427.89,0.8404,-1,-1,-1
326,72,829.84,162.41,167.87,540.38,0.8981,-1,-1,-1
327,48,-1.30,8.66,257.77,1062.82,0.8180,-1,-1,-1
327,60,1176.02,23.69,338.76,1056.81,0.9299,-1,-1,-1
327,29,1176.02,23.68,338.76,1056.82,0.9299,-1,-1,-1
327,61,712.89,251.24,111.91,322.20,0.8790,-1,-1,-1
327,4,831.49,164.91,166.64,541.43,0.8810,-1,-1,-1
327,65,976.59,196.59,112.56,428.71,0.8555,-1,-1,-1
327,72,831.86,164.84,166.24,541.47,0.8810,-1,-1,-1
328,48,-0.56,8.21,192.39,1060.52,0.6369,-1,-1,-1
328,60,1182.32,9.26,355.83,1070.77,0.9192,-1,-1,-1
328,29,1182.32,9.26,355.82,1070.77,0.9192,-1,-1,-1
328,61,712.61,249.79,110.49,321.25,0.8854,-1,-1,-1
328,4,832.25,165.03,165.20,542.27,0.8736,-1,-1,-1
328,65,976.50,195.25,111.70,429.87,0.8510,-1,-1,-1
328,72,832.57,164.97,164.86,542.32,0.8736,-1,-1,-1
329,60,1193.82,0.26,366.24,1078.53,0.9144,-1,-1,-1
329,29,1193.82,0.26,366.24,1078.53,0.9144,-1,-1,-1
329,61,710.81,248.98,112.40,323.69,0.8766,-1,-1,-1
329,4,839.09,166.74,160.95,547.73,0.8690,-1,-1,-1
329,65,977.54,197.25,111.20,430.16,0.8414,-1,-1,-1
329,72,839.37,166.69,160.65,547.79,0.8690,-1,-1,-1
330,60,1209.85,-1.90,369.95,1077.75,0.9323,-1,-1,-1
330,29,1209.84,-1.91,369.95,1077.75,0.9323,-1,-1,-1
330,61,710.82,249.14,112.76,329.12,0.8633,-1,-1,-1
330,4,843.68,166.35,158.71,557.16,0.8908,-1,-1,-1
330,65,980.59,197.92,112.92,432.21,0.8657,-1,-1,-1
330,72,843.92,166.31,158.46,557.22,0.8908,-1,-1,-1
330,75,560.69,302.39,46.94,160.87,0.3999,-1,-1,-1
331,60,1226.61,-2.24,383.51,1075.75,0.9326,-1,-1,-1
331,29,1226.61,-2.24,383.51,1075.75,0.9326,-1,-1,-1
331,61,712.15,250.18,111.49,333.17,0.8609,-1,-1,-1
331,4,847.74,170.67,157.96,560.08,0.8793,-1,-1,-1
331,65,984.90,203.00,113.46,431.94,0.8951,-1,-1,-1
331,72,847.94,170.64,157.75,560.13,0.8793,-1,-1,-1
332,60,1241.59,-1.61,394.52,1075.21,0.9232,-1,-1,-1
332,29,1241.58,-1.61,394.52,1075.21,0.9232,-1,-1,-1
332,61,711.66,251.58,112.05,334.07,0.8837,-1,-1,-1
332,4,852.04,177.34,157.69,559.76,0.8866,-1,-1,-1
332,65,987.46,206.79,113.93,432.50,0.8915,-1,-1,-1
332,72,852.21,177.32,157.51,559.80,0.8866,-1,-1,-1
333,60,1260.85,-1.66,403.59,1079.70,0.9211,-1,-1,-1
333,29,1260.85,-1.67,403.59,1079.70,0.9211,-1,-1,-1
333,61,709.15,253.48,114.26,334.25,0.8841,-1,-1,-1
333,4,852.15,181.96,158.29,560.99,0.8763,-1,-1,-1
333,65,988.96,209.53,113.33,433.73,0.8877,-1,-1,-1
333,72,852.29,181.95,158.13,561.02,0.8763,-1,-1,-1
333,77,825.80,236.77,64.77,283.59,0.4813,-1,-1,-1
334,60,1271.60,0.06,424.89,1078.03,0.9126,-1,-1,-1
334,29,1271.60,0.06,424.89,1078.03,0.9126,-1,-1,-1
334,61,705.44,255.07,117.27,338.50,0.8905,-1,-1,-1
334,4,849.58,187.84,161.02,561.99,0.8533,-1,-1,-1
334,65,988.97,214.36,114.43,434.07,0.8879,-1,-1,-1
334,72,849.70,187.83,160.88,562.02,0.8533,-1,-1,-1
334,77,824.28,238.17,66.68,269.60,0.4701,-1,-1,-1
334,75,557.89,314.13,49.83,163.43,0.3831,-1,-1,-1
335,60,1277.35,1.18,456.21,1074.59,0.9025,-1,-1,-1
335,29,1277.35,1.18,456.21,1074.59,0.9025,-1,-1,-1
335,61,702.56,256.92,118.94,340.48,0.8984,-1,-1,-1
335,4,848.58,193.02,159.67,558.16,0.8780,-1,-1,-1
335,65,990.77,218.26,114.22,434.72,0.8885,-1,-1,-1
335,72,848.69,193.01,159.55,558.18,0.8780,-1,-1,-1
335,77,822.52,238.90,68.07,311.99,0.4205,-1,-1,-1
336,60,1305.06,1.17,471.81,1073.73,0.9082,-1,-1,-1
336,29,1305.06,1.17,471.81,1073.73,0.9082,-1,-1,-1
336,61,698.71,259.21,120.19,341.80,0.8993,-1,-1,-1
336,4,844.35,195.85,159.93,558.63,0.8670,-1,-1,-1
336,65,988.42,220.10,117.92,437.42,0.8806,-1,-1,-1
336,72,844.44,195.85,159.83,558.64,0.8670,-1,-1,-1
337,60,1325.61,0.34,507.28,1075.11,0.9139,-1,-1,-1
337,29,1325.61,0.34,507.28,1075.11,0.9139,-1,-1,-1
337,61,693.15,259.60,122.17,347.42,0.8932,-1,-1,-1
337,4,840.28,196.66,162.23,560.49,0.8761,-1,-1,-1
337,65,985.18,223.10,119.17,438.00,0.8580,-1,-1,-1
337,72,840.36,196.66,162.14,560.51,0.8761,-1,-1,-1
337,78,1245.22,165.82,193.02,644.03,0.8580,-1,-1,-1
338,60,1312.39,0.93,573.87,1072.73,0.9118,-1,-1,-1
338,29,1312.39,0.93,573.87,1072.73,0.9118,-1,-1,-1
338,61,688.49,263.41,123.17,347.00,0.8951,-1,-1,-1
338,4,834.12,199.42,165.67,558.01,0.8435,-1,-1,-1
338,65,980.35,226.39,122.79,438.60,0.8625,-1,-1,-1
338,72,834.19,199.42,165.59,558.02,0.8435,-1,-1,-1
338,78,1238.91,165.80,198.76,651.93,0.8512,-1,-1,-1
339,60,1309.38,2.29,599.27,1066.86,0.9020,-1,-1,-1
339,29,1309.38,2.29,599.27,1066.86,0.9020,-1,-1,-1
339,61,684.40,266.26,123.71,350.58,0.9098,-1,-1,-1
339,4,827.63,197.74,168.54,551.22,0.8503,-1,-1,-1
339,65,977.86,229.62,124.06,438.86,0.8708,-1,-1,-1
339,72,827.69,197.74,168.47,551.23,0.8503,-1,-1,-1
339,78,1233.89,168.36,203.58,680.87,0.8131,-1,-1,-1
339,77,806.00,247.92,71.62,368.36,0.4039,-1,-1,-1
340,60,1314.52,-2.91,624.13,1073.27,0.9329,-1,-1,-1
340,29,1314.52,-2.91,624.13,1073.27,0.9329,-1,-1,-1
340,61,680.82,265.65,123.78,354.88,0.8962,-1,-1,-1
340,4,822.86,192.58,174.92,550.55,0.8880,-1,-1,-1
340,65,978.92,226.74,126.48,441.98,0.8699,-1,-1,-1
340,72,822.92,192.58,174.85,550.56,0.8880,-1,-1,-1
340,78,1238.02,166.20,196.45,691.84,0.8181,-1,-1,-1
340,77,803.62,248.49,73.56,372.12,0.4992,-1,-1,-1
341,60,1313.37,-3.13,626.24,1069.98,0.8275,-1,-1,-1
341,29,1313.37,-3.13,626.24,1069.98,0.8275,-1,-1,-1
341,61,677.63,264.75,124.31,358.07,0.8899,-1,-1,-1
341,4,820.84,190.75,176.28,547.05,0.8894,-1,-1,-1
341,65,978.88,225.56,126.93,441.04,0.8739,-1,-1,-1
341,72,820.90,190.75,176.22,547.06,0.8894,-1,-1,-1
341,78,1236.23,164.12,207.98,698.71,0.8874,-1,-1,-1
341,77,799.45,248.26,76.10,373.80,0.5428,-1,-1,-1
342,60,1319.57,-1.13,615.89,1065.50,0.7277,-1,-1,-1
342,29,1319.57,-1.14,615.89,1065.50,0.7277,-1,-1,-1
342,61,673.30,262.36,125.33,362.28,0.8819,-1,-1,-1
342,4,815.37,189.12,181.94,547.09,0.8846,-1,-1,-1
342,65,979.41,224.80,124.97,439.85,0.8715,-1,-1,-1
342,72,815.41,189.11,181.89,547.10,0.8846,-1,-1,-1
342,78,1233.95,163.90,210.32,696.53,0.9074,-1,-1,-1
342,77,796.95,246.27,76.77,373.84,0.5089,-1,-1,-1
343,60,1333.47,-0.62,597.28,1065.75,0.8680,-1,-1,-1
343,29,1333.47,-0.62,597.28,1065.75,0.8680,-1,-1,-1
343,61,668.44,258.63,125.36,365.27,0.8827,-1,-1,-1
343,4,810.98,189.42,185.14,546.98,0.8997,-1,-1,-1
343,65,977.11,225.03,127.59,438.03,0.8630,-1,-1,-1
343,72,811.02,189.42,185.09,546.99,0.8997,-1,-1,-1
343,78,1229.54,162.95,212.96,693.41,0.9094,-1,-1,-1
343,77,786.59,243.01,83.63,377.54,0.5123,-1,-1,-1
344,60,1358.34,-0.82,571.50,1061.53,0.6577,-1,-1,-1
344,29,1358.34,-0.82,571.50,1061.53,0.6577,-1,-1,-1
344,61,663.75,257.04,124.61,365.97,0.8894,-1,-1,-1
344,4,809.87,186.58,185.75,552.28,0.8865,-1,-1,-1
344,65,978.69,223.65,126.01,438.21,0.8570,-1,-1,-1
344,72,809.91,186.58,185.71,552.29,0.8865,-1,-1,-1
344,78,1226.69,160.30,213.90,699.57,0.9165,-1,-1,-1
344,77,784.14,239.39,82.34,388.80,0.5520,-1,-1,-1
345,61,660.12,254.16,123.07,371.35,0.8931,-1,-1,-1
345,4,805.87,184.86,189.01,556.26,0.8810,-1,-1,-1
345,65,980.72,221.33,125.54,435.48,0.8539,-1,-1,-1
345,72,805.90,184.85,188.97,556.26,0.8810,-1,-1,-1
345,78,1223.07,152.51,222.46,708.89,0.9209,-1,-1,-1
345,77,785.83,235.80,78.25,395.71,0.5159,-1,-1,-1
346,61,654.16,252.78,123.98,371.05,0.8917,-1,-1,-1
346,4,799.01,185.74,190.51,555.56,0.8747,-1,-1,-1
346,65,971.46,218.10,131.32,432.54,0.8465,-1,-1,-1
346,72,799.04,185.74,190.48,555.57,0.8747,-1,-1,-1
346,78,1213.87,147.59,235.58,713.83,0.9230,-1,-1,-1
346,29,1445.02,1.94,482.56,905.90,0.4222,-1,-1,-1
347,61,644.67,251.12,127.04,373.91,0.8929,-1,-1,-1
347,4,797.55,187.90,185.15,554.20,0.8750,-1,-1,-1
347,65,966.08,217.40,130.61,429.75,0.8664,-1,-1,-1
347,72,797.58,187.90,185.12,554.20,0.8750,-1,-1,-1
347,78,1199.59,146.69,248.47,711.16,0.9299,-1,-1,-1
347,29,1493.01,6.71,429.29,919.47,0.7876,-1,-1,-1
347,77,768.89,229.55,82.67,398.56,0.3701,-1,-1,-1
348,61,637.00,245.85,128.80,376.75,0.8883,-1,-1,-1
348,4,799.09,187.78,181.66,556.14,0.8753,-1,-1,-1
348,65,964.65,214.73,129.67,428.71,0.8581,-1,-1,-1
348,72,799.12,187.78,181.64,556.14,0.8753,-1,-1,-1
348,78,1191.53,143.58,255.66,709.15,0.9221,-1,-1,-1
348,29,1556.40,15.31,365.15,921.52,0.8103,-1,-1,-1
348,77,760.12,229.87,87.94,400.99,0.6488,-1,-1,-1
349,61,629.26,238.15,131.63,386.54,0.8899,-1,-1,-1
349,4,799.90,187.68,180.69,556.62,0.8590,-1,-1,-1
349,65,961.64,213.84,130.91,428.43,0.8598,-1,-1,-1
349,72,799.92,187.68,180.66,556.62,0.8590,-1,-1,-1
349,78,1183.45,143.29,261.77,701.57,0.8996,-1,-1,-1
349,29,1630.19,40.53,291.29,847.64,0.6372,-1,-1,-1
349,77,758.04,224.42,87.67,407.44,0.5723,-1,-1,-1
350,61,622.80,236.09,132.41,389.14,0.8964,-1,-1,-1
350,4,797.93,190.30,182.34,550.64,0.8861,-1,-1,-1
350,65,962.08,215.09,127.16,428.60,0.8687,-1,-1,-1
350,72,797.95,190.30,182.32,550.64,0.8861,-1,-1,-1
350,78,1176.70,143.36,264.76,695.53,0.9308,-1,-1,-1
350,77,753.02,224.60,91.27,408.26,0.8145,-1,-1,-1
351,61,617.13,235.81,133.65,393.63,0.8889,-1,-1,-1
351,4,796.62,191.27,183.86,544.77,0.8929,-1,-1,-1
351,65,963.68,217.19,121.82,429.20,0.8545,-1,-1,-1
351,72,796.63,191.27,183.84,544.77,0.8929,-1,-1,-1
351,78,1168.48,144.41,269.22,694.09,0.9227,-1,-1,-1
351,77,748.73,223.40,92.57,411.84,0.8432,-1,-1,-1
352,61,611.52,234.48,132.73,397.21,0.8905,-1,-1,-1
352,4,798.23,190.58,181.38,541.48,0.8885,-1,-1,-1
352,65,960.71,217.60,120.99,432.69,0.8612,-1,-1,-1
352,72,798.25,190.58,181.36,541.48,0.8885,-1,-1,-1
352,78,1160.81,144.04,274.50,697.18,0.9222,-1,-1,-1
352,77,741.55,221.58,97.87,417.34,0.8450,-1,-1,-1
352,80,1080.04,328.44,72.27,183.17,0.4351,-1,-1,-1
353,61,607.07,229.98,129.81,402.70,0.9033,-1,-1,-1
353,4,796.73,192.01,182.09,541.34,0.8792,-1,-1,-1
353,65,958.71,216.89,118.15,432.58,0.8671,-1,-1,-1
353,72,796.74,192.01,182.08,541.34,0.8792,-1,-1,-1
353,78,1155.20,143.13,275.34,701.68,0.9307,-1,-1,-1
353,77,734.87,216.67,100.91,423.40,0.8614,-1,-1,-1
354,61,596.47,229.11,133.90,403.75,0.9181,-1,-1,-1
354,4,794.95,192.41,181.69,538.03,0.8959,-1,-1,-1
354,65,957.58,218.03,114.08,430.44,0.8886,-1,-1,-1
354,72,794.96,192.41,181.68,538.03,0.8959,-1,-1,-1
354,78,1148.92,143.81,274.90,707.52,0.9381,-1,-1,-1
354,77,727.64,215.28,106.01,426.93,0.8741,-1,-1,-1
355,61,587.87,229.04,133.27,404.51,0.9069,-1,-1,-1
355,4,793.99,191.21,178.81,533.09,0.9046,-1,-1,-1
355,65,953.49,218.72,111.17,428.02,0.9017,-1,-1,-1
355,72,794.00,191.21,178.80,533.09,0.9046,-1,-1,-1
355,78,1142.86,144.06,276.98,711.02,0.9376,-1,-1,-1
355,77,718.08,211.77,112.92,433.73,0.8888,-1,-1,-1
355,80,1046.29,320.59,79.41,186.95,0.4722,-1,-1,-1
356,61,574.26,225.19,139.56,409.46,0.8589,-1,-1,-1
356,4,791.70,188.76,177.00,532.34,0.8993,-1,-1,-1
356,65,946.83,219.73,110.94,426.90,0.8926,-1,-1,-1
356,72,791.71,188.76,176.99,532.35,0.8993,-1,-1,-1
356,78,1135.90,143.04,280.31,712.92,0.9355,-1,-1,-1
356,77,711.11,207.90,112.68,440.59,0.8840,-1,-1,-1
357,61,566.24,222.58,138.37,416.49,0.8988,-1,-1,-1
357,4,789.88,187.45,174.37,532.30,0.9140,-1,-1,-1
357,65,942.37,216.20,107.91,431.84,0.4020,-1,-1,-1
357,72,789.89,187.45,174.36,532.30,0.9140,-1,-1,-1
357,78,1133.50,141.61,276.46,716.15,0.9364,-1,-1,-1
357,77,699.87,205.29,119.29,445.28,0.9087,-1,-1,-1
358,61,553.29,221.54,139.70,418.78,0.9032,-1,-1,-1
358,4,784.37,182.58,173.32,538.21,0.8915,-1,-1,-1
358,65,936.79,216.32,107.10,434.09,0.8676,-1,-1,-1
358,72,784.38,182.57,173.31,538.22,0.8915,-1,-1,-1
358,78,1127.02,140.30,276.04,720.79,0.9312,-1,-1,-1
358,77,686.68,201.01,125.57,447.94,0.8962,-1,-1,-1
358,80,1022.94,318.44,70.66,185.12,0.4121,-1,-1,-1
359,61,539.04,220.70,142.61,422.58,0.8731,-1,-1,-1
359,4,784.98,180.10,165.36,541.42,0.9229,-1,-1,-1
359,65,926.79,216.75,108.15,435.30,0.8503,-1,-1,-1
359,72,784.99,180.10,165.35,541.42,0.9229,-1,-1,-1
359,78,1120.98,139.67,277.01,721.47,0.9275,-1,-1,-1
359,77,673.19,196.66,134.94,452.09,0.8915,-1,-1,-1
360,61,525.90,220.47,145.11,427.69,0.8888,-1,-1,-1
360,4,781.08,181.52,162.31,540.12,0.9279,-1,-1,-1
360,65,919.31,215.15,107.41,439.33,0.8925,-1,-1,-1
360,72,781.09,181.52,162.30,540.12,0.9279,-1,-1,-1
360,78,1115.20,139.16,276.72,724.15,0.9272,-1,-1,-1
360,77,659.20,194.49,140.97,457.58,0.9197,-1,-1,-1
361,61,511.78,219.10,146.91,430.24,0.8894,-1,-1,-1
361,4,774.97,179.11,162.05,539.86,0.8915,-1,-1,-1
361,65,913.88,216.17,104.49,440.07,0.9053,-1,-1,-1
361,72,774.97,179.11,162.05,539.86,0.8915,-1,-1,-1
361,78,1110.10,140.15,275.97,726.02,0.9253,-1,-1,-1
361,77,649.57,192.74,140.94,463.75,0.9102,-1,-1,-1
362,61,494.39,221.58,151.15,434.46,0.8707,-1,-1,-1
362,4,770.45,182.13,159.99,543.74,0.8008,-1,-1,-1
362,65,906.16,217.17,103.47,438.18,0.8884,-1,-1,-1
362,72,770.45,182.13,159.99,543.74,0.8008,-1,-1,-1
362,78,1105.94,141.74,274.87,725.70,0.9242,-1,-1,-1
362,77,634.39,194.38,150.62,468.01,0.9175,-1,-1,-1
363,61,481.48,222.60,152.07,441.66,0.8682,-1,-1,-1
363,4,765.14,184.05,158.65,546.52,0.9119,-1,-1,-1
363,65,900.28,213.84,100.18,442.11,0.8543,-1,-1,-1
363,72,765.14,184.05,158.65,546.52,0.9119,-1,-1,-1
363,78,1101.49,140.82,274.86,732.06,0.9247,-1,-1,-1
363,77,620.42,195.11,158.34,471.67,0.9003,-1,-1,-1
363,80,979.98,321.73,75.38,190.33,0.5529,-1,-1,-1
364,61,468.58,221.37,157.28,451.79,0.8664,-1,-1,-1
364,4,764.82,185.01,156.28,549.35,0.8989,-1,-1,-1
364,65,897.54,211.52,94.92,442.62,0.7879,-1,-1,-1
364,72,764.82,185.01,156.27,549.35,0.8989,-1,-1,-1
364,78,1100.88,138.09,272.98,735.82,0.9212,-1,-1,-1
364,77,607.45,191.90,167.48,478.50,0.9146,-1,-1,-1
364,80,972.97,315.27,79.63,196.27,0.6765,-1,-1,-1
365,61,443.06,223.96,176.32,456.15,0.8896,-1,-1,-1
365,4,764.56,188.05,156.86,549.98,0.8993,-1,-1,-1
365,65,896.22,211.18,91.99,446.35,0.7023,-1,-1,-1
365,72,764.56,188.05,156.86,549.98,0.8993,-1,-1,-1
365,78,1101.91,137.98,270.12,737.08,0.9117,-1,-1,-1
365,77,592.17,193.17,180.90,483.52,0.9078,-1,-1,-1
365,80,968.34,316.87,80.81,195.63,0.6312,-1,-1,-1
366,61,438.82,225.41,171.54,459.71,0.8744,-1,-1,-1
366,4,763.04,193.02,154.51,545.33,0.8922,-1,-1,-1
366,65,894.01,213.09,88.46,441.21,0.7797,-1,-1,-1
366,72,763.04,193.02,154.51,545.33,0.8922,-1,-1,-1
366,78,1099.78,139.25,268.54,731.13,0.9109,-1,-1,-1
366,77,585.93,195.59,184.33,484.99,0.9283,-1,-1,-1
366,80,963.93,320.23,80.95,193.60,0.3847,-1,-1,-1
367,61,433.56,222.38,169.97,466.24,0.8713,-1,-1,-1
367,4,763.08,192.82,153.57,544.39,0.8979,-1,-1,-1
367,65,894.07,209.17,86.16,440.20,0.7694,-1,-1,-1
367,72,763.09,192.82,153.57,544.39,0.8979,-1,-1,-1
367,78,1099.78,136.67,268.81,726.09,0.9123,-1,-1,-1
367,77,585.67,191.98,182.59,492.40,0.9170,-1,-1,-1
367,80,963.31,311.88,80.79,200.12,0.3857,-1,-1,-1
368,61,430.91,220.64,173.85,472.01,0.8897,-1,-1,-1
368,4,763.55,193.56,153.69,545.93,0.9057,-1,-1,-1
368,65,894.56,207.02,83.49,437.70,0.7298,-1,-1,-1
368,72,763.55,193.56,153.69,545.93,0.9057,-1,-1,-1
368,78,1099.85,134.90,268.48,722.12,0.9140,-1,-1,-1
368,77,589.04,192.14,176.96,499.69,0.9283,-1,-1,-1
368,80,960.36,306.93,83.96,204.77,0.5311,-1,-1,-1
369,61,426.78,221.32,173.75,472.08,0.8866,-1,-1,-1
369,4,763.68,191.57,156.89,548.23,0.8996,-1,-1,-1
369,65,895.80,204.31,81.80,438.00,0.6999,-1,-1,-1
369,72,763.68,191.57,156.89,548.23,0.8996,-1,-1,-1
369,78,1102.37,134.04,266.26,717.90,0.9170,-1,-1,-1
369,77,589.16,191.56,173.02,506.69,0.9212,-1,-1,-1
369,80,958.58,311.00,85.25,201.47,0.6418,-1,-1,-1
370,61,423.22,222.81,173.59,475.01,0.8921,-1,-1,-1
370,4,762.98,192.41,160.01,541.18,0.8952,-1,-1,-1
370,65,897.04,205.59,81.80,438.56,0.7359,-1,-1,-1
370,72,762.98,192.41,160.01,541.18,0.8952,-1,-1,-1
370,78,1104.31,133.71,264.56,717.92,0.9221,-1,-1,-1
370,77,587.00,193.59,170.10,509.61,0.9078,-1,-1,-1
371,61,418.92,224.56,177.04,478.79,0.9004,-1,-1,-1
371,4,761.69,194.40,163.26,538.65,0.8989,-1,-1,-1
371,65,897.85,208.00,81.25,437.18,0.7540,-1,-1,-1
371,72,761.70,194.40,163.25,538.65,0.8989,-1,-1,-1
371,78,1106.89,133.40,260.62,722.55,0.9211,-1,-1,-1
371,77,584.24,195.75,170.80,515.85,0.9229,-1,-1,-1
372,61,415.71,225.57,178.71,481.21,0.9047,-1,-1,-1
372,4,763.70,195.06,163.30,537.92,0.8875,-1,-1,-1
372,65,901.12,209.19,78.38,436.81,0.7399,-1,-1,-1
372,72,763.70,195.06,163.30,537.92,0.8875,-1,-1,-1
372,78,1111.88,132.83,254.76,728.75,0.9253,-1,-1,-1
372,77,580.82,194.77,172.12,524.22,0.9142,-1,-1,-1
372,80,962.84,317.43,80.72,197.98,0.4575,-1,-1,-1
373,61,412.62,227.21,179.56,483.07,0.9073,-1,-1,-1
373,4,765.52,196.44,164.00,535.72,0.8418,-1,-1,-1
373,65,903.28,212.74,78.13,434.14,0.6044,-1,-1,-1
373,72,765.52,196.44,164.00,535.72,0.8418,-1,-1,-1
373,78,1114.21,136.36,251.96,731.86,0.9199,-1,-1,-1
373,77,576.23,195.49,175.16,528.60,0.9080,-1,-1,-1
373,80,965.48,323.07,82.10,195.06,0.4368,-1,-1,-1
374,61,407.64,227.86,178.17,486.02,0.9141,-1,-1,-1
374,4,767.26,197.87,165.11,535.59,0.8637,-1,-1,-1
374,65,904.56,215.54,82.95,437.50,0.5554,-1,-1,-1
374,72,767.26,197.87,165.11,535.59,0.8637,-1,-1,-1
374,78,1116.58,139.04,248.53,737.10,0.9191,-1,-1,-1
374,77,569.48,193.41,178.65,533.87,0.6876,-1,-1,-1
374,80,966.96,328.69,83.21,191.91,0.5512,-1,-1,-1
375,61,403.14,230.49,175.48,487.61,0.9118,-1,-1,-1
375,4,769.39,200.01,164.59,538.57,0.8748,-1,-1,-1
375,65,907.22,217.10,82.47,440.87,0.5686,-1,-1,-1
375,72,769.39,200.01,164.59,538.57,0.8748,-1,-1,-1
375,78,1119.65,140.93,244.11,742.24,0.9209,-1,-1,-1
375,77,563.36,191.15,183.35,541.75,0.9065,-1,-1,-1
375,80,967.23,331.22,82.27,194.53,0.5853,-1,-1,-1
376,61,394.05,229.09,177.46,497.73,0.9113,-1,-1,-1
376,4,771.80,203.06,162.46,543.33,0.8841,-1,-1,-1
376,65,908.64,221.15,84.22,442.12,0.3610,-1,-1,-1
376,72,771.80,203.06,162.46,543.33,0.8841,-1,-1,-1
376,78,1122.61,141.78,238.58,749.32,0.9199,-1,-1,-1
376,77,558.73,189.26,187.82,549.18,0.8434,-1,-1,-1
377,61,390.24,224.61,176.76,511.66,0.9100,-1,-1,-1
377,4,774.87,205.82,160.56,547.05,0.8878,-1,-1,-1
377,65,913.35,225.21,79.44,441.62,0.4610,-1,-1,-1
377,72,774.87,205.82,160.56,547.05,0.8878,-1,-1,-1
377,78,1123.36,149.00,236.86,751.70,0.9219,-1,-1,-1
377,77,551.00,188.27,194.17,553.69,0.3687,-1,-1,-1
377,80,973.44,337.31,80.43,197.58,0.4201,-1,-1,-1
378,61,385.56,220.02,175.81,523.40,0.9043,-1,-1,-1
378,4,779.04,209.13,157.58,549.04,0.8897,-1,-1,-1
378,65,916.48,231.80,78.46,434.60,0.6132,-1,-1,-1
378,72,779.04,209.13,157.57,549.04,0.8897,-1,-1,-1
378,78,1124.80,154.87,234.75,751.33,0.5020,-1,-1,-1
378,77,542.81,189.26,200.64,555.41,0.8938,-1,-1,-1
379,61,384.45,221.80,169.79,533.19,0.8868,-1,-1,-1
379,4,780.91,212.54,157.17,549.56,0.8819,-1,-1,-1
379,65,918.20,235.17,77.78,432.46,0.4390,-1,-1,-1
379,72,780.91,212.54,157.16,549.56,0.8819,-1,-1,-1
379,78,1125.46,156.34,234.01,756.06,0.9386,-1,-1,-1
379,77,536.04,188.96,206.36,561.26,0.9177,-1,-1,-1
379,80,974.41,337.92,82.15,203.94,0.4280,-1,-1,-1
380,61,377.03,217.32,173.43,544.44,0.7310,-1,-1,-1
380,4,783.13,214.57,156.36,548.99,0.8865,-1,-1,-1
380,65,917.53,238.71,81.17,430.20,0.5591,-1,-1,-1
380,72,783.13,214.57,156.36,548.99,0.8865,-1,-1,-1
380,78,1125.24,158.63,233.17,757.84,0.9326,-1,-1,-1
380,77,531.65,187.31,209.44,568.84,0.9230,-1,-1,-1
381,61,373.97,213.32,173.36,555.67,0.8589,-1,-1,-1
381,4,784.35,216.99,156.88,549.05,0.8793,-1,-1,-1
381,65,918.23,242.12,80.23,429.72,0.6114,-1,-1,-1
381,72,784.35,216.99,156.88,549.05,0.8793,-1,-1,-1
381,78,1123.14,158.82,232.68,756.74,0.9241,-1,-1,-1
381,77,525.11,184.79,211.64,579.04,0.9216,-1,-1,-1
381,86,734.41,319.71,59.63,206.20,0.5698,-1,-1,-1
382,61,370.67,213.11,175.55,561.54,0.8459,-1,-1,-1
382,4,785.02,219.29,157.80,545.35,0.8931,-1,-1,-1
382,65,917.95,243.46,85.86,430.60,0.7061,-1,-1,-1
382,72,785.02,219.29,157.80,545.35,0.8931,-1,-1,-1
382,78,1120.41,157.70,231.52,759.78,0.9221,-1,-1,-1
382,77,522.50,182.89,211.94,589.95,0.9168,-1,-1,-1
382,86,732.94,321.03,60.65,208.10,0.6512,-1,-1,-1
382,80,981.06,351.02,77.56,194.41,0.4111,-1,-1,-1
383,61,364.56,208.81,175.28,569.24,0.7533,-1,-1,-1
383,4,785.03,217.32,159.01,541.76,0.9083,-1,-1,-1
383,65,918.49,243.58,88.82,432.49,0.7246,-1,-1,-1
383,72,785.03,217.32,159.01,541.76,0.9083,-1,-1,-1
383,78,1115.40,155.06,232.09,761.99,0.9212,-1,-1,-1
383,77,514.03,178.88,219.18,600.70,0.9183,-1,-1,-1
383,86,730.80,320.97,61.88,206.05,0.6469,-1,-1,-1
384,61,356.00,206.60,178.97,573.00,0.7564,-1,-1,-1
384,4,785.16,215.50,158.84,544.11,0.9058,-1,-1,-1
384,65,918.91,245.92,99.04,431.22,0.6529,-1,-1,-1
384,72,785.16,215.50,158.84,544.11,0.9058,-1,-1,-1
384,78,1110.79,154.13,233.98,764.62,0.9224,-1,-1,-1
384,77,506.48,176.55,222.89,608.51,0.9091,-1,-1,-1
384,86,727.51,320.49,62.65,209.19,0.7154,-1,-1,-1
385,61,347.91,209.17,185.56,573.91,0.5123,-1,-1,-1
385,4,784.66,215.82,160.80,544.83,0.8935,-1,-1,-1
385,65,918.39,248.25,104.80,430.30,0.6937,-1,-1,-1
385,72,784.66,215.82,160.80,544.83,0.8935,-1,-1,-1
385,78,1107.26,156.28,238.37,763.57,0.9234,-1,-1,-1
385,77,504.38,175.45,223.23,617.02,0.9050,-1,-1,-1
385,86,726.32,322.06,64.29,211.56,0.7853,-1,-1,-1
386,61,341.29,205.20,184.78,577.37,0.8661,-1,-1,-1
386,4,781.94,214.41,163.69,537.42,0.8990,-1,-1,-1
386,65,919.08,248.50,104.02,422.28,0.5792,-1,-1,-1
386,72,781.94,214.41,163.69,537.42,0.8990,-1,-1,-1
386,78,1098.74,157.43,248.09,759.16,0.9237,-1,-1,-1
386,77,494.51,172.57,230.83,623.16,0.9132,-1,-1,-1
386,86,725.28,319.98,64.66,212.34,0.7403,-1,-1,-1
387,61,332.87,200.97,187.28,586.24,0.8941,-1,-1,-1
387,4,779.21,212.32,166.37,532.97,0.9018,-1,-1,-1
387,65,918.62,247.62,102.65,423.08,0.5046,-1,-1,-1
387,72,779.21,212.32,166.37,532.97,0.9018,-1,-1,-1
387,78,1088.30,157.58,259.41,753.37,0.9255,-1,-1,-1
387,77,485.43,168.69,236.37,632.35,0.9116,-1,-1,-1
387,86,721.77,317.47,66.21,213.11,0.7724,-1,-1,-1
388,61,322.79,193.83,190.67,597.48,0.9073,-1,-1,-1
388,4,778.55,211.06,167.62,531.43,0.9005,-1,-1,-1
388,65,917.14,246.03,117.17,422.45,0.4268,-1,-1,-1
388,72,778.55,211.06,167.62,531.43,0.9005,-1,-1,-1
388,78,1083.27,157.89,265.26,748.70,0.9177,-1,-1,-1
388,77,480.16,165.65,236.83,646.69,0.9073,-1,-1,-1
388,86,718.51,316.57,68.32,212.32,0.7922,-1,-1,-1
389,61,316.31,186.33,190.37,606.38,0.9052,-1,-1,-1
389,4,777.38,211.29,167.49,531.71,0.8968,-1,-1,-1
389,65,916.05,247.10,116.30,421.71,0.4609,-1,-1,-1
389,72,777.38,211.29,167.49,531.71,0.8968,-1,-1,-1
389,78,1080.10,158.50,268.70,747.68,0.9201,-1,-1,-1
389,77,478.41,161.38,235.22,658.10,0.9063,-1,-1,-1
389,86,717.05,316.09,68.95,213.43,0.7850,-1,-1,-1
390,61,307.62,182.66,195.78,611.56,0.8931,-1,-1,-1
390,4,775.62,211.72,167.61,532.17,0.8930,-1,-1,-1
390,65,916.52,243.75,94.17,429.60,0.3709,-1,-1,-1
390,72,775.62,211.72,167.61,532.17,0.8930,-1,-1,-1
390,78,1075.88,158.52,274.41,748.89,0.9236,-1,-1,-1
390,77,476.58,156.52,235.13,669.26,0.9160,-1,-1,-1
390,86,715.36,316.01,71.20,214.06,0.8440,-1,-1,-1
390,80,978.40,339.50,78.02,214.52,0.3712,-1,-1,-1
391,61,296.35,179.33,201.08,616.31,0.9257,-1,-1,-1
391,4,771.99,212.36,168.33,532.25,0.8815,-1,-1,-1
391,65,912.96,239.64,85.44,436.06,0.4040,-1,-1,-1
391,72,771.99,212.36,168.33,532.25,0.8815,-1,-1,-1
391,78,1068.72,157.36,283.43,754.39,0.9215,-1,-1,-1
391,77,475.25,149.92,236.16,678.38,0.9176,-1,-1,-1
391,86,711.98,315.69,73.54,215.18,0.8415,-1,-1,-1
391,80,977.60,342.07,75.28,210.70,0.6381,-1,-1,-1
392,61,286.75,175.50,205.04,625.02,0.9236,-1,-1,-1
392,4,769.85,212.65,168.34,533.40,0.8735,-1,-1,-1
392,65,911.05,237.72,82.60,438.30,0.5872,-1,-1,-1
392,72,769.85,212.65,168.34,533.40,0.8735,-1,-1,-1
392,78,1062.66,155.96,290.75,762.29,0.9271,-1,-1,-1
392,77,475.08,144.25,234.86,689.05,0.9209,-1,-1,-1
392,86,708.70,314.46,75.60,217.08,0.8503,-1,-1,-1
392,80,978.94,338.75,72.70,213.45,0.5028,-1,-1,-1
393,61,273.60,171.26,210.19,633.28,0.8938,-1,-1,-1
393,4,769.91,216.02,164.91,531.75,0.8624,-1,-1,-1
393,65,908.51,236.36,81.98,440.14,0.4413,-1,-1,-1
393,72,769.91,216.02,164.91,531.75,0.8624,-1,-1,-1
393,78,1059.02,155.88,294.80,767.81,0.9282,-1,-1,-1
393,77,473.17,139.63,233.06,696.67,0.9204,-1,-1,-1
393,86,706.85,313.87,76.05,218.98,0.8451,-1,-1,-1
393,80,974.87,333.61,76.20,218.84,0.4939,-1,-1,-1
394,61,260.81,165.22,216.61,642.79,0.7916,-1,-1,-1
394,4,769.21,216.89,160.75,531.77,0.8137,-1,-1,-1
394,65,906.14,234.42,80.53,439.16,0.6220,-1,-1,-1
394,72,769.21,216.89,160.75,531.77,0.8137,-1,-1,-1
394,78,1056.56,155.18,296.79,770.87,0.9324,-1,-1,-1
394,77,467.24,133.81,234.52,704.46,0.9192,-1,-1,-1
394,86,703.78,313.22,76.23,218.42,0.8326,-1,-1,-1
394,80,972.80,333.75,77.52,218.77,0.5980,-1,-1,-1
395,61,231.53,160.39,238.84,649.09,0.8906,-1,-1,-1
395,4,762.50,219.80,163.83,534.76,0.7901,-1,-1,-1
395,65,902.69,233.22,79.93,439.28,0.7512,-1,-1,-1
395,72,762.50,219.80,163.83,534.76,0.7901,-1,-1,-1
395,78,1053.78,154.49,299.27,775.36,0.9300,-1,-1,-1
395,77,462.42,127.05,233.61,714.76,0.9139,-1,-1,-1
395,86,701.32,311.70,76.91,218.41,0.8513,-1,-1,-1
395,80,971.47,340.85,77.59,211.42,0.5349,-1,-1,-1
396,61,223.34,156.95,235.61,660.46,0.9059,-1,-1,-1
396,4,759.58,222.75,162.28,532.43,0.8581,-1,-1,-1
396,65,900.13,236.52,80.32,435.49,0.7827,-1,-1,-1
396,72,759.58,222.75,162.28,532.43,0.8581,-1,-1,-1
396,78,1051.65,154.60,300.58,778.10,0.9298,-1,-1,-1
396,77,455.83,118.12,235.60,725.77,0.9083,-1,-1,-1
396,86,698.00,309.74,77.42,218.76,0.8522,-1,-1,-1
396,80,969.85,336.38,75.52,213.61,0.4853,-1,-1,-1
397,61,198.74,154.45,250.70,669.23,0.9147,-1,-1,-1
397,4,756.74,222.82,160.11,529.53,0.8668,-1,-1,-1
397,65,897.14,238.47,80.34,431.84,0.8009,-1,-1,-1
397,72,756.74,222.82,160.11,529.53,0.8668,-1,-1,-1
397,78,1050.94,154.50,300.06,780.59,0.9296,-1,-1,-1
397,77,446.18,110.31,240.67,736.47,0.9082,-1,-1,-1
397,86,695.83,309.23,74.79,220.02,0.8469,-1,-1,-1
397,80,967.57,332.61,77.16,216.33,0.4145,-1,-1,-1
398,61,171.79,149.89,271.08,682.72,0.9061,-1,-1,-1
398,4,751.93,219.73,159.45,533.95,0.8777,-1,-1,-1
398,65,894.02,239.08,80.87,431.77,0.8260,-1,-1,-1
398,72,751.93,219.73,159.45,533.95,0.8777,-1,-1,-1
398,78,1050.43,154.55,297.83,782.26,0.9320,-1,-1,-1
398,77,435.89,101.94,247.87,747.22,0.9142,-1,-1,-1
398,86,692.90,307.36,72.48,221.46,0.8423,-1,-1,-1
399,61,143.00,145.17,287.59,696.22,0.9102,-1,-1,-1
399,4,747.28,217.31,158.45,536.82,0.8810,-1,-1,-1
399,65,887.98,238.95,85.71,431.66,0.8306,-1,-1,-1
399,72,747.28,217.31,158.45,536.82,0.8810,-1,-1,-1
399,78,1050.97,154.22,294.92,785.60,0.9312,-1,-1,-1
399,77,427.28,95.65,254.08,755.19,0.9160,-1,-1,-1
399,86,690.97,305.37,69.96,223.35,0.8469,-1,-1,-1
399,80,965.04,333.11,79.56,214.69,0.4511,-1,-1,-1
400,61,125.14,140.73,295.47,705.48,0.9120,-1,-1,-1
400,4,740.32,216.86,158.83,528.33,0.8739,-1,-1,-1
400,65,882.53,239.62,89.09,431.50,0.8667,-1,-1,-1
400,72,740.32,216.86,158.83,528.33,0.8739,-1,-1,-1
400,78,1050.77,153.99,293.60,788.97,0.9344,-1,-1,-1
400,77,418.37,91.02,263.18,762.58,0.9105,-1,-1,-1
400,86,690.17,305.10,67.64,222.85,0.7875,-1,-1,-1
400,80,964.08,330.32,81.46,217.10,0.3909,-1,-1,-1
401,61,112.60,137.07,297.89,718.76,0.9246,-1,-1,-1
401,4,731.71,216.14,162.87,519.00,0.9080,-1,-1,-1
401,65,878.12,239.62,91.70,435.26,0.8890,-1,-1,-1
401,72,731.71,216.14,162.87,519.00,0.9080,-1,-1,-1
401,78,1051.89,153.69,290.27,786.14,0.9344,-1,-1,-1
401,77,411.46,85.89,270.81,773.61,0.9133,-1,-1,-1
401,86,686.26,302.94,67.34,225.52,0.3550,-1,-1,-1
402,61,107.34,135.07,294.09,728.38,0.9300,-1,-1,-1
402,4,728.16,212.64,164.62,518.70,0.9165,-1,-1,-1
402,65,874.83,240.05,94.95,436.20,0.8947,-1,-1,-1
402,72,728.16,212.64,164.62,518.70,0.9165,-1,-1,-1
402,78,1054.79,148.93,285.76,792.02,0.9326,-1,-1,-1
402,77,405.16,79.85,278.26,790.22,0.9304,-1,-1,-1
402,86,684.64,300.39,65.89,228.29,0.5229,-1,-1,-1
402,90,690.37,304.10,59.36,224.69,0.4317,-1,-1,-1
402,80,965.07,332.93,86.73,216.55,0.4556,-1,-1,-1
403,61,100.85,133.78,288.20,748.08,0.9250,-1,-1,-1
403,4,725.71,211.78,165.50,519.49,0.9216,-1,-1,-1
403,65,872.66,241.16,96.78,436.78,0.8930,-1,-1,-1
403,72,725.71,211.78,165.50,519.49,0.9216,-1,-1,-1
403,78,1059.21,147.75,281.67,796.01,0.9309,-1,-1,-1
403,77,398.05,75.51,286.47,813.20,0.9346,-1,-1,-1
403,86,685.32,301.25,63.57,231.16,0.5201,-1,-1,-1
403,90,691.13,304.97,57.25,227.37,0.3942,-1,-1,-1
403,80,968.13,343.36,85.86,208.34,0.4561,-1,-1,-1
404,61,91.63,132.98,286.43,766.30,0.9343,-1,-1,-1
404,4,723.37,213.09,166.70,520.18,0.9147,-1,-1,-1
404,65,872.01,243.45,97.96,439.87,0.8964,-1,-1,-1
404,72,723.37,213.09,166.70,520.18,0.9147,-1,-1,-1
404,78,1063.72,148.35,281.79,797.55,0.9242,-1,-1,-1
404,77,390.81,75.29,292.02,832.51,0.9376,-1,-1,-1
404,86,685.64,303.98,62.76,229.99,0.5159,-1,-1,-1
404,90,686.94,305.26,61.42,228.65,0.5159,-1,-1,-1
404,80,968.78,343.22,84.83,211.49,0.6952,-1,-1,-1
405,61,77.21,131.12,290.79,780.55,0.9328,-1,-1,-1
405,4,724.72,215.26,164.71,520.01,0.9247,-1,-1,-1
405,65,871.39,243.90,98.90,441.06,0.8897,-1,-1,-1
405,72,724.72,215.26,164.71,520.01,0.9247,-1,-1,-1
405,78,1064.26,149.56,285.21,794.84,0.9233,-1,-1,-1
405,77,379.32,75.54,302.25,838.55,0.9403,-1,-1,-1
405,86,686.76,304.13,61.34,230.17,0.4986,-1,-1,-1
405,90,686.81,304.41,61.37,229.74,0.4986,-1,-1,-1
405,80,970.31,339.68,85.42,215.66,0.7451,-1,-1,-1
406,61,56.02,128.51,304.70,790.91,0.9194,-1,-1,-1
406,4,722.98,216.84,167.56,520.71,0.9224,-1,-1,-1
406,65,871.35,242.35,101.99,442.45,0.8708,-1,-1,-1
406,72,722.98,216.84,167.56,520.71,0.9224,-1,-1,-1
406,78,1065.97,149.21,287.20,787.53,0.9138,-1,-1,-1
406,77,368.87,73.76,313.19,849.82,0.9328,-1,-1,-1
406,86,687.24,303.71,63.57,232.75,0.4506,-1,-1,-1
406,90,686.91,303.70,64.17,232.80,0.4506,-1,-1,-1
406,80,974.15,342.57,85.58,212.76,0.7769,-1,-1,-1
407,61,52.97,123.54,304.16,802.94,0.9150,-1,-1,-1
407,4,725.09,218.29,166.66,522.29,0.9194,-1,-1,-1
407,65,871.45,241.71,104.04,443.03,0.8593,-1,-1,-1
407,72,725.09,218.29,166.66,522.29,0.9194,-1,-1,-1
407,78,1070.95,148.93,284.65,782.23,0.9104,-1,-1,-1
407,77,358.36,72.94,325.40,860.67,0.9325,-1,-1,-1
407,80,977.10,346.36,86.14,208.94,0.7602,-1,-1,-1
408,61,40.89,118.58,313.23,814.07,0.9275,-1,-1,-1
408,4,724.62,220.72,168.88,523.70,0.9179,-1,-1,-1
408,65,870.47,241.12,107.44,443.65,0.8626,-1,-1,-1
408,72,724.62,220.72,168.88,523.70,0.9179,-1,-1,-1
408,78,1076.24,148.67,281.11,780.35,0.9152,-1,-1,-1
408,77,352.11,69.94,331.29,875.63,0.9347,-1,-1,-1
408,80,980.41,341.27,86.43,215.05,0.7482,-1,-1,-1
409,61,42.25,113.94,310.79,825.09,0.9265,-1,-1,-1
409,4,727.19,222.12,169.07,528.38,0.9071,-1,-1,-1
409,65,872.43,240.08,108.65,441.38,0.8659,-1,-1,-1
409,72,727.19,222.12,169.07,528.38,0.9071,-1,-1,-1
409,78,1083.35,149.70,276.57,783.66,0.9272,-1,-1,-1
409,77,352.51,67.26,329.20,895.66,0.9383,-1,-1,-1
409,80,988.19,345.21,83.26,212.49,0.7114,-1,-1,-1
410,61,38.59,110.77,314.57,837.20,0.9343,-1,-1,-1
410,4,731.54,225.34,166.87,530.07,0.8914,-1,-1,-1
410,65,876.06,239.98,112.78,439.88,0.8546,-1,-1,-1
410,72,731.54,225.34,166.87,530.07,0.8914,-1,-1,-1
410,78,1090.32,151.43,273.58,787.65,0.9152,-1,-1,-1
410,77,356.78,64.82,320.65,913.90,0.9296,-1,-1,-1
410,80,994.45,348.06,80.02,210.01,0.7172,-1,-1,-1
410,90,702.45,309.05,60.86,242.98,0.5386,-1,-1,-1
411,61,30.02,104.12,313.22,850.92,0.9351,-1,-1,-1
411,4,733.67,225.84,169.13,532.28,0.8665,-1,-1,-1
411,65,880.97,238.71,113.11,439.73,0.8838,-1,-1,-1
411,72,733.67,225.84,169.13,532.28,0.8665,-1,-1,-1
411,78,1099.88,152.32,267.76,789.27,0.9228,-1,-1,-1
411,77,356.91,60.70,317.75,926.61,0.9413,-1,-1,-1
411,80,999.91,349.99,80.39,208.69,0.8151,-1,-1,-1
411,90,709.58,309.53,56.30,242.47,0.5536,-1,-1,-1
412,61,20.51,95.42,313.45,865.44,0.9262,-1,-1,-1
412,4,736.51,226.08,170.74,531.15,0.8700,-1,-1,-1
412,65,886.78,236.37,110.48,443.61,0.8877,-1,-1,-1
412,72,736.51,226.08,170.74,531.15,0.8700,-1,-1,-1
412,78,1104.19,153.25,268.76,795.50,0.9245,-1,-1,-1
412,77,352.26,55.37,318.71,957.81,0.5175,-1,-1,-1
412,80,1004.30,348.10,81.83,211.82,0.8732,-1,-1,-1
412,90,715.50,309.23,54.82,240.98,0.5784,-1,-1,-1
413,61,5.36,88.91,320.29,871.85,0.9447,-1,-1,-1
413,4,740.60,226.66,172.36,528.29,0.8603,-1,-1,-1
413,65,891.37,232.22,113.28,445.42,0.8906,-1,-1,-1
413,72,740.60,226.66,172.36,528.29,0.8603,-1,-1,-1
413,78,1106.72,153.63,272.78,800.82,0.9274,-1,-1,-1
413,77,345.98,47.91,323.24,982.58,0.9393,-1,-1,-1
413,80,1009.96,341.74,80.96,218.12,0.5063,-1,-1,-1
413,90,723.15,307.43,52.49,240.83,0.5228,-1,-1,-1
414,61,-2.18,81.61,321.76,882.12,0.9504,-1,-1,-1
414,4,748.68,226.69,168.85,526.40,0.8875,-1,-1,-1
414,65,894.17,232.82,119.13,446.36,0.8910,-1,-1,-1
414,72,748.68,226.69,168.85,526.40,0.8875,-1,-1,-1
414,78,1110.51,153.24,273.78,805.87,0.9246,-1,-1,-1
414,77,337.83,38.42,327.02,1001.42,0.9321,-1,-1,-1
414,80,1016.00,343.39,80.71,216.85,0.6611,-1,-1,-1
414,90,727.61,304.22,53.67,241.75,0.5202,-1,-1,-1
415,61,-4.29,75.98,319.46,888.04,0.9434,-1,-1,-1
415,4,751.49,222.35,170.41,528.40,0.8531,-1,-1,-1
415,65,899.85,236.89,117.72,442.75,0.8980,-1,-1,-1
415,72,751.49,222.35,170.41,528.40,0.8531,-1,-1,-1
415,78,1115.87,153.01,272.61,809.91,0.9242,-1,-1,-1
415,77,328.22,26.85,336.18,1018.68,0.9380,-1,-1,-1
415,80,1019.74,347.98,82.69,212.08,0.7751,-1,-1,-1
415,90,731.60,302.49,54.00,238.87,0.3585,-1,-1,-1
415,92,654.63,339.90,66.91,194.35,0.6847,-1,-1,-1
416,61,-5.27,66.03,315.16,907.22,0.9417,-1,-1,-1
416,4,749.54,217.72,174.86,526.67,0.8798,-1,-1,-1
416,65,904.12,236.31,118.76,445.96,0.8823,-1,-1,-1
416,72,749.54,217.72,174.86,526.67,0.8798,-1,-1,-1
416,78,1119.67,152.57,271.76,813.48,0.9294,-1,-1,-1
416,77,317.94,14.13,344.61,1037.21,0.9377,-1,-1,-1
416,80,1022.09,348.59,85.34,210.98,0.7108,-1,-1,-1
416,92,655.34,339.68,67.69,190.45,0.6996,-1,-1,-1
417,61,-5.98,56.70,311.64,941.20,0.9417,-1,-1,-1
417,4,747.26,217.41,178.99,524.28,0.8869,-1,-1,-1
417,65,907.01,236.41,119.40,445.15,0.8767,-1,-1,-1
417,72,747.26,217.41,178.99,524.28,0.8869,-1,-1,-1
417,78,1123.60,152.15,269.12,821.97,0.9338,-1,-1,-1
417,77,298.31,4.64,361.12,1050.82,0.9467,-1,-1,-1
417,80,1025.70,347.26,87.49,212.88,0.7126,-1,-1,-1
417,92,655.65,340.28,69.01,191.94,0.7402,-1,-1,-1
418,61,-6.06,48.66,289.66,975.31,0.9420,-1,-1,-1
418,4,746.26,215.64,181.05,523.63,0.8959,-1,-1,-1
418,65,908.24,235.05,120.37,444.82,0.8713,-1,-1,-1
418,72,746.26,215.64,181.05,523.63,0.8959,-1,-1,-1
418,78,1126.56,149.68,267.48,826.22,0.9337,-1,-1,-1
418,77,280.05,-0.33,375.23,1061.57,0.9470,-1,-1,-1
418,80,1028.22,340.70,90.35,218.98,0.6919,-1,-1,-1
418,92,655.80,339.17,68.04,192.49,0.7961,-1,-1,-1
419,61,-5.55,40.91,269.85,992.24,0.9375,-1,-1,-1
419,4,744.87,212.02,182.52,528.19,0.9019,-1,-1,-1
419,65,909.05,235.19,119.01,443.19,0.8718,-1,-1,-1
419,72,744.87,212.02,182.52,528.19,0.9019,-1,-1,-1
419,78,1126.78,148.16,267.81,826.00,0.9341,-1,-1,-1
419,77,259.78,-1.59,390.38,1068.48,0.9491,-1,-1,-1
419,80,1029.66,342.28,93.05,216.81,0.6975,-1,-1,-1
419,92,653.52,337.23,67.59,199.98,0.7831,-1,-1,-1
420,61,-4.56,36.95,252.24,1006.27,0.9370,-1,-1,-1
420,4,742.53,209.87,183.93,531.40,0.9019,-1,-1,-1
420,65,908.30,235.27,121.68,444.95,0.8789,-1,-1,-1
420,72,742.53,209.87,183.93,531.40,0.9019,-1,-1,-1
420,78,1126.33,145.56,268.79,827.07,0.9309,-1,-1,-1
420,77,242.34,-1.21,401.81,1075.19,0.9511,-1,-1,-1
420,80,1031.14,333.35,92.24,226.05,0.7071,-1,-1,-1
420,92,650.70,336.84,67.20,205.75,0.7846,-1,-1,-1
421,61,-3.32,27.26,235.86,994.15,0.9326,-1,-1,-1
421,4,741.79,208.75,184.48,531.68,0.8977,-1,-1,-1
421,65,907.37,235.10,122.03,443.75,0.8824,-1,-1,-1
421,72,741.79,208.75,184.48,531.68,0.8977,-1,-1,-1
421,78,1123.31,141.16,273.67,829.72,0.9304,-1,-1,-1
421,77,222.69,-0.69,415.36,1076.20,0.9548,-1,-1,-1
421,80,1031.55,331.63,91.90,226.93,0.7310,-1,-1,-1
421,92,648.93,336.00,68.68,206.34,0.8019,-1,-1,-1
421,90,734.71,302.83,49.21,241.40,0.3533,-1,-1,-1
422,61,-3.65,16.93,217.34,994.55,0.9192,-1,-1,-1
422,4,740.11,209.77,183.79,538.26,0.8830,-1,-1,-1
422,65,907.17,235.45,120.88,444.24,0.8755,-1,-1,-1
422,72,740.11,209.77,183.79,538.26,0.8830,-1,-1,-1
422,78,1119.48,133.87,278.30,834.49,0.9243,-1,-1,-1
422,77,202.71,-1.41,425.23,1079.24,0.9507,-1,-1,-1
422,80,1031.53,335.81,89.63,222.39,0.6626,-1,-1,-1
422,92,644.32,333.67,69.62,210.22,0.7944,-1,-1,-1
422,90,732.32,304.16,48.56,238.93,0.4048,-1,-1,-1
423,61,-2.50,12.74,196.48,997.69,0.9138,-1,-1,-1
423,4,737.55,212.39,179.65,534.87,0.8888,-1,-1,-1
423,65,906.98,237.16,120.14,444.38,0.8604,-1,-1,-1
423,72,737.55,212.39,179.65,534.87,0.8888,-1,-1,-1
423,78,1112.25,129.39,285.91,837.71,0.9266,-1,-1,-1
423,77,186.05,-2.09,430.64,1082.62,0.9543,-1,-1,-1
423,80,1030.92,338.76,89.48,220.62,0.6760,-1,-1,-1
423,92,640.12,332.13,72.35,213.82,0.8244,-1,-1,-1
423,90,728.98,301.74,50.05,243.14,0.4124,-1,-1,-1
424,61,-1.69,9.30,175.54,1006.27,0.9009,-1,-1,-1
424,4,735.31,213.99,175.61,532.35,0.8892,-1,-1,-1
424,65,902.75,239.97,126.02,442.83,0.8548,-1,-1,-1
424,72,735.31,213.99,175.61,532.35,0.8892,-1,-1,-1
424,78,1106.92,128.20,292.96,837.32,0.9292,-1,-1,-1
424,77,165.35,-0.58,438.98,1083.10,0.9603,-1,-1,-1
424,80,1029.09,339.60,86.90,220.21,0.7362,-1,-1,-1
424,92,636.82,331.74,74.77,214.21,0.8074,-1,-1,-1
425,61,-1.41,5.34,150.63,1012.29,0.8807,-1,-1,-1
425,4,730.76,213.36,176.50,532.34,0.8607,-1,-1,-1
425,65,898.47,238.70,128.90,441.78,0.8721,-1,-1,-1
425,72,730.76,213.36,176.50,532.34,0.8607,-1,-1,-1
425,78,1100.86,126.71,299.50,830.95,0.9303,-1,-1,-1
425,77,139.42,-0.95,455.21,1077.88,0.9544,-1,-1,-1
425,80,1027.89,338.02,85.17,219.87,0.7558,-1,-1,-1
425,92,632.37,327.31,75.30,219.37,0.8006,-1,-1,-1
425,90,717.74,296.85,53.32,248.63,0.4106,-1,-1,-1
426,61,-1.47,4.98,130.49,806.06,0.4437,-1,-1,-1
426,4,730.71,212.63,173.22,531.95,0.8972,-1,-1,-1
426,65,895.17,237.05,131.76,441.68,0.8953,-1,-1,-1
426,72,730.71,212.63,173.22,531.95,0.8972,-1,-1,-1
426,78,1093.27,127.16,308.94,819.64,0.9296,-1,-1,-1
426,77,111.07,-1.07,470.41,1077.62,0.9545,-1,-1,-1
426,80,1025.71,334.73,83.66,219.80,0.7886,-1,-1,-1
426,92,629.88,326.06,73.93,217.77,0.8053,-1,-1,-1
427,61,-1.05,111.70,100.78,834.64,0.3558,-1,-1,-1
427,4,727.01,213.62,177.68,533.94,0.8715,-1,-1,-1
427,65,895.79,237.17,131.14,441.10,0.8885,-1,-1,-1
427,72,727.01,213.62,177.68,533.94,0.8715,-1,-1,-1
427,78,1086.81,129.48,315.85,812.32,0.9286,-1,-1,-1
427,77,76.72,0.07,490.39,1073.90,0.9519,-1,-1,-1
427,80,1023.85,333.23,82.80,221.70,0.7287,-1,-1,-1
427,92,626.32,326.68,73.11,220.32,0.8354,-1,-1,-1
427,93,-1.84,151.81,99.73,529.39,0.5630,-1,-1,-1
428,61,0.38,146.43,104.45,836.53,0.4248,-1,-1,-1
428,4,721.68,216.58,180.88,532.87,0.8842,-1,-1,-1
428,65,892.41,238.32,134.50,439.72,0.8956,-1,-1,-1
428,72,721.68,216.58,180.88,532.87,0.8842,-1,-1,-1
428,78,1081.20,130.72,320.85,813.22,0.9314,-1,-1,-1
428,77,46.41,1.77,511.44,1070.95,0.9514,-1,-1,-1
428,80,1023.07,332.23,82.18,223.38,0.5882,-1,-1,-1
428,92,620.83,326.85,73.01,220.56,0.8320,-1,-1,-1
428,93,-1.64,156.60,77.58,527.88,0.4969,-1,-1,-1
429,4,712.05,216.00,187.72,538.86,0.8317,-1,-1,-1
429,65,893.85,237.76,131.79,437.89,0.8730,-1,-1,-1
429,72,712.05,216.00,187.72,538.86,0.8317,-1,-1,-1
429,78,1076.60,132.89,322.02,816.13,0.8353,-1,-1,-1
429,77,10.46,2.02,533.95,1071.70,0.9568,-1,-1,-1
429,80,1024.42,330.40,79.28,227.03,0.5976,-1,-1,-1
429,92,615.48,327.24,72.55,223.58,0.8280,-1,-1,-1
429,95,537.23,316.65,57.27,197.18,0.5554,-1,-1,-1
430,65,895.31,236.35,128.01,434.26,0.8524,-1,-1,-1
430,78,1070.38,133.64,328.09,820.02,0.9328,-1,-1,-1
430,77,-4.85,2.34,540.44,1069.42,0.9446,-1,-1,-1
430,80,1028.24,327.32,75.21,230.57,0.4965,-1,-1,-1
430,92,612.09,327.36,73.48,223.28,0.7988,-1,-1,-1
431,65,893.32,233.74,128.02,433.30,0.8595,-1,-1,-1
431,78,1067.30,133.63,329.82,824.37,0.9284,-1,-1,-1
431,77,-10.09,3.38,535.55,1070.03,0.9515,-1,-1,-1
431,92,607.18,327.11,74.55,226.74,0.8124,-1,-1,-1
431,4,696.24,210.70,172.96,544.40,0.6564,-1,-1,-1
431,95,528.29,333.61,52.82,183.12,0.4623,-1,-1,-1
432,65,893.50,230.66,127.84,433.66,0.8742,-1,-1,-1
432,78,1065.65,133.63,331.30,828.88,0.9280,-1,-1,-1
432,77,-10.30,4.67,527.89,1069.53,0.9604,-1,-1,-1
432,92,604.22,326.94,73.56,228.68,0.8162,-1,-1,-1
432,4,686.86,209.17,174.02,554.77,0.7607,-1,-1,-1
432,95,524.87,343.49,52.23,173.84,0.4106,-1,-1,-1
432,80,1000.70,316.76,77.64,235.76,0.4227,-1,-1,-1
433,65,893.74,229.67,126.74,432.87,0.8865,-1,-1,-1
433,78,1066.59,132.60,331.08,832.86,0.9266,-1,-1,-1
433,77,-9.48,4.12,517.74,1068.15,0.9590,-1,-1,-1
433,92,601.30,325.23,73.92,228.81,0.7973,-1,-1,-1
433,4,680.38,206.74,177.43,549.43,0.8294,-1,-1,-1
433,95,520.54,346.95,51.31,170.10,0.4330,-1,-1,-1
433,97,518.88,343.53,55.78,225.61,0.3642,-1,-1,-1
433,80,997.92,310.70,76.29,240.72,0.5551,-1,-1,-1
434,65,893.04,226.93,128.30,433.72,0.8870,-1,-1,-1
434,78,1069.57,131.39,329.22,835.68,0.9275,-1,-1,-1
434,77,-7.57,2.05,505.94,1067.98,0.9586,-1,-1,-1
434,92,598.62,321.79,72.26,231.68,0.8376,-1,-1,-1
434,4,676.87,202.83,175.85,563.86,0.8062,-1,-1,-1
434,80,1000.10,309.67,74.60,240.33,0.5521,-1,-1,-1
435,65,892.26,225.53,128.33,432.67,0.8754,-1,-1,-1
435,78,1070.78,129.25,328.84,838.62,0.9215,-1,-1,-1
435,77,-6.11,0.71,493.89,1066.85,0.9621,-1,-1,-1
435,92,596.44,319.32,73.06,233.37,0.8281,-1,-1,-1
435,4,674.96,200.12,172.41,555.35,0.8746,-1,-1,-1
435,80,999.50,306.08,74.04,240.64,0.5781,-1,-1,-1
435,95,516.86,316.25,52.82,192.75,0.6986,-1,-1,-1
436,65,897.24,224.05,123.11,432.39,0.5085,-1,-1,-1
436,78,1073.27,126.47,327.70,843.42,0.9379,-1,-1,-1
436,77,-4.97,0.53,482.31,1067.30,0.9631,-1,-1,-1
436,92,595.95,317.49,72.40,232.87,0.8386,-1,-1,-1
436,4,673.17,196.70,170.95,548.55,0.8438,-1,-1,-1
436,80,997.92,303.60,74.90,241.16,0.5806,-1,-1,-1
436,95,515.31,307.71,52.80,200.81,0.6463,-1,-1,-1
437,65,900.72,222.31,119.49,432.18,0.8711,-1,-1,-1
437,78,1077.61,121.98,325.24,847.17,0.9345,-1,-1,-1
437,77,-3.50,0.16,466.29,1069.44,0.9591,-1,-1,-1
437,92,592.99,313.37,74.07,232.34,0.8233,-1,-1,-1
437,4,671.18,194.01,168.40,541.93,0.8066,-1,-1,-1
437,80,997.48,301.53,73.88,240.24,0.5814,-1,-1,-1
437,95,515.57,335.73,49.30,169.30,0.4353,-1,-1,-1
438,65,903.96,222.16,115.61,433.29,0.8704,-1,-1,-1
438,78,1079.14,119.31,324.51,842.18,0.9338,-1,-1,-1
438,77,-3.25,2.00,444.99,1068.43,0.9506,-1,-1,-1
438,92,590.01,312.26,74.65,233.60,0.8035,-1,-1,-1
438,4,664.88,193.58,172.54,530.72,0.8103,-1,-1,-1
438,80,997.19,300.77,74.07,239.98,0.5991,-1,-1,-1
438,95,513.77,335.33,48.99,171.41,0.4598,-1,-1,-1
438,99,816.63,302.33,81.82,230.97,0.6721,-1,-1,-1
438,100,1047.68,312.01,62.37,234.49,0.3876,-1,-1,-1
439,65,905.55,222.16,112.91,434.65,0.8739,-1,-1,-1
439,78,1083.60,116.55,320.75,842.40,0.9334,-1,-1,-1
439,77,-3.15,2.64,420.18,1067.85,0.9367,-1,-1,-1
439,92,585.56,312.04,75.75,233.79,0.7214,-1,-1,-1
439,4,661.46,192.84,174.23,526.67,0.8041,-1,-1,-1
439,80,996.28,300.95,73.30,238.51,0.6479,-1,-1,-1
439,95,510.83,320.62,51.15,185.31,0.4041,-1,-1,-1
439,99,812.68,300.79,83.69,236.40,0.7981,-1,-1,-1
439,100,1048.62,310.59,66.08,235.68,0.4919,-1,-1,-1
439,97,511.82,324.32,48.96,181.84,0.3794,-1,-1,-1
440,65,905.23,221.46,111.51,434.80,0.8750,-1,-1,-1
440,78,1087.63,112.16,320.06,842.54,0.9163,-1,-1,-1
440,77,-2.66,2.56,393.55,1064.37,0.9399,-1,-1,-1
440,92,582.36,309.46,78.38,239.61,0.7455,-1,-1,-1
440,4,656.86,192.29,176.47,525.32,0.6917,-1,-1,-1
440,80,995.35,299.54,74.05,236.48,0.7275,-1,-1,-1
440,99,809.51,298.01,83.36,239.88,0.7959,-1,-1,-1
440,100,1049.99,306.89,68.31,239.20,0.6765,-1,-1,-1
441,65,906.99,222.90,111.12,433.38,0.8676,-1,-1,-1
441,78,1092.97,107.52,320.46,843.42,0.9322,-1,-1,-1
441,77,-1.47,2.24,365.32,1065.92,0.9377,-1,-1,-1
441,92,582.43,307.09,78.07,244.39,0.7467,-1,-1,-1
441,4,655.62,194.67,179.19,524.77,0.8384,-1,-1,-1
441,80,995.85,296.94,75.63,237.83,0.7744,-1,-1,-1
441,99,809.32,297.31,82.37,241.70,0.7730,-1,-1,-1
441,100,1050.34,305.82,70.95,243.01,0.7317,-1,-1,-1
442,65,911.11,224.76,107.99,431.61,0.8708,-1,-1,-1
442,78,1099.09,107.30,321.03,833.43,0.9339,-1,-1,-1
442,77,-0.22,2.11,333.23,1064.42,0.9325,-1,-1,-1
442,92,583.59,307.19,77.53,245.86,0.6280,-1,-1,-1
442,4,657.23,197.16,178.45,525.28,0.8679,-1,-1,-1
442,80,996.65,297.35,78.00,239.05,0.8012,-1,-1,-1
442,99,812.27,298.62,84.88,238.11,0.7735,-1,-1,-1
442,100,1053.18,308.00,73.30,243.12,0.7758,-1,-1,-1
442,95,511.82,327.16,49.42,178.25,0.4212,-1,-1,-1
443,65,912.03,227.18,108.58,428.98,0.8766,-1,-1,-1
443,78,1105.12,111.16,322.71,821.24,0.9336,-1,-1,-1
443,77,0.81,3.58,299.87,1062.08,0.5620,-1,-1,-1
443,92,584.68,308.95,78.98,247.91,0.8488,-1,-1,-1
443,4,662.46,199.56,174.47,525.59,0.8569,-1,-1,-1
443,80,999.12,297.02,79.73,240.28,0.7834,-1,-1,-1
443,99,815.63,300.27,86.20,232.09,0.8114,-1,-1,-1
443,100,1055.51,306.33,74.85,246.28,0.7009,-1,-1,-1
443,95,515.27,335.18,48.63,172.46,0.4430,-1,-1,-1
444,65,914.75,225.95,108.29,429.64,0.8563,-1,-1,-1
444,78,1113.43,113.45,319.15,814.15,0.7837,-1,-1,-1
444,77,1.12,4.28,267.67,1062.07,0.8777,-1,-1,-1
444,92,586.82,307.41,80.16,250.44,0.8646,-1,-1,-1
444,4,668.59,201.33,169.93,521.16,0.8781,-1,-1,-1
444,80,1000.88,294.17,81.66,242.85,0.7514,-1,-1,-1
444,99,818.76,300.06,85.11,232.45,0.8402,-1,-1,-1
444,100,1061.40,300.45,73.08,248.96,0.6379,-1,-1,-1
444,95,518.13,343.72,48.69,162.39,0.4548,-1,-1,-1
445,65,913.82,223.38,112.45,431.32,0.8859,-1,-1,-1
445,78,1122.33,117.33,315.74,815.99,0.9301,-1,-1,-1
445,92,587.27,307.46,82.21,251.26,0.8715,-1,-1,-1
445,4,674.42,202.26,167.48,513.58,0.8725,-1,-1,-1
445,80,1007.50,292.86,80.86,244.66,0.8486,-1,-1,-1
445,99,822.02,298.69,87.08,234.20,0.8558,-1,-1,-1
445,100,1070.71,298.71,70.68,249.03,0.6152,-1,-1,-1
445,95,521.89,322.57,50.50,184.83,0.4736,-1,-1,-1
445,97,522.01,347.46,48.87,156.43,0.4895,-1,-1,-1
446,65,913.48,220.31,114.82,441.84,0.8737,-1,-1,-1
446,78,1131.31,121.79,314.31,818.36,0.9341,-1,-1,-1
446,92,587.70,308.72,86.00,251.00,0.8640,-1,-1,-1
446,4,681.84,202.43,166.10,503.53,0.8694,-1,-1,-1
446,80,1012.85,295.10,79.57,246.80,0.8363,-1,-1,-1
446,99,827.23,296.28,86.69,236.63,0.8608,-1,-1,-1
446,100,1078.25,300.38,68.80,247.41,0.7380,-1,-1,-1
446,77,-0.23,6.34,289.70,1063.48,0.7154,-1,-1,-1
447,65,917.95,219.66,118.24,445.22,0.8696,-1,-1,-1
447,78,1141.64,125.16,309.96,823.36,0.9376,-1,-1,-1
447,92,589.67,310.23,88.06,249.82,0.8356,-1,-1,-1
447,4,685.34,202.65,167.92,506.16,0.8895,-1,-1,-1
447,80,1018.74,293.36,81.33,250.69,0.8567,-1,-1,-1
447,99,834.16,295.82,87.48,238.00,0.8544,-1,-1,-1
447,100,1086.07,300.54,67.48,248.98,0.5317,-1,-1,-1
447,97,533.45,355.79,48.49,148.24,0.6584,-1,-1,-1
448,65,925.64,219.32,117.02,448.37,0.8633,-1,-1,-1
448,78,1148.90,134.99,311.75,824.32,0.9335,-1,-1,-1
448,92,590.88,311.97,90.17,249.54,0.8148,-1,-1,-1
448,4,688.77,204.20,172.84,511.85,0.8898,-1,-1,-1
448,80,1026.50,296.39,80.25,250.87,0.8712,-1,-1,-1
448,99,842.42,296.53,83.33,240.67,0.8668,-1,-1,-1
448,100,1094.52,303.56,68.89,247.94,0.7968,-1,-1,-1
448,97,539.48,350.89,48.37,156.31,0.3911,-1,-1,-1
448,95,535.53,322.13,53.47,190.39,0.4009,-1,-1,-1
449,65,931.60,217.31,117.35,453.40,0.9000,-1,-1,-1
449,78,1154.76,140.71,313.86,825.09,0.9313,-1,-1,-1
449,92,599.57,314.54,86.60,251.27,0.8486,-1,-1,-1
449,4,697.11,204.65,170.45,512.07,0.8888,-1,-1,-1
449,80,1037.52,298.43,75.75,248.63,0.8887,-1,-1,-1
449,99,848.42,296.69,82.72,240.83,0.8683,-1,-1,-1
449,100,1102.27,307.56,70.43,245.37,0.8085,-1,-1,-1
449,97,538.88,330.51,57.65,218.84,0.4914,-1,-1,-1
449,95,543.36,335.55,51.48,174.29,0.3950,-1,-1,-1
450,65,929.99,215.24,121.55,457.13,0.8831,-1,-1,-1
450,78,1162.53,145.87,309.59,828.16,0.9286,-1,-1,-1
450,92,605.92,314.55,83.57,251.01,0.8348,-1,-1,-1
450,4,704.97,202.66,169.40,510.30,0.8625,-1,-1,-1
450,80,1042.89,297.91,76.21,249.69,0.8942,-1,-1,-1
450,99,854.84,294.71,79.57,243.17,0.8340,-1,-1,-1
450,100,1107.92,310.59,71.09,242.77,0.8252,-1,-1,-1
451,65,938.41,219.13,119.31,448.84,0.8365,-1,-1,-1
451,78,1170.59,150.32,306.68,831.89,0.9145,-1,-1,-1
451,92,607.01,315.01,86.03,255.45,0.8499,-1,-1,-1
451,4,709.48,202.49,170.84,508.60,0.8498,-1,-1,-1
451,80,1050.77,295.38,75.02,250.93,0.8418,-1,-1,-1
451,99,857.69,295.02,86.04,241.96,0.8224,-1,-1,-1
451,100,1114.74,311.72,72.01,244.43,0.6041,-1,-1,-1
452,65,945.77,220.00,121.78,440.81,0.8841,-1,-1,-1
452,78,1177.70,154.60,306.47,836.48,0.9098,-1,-1,-1
452,92,608.30,315.51,88.97,255.02,0.8275,-1,-1,-1
452,4,719.57,201.25,166.11,508.09,0.8486,-1,-1,-1
452,80,1057.67,295.50,77.18,251.35,0.8626,-1,-1,-1
452,99,860.20,298.17,89.35,240.38,0.7405,-1,-1,-1
452,100,1124.35,311.95,70.93,244.93,0.6936,-1,-1,-1
452,95,560.96,345.06,50.23,161.92,0.3678,-1,-1,-1
453,65,953.59,217.92,119.85,439.34,0.8838,-1,-1,-1
453,78,1184.22,156.97,305.59,840.09,0.9281,-1,-1,-1
453,92,615.26,314.71,85.14,257.17,0.8687,-1,-1,-1
453,4,726.34,203.31,164.21,511.35,0.8804,-1,-1,-1
453,80,1065.22,298.10,76.23,251.48,0.8612,-1,-1,-1
453,99,871.60,297.99,84.02,240.38,0.8524,-1,-1,-1
453,100,1131.83,312.22,68.68,247.50,0.7505,-1,-1,-1
453,101,711.27,259.04,62.53,305.64,0.4963,-1,-1,-1
453,95,565.88,321.21,53.68,185.95,0.6053,-1,-1,-1
454,65,955.57,218.84,126.15,438.19,0.8779,-1,-1,-1
454,78,1191.93,159.03,304.61,843.11,0.9359,-1,-1,-1
454,92,619.55,310.21,86.20,259.58,0.8365,-1,-1,-1
454,4,733.31,202.74,165.63,512.42,0.8944,-1,-1,-1
454,80,1074.50,299.47,76.14,250.28,0.8639,-1,-1,-1
454,99,879.38,298.67,83.53,241.22,0.8229,-1,-1,-1
454,100,1140.02,311.73,69.81,247.73,0.5826,-1,-1,-1
454,101,711.77,259.11,66.52,315.03,0.6506,-1,-1,-1
455,65,961.06,218.10,129.56,438.64,0.8787,-1,-1,-1
455,78,1196.87,158.42,306.48,844.70,0.9373,-1,-1,-1
455,92,625.51,304.89,84.11,264.86,0.7789,-1,-1,-1
455,4,739.37,202.49,167.44,513.42,0.8867,-1,-1,-1
455,80,1082.81,300.33,73.84,250.33,0.8720,-1,-1,-1
455,99,885.94,299.66,83.27,240.92,0.7774,-1,-1,-1
455,100,1151.93,312.51,66.93,246.21,0.7061,-1,-1,-1
455,101,714.18,256.57,70.03,316.45,0.3768,-1,-1,-1
455,95,579.91,314.56,55.08,192.33,0.5697,-1,-1,-1
456,65,967.06,214.79,128.36,441.49,0.8596,-1,-1,-1
456,78,1201.43,157.73,309.71,839.66,0.9374,-1,-1,-1
456,92,630.26,301.82,84.76,267.52,0.8356,-1,-1,-1
456,4,749.82,200.07,163.90,514.07,0.8496,-1,-1,-1
456,80,1089.76,299.19,71.50,251.67,0.8414,-1,-1,-1
456,99,895.47,299.40,79.71,240.47,0.7961,-1,-1,-1
456,100,1157.22,312.71,67.31,245.52,0.5871,-1,-1,-1
456,101,718.32,253.17,74.55,320.58,0.6146,-1,-1,-1
456,95,586.12,319.25,52.69,186.23,0.3526,-1,-1,-1
456,97,581.05,317.71,58.86,196.73,0.5890,-1,-1,-1
457,65,973.27,210.34,127.98,445.02,0.8783,-1,-1,-1
457,78,1206.06,156.24,314.18,838.62,0.9350,-1,-1,-1
457,92,632.99,299.18,87.15,268.52,0.8541,-1,-1,-1
457,4,758.24,198.00,165.31,516.55,0.8510,-1,-1,-1
457,80,1095.87,297.49,72.43,254.55,0.8467,-1,-1,-1
457,99,901.66,298.77,80.71,241.49,0.8191,-1,-1,-1
457,100,1160.84,308.59,67.75,249.74,0.3843,-1,-1,-1
457,101,723.82,248.52,77.01,324.22,0.5921,-1,-1,-1
457,95,589.33,309.65,56.14,198.73,0.5925,-1,-1,-1
457,97,587.60,308.70,58.23,202.17,0.5925,-1,-1,-1
458,65,987.84,212.85,122.78,438.88,0.9032,-1,-1,-1
458,78,1208.15,155.03,318.26,837.19,0.9357,-1,-1,-1
458,92,635.60,297.43,88.58,270.72,0.8265,-1,-1,-1
458,4,768.15,201.64,162.85,509.09,0.7082,-1,-1,-1
458,80,1102.21,296.17,73.45,254.59,0.8151,-1,-1,-1
458,99,908.10,299.35,84.60,239.62,0.7878,-1,-1,-1
458,101,728.55,250.32,77.03,320.39,0.8080,-1,-1,-1
458,95,593.50,307.16,57.53,201.55,0.4493,-1,-1,-1
458,97,592.95,307.08,58.18,201.83,0.4493,-1,-1,-1
459,65,996.07,212.52,122.37,438.17,0.8973,-1,-1,-1
459,78,1207.48,150.85,328.51,839.30,0.9389,-1,-1,-1
459,92,639.04,297.36,89.72,271.12,0.8112,-1,-1,-1
459,4,777.63,203.06,157.71,514.05,0.9185,-1,-1,-1
459,80,1106.50,295.68,77.56,254.83,0.8567,-1,-1,-1
459,99,914.40,298.42,83.07,236.85,0.8239,-1,-1,-1
459,101,731.21,249.56,76.89,321.13,0.3711,-1,-1,-1
459,86,731.08,249.74,75.50,320.46,0.3711,-1,-1,-1
460,65,998.90,208.67,126.09,442.93,0.8365,-1,-1,-1
460,78,1206.46,144.30,339.00,835.52,0.9376,-1,-1,-1
460,92,639.85,296.12,91.42,273.80,0.7997,-1,-1,-1
460,4,783.67,202.57,154.74,515.53,0.9049,-1,-1,-1
460,80,1109.89,295.34,79.11,253.47,0.8201,-1,-1,-1
460,99,921.57,297.05,80.91,236.23,0.8401,-1,-1,-1
460,101,732.86,247.40,80.98,327.54,0.8296,-1,-1,-1
460,86,733.79,247.48,80.09,327.13,0.8296,-1,-1,-1
461,65,1005.21,208.66,122.01,445.20,0.8495,-1,-1,-1
461,78,1205.82,138.26,345.93,832.43,0.9372,-1,-1,-1
461,92,642.47,293.22,91.36,279.09,0.7723,-1,-1,-1
461,4,786.30,201.70,155.98,515.18,0.8979,-1,-1,-1
461,80,1111.31,293.81,83.29,252.24,0.8385,-1,-1,-1
461,99,927.85,296.58,79.48,234.97,0.8460,-1,-1,-1
461,101,734.66,243.70,83.07,330.98,0.8269,-1,-1,-1
461,86,736.03,243.76,82.16,330.59,0.8269,-1,-1,-1
462,65,1004.73,209.40,125.15,445.15,0.8708,-1,-1,-1
462,78,1205.92,134.59,350.74,826.73,0.9349,-1,-1,-1
462,92,644.30,291.51,90.59,282.68,0.8025,-1,-1,-1
462,4,787.30,201.36,158.41,509.85,0.8830,-1,-1,-1
462,80,1114.16,294.45,83.40,252.37,0.7894,-1,-1,-1
462,99,932.26,295.74,79.97,233.84,0.8350,-1,-1,-1
462,101,735.44,242.77,84.59,332.85,0.8169,-1,-1,-1
462,86,736.80,242.83,83.75,332.49,0.8169,-1,-1,-1
463,65,1003.97,207.89,128.17,445.81,0.8734,-1,-1,-1
463,78,1204.12,132.07,353.74,820.48,0.6062,-1,-1,-1
463,92,643.78,291.05,90.45,284.23,0.7995,-1,-1,-1
463,4,786.47,198.43,161.30,511.94,0.8972,-1,-1,-1
463,80,1116.40,292.04,82.95,252.91,0.7864,-1,-1,-1
463,99,935.64,290.82,79.82,234.95,0.8500,-1,-1,-1
463,101,735.84,239.42,83.28,334.62,0.8082,-1,-1,-1
463,86,737.09,239.45,82.45,334.31,0.8082,-1,-1,-1
464,65,1003.16,206.48,130.86,446.25,0.8773,-1,-1,-1
464,78,1208.01,128.30,349.79,822.44,0.9333,-1,-1,-1
464,92,640.05,288.12,90.35,282.49,0.7794,-1,-1,-1
464,4,782.70,191.62,164.78,510.19,0.8838,-1,-1,-1
464,80,1117.48,287.85,81.69,252.80,0.7925,-1,-1,-1
464,99,934.76,285.12,81.02,235.75,0.8408,-1,-1,-1
464,101,734.07,238.06,83.40,333.99,0.8367,-1,-1,-1
464,86,735.14,238.13,82.68,333.70,0.8367,-1,-1,-1
465,65,1002.73,205.47,132.49,446.49,0.8684,-1,-1,-1
465,78,1209.12,123.57,348.21,830.57,0.9343,-1,-1,-1
465,92,634.55,283.35,92.11,286.44,0.8366,-1,-1,-1
465,4,778.88,186.56,167.37,510.69,0.4885,-1,-1,-1
465,80,1122.44,286.82,76.77,252.37,0.7225,-1,-1,-1
465,99,933.63,280.37,81.10,237.89,0.8384,-1,-1,-1
465,101,728.66,234.03,86.48,339.61,0.7991,-1,-1,-1
465,86,729.54,234.09,85.91,339.37,0.7991,-1,-1,-1
466,65,1002.99,203.95,133.02,443.30,0.8660,-1,-1,-1
466,78,1207.19,119.84,350.10,839.17,0.9366,-1,-1,-1
466,92,629.28,280.70,92.96,287.68,0.8197,-1,-1,-1
466,4,771.57,182.31,174.09,510.95,0.8903,-1,-1,-1
466,80,1125.57,285.15,71.79,252.24,0.7109,-1,-1,-1
466,99,932.60,276.30,81.82,239.80,0.8413,-1,-1,-1
466,101,725.44,228.69,86.61,341.58,0.7211,-1,-1,-1
466,86,726.36,227.65,85.47,344.08,0.4995,-1,-1,-1
467,65,1003.28,203.99,132.07,444.94,0.8715,-1,-1,-1
467,78,1203.49,118.72,353.93,844.78,0.9376,-1,-1,-1
467,92,622.91,277.24,95.31,293.03,0.8359,-1,-1,-1
467,4,766.19,179.87,179.16,510.53,0.8920,-1,-1,-1
467,80,1125.23,282.86,71.70,254.43,0.7381,-1,-1,-1
467,99,931.03,275.21,83.63,240.42,0.8539,-1,-1,-1
467,101,719.23,224.65,89.90,346.90,0.8228,-1,-1,-1
467,86,719.94,224.29,89.24,347.74,0.8228,-1,-1,-1
468,65,1000.47,203.71,131.23,445.25,0.8725,-1,-1,-1
468,78,1196.85,117.58,359.07,853.28,0.9398,-1,-1,-1
468,92,616.56,275.50,96.08,295.90,0.5290,-1,-1,-1
468,4,762.88,179.53,179.15,510.43,0.9030,-1,-1,-1
468,80,1120.44,280.31,74.72,254.15,0.6903,-1,-1,-1
468,99,929.20,275.60,83.02,241.34,0.8208,-1,-1,-1
468,101,713.30,220.62,89.46,352.48,0.8354,-1,-1,-1
468,86,713.93,220.49,88.96,352.71,0.8354,-1,-1,-1
469,65,998.49,202.80,129.13,444.95,0.8799,-1,-1,-1
469,78,1192.96,116.89,361.45,862.04,0.9387,-1,-1,-1
469,92,611.27,272.51,95.45,297.37,0.8565,-1,-1,-1
469,4,762.08,178.47,176.97,508.58,0.9006,-1,-1,-1
469,80,1113.62,279.40,81.11,253.86,0.6862,-1,-1,-1
469,99,925.47,273.44,84.19,243.17,0.8684,-1,-1,-1
469,101,706.41,218.74,87.51,353.86,0.8325,-1,-1,-1
469,86,706.13,218.11,87.82,351.61,0.7890,-1,-1,-1
470,65,994.81,203.04,130.98,443.59,0.8769,-1,-1,-1
470,78,1189.60,117.39,361.44,867.30,0.9411,-1,-1,-1
470,92,602.71,268.52,98.36,301.94,0.8657,-1,-1,-1
470,4,761.14,178.60,176.55,507.53,0.9063,-1,-1,-1
470,80,1110.68,277.60,81.77,256.29,0.7281,-1,-1,-1
470,99,922.70,272.78,82.20,243.11,0.8811,-1,-1,-1
470,101,700.15,215.53,89.57,358.76,0.8438,-1,-1,-1
470,86,700.31,215.30,89.51,357.84,0.8438,-1,-1,-1
471,65,991.93,201.44,132.32,443.32,0.8689,-1,-1,-1
471,78,1184.97,118.96,363.38,870.37,0.9441,-1,-1,-1
471,92,595.47,266.05,98.64,306.25,0.8327,-1,-1,-1
471,4,760.31,178.86,175.02,504.21,0.8822,-1,-1,-1
471,80,1106.33,275.91,82.56,258.53,0.4577,-1,-1,-1
471,99,919.00,273.11,83.31,242.32,0.8795,-1,-1,-1
471,101,691.95,212.63,92.31,361.51,0.8517,-1,-1,-1
471,86,692.25,212.55,92.12,361.10,0.8517,-1,-1,-1
472,65,990.72,198.88,130.91,442.90,0.8823,-1,-1,-1
472,78,1183.23,117.79,361.48,875.48,0.9411,-1,-1,-1
472,92,590.27,265.00,98.68,307.49,0.8623,-1,-1,-1
472,4,757.96,177.39,174.40,502.03,0.8904,-1,-1,-1
472,80,1103.96,272.77,80.81,262.24,0.6918,-1,-1,-1
472,99,917.04,272.19,82.68,241.36,0.8617,-1,-1,-1
472,101,685.46,207.59,96.18,363.68,0.8798,-1,-1,-1
472,86,685.80,207.57,95.96,363.47,0.8798,-1,-1,-1
473,65,988.57,197.45,128.22,442.94,0.8894,-1,-1,-1
473,78,1182.66,117.02,359.65,875.71,0.9397,-1,-1,-1
473,92,585.26,262.54,98.39,310.79,0.8732,-1,-1,-1
473,4,758.54,177.68,173.48,503.45,0.8925,-1,-1,-1
473,80,1103.46,271.86,82.55,264.49,0.7558,-1,-1,-1
473,99,916.29,273.07,81.99,240.28,0.8379,-1,-1,-1
473,101,679.86,204.82,100.28,365.09,0.8890,-1,-1,-1
473,86,680.19,204.82,100.07,364.96,0.8890,-1,-1,-1
474,65,986.81,195.89,126.71,442.14,0.9012,-1,-1,-1
474,78,1184.16,114.38,354.92,869.15,0.9418,-1,-1,-1
474,92,579.65,260.90,98.04,313.38,0.8869,-1,-1,-1
474,4,760.18,178.53,171.83,503.45,0.8918,-1,-1,-1
474,80,1101.31,270.38,80.83,268.12,0.8388,-1,-1,-1
474,99,917.02,275.84,78.79,239.34,0.6881,-1,-1,-1
474,101,674.98,203.34,103.99,368.51,0.8861,-1,-1,-1
474,86,675.29,203.34,103.79,368.43,0.8861,-1,-1,-1
475,65,985.75,194.03,122.42,436.19,0.8829,-1,-1,-1
475,78,1184.41,111.13,353.60,864.24,0.9426,-1,-1,-1
475,92,573.91,258.87,99.10,314.94,0.8913,-1,-1,-1
475,4,761.16,178.34,172.17,499.01,0.8785,-1,-1,-1
475,80,1097.77,267.27,80.20,270.63,0.8640,-1,-1,-1
475,99,917.12,277.00,76.86,238.30,0.7826,-1,-1,-1
475,101,668.27,201.59,107.83,371.12,0.8869,-1,-1,-1
475,86,668.56,201.60,107.65,371.06,0.8869,-1,-1,-1
476,65,982.94,192.26,120.99,433.85,0.6664,-1,-1,-1
476,78,1186.23,106.36,352.29,863.14,0.9416,-1,-1,-1
476,92,569.45,257.37,97.53,316.70,0.8860,-1,-1,-1
476,4,762.50,179.08,173.44,497.91,0.8756,-1,-1,-1
476,80,1097.14,266.15,78.02,271.29,0.8838,-1,-1,-1
476,99,917.66,278.38,75.92,237.14,0.6537,-1,-1,-1
476,101,662.90,200.92,111.08,375.26,0.8896,-1,-1,-1
476,86,663.17,200.92,110.91,375.21,0.8896,-1,-1,-1
477,78,1188.75,103.31,350.05,859.44,0.9406,-1,-1,-1
477,92,568.40,259.31,95.59,318.16,0.8763,-1,-1,-1
477,4,767.07,181.82,171.19,495.52,0.8842,-1,-1,-1
477,80,1097.52,266.70,77.06,272.00,0.8831,-1,-1,-1
477,99,918.37,282.69,75.44,234.24,0.6728,-1,-1,-1
477,101,658.49,201.99,114.93,379.80,0.8973,-1,-1,-1
477,86,658.73,201.99,114.77,379.75,0.8973,-1,-1,-1
478,78,1190.36,102.24,349.53,849.28,0.9367,-1,-1,-1
478,92,559.97,262.58,100.32,322.33,0.8744,-1,-1,-1
478,4,771.68,183.87,169.26,496.00,0.8847,-1,-1,-1
478,80,1096.16,268.44,78.20,271.92,0.8620,-1,-1,-1
478,99,918.37,284.27,76.13,234.98,0.6272,-1,-1,-1
478,101,654.32,204.03,118.45,385.57,0.9097,-1,-1,-1
478,86,654.53,204.03,118.31,385.53,0.9097,-1,-1,-1
478,65,978.58,191.72,123.43,441.87,0.8266,-1,-1,-1
479,78,1192.11,101.17,349.74,842.42,0.9402,-1,-1,-1
479,92,552.83,262.89,105.44,325.69,0.8737,-1,-1,-1
479,4,776.38,183.08,167.20,498.10,0.9026,-1,-1,-1
479,80,1097.12,266.45,76.18,273.82,0.8763,-1,-1,-1
479,101,651.11,204.06,123.15,389.29,0.9032,-1,-1,-1
479,86,651.30,204.06,123.03,389.26,0.9032,-1,-1,-1
479,65,977.71,192.20,124.90,442.82,0.7831,-1,-1,-1
480,78,1193.76,100.79,350.91,844.25,0.9397,-1,-1,-1
480,92,546.80,264.62,109.68,327.90,0.8781,-1,-1,-1
480,4,779.22,183.33,168.69,498.82,0.9079,-1,-1,-1
480,80,1097.65,266.01,76.31,276.60,0.8751,-1,-1,-1
480,101,647.17,204.40,130.08,392.49,0.9029,-1,-1,-1
480,86,647.34,204.39,129.97,392.46,0.9029,-1,-1,-1
480,65,976.81,192.40,125.87,445.82,0.8469,-1,-1,-1
481,78,1196.42,102.47,351.15,850.22,0.9435,-1,-1,-1
481,92,544.48,267.85,109.90,329.81,0.8785,-1,-1,-1
481,4,781.41,184.58,171.15,496.83,0.9082,-1,-1,-1
481,80,1098.36,271.14,77.96,275.42,0.8909,-1,-1,-1
481,101,645.82,206.43,134.66,396.08,0.9080,-1,-1,-1
481,86,645.99,206.43,134.56,396.06,0.9080,-1,-1,-1
481,65,976.25,196.57,128.23,441.49,0.8611,-1,-1,-1
482,78,1199.87,106.56,353.94,855.48,0.9410,-1,-1,-1
482,92,543.45,272.50,109.99,330.52,0.8494,-1,-1,-1
482,4,784.69,186.80,175.19,499.85,0.9020,-1,-1,-1
482,80,1098.88,275.74,80.01,273.80,0.8725,-1,-1,-1
482,101,647.05,209.84,136.53,399.02,0.9121,-1,-1,-1
482,86,647.20,209.84,136.44,399.00,0.9121,-1,-1,-1
482,65,976.19,200.65,131.37,440.96,0.8863,-1,-1,-1
483,78,1202.31,107.51,355.88,860.66,0.9385,-1,-1,-1
483,92,543.75,271.25,109.55,333.38,0.8699,-1,-1,-1
483,4,787.58,186.53,178.83,501.43,0.8953,-1,-1,-1
483,80,1101.89,274.88,82.24,274.48,0.8558,-1,-1,-1
483,101,647.61,209.20,140.30,402.61,0.9080,-1,-1,-1
483,86,647.75,209.19,140.21,402.59,0.9080,-1,-1,-1
483,65,980.57,200.29,131.75,444.16,0.9041,-1,-1,-1
484,78,1205.31,110.27,354.47,868.24,0.9419,-1,-1,-1
484,92,544.59,269.99,108.32,338.70,0.8606,-1,-1,-1
484,4,796.73,187.42,175.14,503.34,0.8996,-1,-1,-1
484,80,1104.03,276.40,85.07,273.23,0.7267,-1,-1,-1
484,101,648.92,208.23,139.85,406.55,0.9036,-1,-1,-1
484,86,649.05,208.22,139.77,406.54,0.9036,-1,-1,-1
484,65,986.47,203.05,128.00,445.04,0.9156,-1,-1,-1
485,78,1209.67,113.50,354.33,878.41,0.9399,-1,-1,-1
485,92,543.84,271.21,110.38,342.23,0.8721,-1,-1,-1
485,4,803.77,189.06,174.25,504.46,0.8874,-1,-1,-1
485,80,1106.30,278.75,85.46,273.29,0.8520,-1,-1,-1
485,101,651.48,207.39,137.50,411.79,0.9019,-1,-1,-1
485,86,651.59,207.39,137.43,411.78,0.9019,-1,-1,-1
485,65,993.63,206.74,123.83,446.42,0.9046,-1,-1,-1
486,78,1216.60,118.49,350.44,886.60,0.9421,-1,-1,-1
486,92,544.11,270.89,112.76,346.78,0.8863,-1,-1,-1
486,80,1107.21,280.65,93.88,274.84,0.8712,-1,-1,-1
486,101,654.02,208.14,139.48,415.01,0.8875,-1,-1,-1
486,86,654.12,208.14,139.42,415.00,0.8875,-1,-1,-1
486,65,999.64,210.54,120.71,448.17,0.8897,-1,-1,-1
487,78,1223.78,128.01,348.88,891.98,0.9408,-1,-1,-1
487,92,543.51,270.38,114.63,352.12,0.8917,-1,-1,-1
487,80,1112.90,284.37,93.71,278.07,0.8776,-1,-1,-1
487,101,656.97,210.26,146.78,418.62,0.8790,-1,-1,-1
487,86,657.06,210.26,146.73,418.61,0.8790,-1,-1,-1
487,65,1007.59,218.79,115.93,448.00,0.8674,-1,-1,-1
487,4,819.97,197.62,172.13,508.74,0.9251,-1,-1,-1
488,78,1228.18,136.83,347.26,892.34,0.9408,-1,-1,-1
488,92,544.23,271.62,115.43,355.36,0.8906,-1,-1,-1
488,80,1118.22,287.19,93.79,277.54,0.8620,-1,-1,-1
488,101,660.17,212.07,148.03,420.21,0.8781,-1,-1,-1
488,86,660.25,212.07,147.98,420.20,0.8781,-1,-1,-1
488,65,1009.84,224.03,117.92,446.87,0.8676,-1,-1,-1
488,4,826.33,202.92,173.68,509.99,0.9248,-1,-1,-1
489,78,1230.87,141.12,345.73,893.27,0.9403,-1,-1,-1
489,92,543.07,270.79,118.95,359.65,0.8821,-1,-1,-1
489,80,1127.36,291.51,89.04,279.30,0.8899,-1,-1,-1
489,101,662.59,212.57,153.32,420.36,0.8664,-1,-1,-1
489,86,662.66,212.57,153.28,420.35,0.8664,-1,-1,-1
489,65,1012.64,227.64,120.39,445.19,0.8623,-1,-1,-1
489,4,832.84,206.91,177.23,510.24,0.9113,-1,-1,-1
490,78,1232.15,144.33,348.15,891.76,0.9416,-1,-1,-1
490,92,538.01,271.38,126.77,362.76,0.8877,-1,-1,-1
490,80,1132.95,295.83,88.75,279.72,0.8867,-1,-1,-1
490,101,664.27,213.89,154.49,423.71,0.8661,-1,-1,-1
490,86,664.33,213.89,154.45,423.70,0.8661,-1,-1,-1
490,65,1014.19,228.23,123.97,449.17,0.8749,-1,-1,-1
490,4,838.53,213.62,177.77,509.11,0.9123,-1,-1,-1
491,78,1230.65,145.00,352.30,893.13,0.9400,-1,-1,-1
491,92,532.68,273.52,132.65,363.46,0.8644,-1,-1,-1
491,80,1135.59,299.65,91.39,278.70,0.8978,-1,-1,-1
491,101,664.73,214.28,158.14,428.27,0.8852,-1,-1,-1
491,86,664.78,214.29,158.11,428.26,0.8852,-1,-1,-1
491,65,1015.52,228.20,124.40,450.55,0.8880,-1,-1,-1
491,4,844.17,218.24,177.80,508.52,0.9044,-1,-1,-1
492,78,1227.25,143.27,362.65,895.01,0.9416,-1,-1,-1
492,92,528.09,273.45,138.98,364.60,0.8832,-1,-1,-1
492,80,1136.35,303.14,94.72,279.47,0.8894,-1,-1,-1
492,101,665.47,214.01,157.55,431.48,0.8942,-1,-1,-1
492,86,665.52,214.01,157.51,431.47,0.8942,-1,-1,-1
492,65,1015.90,230.10,124.88,453.31,0.8927,-1,-1,-1
492,4,848.13,222.33,178.18,507.80,0.8900,-1,-1,-1
493,78,1224.43,140.23,362.12,899.92,0.9337,-1,-1,-1
493,92,523.53,273.37,142.40,369.37,0.8704,-1,-1,-1
493,80,1135.73,307.32,98.78,278.49,0.8733,-1,-1,-1
493,101,661.33,214.80,161.67,435.23,0.8879,-1,-1,-1
493,86,661.37,214.80,161.65,435.22,0.8879,-1,-1,-1
493,65,1015.28,231.83,127.37,454.37,0.8923,-1,-1,-1
493,4,850.40,225.76,178.33,505.19,0.8737,-1,-1,-1
494,78,1219.72,136.02,356.90,896.26,0.9338,-1,-1,-1
494,92,519.60,274.39,144.26,375.37,0.8761,-1,-1,-1
494,80,1133.99,309.59,102.38,277.67,0.8637,-1,-1,-1
494,101,659.18,215.28,162.24,441.16,0.8954,-1,-1,-1
494,86,659.22,215.28,162.21,441.15,0.8954,-1,-1,-1
494,65,1014.26,232.53,127.80,451.79,0.8949,-1,-1,-1
494,4,854.57,227.22,175.50,503.31,0.8768,-1,-1,-1
495,78,1215.45,131.14,354.56,890.38,0.9351,-1,-1,-1
495,92,514.85,275.88,143.61,381.26,0.8563,-1,-1,-1
495,80,1134.25,311.18,101.73,278.65,0.8682,-1,-1,-1
495,101,654.61,215.79,165.04,447.66,0.8913,-1,-1,-1
495,86,654.64,215.79,165.02,447.65,0.8913,-1,-1,-1
495,65,1011.83,234.19,128.43,448.95,0.8935,-1,-1,-1
495,4,857.80,228.45,172.84,502.37,0.8884,-1,-1,-1
496,78,1214.58,126.30,352.01,884.91,0.9357,-1,-1,-1
496,92,511.60,279.11,142.41,383.81,0.8663,-1,-1,-1
496,80,1137.70,311.68,99.31,279.39,0.8467,-1,-1,-1
496,101,646.32,216.03,173.58,453.04,0.8959,-1,-1,-1
496,86,646.35,216.03,173.56,453.04,0.8959,-1,-1,-1
496,65,1012.11,234.95,127.96,446.84,0.8861,-1,-1,-1
496,4,859.48,228.97,172.79,500.74,0.8662,-1,-1,-1
497,78,1214.04,121.39,350.64,885.31,0.9355,-1,-1,-1
497,92,508.44,281.60,142.61,384.97,0.8820,-1,-1,-1
497,80,1139.33,311.70,98.39,281.03,0.8111,-1,-1,-1
497,101,639.60,215.24,179.10,455.66,0.8948,-1,-1,-1
497,86,639.63,215.24,179.08,455.66,0.8948,-1,-1,-1
497,65,1011.49,234.97,127.86,446.93,0.8831,-1,-1,-1
497,4,860.35,229.57,174.51,480.23,0.8595,-1,-1,-1
498,78,1212.64,118.23,350.69,891.45,0.9324,-1,-1,-1
498,92,504.88,284.70,140.43,385.10,0.8866,-1,-1,-1
498,80,1139.33,311.44,98.85,284.27,0.6548,-1,-1,-1
498,101,634.78,213.74,179.70,461.02,0.9020,-1,-1,-1
498,86,634.81,213.74,179.68,461.02,0.9020,-1,-1,-1
498,65,1010.21,235.57,128.34,448.00,0.8856,-1,-1,-1
498,4,859.11,227.78,177.50,464.21,0.8277,-1,-1,-1
499,78,1211.89,114.47,350.46,901.92,0.9337,-1,-1,-1
499,92,497.65,287.05,143.20,387.60,0.8912,-1,-1,-1
499,80,1141.64,310.82,96.28,285.10,0.8238,-1,-1,-1
499,101,629.13,214.22,177.71,466.07,0.9125,-1,-1,-1
499,86,629.16,214.22,177.69,466.07,0.9125,-1,-1,-1
499,65,1009.80,234.76,127.75,448.64,0.8821,-1,-1,-1
499,4,859.12,227.09,179.01,481.07,0.8644,-1,-1,-1
500,78,1209.64,113.56,351.80,912.39,0.9332,-1,-1,-1
500,92,492.23,288.85,142.63,390.43,0.8950,-1,-1,-1
500,80,1140.96,311.24,96.57,286.33,0.8542,-1,-1,-1
500,101,624.78,213.95,175.59,471.95,0.8886,-1,-1,-1
500,86,624.80,213.95,175.57,471.95,0.8886,-1,-1,-1
500,65,1008.93,234.23,125.62,450.87,0.8875,-1,-1,-1
500,4,858.89,226.71,178.33,485.06,0.8741,-1,-1,-1
501,78,1208.92,112.46,352.04,921.90,0.9363,-1,-1,-1
501,92,486.06,285.46,143.38,398.64,0.9034,-1,-1,-1
501,80,1141.99,311.06,95.29,286.52,0.8687,-1,-1,-1
501,101,620.29,210.35,171.45,481.27,0.8744,-1,-1,-1
501,86,620.31,210.35,171.44,481.27,0.8744,-1,-1,-1
501,65,1007.93,234.74,126.06,451.67,0.8874,-1,-1,-1
501,4,857.63,226.79,180.05,489.81,0.8793,-1,-1,-1
502,78,1209.31,112.54,351.35,927.58,0.9393,-1,-1,-1
502,92,480.07,284.03,142.12,404.78,0.8906,-1,-1,-1
502,80,1140.87,310.98,96.25,285.31,0.9016,-1,-1,-1
502,101,614.60,211.57,172.66,484.13,0.8583,-1,-1,-1
502,86,614.62,211.57,172.65,484.12,0.8583,-1,-1,-1
502,65,1007.14,235.70,124.88,451.38,0.8877,-1,-1,-1
502,4,857.76,228.19,180.04,491.91,0.8844,-1,-1,-1
503,78,1208.98,113.46,350.27,931.48,0.9413,-1,-1,-1
503,92,470.92,279.00,142.49,411.19,0.8905,-1,-1,-1
503,80,1138.19,308.62,96.46,285.90,0.9083,-1,-1,-1
503,101,606.56,208.59,171.34,488.18,0.8900,-1,-1,-1
503,86,606.57,208.59,171.33,488.18,0.8900,-1,-1,-1
503,65,1005.08,235.14,126.04,449.53,0.8781,-1,-1,-1
503,4,855.34,226.51,180.68,494.37,0.8799,-1,-1,-1
504,78,1207.79,114.03,350.74,936.08,0.9423,-1,-1,-1
504,92,461.76,275.42,145.47,414.48,0.8884,-1,-1,-1
504,80,1136.63,305.02,97.93,288.70,0.9069,-1,-1,-1
504,101,599.64,199.79,172.48,497.83,0.8919,-1,-1,-1
504,86,599.65,199.79,172.47,497.83,0.8919,-1,-1,-1
504,65,1004.60,233.25,125.58,449.48,0.8798,-1,-1,-1
504,4,852.52,224.93,182.15,495.09,0.8756,-1,-1,-1
505,78,1208.56,114.02,350.66,940.66,0.9416,-1,-1,-1
505,92,450.63,270.25,147.35,421.37,0.8932,-1,-1,-1
505,80,1135.18,302.65,97.81,289.00,0.8909,-1,-1,-1
505,101,590.18,195.31,175.00,502.45,0.9174,-1,-1,-1
505,86,590.19,195.31,174.99,502.44,0.9174,-1,-1,-1
505,65,1003.81,231.43,121.47,449.34,0.8551,-1,-1,-1
505,4,854.15,223.44,181.83,495.76,0.8711,-1,-1,-1
506,78,1208.70,113.02,351.75,943.45,0.9413,-1,-1,-1
506,92,440.36,265.61,152.47,428.20,0.7628,-1,-1,-1
506,80,1130.37,299.52,102.67,291.19,0.8880,-1,-1,-1
506,101,582.94,187.79,173.58,508.62,0.9000,-1,-1,-1
506,86,582.95,187.79,173.58,508.61,0.9000,-1,-1,-1
506,65,1003.08,230.88,119.87,448.41,0.8483,-1,-1,-1
506,4,854.23,222.07,182.32,500.37,0.8671,-1,-1,-1
507,78,1210.83,111.64,350.61,936.35,0.9418,-1,-1,-1
507,92,431.14,261.86,152.50,434.87,0.9030,-1,-1,-1
507,80,1128.81,297.54,102.57,292.50,0.8932,-1,-1,-1
507,101,573.65,186.99,171.57,508.66,0.8981,-1,-1,-1
507,86,573.65,186.99,171.57,508.66,0.8981,-1,-1,-1
507,65,1003.04,231.54,116.85,448.49,0.8348,-1,-1,-1
507,4,856.57,222.03,178.74,503.19,0.8743,-1,-1,-1
508,78,1211.93,108.37,348.80,933.51,0.9426,-1,-1,-1
508,92,418.61,259.44,151.61,439.28,0.9023,-1,-1,-1
508,80,1130.45,295.23,99.02,293.42,0.8851,-1,-1,-1
508,101,562.66,182.62,170.63,516.74,0.8795,-1,-1,-1
508,86,562.66,182.62,170.63,516.74,0.8795,-1,-1,-1
508,65,1001.34,230.44,111.91,447.31,0.8088,-1,-1,-1
508,4,855.81,221.42,175.83,502.88,0.8682,-1,-1,-1
509,78,1211.18,105.11,347.42,932.56,0.9410,-1,-1,-1
509,92,407.30,256.05,151.33,442.07,0.9152,-1,-1,-1
509,80,1127.39,293.43,96.77,293.69,0.8756,-1,-1,-1
509,101,550.43,178.25,172.52,521.79,0.9123,-1,-1,-1
509,86,550.44,178.25,172.51,521.79,0.9123,-1,-1,-1
509,65,1000.39,229.96,104.00,447.87,0.7782,-1,-1,-1
509,4,858.19,220.08,170.17,498.96,0.8555,-1,-1,-1
510,78,1208.31,101.09,353.80,931.21,0.9373,-1,-1,-1
510,92,392.67,253.88,152.49,449.86,0.9087,-1,-1,-1
510,80,1122.62,291.69,97.12,294.29,0.8590,-1,-1,-1
510,101,536.48,173.99,177.44,532.01,0.9196,-1,-1,-1
510,86,536.49,173.99,177.43,532.01,0.9196,-1,-1,-1
510,65,998.38,227.39,97.70,450.92,0.7826,-1,-1,-1
510,4,856.62,219.34,167.86,495.72,0.8088,-1,-1,-1
511,78,1205.55,95.32,358.08,922.93,0.9358,-1,-1,-1
511,92,377.21,252.10,157.93,460.91,0.9133,-1,-1,-1
511,80,1120.01,288.47,95.54,296.02,0.8514,-1,-1,-1
511,101,524.22,172.59,179.82,539.93,0.8255,-1,-1,-1
511,86,524.22,172.59,179.82,539.93,0.8255,-1,-1,-1
511,65,993.00,223.06,100.97,456.43,0.7180,-1,-1,-1
511,4,860.93,217.51,161.28,489.79,0.8049,-1,-1,-1
512,78,1205.74,89.80,355.01,909.27,0.9343,-1,-1,-1
512,92,364.26,250.91,158.58,470.01,0.9058,-1,-1,-1
512,80,1115.30,284.76,96.73,298.86,0.8753,-1,-1,-1
512,101,511.54,168.13,179.70,545.41,0.7771,-1,-1,-1
512,86,511.54,168.13,179.70,545.41,0.7771,-1,-1,-1
512,65,990.41,219.79,103.21,460.37,0.7799,-1,-1,-1
512,4,857.77,215.78,162.63,485.98,0.8149,-1,-1,-1
513,78,1207.86,84.32,352.47,898.52,0.9337,-1,-1,-1
513,92,351.81,247.66,161.37,477.17,0.9143,-1,-1,-1
513,80,1111.62,283.25,97.64,298.20,0.8537,-1,-1,-1
513,101,500.79,161.90,182.68,554.17,0.6963,-1,-1,-1
513,86,500.79,161.90,182.68,554.17,0.6963,-1,-1,-1
513,65,988.91,220.17,90.93,450.23,0.7007,-1,-1,-1
513,4,854.61,212.66,164.19,484.51,0.8539,-1,-1,-1
514,78,1209.75,75.47,350.45,898.46,0.9262,-1,-1,-1
514,92,340.28,246.08,166.47,479.90,0.8953,-1,-1,-1
514,80,1109.01,279.43,99.30,297.85,0.8782,-1,-1,-1
514,101,488.59,157.64,193.12,568.58,0.8645,-1,-1,-1
514,86,488.59,157.64,193.11,568.58,0.8645,-1,-1,-1
514,65,987.62,214.78,89.20,450.98,0.8119,-1,-1,-1
514,4,853.90,205.27,162.12,487.84,0.8335,-1,-1,-1
514,107,1058.27,296.65,55.81,210.00,0.3696,-1,-1,-1
515,78,1212.95,67.82,347.25,906.21,0.9417,-1,-1,-1
515,92,329.00,245.21,169.56,482.30,0.9171,-1,-1,-1
515,80,1105.52,276.00,101.75,299.12,0.8951,-1,-1,-1
515,101,481.12,153.76,195.17,580.15,0.8769,-1,-1,-1
515,86,481.12,153.76,195.17,580.15,0.8769,-1,-1,-1
515,65,987.63,211.80,88.75,452.20,0.8221,-1,-1,-1
515,4,853.26,201.95,160.53,486.74,0.8437,-1,-1,-1
515,107,1056.52,290.06,57.90,219.50,0.4743,-1,-1,-1
516,78,1216.24,62.14,343.92,909.72,0.9372,-1,-1,-1
516,92,318.36,244.40,172.96,489.59,0.9188,-1,-1,-1
516,80,1104.73,272.26,101.69,301.13,0.8925,-1,-1,-1
516,101,472.94,150.66,200.86,585.22,0.8823,-1,-1,-1
516,86,472.95,150.66,200.86,585.22,0.8823,-1,-1,-1
516,65,987.37,207.13,88.22,450.20,0.8188,-1,-1,-1
516,4,851.79,198.54,160.33,487.82,0.8745,-1,-1,-1
517,78,1219.96,58.52,341.57,921.07,0.9369,-1,-1,-1
517,92,309.29,240.81,172.60,502.26,0.9176,-1,-1,-1
517,80,1105.27,269.81,103.00,303.78,0.8900,-1,-1,-1
517,101,466.91,149.49,204.61,594.67,0.9024,-1,-1,-1
517,86,466.91,149.49,204.61,594.67,0.9024,-1,-1,-1
517,65,987.68,205.01,85.81,442.19,0.8146,-1,-1,-1
517,4,854.17,196.62,156.87,490.01,0.8736,-1,-1,-1
517,107,1056.05,294.68,57.09,208.92,0.3519,-1,-1,-1
518,78,1221.82,56.22,340.94,931.35,0.9381,-1,-1,-1
518,92,299.82,237.80,174.54,514.65,0.9278,-1,-1,-1
518,80,1104.17,268.48,105.37,306.11,0.8825,-1,-1,-1
518,101,460.61,146.27,209.09,605.32,0.8950,-1,-1,-1
518,86,460.61,146.27,209.08,605.32,0.8950,-1,-1,-1
518,65,987.79,202.35,82.59,436.94,0.3776,-1,-1,-1
518,4,855.52,194.80,154.00,493.34,0.8407,-1,-1,-1
518,107,1053.05,292.41,61.66,218.11,0.5579,-1,-1,-1
519,78,1223.20,55.13,340.23,937.57,0.9349,-1,-1,-1
519,92,289.92,231.53,178.02,527.24,0.9174,-1,-1,-1
519,80,1102.13,263.88,107.26,309.47,0.8848,-1,-1,-1
519,101,453.32,140.69,214.32,618.26,0.8775,-1,-1,-1
519,86,453.32,140.69,214.32,618.26,0.8775,-1,-1,-1
519,65,986.66,200.02,81.13,433.90,0.7551,-1,-1,-1
519,4,854.28,193.16,154.91,495.91,0.8617,-1,-1,-1
519,107,1054.35,286.60,59.62,223.34,0.5963,-1,-1,-1
520,78,1227.62,53.87,337.70,945.44,0.9343,-1,-1,-1
520,92,278.37,225.93,183.83,535.43,0.9050,-1,-1,-1
520,80,1102.92,263.18,107.91,308.08,0.8764,-1,-1,-1
520,101,446.79,136.27,221.12,628.90,0.8804,-1,-1,-1
520,86,446.79,136.27,221.12,628.90,0.8804,-1,-1,-1
520,65,985.78,197.22,80.76,435.98,0.7709,-1,-1,-1
520,4,855.93,191.38,154.17,497.24,0.8480,-1,-1,-1
520,107,1055.83,287.99,58.00,223.75,0.5983,-1,-1,-1
521,78,1233.10,57.87,336.80,949.67,0.9335,-1,-1,-1
521,92,273.02,226.59,185.87,538.43,0.8962,-1,-1,-1
521,80,1107.01,263.37,109.28,308.48,0.8701,-1,-1,-1
521,101,444.43,133.39,225.64,636.67,0.8811,-1,-1,-1
521,86,444.43,133.38,225.64,636.67,0.8811,-1,-1,-1
521,65,989.05,195.99,79.76,437.25,0.8215,-1,-1,-1
521,4,859.50,192.92,152.32,498.83,0.8500,-1,-1,-1
521,107,1059.08,291.96,57.51,219.64,0.6535,-1,-1,-1
522,78,1236.01,58.20,331.23,953.07,0.9351,-1,-1,-1
522,92,266.05,222.74,188.22,544.82,0.5857,-1,-1,-1
522,80,1108.14,260.14,109.25,307.90,0.8678,-1,-1,-1
522,101,440.49,128.23,229.07,643.86,0.8942,-1,-1,-1
522,86,440.50,128.23,229.07,643.86,0.8942,-1,-1,-1
522,65,989.70,193.20,79.13,438.84,0.7807,-1,-1,-1
522,4,860.44,193.21,152.61,496.49,0.8537,-1,-1,-1
522,107,1059.83,288.26,59.37,218.10,0.6662,-1,-1,-1
523,78,1237.47,55.66,326.48,959.95,0.9353,-1,-1,-1
523,92,256.92,217.02,195.74,555.95,0.9056,-1,-1,-1
523,80,1107.72,256.96,110.88,307.79,0.8602,-1,-1,-1
523,101,436.77,118.73,233.42,655.34,0.8982,-1,-1,-1
523,86,436.77,118.73,233.42,655.34,0.8982,-1,-1,-1
523,65,990.17,190.63,79.26,441.56,0.7964,-1,-1,-1
523,107,1059.97,286.40,60.75,212.77,0.7292,-1,-1,-1
524,78,1238.90,54.45,323.47,960.68,0.9350,-1,-1,-1
524,92,249.35,214.59,200.47,563.33,0.9018,-1,-1,-1
524,80,1106.54,255.67,114.10,308.72,0.8590,-1,-1,-1
524,101,433.72,116.16,236.86,661.21,0.8977,-1,-1,-1
524,86,433.72,116.16,236.86,661.21,0.8977,-1,-1,-1
524,65,991.96,190.61,79.08,443.01,0.7575,-1,-1,-1
524,107,1060.41,283.32,62.81,215.56,0.7650,-1,-1,-1
524,4,870.27,194.76,148.20,494.13,0.8768,-1,-1,-1
525,78,1239.47,51.63,325.07,963.02,0.9299,-1,-1,-1
525,92,241.92,211.77,203.31,568.95,0.8920,-1,-1,-1
525,80,1110.18,254.41,115.44,308.62,0.8439,-1,-1,-1
525,101,432.62,111.78,240.98,668.80,0.9035,-1,-1,-1
525,86,432.62,111.78,240.98,668.80,0.9035,-1,-1,-1
525,65,995.51,197.52,81.61,441.61,0.4131,-1,-1,-1
525,107,1064.77,282.21,62.23,216.24,0.7204,-1,-1,-1
525,4,873.63,193.53,149.64,492.45,0.8814,-1,-1,-1
526,78,1242.87,49.80,325.39,964.48,0.9286,-1,-1,-1
526,92,233.80,208.83,206.34,576.45,0.8809,-1,-1,-1
526,80,1114.03,254.24,116.64,311.08,0.8489,-1,-1,-1
526,101,430.78,110.01,246.03,674.53,0.9099,-1,-1,-1
526,86,430.78,110.01,246.03,674.53,0.9099,-1,-1,-1
526,65,997.93,200.62,85.25,445.78,0.4347,-1,-1,-1
526,107,1070.33,279.39,59.89,220.79,0.6741,-1,-1,-1
526,4,878.21,195.90,150.21,494.77,0.9149,-1,-1,-1
527,78,1247.25,50.65,323.74,963.75,0.9343,-1,-1,-1
527,92,227.09,206.59,207.73,583.11,0.8874,-1,-1,-1
527,80,1118.49,255.74,118.73,312.26,0.8803,-1,-1,-1
527,101,426.77,107.78,252.69,679.66,0.9139,-1,-1,-1
527,86,426.77,107.78,252.68,679.66,0.9139,-1,-1,-1
527,65,999.74,203.35,87.77,448.85,0.5306,-1,-1,-1
527,107,1073.08,279.88,61.51,225.69,0.5610,-1,-1,-1
527,4,881.50,197.15,150.76,493.02,0.8714,-1,-1,-1
528,78,1247.28,49.21,327.73,963.48,0.9325,-1,-1,-1
528,92,222.76,204.84,209.83,591.04,0.8819,-1,-1,-1
528,80,1124.87,257.20,115.00,313.71,0.8998,-1,-1,-1
528,101,421.85,106.41,259.02,684.95,0.9144,-1,-1,-1
528,86,421.85,106.41,259.02,684.95,0.9144,-1,-1,-1
528,65,1001.59,205.25,90.11,450.87,0.3856,-1,-1,-1
528,107,1077.05,278.53,62.20,227.24,0.7737,-1,-1,-1
528,4,880.97,196.99,154.73,492.67,0.8803,-1,-1,-1
529,78,1247.32,49.85,331.35,957.74,0.9324,-1,-1,-1
529,92,220.77,204.62,210.80,606.25,0.8704,-1,-1,-1
529,80,1131.86,259.23,111.57,314.27,0.8696,-1,-1,-1
529,101,417.03,103.97,267.16,694.71,0.9080,-1,-1,-1
529,86,417.04,103.97,267.16,694.71,0.9080,-1,-1,-1
529,65,1003.66,205.51,89.40,452.67,0.4631,-1,-1,-1
529,107,1083.02,281.55,60.70,229.54,0.6691,-1,-1,-1
529,4,879.22,197.50,156.57,487.18,0.8751,-1,-1,-1
530,78,1248.95,48.72,338.36,948.17,0.9301,-1,-1,-1
530,92,213.80,204.34,216.97,625.91,0.8828,-1,-1,-1
530,80,1136.39,261.74,109.68,314.14,0.6711,-1,-1,-1
530,101,407.42,101.23,278.72,709.27,0.9202,-1,-1,-1
530,86,407.42,101.23,278.72,709.27,0.9202,-1,-1,-1
530,65,1008.06,207.87,88.33,452.48,0.7063,-1,-1,-1
530,107,1088.80,291.23,60.75,219.95,0.7195,-1,-1,-1
530,4,886.68,196.63,148.84,486.46,0.8588,-1,-1,-1
531,78,1250.00,48.15,343.16,944.07,0.9354,-1,-1,-1
531,92,208.01,205.07,220.39,637.23,0.8980,-1,-1,-1
531,80,1143.85,262.91,107.21,314.90,0.8920,-1,-1,-1
531,101,403.30,96.05,282.92,732.94,0.9220,-1,-1,-1
531,86,403.30,96.05,282.92,732.94,0.9220,-1,-1,-1
531,65,1011.00,209.01,91.79,450.71,0.8255,-1,-1,-1
531,107,1094.23,291.64,62.70,220.45,0.7310,-1,-1,-1
531,4,882.61,196.44,154.88,487.98,0.8630,-1,-1,-1
532,78,1252.06,47.37,347.34,947.79,0.9347,-1,-1,-1
532,92,201.72,207.17,225.00,640.10,0.9035,-1,-1,-1
532,80,1147.57,263.87,106.49,316.35,0.9004,-1,-1,-1
532,101,398.57,93.11,287.96,750.95,0.9237,-1,-1,-1
532,86,398.57,93.11,287.96,750.95,0.9237,-1,-1,-1
532,65,1014.83,207.12,92.50,451.35,0.7557,-1,-1,-1
532,107,1097.95,291.03,64.10,224.02,0.6407,-1,-1,-1
532,4,886.89,197.80,153.99,488.92,0.8886,-1,-1,-1
533,78,1254.12,47.09,352.15,952.24,0.9298,-1,-1,-1
533,92,197.52,209.18,225.33,647.16,0.9061,-1,-1,-1
533,80,1151.88,267.08,105.24,318.05,0.8862,-1,-1,-1
533,101,392.16,91.35,294.43,760.08,0.9175,-1,-1,-1
533,86,392.16,91.35,294.43,760.08,0.9175,-1,-1,-1
533,65,1017.01,205.10,91.94,455.88,0.8447,-1,-1,-1
533,4,892.10,199.85,151.91,489.03,0.8968,-1,-1,-1
534,78,1259.43,45.14,356.90,962.05,0.9296,-1,-1,-1
534,92,189.71,210.75,225.22,650.34,0.9143,-1,-1,-1
534,80,1154.92,269.01,105.85,319.32,0.8629,-1,-1,-1
534,101,383.92,90.28,300.28,764.36,0.9166,-1,-1,-1
534,86,383.92,90.28,300.28,764.36,0.9166,-1,-1,-1
534,65,1018.80,203.53,91.75,462.85,0.7849,-1,-1,-1
534,4,894.87,201.98,151.91,493.21,0.9040,-1,-1,-1
534,107,1106.22,285.98,63.20,228.09,0.3864,-1,-1,-1
535,78,1263.13,43.49,358.12,973.51,0.9304,-1,-1,-1
535,92,178.72,208.43,230.55,672.05,0.9225,-1,-1,-1
535,80,1155.61,270.12,108.96,317.59,0.8599,-1,-1,-1
535,101,374.50,86.68,304.99,778.17,0.9129,-1,-1,-1
535,86,374.50,86.68,304.99,778.17,0.9129,-1,-1,-1
535,65,1019.02,201.33,92.76,469.61,0.8034,-1,-1,-1
535,4,896.46,203.61,154.02,493.83,0.9062,-1,-1,-1
536,78,1263.55,41.59,364.32,983.84,0.9287,-1,-1,-1
536,92,168.29,207.70,234.18,683.56,0.8682,-1,-1,-1
536,80,1155.79,269.73,110.53,317.89,0.8630,-1,-1,-1
536,101,368.94,82.45,304.41,802.54,0.9124,-1,-1,-1
536,86,368.94,82.45,304.41,802.54,0.9124,-1,-1,-1
536,65,1018.67,199.56,94.61,469.58,0.8289,-1,-1,-1
536,4,899.51,203.75,153.02,495.58,0.8924,-1,-1,-1
537,78,1263.99,40.44,370.12,992.20,0.9302,-1,-1,-1
537,92,153.84,205.87,239.91,695.37,0.9013,-1,-1,-1
537,80,1155.83,270.07,111.80,317.71,0.8404,-1,-1,-1
537,101,361.34,78.68,305.95,825.85,0.9150,-1,-1,-1
537,86,361.34,78.68,305.95,825.85,0.9150,-1,-1,-1
537,65,1018.90,200.21,95.47,466.76,0.8244,-1,-1,-1
537,4,902.15,206.88,151.86,494.83,0.8897,-1,-1,-1
538,78,1266.03,39.79,374.99,999.77,0.9328,-1,-1,-1
538,92,137.37,199.82,245.15,708.74,0.8943,-1,-1,-1
538,80,1157.08,268.54,111.52,320.71,0.8541,-1,-1,-1
538,101,350.89,68.71,302.63,846.44,0.9129,-1,-1,-1
538,86,350.89,68.71,302.63,846.44,0.9129,-1,-1,-1
538,65,1019.64,200.19,99.59,464.86,0.8148,-1,-1,-1
538,4,903.62,209.59,152.31,492.59,0.8827,-1,-1,-1
539,78,1267.11,38.26,378.26,1007.37,0.9369,-1,-1,-1
539,92,115.31,188.70,250.27,722.47,0.9014,-1,-1,-1
539,80,1154.48,264.84,111.75,324.11,0.8511,-1,-1,-1
539,101,341.18,55.38,306.52,865.35,0.9001,-1,-1,-1
539,86,341.18,55.38,306.52,865.35,0.9001,-1,-1,-1
539,65,1019.36,198.57,102.87,460.44,0.8033,-1,-1,-1
539,4,902.35,209.10,152.48,492.78,0.8863,-1,-1,-1
540,78,1270.54,40.05,376.51,1014.44,0.9381,-1,-1,-1
540,92,98.18,180.52,247.96,735.22,0.9212,-1,-1,-1
540,80,1152.26,265.71,107.83,324.37,0.8805,-1,-1,-1
540,101,327.49,49.84,311.14,876.88,0.8887,-1,-1,-1
540,86,327.49,49.84,311.14,876.88,0.8887,-1,-1,-1
540,65,1020.57,198.80,96.73,460.66,0.7483,-1,-1,-1
540,4,902.15,211.00,152.65,492.60,0.8876,-1,-1,-1
541,78,1270.89,47.53,377.49,1013.55,0.9338,-1,-1,-1
541,92,77.47,177.27,252.82,746.59,0.9323,-1,-1,-1
541,80,1139.41,267.47,115.49,325.34,0.8810,-1,-1,-1
541,101,307.49,43.18,311.37,889.25,0.9052,-1,-1,-1
541,86,307.49,43.18,311.37,889.25,0.9052,-1,-1,-1
541,65,1017.74,199.87,97.77,460.02,0.8093,-1,-1,-1
541,4,902.50,213.73,149.46,488.06,0.8581,-1,-1,-1
542,78,1271.20,49.84,378.39,1010.34,0.9313,-1,-1,-1
542,92,53.74,165.02,258.32,760.33,0.9259,-1,-1,-1
542,80,1138.65,265.05,112.33,326.52,0.8994,-1,-1,-1
542,101,290.11,32.97,309.05,901.57,0.9217,-1,-1,-1
542,86,290.11,32.97,309.05,901.57,0.9217,-1,-1,-1
542,65,1016.56,197.33,91.27,459.34,0.7464,-1,-1,-1
542,4,898.85,208.47,152.02,491.15,0.8577,-1,-1,-1
542,109,584.82,290.86,68.41,249.99,0.5966,-1,-1,-1
543,78,1274.08,49.83,377.18,1006.31,0.9332,-1,-1,-1
543,92,29.98,157.71,263.05,773.29,0.9123,-1,-1,-1
543,80,1132.63,263.29,113.37,327.50,0.8550,-1,-1,-1
543,101,261.47,19.90,321.91,920.34,0.9173,-1,-1,-1
543,86,261.47,19.90,321.91,920.34,0.9173,-1,-1,-1
543,65,1014.67,193.80,88.64,460.55,0.7269,-1,-1,-1
543,4,893.65,205.33,155.05,491.28,0.8654,-1,-1,-1
543,109,581.34,287.40,72.46,254.50,0.6209,-1,-1,-1
544,78,1276.77,51.14,375.73,1008.85,0.9410,-1,-1,-1
544,92,6.63,153.31,269.94,784.67,0.9167,-1,-1,-1
544,80,1120.31,262.82,120.16,328.14,0.8840,-1,-1,-1
544,101,250.98,10.99,316.49,937.75,0.9383,-1,-1,-1
544,86,250.98,10.99,316.49,937.75,0.9383,-1,-1,-1
544,65,1012.22,193.14,89.26,462.42,0.5893,-1,-1,-1
544,4,891.85,203.18,154.58,489.29,0.8776,-1,-1,-1
544,109,578.63,286.88,73.88,257.31,0.6904,-1,-1,-1
545,78,1279.01,52.97,373.52,1005.12,0.9455,-1,-1,-1
545,92,-4.62,145.99,261.67,801.81,0.9160,-1,-1,-1
545,80,1110.55,264.33,124.58,328.31,0.8836,-1,-1,-1
545,101,225.35,3.61,326.23,952.09,0.9172,-1,-1,-1
545,86,225.35,3.61,326.23,952.09,0.9172,-1,-1,-1
545,65,1010.28,195.80,90.72,459.30,0.5740,-1,-1,-1
545,4,889.76,203.63,154.35,484.85,0.8682,-1,-1,-1
545,109,577.61,289.27,72.18,255.58,0.7309,-1,-1,-1
546,78,1278.78,53.49,373.15,1003.22,0.9454,-1,-1,-1
546,92,-8.25,139.84,246.45,822.35,0.9150,-1,-1,-1
546,80,1107.71,267.16,122.26,325.22,0.8709,-1,-1,-1
546,101,203.25,0.65,335.81,960.66,0.9265,-1,-1,-1
546,86,203.25,0.65,335.81,960.66,0.9265,-1,-1,-1
546,4,885.31,203.40,156.21,482.92,0.8651,-1,-1,-1
546,109,574.55,288.99,70.68,254.39,0.7751,-1,-1,-1
547,78,1277.78,52.84,371.35,996.36,0.9459,-1,-1,-1
547,92,-8.63,131.47,228.60,838.50,0.9243,-1,-1,-1
547,80,1107.42,268.23,115.41,323.67,0.8425,-1,-1,-1
547,101,182.85,-0.99,343.63,966.22,0.9279,-1,-1,-1
547,86,182.85,-0.99,343.63,966.22,0.9279,-1,-1,-1
547,4,879.01,201.60,156.29,482.61,0.8742,-1,-1,-1
547,109,568.55,289.25,65.79,254.50,0.7066,-1,-1,-1
547,65,1002.37,201.90,101.58,449.88,0.4046,-1,-1,-1
548,78,1277.04,52.49,369.82,984.38,0.9448,-1,-1,-1
548,92,-7.82,125.58,211.48,845.33,0.8920,-1,-1,-1
548,80,1098.85,270.17,115.89,324.11,0.8685,-1,-1,-1
548,101,160.09,-1.54,358.24,986.04,0.9334,-1,-1,-1
548,86,160.09,-1.54,358.24,986.04,0.9334,-1,-1,-1
548,4,873.27,202.82,156.60,482.85,0.8863,-1,-1,-1
548,109,562.31,288.03,65.85,259.44,0.7441,-1,-1,-1
548,65,1011.94,251.55,102.39,383.06,0.4806,-1,-1,-1
549,78,1276.12,51.67,367.34,972.14,0.9432,-1,-1,-1
549,92,-6.35,125.32,198.73,850.94,0.8801,-1,-1,-1
549,80,1095.38,271.41,113.57,324.17,0.8916,-1,-1,-1
549,101,122.06,-1.53,389.72,1019.38,0.9247,-1,-1,-1
549,86,122.06,-1.53,389.71,1019.38,0.9247,-1,-1,-1
549,4,868.35,202.25,156.02,487.94,0.8968,-1,-1,-1
549,109,555.16,290.66,66.29,256.37,0.7719,-1,-1,-1
549,65,999.52,229.74,122.34,416.00,0.6120,-1,-1,-1
550,78,1275.38,50.01,364.99,970.80,0.9421,-1,-1,-1
550,92,-5.36,150.46,166.86,837.34,0.8608,-1,-1,-1
550,80,1094.28,271.66,106.33,325.29,0.8835,-1,-1,-1
550,101,92.95,0.06,399.94,1054.30,0.9212,-1,-1,-1
550,86,92.95,0.06,399.94,1054.30,0.9212,-1,-1,-1
550,4,865.55,202.91,154.62,491.82,0.8950,-1,-1,-1
550,109,547.15,287.74,71.08,260.17,0.7610,-1,-1,-1
550,65,991.14,220.11,95.95,430.43,0.4255,-1,-1,-1
551,78,1274.99,49.34,363.80,979.66,0.9368,-1,-1,-1
551,92,-3.16,221.27,148.05,767.78,0.8242,-1,-1,-1
551,80,1092.42,273.14,103.53,323.51,0.8692,-1,-1,-1
551,101,68.53,-0.32,405.80,1067.97,0.9128,-1,-1,-1
551,86,68.53,-0.32,405.80,1067.97,0.9128,-1,-1,-1
551,4,863.73,205.99,150.15,490.01,0.8914,-1,-1,-1
551,109,540.66,285.22,67.34,263.74,0.8334,-1,-1,-1
551,111,1031.58,279.68,93.68,346.94,0.6590,-1,-1,-1
551,112,1619.88,285.34,65.35,170.85,0.4899,-1,-1,-1
552,78,1275.47,48.33,361.18,987.64,0.9358,-1,-1,-1
552,92,-2.05,239.81,128.29,751.79,0.7569,-1,-1,-1
552,80,1091.47,275.32,99.21,322.37,0.7120,-1,-1,-1
552,101,32.33,0.05,422.79,1072.38,0.9339,-1,-1,-1
552,86,32.33,0.05,422.79,1072.38,0.9339,-1,-1,-1
552,4,859.20,210.43,148.68,483.12,0.9002,-1,-1,-1
552,109,535.16,284.38,68.47,265.67,0.8338,-1,-1,-1
552,111,1027.95,279.12,95.75,348.43,0.5543,-1,-1,-1
552,65,976.70,216.61,86.18,416.82,0.4663,-1,-1,-1
553,78,1278.66,47.66,356.31,995.16,0.9317,-1,-1,-1
553,80,1092.98,275.70,92.35,325.05,0.8279,-1,-1,-1
553,101,4.40,1.15,436.80,1072.11,0.9368,-1,-1,-1
553,86,4.40,1.15,436.80,1072.11,0.9368,-1,-1,-1
553,4,853.43,213.84,146.74,481.42,0.8902,-1,-1,-1
553,109,530.30,290.10,69.32,261.98,0.8029,-1,-1,-1
553,111,1029.42,273.34,92.53,357.95,0.5307,-1,-1,-1
553,65,972.59,215.69,84.91,417.42,0.5902,-1,-1,-1
553,107,1020.67,272.18,108.89,362.58,0.5303,-1,-1,-1
554,78,1276.44,47.39,353.54,1002.03,0.9370,-1,-1,-1
554,80,1093.96,277.29,89.90,328.32,0.7667,-1,-1,-1
554,101,-6.47,2.67,436.30,1070.77,0.9449,-1,-1,-1
554,86,-6.47,2.67,436.30,1070.77,0.9449,-1,-1,-1
554,4,851.73,218.42,140.60,480.22,0.8924,-1,-1,-1
554,109,527.29,289.27,69.31,265.52,0.8204,-1,-1,-1
554,111,1025.84,272.59,101.01,367.17,0.5691,-1,-1,-1
554,65,967.75,214.16,83.96,432.26,0.5319,-1,-1,-1
554,107,1021.13,272.88,107.23,368.91,0.5691,-1,-1,-1
554,112,1611.74,287.79,72.61,170.35,0.5948,-1,-1,-1
555,78,1271.65,49.97,352.98,1006.55,0.9385,-1,-1,-1
555,80,1093.88,278.91,86.80,333.35,0.4814,-1,-1,-1
555,101,-9.18,3.70,402.19,1069.41,0.9161,-1,-1,-1
555,86,-9.18,3.70,402.19,1069.41,0.9161,-1,-1,-1
555,4,852.27,221.63,134.20,480.13,0.8976,-1,-1,-1
555,109,523.69,290.63,72.51,266.73,0.8270,-1,-1,-1
555,111,1024.79,273.88,111.00,371.55,0.4936,-1,-1,-1
555,107,1021.90,274.56,112.76,372.58,0.4936,-1,-1,-1
555,112,1609.03,291.85,74.78,168.24,0.7682,-1,-1,-1
556,78,1269.04,53.02,352.48,1013.37,0.9249,-1,-1,-1
556,101,-8.66,5.16,369.25,1066.40,0.9403,-1,-1,-1
556,86,-8.66,5.16,369.25,1066.40,0.9403,-1,-1,-1
556,4,850.72,223.58,133.10,479.39,0.8967,-1,-1,-1
556,109,521.11,291.82,71.64,268.17,0.8210,-1,-1,-1
556,111,1027.15,270.63,131.50,366.72,0.6607,-1,-1,-1
556,107,1024.91,271.78,130.80,368.20,0.6607,-1,-1,-1
556,112,1606.81,292.99,77.47,170.10,0.7649,-1,-1,-1
556,65,961.22,217.27,89.72,439.91,0.7199,-1,-1,-1
557,78,1270.60,54.63,347.38,1014.26,0.9242,-1,-1,-1
557,101,-7.22,3.88,348.88,1067.27,0.9386,-1,-1,-1
557,86,-7.22,3.88,348.88,1067.27,0.9386,-1,-1,-1
557,4,847.03,222.60,134.49,479.55,0.9011,-1,-1,-1
557,109,517.78,292.23,72.14,269.10,0.8235,-1,-1,-1
557,111,1036.79,264.53,128.77,375.01,0.8287,-1,-1,-1
557,107,1034.54,265.84,127.57,375.93,0.8287,-1,-1,-1
557,112,1604.93,290.15,79.03,173.81,0.6008,-1,-1,-1
557,65,960.07,216.59,92.52,448.86,0.7830,-1,-1,-1
558,78,1276.35,55.90,338.12,1015.95,0.9202,-1,-1,-1
558,101,-5.49,3.36,339.28,1068.88,0.9111,-1,-1,-1
558,86,-5.49,3.36,339.28,1068.88,0.9111,-1,-1,-1
558,4,841.62,221.93,138.86,480.16,0.9049,-1,-1,-1
558,109,516.92,292.18,72.05,270.80,0.8349,-1,-1,-1
558,111,1047.25,258.75,121.39,385.02,0.8712,-1,-1,-1
558,107,1045.07,260.10,120.49,385.58,0.8712,-1,-1,-1
558,112,1604.29,288.84,82.70,175.31,0.5048,-1,-1,-1
558,65,959.65,217.45,94.62,456.44,0.8699,-1,-1,-1
559,78,1283.39,57.08,328.14,1014.37,0.9254,-1,-1,-1
559,101,-4.00,5.15,348.44,1067.73,0.9287,-1,-1,-1
559,86,-4.00,5.15,348.44,1067.73,0.9287,-1,-1,-1
559,4,835.52,221.74,145.42,480.25,0.9080,-1,-1,-1
559,109,519.29,290.93,71.07,274.98,0.8266,-1,-1,-1
559,111,1050.14,257.48,121.11,389.28,0.8653,-1,-1,-1
559,107,1048.26,258.68,120.41,389.79,0.8653,-1,-1,-1
559,112,1603.26,290.74,90.91,175.71,0.5384,-1,-1,-1
559,65,960.22,217.18,98.02,456.26,0.8472,-1,-1,-1
560,78,1288.88,59.39,318.64,1010.31,0.9156,-1,-1,-1
560,101,-2.53,4.95,344.39,1066.09,0.8713,-1,-1,-1
560,86,-2.53,4.95,344.39,1066.09,0.8713,-1,-1,-1
560,4,828.17,222.08,153.81,476.02,0.9016,-1,-1,-1
560,109,520.66,292.18,71.50,276.46,0.8135,-1,-1,-1
560,111,1059.45,261.45,115.06,385.94,0.8343,-1,-1,-1
560,107,1057.63,262.37,114.59,386.60,0.8343,-1,-1,-1
560,112,1602.17,292.50,98.85,175.71,0.6997,-1,-1,-1
560,65,959.69,220.42,101.24,450.29,0.8431,-1,-1,-1
561,78,1294.24,56.04,317.17,1011.62,0.9198,-1,-1,-1
561,101,-1.47,4.19,337.68,1065.17,0.9121,-1,-1,-1
561,86,-1.47,4.19,337.68,1065.17,0.9121,-1,-1,-1
561,4,824.65,219.04,159.13,474.00,0.9105,-1,-1,-1
561,109,523.35,288.38,73.68,279.28,0.7889,-1,-1,-1
561,111,1075.37,265.67,112.22,380.94,0.8064,-1,-1,-1
561,107,1073.62,266.29,111.91,381.70,0.8064,-1,-1,-1
561,112,1605.20,285.71,111.98,180.57,0.5991,-1,-1,-1
561,65,959.14,217.96,106.25,449.11,0.8790,-1,-1,-1
562,78,1298.84,54.67,313.89,1017.04,0.9275,-1,-1,-1
562,101,-0.64,8.65,333.09,1061.50,0.8854,-1,-1,-1
562,86,-0.64,8.65,333.09,1061.50,0.8854,-1,-1,-1
562,4,820.75,218.95,163.95,472.70,0.9077,-1,-1,-1
562,109,525.50,289.18,73.26,278.50,0.7796,-1,-1,-1
562,111,1090.73,268.87,112.80,380.50,0.8239,-1,-1,-1
562,107,1089.09,269.34,112.56,381.22,0.8239,-1,-1,-1
562,112,1614.10,285.60,112.95,180.64,0.7440,-1,-1,-1
562,65,958.35,215.75,110.82,453.83,0.8858,-1,-1,-1
563,78,1304.49,53.59,319.42,1016.72,0.9334,-1,-1,-1
563,101,0.26,6.62,321.09,1064.15,0.9018,-1,-1,-1
563,86,0.26,6.62,321.09,1064.15,0.9018,-1,-1,-1
563,4,819.64,218.91,166.76,474.21,0.9053,-1,-1,-1
563,109,529.36,289.12,72.84,280.44,0.8395,-1,-1,-1
563,111,1101.32,273.13,125.46,380.00,0.8049,-1,-1,-1
563,107,1099.86,273.49,125.12,380.67,0.8049,-1,-1,-1
563,112,1626.64,283.96,116.40,183.83,0.6579,-1,-1,-1
563,65,961.23,216.50,112.04,455.72,0.8802,-1,-1,-1
564,78,1308.51,52.53,332.45,1020.53,0.9400,-1,-1,-1
564,101,0.95,5.88,308.94,1066.15,0.8869,-1,-1,-1
564,86,0.95,5.88,308.94,1066.15,0.8869,-1,-1,-1
564,4,823.05,219.55,167.53,476.90,0.9003,-1,-1,-1
564,109,535.50,291.81,71.81,280.54,0.8538,-1,-1,-1
564,111,1115.00,274.18,141.78,384.01,0.7388,-1,-1,-1
564,107,1113.60,274.50,141.37,384.58,0.7388,-1,-1,-1
564,112,1641.71,280.76,111.01,188.85,0.7590,-1,-1,-1
564,65,967.24,217.47,111.98,458.95,0.8685,-1,-1,-1
565,78,1311.85,52.82,349.54,1022.90,0.9404,-1,-1,-1
565,101,1.40,9.03,292.97,1064.33,0.8480,-1,-1,-1
565,86,1.40,9.03,292.97,1064.33,0.8480,-1,-1,-1
565,4,831.22,223.46,164.38,477.38,0.9088,-1,-1,-1
565,109,542.37,300.33,76.07,275.97,0.7796,-1,-1,-1
565,111,1131.34,275.46,158.75,387.17,0.8578,-1,-1,-1
565,107,1130.00,275.75,158.30,387.67,0.8578,-1,-1,-1
565,112,1656.53,281.07,115.83,194.16,0.6947,-1,-1,-1
565,65,972.52,217.55,116.70,463.16,0.8670,-1,-1,-1
565,113,1080.94,274.09,93.08,342.95,0.7425,-1,-1,-1
566,78,1316.72,53.08,361.65,1018.12,0.9389,-1,-1,-1
566,101,1.43,8.28,272.31,1062.75,0.8520,-1,-1,-1
566,86,1.43,8.28,272.31,1062.75,0.8520,-1,-1,-1
566,4,837.91,225.05,163.13,477.93,0.9175,-1,-1,-1
566,109,548.06,302.69,76.14,274.93,0.7860,-1,-1,-1
566,111,1140.34,273.66,181.02,392.70,0.8517,-1,-1,-1
566,107,1139.09,273.93,180.53,393.13,0.8517,-1,-1,-1
566,112,1672.31,281.48,108.40,195.29,0.7696,-1,-1,-1
566,65,976.99,216.41,121.31,463.87,0.8610,-1,-1,-1
566,113,1086.99,269.54,102.55,344.47,0.7345,-1,-1,-1
567,78,1321.87,53.93,376.40,1010.39,0.9480,-1,-1,-1
567,101,0.93,5.65,251.00,1063.65,0.7587,-1,-1,-1
567,86,0.93,5.65,251.00,1063.65,0.7587,-1,-1,-1
567,4,844.84,227.35,163.41,479.83,0.9139,-1,-1,-1
567,109,552.79,304.83,76.80,273.97,0.8207,-1,-1,-1
567,111,1145.32,274.43,201.16,396.42,0.8689,-1,-1,-1
567,107,1144.15,274.67,200.65,396.80,0.8689,-1,-1,-1
567,112,1688.17,282.09,106.54,194.71,0.7280,-1,-1,-1
567,65,981.78,221.13,121.21,460.07,0.7348,-1,-1,-1
567,113,1092.86,271.31,107.65,348.12,0.3741,-1,-1,-1
568,78,1317.95,54.23,396.17,1015.10,0.9432,-1,-1,-1
568,4,848.95,228.57,165.61,481.80,0.9078,-1,-1,-1
568,109,557.85,302.93,77.97,276.81,0.8044,-1,-1,-1
568,111,1153.07,282.33,199.05,393.89,0.8991,-1,-1,-1
568,107,1151.98,282.51,198.54,394.25,0.8991,-1,-1,-1
568,112,1702.85,283.35,104.06,197.20,0.7082,-1,-1,-1
568,65,989.30,224.82,121.55,460.14,0.8997,-1,-1,-1
568,113,1096.77,273.91,114.53,350.07,0.8179,-1,-1,-1
569,78,1322.04,54.66,406.87,1017.13,0.9391,-1,-1,-1
569,4,854.58,229.72,163.25,483.14,0.9091,-1,-1,-1
569,109,563.20,301.33,79.20,281.18,0.8144,-1,-1,-1
569,111,1158.24,286.34,198.94,393.61,0.9042,-1,-1,-1
569,107,1157.29,286.50,198.50,393.93,0.9042,-1,-1,-1
569,112,1716.13,286.05,105.70,198.51,0.7039,-1,-1,-1
569,65,998.40,227.22,118.90,463.15,0.9042,-1,-1,-1
569,113,1103.35,273.79,116.01,356.34,0.8496,-1,-1,-1
569,80,1104.56,273.52,113.85,357.65,0.8496,-1,-1,-1
570,78,1322.98,54.89,421.59,1020.29,0.9409,-1,-1,-1
570,4,862.69,236.05,158.01,478.78,0.9193,-1,-1,-1
570,109,567.44,297.56,80.35,286.41,0.8303,-1,-1,-1
570,111,1167.49,284.58,199.54,399.74,0.6422,-1,-1,-1
570,107,1166.99,285.81,198.51,398.24,0.7051,-1,-1,-1
570,112,1729.38,288.64,104.36,198.45,0.7048,-1,-1,-1
570,65,1006.18,230.04,116.91,464.02,0.9073,-1,-1,-1
570,113,1110.52,274.20,118.96,356.24,0.8387,-1,-1,-1
570,80,1110.15,274.03,117.24,356.36,0.8387,-1,-1,-1
571,78,1329.78,55.98,423.04,1020.54,0.9397,-1,-1,-1
571,4,869.65,241.07,156.51,475.79,0.9009,-1,-1,-1
571,109,572.09,302.57,79.54,284.19,0.8691,-1,-1,-1
571,111,1173.04,281.87,204.29,408.57,0.8802,-1,-1,-1
571,107,1172.40,282.41,203.69,408.14,0.8802,-1,-1,-1
571,112,1740.70,290.19,104.28,200.53,0.6359,-1,-1,-1
571,65,1011.65,232.02,114.40,466.07,0.8914,-1,-1,-1
571,113,1112.59,273.83,127.19,356.54,0.8556,-1,-1,-1
571,80,1111.92,273.73,125.50,356.39,0.8556,-1,-1,-1
572,78,1331.31,55.67,431.01,1022.72,0.9377,-1,-1,-1
572,4,874.65,240.60,155.84,477.66,0.8975,-1,-1,-1
572,109,577.10,305.14,76.63,280.21,0.8864,-1,-1,-1
572,111,1190.89,285.06,196.68,408.95,0.8769,-1,-1,-1
572,107,1190.24,285.33,196.27,408.92,0.8769,-1,-1,-1
572,112,1751.62,291.15,105.82,201.86,0.5833,-1,-1,-1
572,65,1015.55,232.74,115.68,463.11,0.8754,-1,-1,-1
572,113,1117.56,273.78,132.33,359.00,0.8402,-1,-1,-1
572,80,1116.74,273.71,130.75,358.75,0.8402,-1,-1,-1
573,78,1333.42,54.78,440.83,1022.54,0.9327,-1,-1,-1
573,4,879.56,240.46,153.31,477.55,0.9017,-1,-1,-1
573,109,580.73,308.27,74.45,278.50,0.8712,-1,-1,-1
573,111,1209.37,286.26,185.49,410.07,0.8754,-1,-1,-1
573,107,1208.78,286.41,185.19,410.19,0.8754,-1,-1,-1
573,112,1762.48,292.96,105.68,200.68,0.6599,-1,-1,-1
573,65,1020.69,233.67,116.66,460.15,0.8690,-1,-1,-1
573,113,1122.25,276.32,136.53,359.72,0.8520,-1,-1,-1
573,80,1121.43,276.19,135.12,359.49,0.8520,-1,-1,-1
574,78,1339.52,55.42,446.57,1019.91,0.9351,-1,-1,-1
574,4,882.80,240.49,155.61,478.23,0.9027,-1,-1,-1
574,109,584.79,307.48,81.15,280.87,0.6276,-1,-1,-1
574,111,1230.52,281.73,172.25,417.21,0.8352,-1,-1,-1
574,107,1230.00,281.84,172.02,417.35,0.8352,-1,-1,-1
574,112,1774.76,293.92,106.43,203.48,0.6779,-1,-1,-1
574,65,1025.85,235.95,115.69,459.92,0.8693,-1,-1,-1
574,113,1126.74,279.70,137.43,357.94,0.8649,-1,-1,-1
574,80,1125.96,279.53,136.21,357.79,0.8649,-1,-1,-1
575,78,1348.64,57.83,442.81,1015.34,0.9346,-1,-1,-1
575,4,885.33,240.09,156.30,477.92,0.9110,-1,-1,-1
575,109,588.27,307.53,82.24,281.22,0.7162,-1,-1,-1
575,111,1250.90,283.54,157.58,418.93,0.7563,-1,-1,-1
575,107,1250.45,283.62,157.39,419.08,0.7563,-1,-1,-1
575,65,1030.35,235.25,113.14,465.08,0.8711,-1,-1,-1
575,113,1133.02,280.16,135.06,359.22,0.8712,-1,-1,-1
575,80,1132.27,280.00,134.06,359.08,0.8712,-1,-1,-1
576,78,1356.40,61.56,439.83,1010.32,0.9336,-1,-1,-1
576,4,887.87,240.11,156.00,476.03,0.9080,-1,-1,-1
576,109,590.70,312.87,79.94,278.00,0.7647,-1,-1,-1
576,111,1267.99,285.17,147.33,422.59,0.8583,-1,-1,-1
576,107,1267.62,285.23,147.18,422.73,0.8583,-1,-1,-1
576,65,1031.82,234.40,113.17,470.61,0.8826,-1,-1,-1
576,113,1138.65,279.97,135.07,361.91,0.9009,-1,-1,-1
576,80,1137.95,279.85,134.25,361.78,0.9009,-1,-1,-1
576,112,1788.47,296.58,110.46,204.61,0.6385,-1,-1,-1
577,78,1360.28,62.23,439.60,1008.08,0.9338,-1,-1,-1
577,4,890.77,237.98,154.44,473.62,0.9091,-1,-1,-1
577,109,589.34,316.23,84.45,274.75,0.6810,-1,-1,-1
577,111,1290.08,282.61,138.97,427.37,0.8317,-1,-1,-1
577,107,1289.76,282.67,138.86,427.50,0.8317,-1,-1,-1
577,65,1032.10,230.29,112.85,475.49,0.8787,-1,-1,-1
577,113,1140.78,279.30,136.93,363.77,0.8913,-1,-1,-1
577,80,1140.14,279.19,136.22,363.65,0.8913,-1,-1,-1
577,112,1794.53,296.53,114.31,202.02,0.6671,-1,-1,-1
578,78,1365.93,62.67,440.06,1007.84,0.9309,-1,-1,-1
578,4,892.05,236.96,154.05,474.03,0.9093,-1,-1,-1
578,109,588.96,316.34,85.46,275.95,0.7437,-1,-1,-1
578,111,1313.04,279.50,134.99,436.14,0.7563,-1,-1,-1
578,107,1312.77,279.54,134.90,436.26,0.7563,-1,-1,-1
578,65,1031.75,227.05,113.28,475.75,0.7708,-1,-1,-1
578,113,1143.37,279.18,131.29,367.12,0.8926,-1,-1,-1
578,80,1142.79,279.07,130.71,367.01,0.8926,-1,-1,-1
578,112,1798.51,299.34,117.78,201.66,0.6325,-1,-1,-1
579,78,1379.59,69.35,431.25,1001.27,0.9339,-1,-1,-1
579,4,889.67,241.31,153.67,472.33,0.9149,-1,-1,-1
579,109,588.27,311.56,80.64,287.50,0.7921,-1,-1,-1
579,111,1328.18,284.13,127.86,439.38,0.8245,-1,-1,-1
579,107,1327.94,284.17,127.79,439.49,0.8245,-1,-1,-1
579,65,1028.79,233.33,115.51,475.22,0.8123,-1,-1,-1
579,113,1142.95,281.96,132.49,370.19,0.8980,-1,-1,-1
579,80,1142.45,281.87,132.01,370.08,0.8980,-1,-1,-1
579,112,1802.42,304.20,118.39,207.37,0.5951,-1,-1,-1
580,78,1390.44,71.20,425.93,997.72,0.9354,-1,-1,-1
580,4,890.00,242.71,149.72,468.88,0.9126,-1,-1,-1
580,109,585.43,306.27,84.45,293.37,0.6481,-1,-1,-1
580,111,1334.53,284.22,127.36,447.14,0.8470,-1,-1,-1
580,107,1334.34,284.25,127.30,447.23,0.8470,-1,-1,-1
580,65,1024.10,234.40,117.19,473.58,0.8874,-1,-1,-1
580,113,1141.89,283.70,132.08,371.12,0.8871,-1,-1,-1
580,80,1141.44,283.61,131.66,371.03,0.8871,-1,-1,-1
580,112,1807.29,304.65,114.26,211.71,0.6459,-1,-1,-1
581,78,1405.07,69.18,419.30,999.56,0.9364,-1,-1,-1
581,4,887.20,242.94,148.85,468.96,0.9062,-1,-1,-1
581,109,584.09,306.58,74.79,292.55,0.8107,-1,-1,-1
581,111,1337.54,281.75,143.88,456.25,0.8141,-1,-1,-1
581,107,1337.37,281.78,143.83,456.33,0.8141,-1,-1,-1
581,65,1020.49,233.84,119.82,469.64,0.8791,-1,-1,-1
581,113,1144.60,284.16,124.43,371.56,0.8795,-1,-1,-1
581,80,1144.18,284.07,124.10,371.48,0.8795,-1,-1,-1
581,112,1814.91,304.95,106.91,215.22,0.5597,-1,-1,-1
582,78,1418.40,68.61,418.42,1002.01,0.9378,-1,-1,-1
582,4,886.03,244.98,145.47,468.43,0.9092,-1,-1,-1
582,109,582.53,306.94,72.04,292.56,0.8475,-1,-1,-1
582,111,1340.84,281.21,158.85,457.45,0.7669,-1,-1,-1
582,107,1340.68,281.24,158.80,457.52,0.7669,-1,-1,-1
582,65,1017.72,233.83,122.61,466.82,0.8810,-1,-1,-1
582,113,1146.19,284.43,121.22,371.18,0.8716,-1,-1,-1
582,80,1145.84,284.35,120.96,371.12,0.8716,-1,-1,-1
582,112,1824.85,305.34,96.96,215.73,0.5198,-1,-1,-1
582,114,1230.76,310.67,65.03,283.21,0.4696,-1,-1,-1
583,78,1427.00,69.85,419.20,1003.17,0.9367,-1,-1,-1
583,4,882.91,246.99,144.67,469.52,0.9189,-1,-1,-1
583,109,578.62,309.41,71.80,291.33,0.8213,-1,-1,-1
583,65,1014.72,233.28,125.83,467.20,0.8798,-1,-1,-1
583,113,1144.86,285.96,120.00,371.39,0.8792,-1,-1,-1
583,80,1144.55,285.89,119.78,371.34,0.8792,-1,-1,-1
583,112,1835.18,307.19,85.96,217.17,0.5639,-1,-1,-1
583,114,1233.32,312.68,63.93,284.71,0.6241,-1,-1,-1
584,78,1435.58,70.02,418.95,1003.58,0.9344,-1,-1,-1
584,4,876.50,250.79,147.54,473.10,0.9157,-1,-1,-1
584,109,574.51,307.31,72.97,295.80,0.7640,-1,-1,-1
584,65,1011.90,233.65,128.14,468.13,0.8814,-1,-1,-1
584,113,1143.28,287.67,122.11,372.03,0.8752,-1,-1,-1
584,80,1143.00,287.61,121.92,371.98,0.8752,-1,-1,-1
584,112,1841.13,308.14,79.15,222.12,0.5922,-1,-1,-1
584,114,1232.66,312.99,65.38,284.65,0.6111,-1,-1,-1
585,78,1440.81,69.46,420.17,1003.21,0.9362,-1,-1,-1
585,4,868.10,252.50,146.82,474.25,0.9198,-1,-1,-1
585,109,571.78,309.02,71.41,295.00,0.8144,-1,-1,-1
585,65,1006.83,233.21,130.66,469.31,0.8927,-1,-1,-1
585,113,1141.52,288.00,122.84,373.65,0.8713,-1,-1,-1
585,80,1141.27,287.94,122.67,373.61,0.8713,-1,-1,-1
585,112,1847.81,305.55,71.66,227.27,0.5729,-1,-1,-1
585,114,1230.89,311.47,65.05,278.21,0.5550,-1,-1,-1
585,107,1343.68,282.11,162.89,454.38,0.5975,-1,-1,-1
586,78,1448.68,68.34,418.65,1005.76,0.9320,-1,-1,-1
586,4,862.32,253.10,147.28,475.33,0.9180,-1,-1,-1
586,109,567.76,302.13,72.80,302.69,0.8139,-1,-1,-1
586,65,1004.94,234.58,129.02,469.16,0.8967,-1,-1,-1
586,113,1139.74,287.32,127.73,374.97,0.8659,-1,-1,-1
586,80,1139.52,287.26,127.58,374.93,0.8659,-1,-1,-1
586,112,1852.52,306.32,66.81,229.09,0.4765,-1,-1,-1
586,107,1342.17,284.41,168.86,455.01,0.7835,-1,-1,-1
587,78,1457.34,67.18,415.47,1006.99,0.9311,-1,-1,-1
587,4,859.96,255.15,144.85,474.40,0.9054,-1,-1,-1
587,109,562.50,305.76,72.73,300.37,0.7531,-1,-1,-1
587,65,1003.61,235.98,125.87,468.93,0.9023,-1,-1,-1
587,113,1139.07,287.34,126.17,377.29,0.8593,-1,-1,-1
587,80,1138.88,287.30,126.03,377.26,0.8593,-1,-1,-1
587,112,1855.66,308.44,63.71,227.92,0.5158,-1,-1,-1
587,107,1341.22,284.32,176.63,456.10,0.8145,-1,-1,-1
588,78,1464.37,66.55,410.07,1007.82,0.9326,-1,-1,-1
588,4,858.92,256.28,140.30,472.64,0.8984,-1,-1,-1
588,109,556.39,314.34,74.50,292.09,0.8016,-1,-1,-1
588,65,1002.42,237.67,123.11,467.72,0.8918,-1,-1,-1
588,113,1138.95,287.03,132.56,378.33,0.8380,-1,-1,-1
588,80,1138.77,286.99,132.44,378.30,0.8380,-1,-1,-1
588,112,1857.81,308.88,61.11,226.52,0.6190,-1,-1,-1
588,107,1338.94,282.60,184.88,457.73,0.7758,-1,-1,-1
589,78,1468.14,64.52,410.74,1010.01,0.9263,-1,-1,-1
589,4,854.13,254.50,138.39,474.56,0.9024,-1,-1,-1
589,109,551.55,320.31,73.05,286.12,0.8103,-1,-1,-1
589,65,998.42,237.03,125.33,470.25,0.8955,-1,-1,-1
589,113,1138.61,286.64,138.81,380.04,0.8638,-1,-1,-1
589,80,1138.45,286.61,138.70,380.01,0.8638,-1,-1,-1
589,112,1861.33,310.75,58.14,224.82,0.5638,-1,-1,-1
589,107,1338.76,270.84,193.29,474.60,0.6521,-1,-1,-1
590,78,1466.61,63.94,416.10,1011.81,0.9213,-1,-1,-1
590,4,849.15,252.70,139.44,476.50,0.9045,-1,-1,-1
590,109,548.47,318.95,75.80,289.24,0.7628,-1,-1,-1
590,65,984.97,238.91,136.14,470.78,0.8983,-1,-1,-1
590,113,1138.70,284.84,141.23,385.44,0.8789,-1,-1,-1
590,80,1138.56,284.81,141.12,385.42,0.8789,-1,-1,-1
590,112,1864.34,313.13,55.08,223.27,0.4475,-1,-1,-1
590,107,1344.60,258.25,194.73,492.05,0.3611,-1,-1,-1
591,78,1467.63,62.71,419.10,1010.83,0.9303,-1,-1,-1
591,4,837.97,250.63,146.28,474.09,0.9122,-1,-1,-1
591,109,543.46,319.03,78.96,290.31,0.7749,-1,-1,-1
591,65,981.73,239.97,136.71,471.23,0.8874,-1,-1,-1
591,113,1139.40,282.23,140.85,389.32,0.8837,-1,-1,-1
591,80,1139.27,282.21,140.76,389.30,0.8837,-1,-1,-1
591,112,1867.89,314.14,51.74,223.36,0.4500,-1,-1,-1
591,107,1365.10,257.34,181.43,494.85,0.3521,-1,-1,-1
592,78,1468.49,61.01,421.29,1010.67,0.9350,-1,-1,-1
592,4,828.75,249.78,149.80,467.91,0.9109,-1,-1,-1
592,109,539.86,311.66,81.77,298.41,0.7581,-1,-1,-1
592,65,980.96,240.08,135.75,472.46,0.8853,-1,-1,-1
592,113,1140.99,278.68,138.82,393.53,0.8772,-1,-1,-1
592,80,1140.87,278.66,138.73,393.51,0.8772,-1,-1,-1
592,107,1388.52,266.98,163.88,484.96,0.5654,-1,-1,-1
593,78,1467.09,60.09,425.26,1011.91,0.9259,-1,-1,-1
593,4,824.01,248.77,150.26,465.22,0.9048,-1,-1,-1
593,109,537.55,306.99,87.37,304.94,0.7059,-1,-1,-1
593,65,981.32,240.18,132.90,473.09,0.8928,-1,-1,-1
593,113,1142.31,279.48,137.76,395.10,0.8803,-1,-1,-1
593,80,1142.21,279.46,137.69,395.08,0.8803,-1,-1,-1
593,107,1411.60,299.57,143.93,459.06,0.5350,-1,-1,-1
594,78,1471.98,61.00,420.71,1010.70,0.9245,-1,-1,-1
594,4,815.45,248.04,156.13,464.16,0.9025,-1,-1,-1
594,109,534.98,310.09,90.43,303.43,0.5642,-1,-1,-1
594,65,981.21,243.07,130.25,472.34,0.8899,-1,-1,-1
594,113,1145.58,281.01,135.62,396.48,0.8661,-1,-1,-1
594,80,1145.49,280.99,135.56,396.47,0.8661,-1,-1,-1
595,78,1480.18,61.41,414.69,1009.45,0.9334,-1,-1,-1
595,4,809.58,247.83,158.81,464.55,0.9152,-1,-1,-1
595,109,531.86,307.77,84.07,308.24,0.8425,-1,-1,-1
595,65,981.75,245.48,128.83,468.49,0.8865,-1,-1,-1
595,113,1148.35,281.13,136.28,397.97,0.8473,-1,-1,-1
595,80,1148.27,281.11,136.23,397.96,0.8473,-1,-1,-1
595,116,1105.00,318.83,58.20,249.44,0.6195,-1,-1,-1
596,78,1487.36,59.40,407.42,1010.10,0.9363,-1,-1,-1
596,4,804.09,247.51,162.51,465.45,0.9113,-1,-1,-1
596,109,530.04,308.56,80.99,308.91,0.8329,-1,-1,-1
596,65,978.47,245.64,134.17,468.41,0.8826,-1,-1,-1
596,113,1149.85,277.21,134.81,402.31,0.8232,-1,-1,-1
596,80,1149.78,277.20,134.76,402.30,0.8232,-1,-1,-1
596,116,1104.16,317.48,60.94,250.79,0.4285,-1,-1,-1
597,78,1497.73,56.42,397.03,1013.95,0.9373,-1,-1,-1
597,4,801.16,248.09,163.35,467.72,0.9097,-1,-1,-1
597,109,530.33,308.71,78.37,310.79,0.8281,-1,-1,-1
597,65,977.08,246.41,138.92,466.66,0.8802,-1,-1,-1
597,113,1152.92,276.16,137.37,404.66,0.8387,-1,-1,-1
597,80,1152.86,276.15,137.32,404.65,0.8387,-1,-1,-1
597,116,1103.89,318.79,62.83,250.51,0.4698,-1,-1,-1
598,78,1506.98,57.61,386.06,1015.54,0.9391,-1,-1,-1
598,4,800.31,251.87,164.23,472.24,0.8985,-1,-1,-1
598,109,530.52,309.72,75.76,314.70,0.8240,-1,-1,-1
598,65,979.57,252.11,140.80,470.42,0.8908,-1,-1,-1
598,113,1152.90,281.47,144.80,405.35,0.8539,-1,-1,-1
598,80,1152.84,281.47,144.76,405.35,0.8539,-1,-1,-1
599,78,1510.68,57.52,384.95,1017.66,0.9440,-1,-1,-1
599,4,800.70,254.28,165.24,473.03,0.8990,-1,-1,-1
599,109,531.37,311.24,86.20,316.46,0.7779,-1,-1,-1
599,65,985.13,253.62,139.29,472.40,0.8922,-1,-1,-1
599,113,1155.73,282.99,150.59,406.20,0.8494,-1,-1,-1
599,80,1155.68,282.98,150.55,406.20,0.8494,-1,-1,-1
600,78,1513.50,54.71,389.68,1022.44,0.9458,-1,-1,-1
600,4,804.32,255.69,163.08,474.31,0.8938,-1,-1,-1
600,109,533.79,310.77,91.08,319.04,0.7931,-1,-1,-1
600,65,990.98,250.91,136.54,477.40,0.8790,-1,-1,-1
600,113,1161.38,283.88,151.91,406.34,0.8440,-1,-1,-1
600,80,1161.34,283.87,151.87,406.33,0.8440,-1,-1,-1
601,78,1514.07,55.13,398.73,1023.56,0.9455,-1,-1,-1
601,4,808.37,258.82,158.82,475.92,0.8878,-1,-1,-1
601,109,536.76,313.16,91.44,320.33,0.8078,-1,-1,-1
601,65,996.11,251.88,132.53,477.68,0.8907,-1,-1,-1
601,113,1165.41,284.94,154.70,406.77,0.8630,-1,-1,-1
601,80,1165.37,284.93,154.67,406.76,0.8630,-1,-1,-1
602,78,1514.35,57.02,405.41,1021.66,0.9495,-1,-1,-1
602,4,813.36,263.82,158.21,476.21,0.8906,-1,-1,-1
602,109,539.44,317.44,91.75,319.29,0.8109,-1,-1,-1
602,65,998.57,253.27,130.45,480.58,0.8812,-1,-1,-1
602,113,1180.83,285.51,146.82,409.72,0.7917,-1,-1,-1
602,80,1180.80,285.50,146.80,409.72,0.7917,-1,-1,-1
602,116,1120.64,330.31,62.61,244.36,0.4705,-1,-1,-1
603,78,1519.60,60.80,403.41,1018.36,0.9523,-1,-1,-1
603,4,821.94,270.16,153.72,475.51,0.8804,-1,-1,-1
603,109,543.24,327.66,88.37,314.51,0.8304,-1,-1,-1
603,65,1004.93,256.75,126.67,480.82,0.8700,-1,-1,-1
603,113,1185.58,302.74,98.12,388.42,0.4067,-1,-1,-1
603,80,1189.77,288.91,147.65,413.99,0.7543,-1,-1,-1
603,116,1126.07,343.87,61.92,232.76,0.5678,-1,-1,-1
604,78,1525.22,62.61,398.60,1015.90,0.9506,-1,-1,-1
604,4,827.46,273.62,151.63,472.11,0.9099,-1,-1,-1
604,109,549.69,334.24,89.02,312.16,0.7918,-1,-1,-1
604,65,1011.18,260.16,124.46,480.10,0.8736,-1,-1,-1
604,113,1191.34,312.48,77.44,320.15,0.4432,-1,-1,-1
604,80,1203.73,286.42,143.49,422.12,0.5751,-1,-1,-1
604,116,1132.64,348.83,62.09,232.58,0.7263,-1,-1,-1
605,78,1528.13,62.07,395.59,1015.83,0.9479,-1,-1,-1
605,4,834.19,275.97,152.86,470.54,0.9185,-1,-1,-1
605,109,554.53,336.15,84.90,313.81,0.8074,-1,-1,-1
605,65,1016.17,261.54,124.60,473.37,0.8758,-1,-1,-1
605,113,1197.13,324.41,76.54,289.29,0.4679,-1,-1,-1
605,80,1212.85,287.06,142.62,426.33,0.7704,-1,-1,-1
605,116,1136.79,351.09,63.52,233.72,0.7741,-1,-1,-1
606,78,1535.41,62.69,387.70,1012.68,0.9438,-1,-1,-1
606,4,843.57,277.14,152.46,471.47,0.8999,-1,-1,-1
606,109,559.98,331.87,82.28,318.89,0.7943,-1,-1,-1
606,65,1019.64,262.08,125.13,469.30,0.8727,-1,-1,-1
606,113,1205.31,323.16,72.44,289.69,0.6236,-1,-1,-1
606,80,1228.02,287.22,140.69,428.16,0.7194,-1,-1,-1
606,116,1143.22,353.61,64.01,231.94,0.7635,-1,-1,-1
607,78,1543.36,64.58,379.87,1008.22,0.9391,-1,-1,-1
607,4,852.63,279.43,148.62,468.77,0.8963,-1,-1,-1
607,109,566.97,329.13,84.45,323.49,0.8639,-1,-1,-1
607,113,1215.57,326.25,69.03,346.60,0.3983,-1,-1,-1
607,80,1239.96,287.14,136.69,431.68,0.7080,-1,-1,-1
607,116,1150.74,346.12,65.80,241.04,0.8229,-1,-1,-1
608,78,1553.00,66.05,369.75,1004.49,0.9421,-1,-1,-1
608,4,856.39,278.68,150.16,465.36,0.8886,-1,-1,-1
608,109,572.22,330.24,83.70,322.13,0.8317,-1,-1,-1
608,113,1222.99,320.37,82.37,336.59,0.5792,-1,-1,-1
608,80,1246.99,290.85,144.10,431.24,0.4956,-1,-1,-1
608,116,1156.96,347.33,67.74,240.65,0.7555,-1,-1,-1
608,65,1035.64,264.85,126.62,463.56,0.8952,-1,-1,-1
609,78,1561.49,68.32,360.44,1002.82,0.9425,-1,-1,-1
609,4,862.68,277.11,146.30,465.03,0.8823,-1,-1,-1
609,109,576.30,329.79,88.04,323.27,0.7907,-1,-1,-1
609,113,1230.78,325.89,83.44,314.30,0.6454,-1,-1,-1
609,80,1259.71,288.12,141.42,432.28,0.8030,-1,-1,-1
609,116,1162.74,351.02,69.34,239.29,0.5359,-1,-1,-1
609,65,1038.18,265.55,132.67,464.66,0.9049,-1,-1,-1
610,78,1570.19,71.25,351.39,1002.09,0.9423,-1,-1,-1
610,4,870.76,276.79,143.61,464.48,0.9064,-1,-1,-1
610,109,580.20,328.46,92.87,326.27,0.7855,-1,-1,-1
610,113,1236.82,328.54,85.71,311.98,0.6695,-1,-1,-1
610,80,1272.95,287.64,142.44,434.43,0.8118,-1,-1,-1
610,116,1166.86,349.81,69.65,243.24,0.4165,-1,-1,-1
610,65,1041.71,265.84,134.47,468.54,0.8945,-1,-1,-1
611,78,1581.79,70.50,338.61,1005.33,0.9329,-1,-1,-1
611,4,874.22,278.21,143.54,463.21,0.9029,-1,-1,-1
611,109,583.92,330.17,91.01,325.33,0.7968,-1,-1,-1
611,113,1241.49,333.97,86.10,305.58,0.5996,-1,-1,-1
611,80,1283.03,289.82,138.82,437.38,0.7906,-1,-1,-1
611,116,1167.87,346.31,71.63,243.27,0.7434,-1,-1,-1
611,65,1042.79,267.85,134.10,469.78,0.8724,-1,-1,-1
612,78,1595.99,74.05,323.67,1005.23,0.9320,-1,-1,-1
612,4,877.07,280.98,142.26,459.91,0.9093,-1,-1,-1
612,109,586.11,334.76,85.39,321.88,0.8212,-1,-1,-1
612,113,1243.77,340.31,84.26,298.38,0.6623,-1,-1,-1
612,80,1287.54,289.40,138.89,440.58,0.7742,-1,-1,-1
612,116,1171.03,347.31,71.33,245.22,0.7688,-1,-1,-1
612,65,1035.18,270.90,142.12,472.74,0.8675,-1,-1,-1
613,78,1608.89,77.18,310.42,1001.01,0.9296,-1,-1,-1
613,4,877.93,283.62,143.32,459.52,0.9093,-1,-1,-1
613,109,587.00,335.72,84.48,321.89,0.8171,-1,-1,-1
613,113,1245.94,339.12,86.41,304.12,0.5983,-1,-1,-1
613,80,1298.12,291.20,132.04,448.25,0.7272,-1,-1,-1
613,116,1175.00,352.09,69.90,242.27,0.7861,-1,-1,-1
613,65,1030.04,273.44,150.90,477.80,0.8887,-1,-1,-1
614,78,1620.76,79.70,298.77,998.47,0.9326,-1,-1,-1
614,4,881.98,288.19,142.78,462.14,0.9133,-1,-1,-1
614,109,587.86,337.17,82.79,323.74,0.8278,-1,-1,-1
614,113,1253.19,328.15,91.36,329.52,0.5671,-1,-1,-1
614,80,1308.32,295.57,127.35,449.45,0.6962,-1,-1,-1
614,116,1182.33,358.84,65.64,243.70,0.6997,-1,-1,-1
614,65,1028.30,277.50,160.23,478.99,0.8891,-1,-1,-1
615,78,1635.18,81.75,284.30,995.15,0.9099,-1,-1,-1
615,4,885.18,290.67,144.20,462.59,0.9140,-1,-1,-1
615,109,589.75,343.96,84.60,321.15,0.7905,-1,-1,-1
615,113,1261.50,324.88,94.14,343.94,0.6902,-1,-1,-1
615,80,1317.63,296.16,122.78,447.96,0.7912,-1,-1,-1
615,116,1185.16,361.70,65.98,242.71,0.7307,-1,-1,-1
615,65,1028.27,280.14,162.10,478.16,0.8852,-1,-1,-1
616,78,1643.72,82.55,275.17,994.21,0.9022,-1,-1,-1
616,4,884.96,293.70,146.79,461.10,0.9060,-1,-1,-1
616,109,591.31,345.34,98.40,321.44,0.8028,-1,-1,-1
616,113,1266.87,322.91,93.57,352.16,0.6825,-1,-1,-1
616,80,1323.56,297.34,121.66,455.51,0.8443,-1,-1,-1
616,116,1188.44,363.23,65.05,243.35,0.6555,-1,-1,-1
616,65,1031.64,282.44,163.41,477.09,0.8107,-1,-1,-1
617,78,1656.19,89.50,262.16,986.67,0.8953,-1,-1,-1
617,4,884.04,296.39,150.79,463.75,0.9136,-1,-1,-1
617,109,590.49,343.66,97.87,326.42,0.8159,-1,-1,-1
617,113,1269.86,324.42,94.03,359.95,0.6792,-1,-1,-1
617,80,1327.40,298.08,120.62,461.71,0.8448,-1,-1,-1
617,116,1190.90,367.89,63.27,243.10,0.6794,-1,-1,-1
617,65,1031.70,285.41,165.66,477.29,0.9019,-1,-1,-1
618,78,1665.44,98.54,252.49,977.68,0.8848,-1,-1,-1
618,4,884.31,299.35,151.96,466.97,0.9057,-1,-1,-1
618,109,588.48,338.91,91.59,334.41,0.8469,-1,-1,-1
618,113,1271.01,328.14,95.77,363.41,0.6650,-1,-1,-1
618,80,1328.75,300.56,121.70,463.86,0.8507,-1,-1,-1
618,116,1189.50,372.00,63.82,243.59,0.6220,-1,-1,-1
618,65,1030.90,288.58,169.44,477.21,0.8521,-1,-1,-1
619,78,1667.39,105.13,250.25,970.46,0.9010,-1,-1,-1
619,4,882.37,300.80,149.18,465.97,0.9037,-1,-1,-1
619,109,585.86,338.64,89.54,336.59,0.8058,-1,-1,-1
619,113,1271.89,328.45,97.04,368.97,0.6841,-1,-1,-1
619,80,1328.82,301.96,128.34,464.85,0.8588,-1,-1,-1
619,116,1187.16,369.48,64.42,246.47,0.5850,-1,-1,-1
619,65,1027.93,290.03,169.52,478.32,0.8601,-1,-1,-1
619,118,1243.37,359.77,67.54,310.26,0.3636,-1,-1,-1
620,78,1677.54,113.22,240.49,964.13,0.8896,-1,-1,-1
620,4,880.45,303.43,142.73,464.49,0.8940,-1,-1,-1
620,109,582.09,339.24,92.76,339.47,0.7514,-1,-1,-1
620,113,1267.34,329.08,103.46,375.66,0.6667,-1,-1,-1
620,80,1330.25,302.52,126.07,467.20,0.8603,-1,-1,-1
620,116,1186.39,370.18,64.16,244.03,0.6471,-1,-1,-1
620,65,1027.52,290.43,170.08,476.71,0.8278,-1,-1,-1
621,78,1685.34,121.50,232.70,954.23,0.8855,-1,-1,-1
621,4,875.92,303.49,138.04,462.05,0.8878,-1,-1,-1
621,109,578.70,337.02,94.79,343.83,0.7449,-1,-1,-1
621,113,1265.33,330.38,105.54,379.26,0.6737,-1,-1,-1
621,80,1329.85,302.32,123.94,469.19,0.8448,-1,-1,-1
621,116,1184.48,370.85,64.86,238.42,0.4898,-1,-1,-1
621,65,1026.27,291.81,164.91,473.51,0.7488,-1,-1,-1
622,78,1687.52,123.71,230.47,953.53,0.8903,-1,-1,-1
622,4,869.39,303.78,147.14,460.94,0.8904,-1,-1,-1
622,109,575.60,340.99,82.08,341.47,0.8154,-1,-1,-1
622,113,1260.31,330.44,111.02,384.66,0.6208,-1,-1,-1
622,80,1329.66,303.72,123.90,470.97,0.7877,-1,-1,-1
622,116,1183.98,376.48,63.00,207.45,0.3574,-1,-1,-1
622,65,1024.14,299.21,153.40,468.93,0.7979,-1,-1,-1
622,119,1129.94,328.16,89.13,357.18,0.6882,-1,-1,-1
623,78,1691.32,123.87,226.87,953.07,0.8024,-1,-1,-1
623,4,863.33,304.40,146.16,463.50,0.8683,-1,-1,-1
623,109,570.45,341.27,84.10,344.15,0.7675,-1,-1,-1
623,113,1254.90,331.47,115.21,389.60,0.6048,-1,-1,-1
623,80,1329.25,306.07,125.21,473.35,0.7793,-1,-1,-1
623,65,1017.84,289.27,147.84,479.39,0.8555,-1,-1,-1
623,119,1124.74,330.92,92.66,368.22,0.7483,-1,-1,-1
624,78,1694.37,120.56,223.47,954.63,0.9193,-1,-1,-1
624,4,853.95,303.83,155.35,461.00,0.9020,-1,-1,-1
624,109,565.64,342.38,85.24,342.40,0.8098,-1,-1,-1
624,113,1252.65,330.89,111.84,397.53,0.7122,-1,-1,-1
624,80,1327.90,305.39,123.81,475.06,0.8211,-1,-1,-1
624,65,1013.95,283.88,142.52,482.44,0.8700,-1,-1,-1
624,119,1120.25,333.64,94.26,382.05,0.7455,-1,-1,-1
625,78,1697.09,117.56,221.01,956.70,0.9212,-1,-1,-1
625,4,849.48,303.75,156.58,458.13,0.9048,-1,-1,-1
625,109,559.02,343.43,87.02,344.08,0.8066,-1,-1,-1
625,113,1245.95,331.86,114.99,401.49,0.7567,-1,-1,-1
625,80,1326.99,305.07,122.52,476.74,0.8261,-1,-1,-1
625,65,1009.01,283.94,138.37,479.35,0.8751,-1,-1,-1
625,119,1115.41,334.59,95.84,394.03,0.8023,-1,-1,-1
626,78,1700.32,117.62,217.86,956.29,0.9218,-1,-1,-1
626,4,844.74,302.87,156.22,455.77,0.8964,-1,-1,-1
626,109,552.98,344.37,84.96,345.61,0.8033,-1,-1,-1
626,113,1242.61,331.55,116.06,405.37,0.7918,-1,-1,-1
626,80,1325.12,305.31,122.91,477.44,0.8553,-1,-1,-1
626,65,1004.92,282.77,132.97,477.60,0.8689,-1,-1,-1
626,119,1109.38,334.77,97.13,399.54,0.8375,-1,-1,-1
627,78,1702.74,118.39,215.68,954.24,0.9155,-1,-1,-1
627,4,837.78,301.15,159.95,457.02,0.9044,-1,-1,-1
627,109,546.34,343.78,85.16,349.79,0.6860,-1,-1,-1
627,113,1237.42,331.32,116.68,406.65,0.7691,-1,-1,-1
627,80,1324.14,306.34,123.62,474.19,0.8256,-1,-1,-1
627,65,997.40,278.81,134.80,480.03,0.8752,-1,-1,-1
627,119,1105.94,334.98,95.11,401.12,0.8280,-1,-1,-1
628,78,1700.54,116.74,218.12,954.11,0.9172,-1,-1,-1
628,4,827.52,300.95,166.60,456.35,0.9125,-1,-1,-1
628,109,541.04,341.74,84.71,351.99,0.8526,-1,-1,-1
628,113,1236.80,331.29,113.15,406.99,0.7777,-1,-1,-1
628,80,1322.32,304.32,124.52,475.43,0.8585,-1,-1,-1
628,65,988.65,279.10,144.45,478.69,0.8606,-1,-1,-1
628,119,1099.19,334.63,103.33,407.77,0.8158,-1,-1,-1
629,78,1682.28,113.42,236.80,954.74,0.9044,-1,-1,-1
629,4,823.97,301.64,167.62,456.06,0.9223,-1,-1,-1
629,109,535.63,342.33,91.39,353.65,0.7945,-1,-1,-1
629,113,1235.25,331.52,110.45,412.01,0.7860,-1,-1,-1
629,80,1321.75,303.08,123.64,474.01,0.8423,-1,-1,-1
629,65,982.01,280.09,139.47,477.65,0.8740,-1,-1,-1
629,119,1091.55,333.62,110.74,412.70,0.8557,-1,-1,-1
630,78,1643.40,113.97,275.84,954.68,0.8997,-1,-1,-1
630,4,822.75,303.68,164.58,454.53,0.9112,-1,-1,-1
630,109,530.51,340.72,91.03,358.33,0.8429,-1,-1,-1
630,113,1240.14,329.33,103.27,416.69,0.7734,-1,-1,-1
630,80,1321.20,302.12,122.84,474.94,0.8551,-1,-1,-1
630,65,973.80,281.34,136.33,473.92,0.9073,-1,-1,-1
630,119,1085.63,332.24,118.11,416.77,0.8837,-1,-1,-1
631,78,1669.71,110.72,250.39,957.91,0.9090,-1,-1,-1
631,4,820.58,305.54,164.02,454.76,0.9068,-1,-1,-1
631,109,527.20,342.77,95.94,357.46,0.7772,-1,-1,-1
631,113,1238.34,329.77,105.33,419.74,0.7831,-1,-1,-1
631,80,1321.97,302.04,123.01,472.08,0.8296,-1,-1,-1
631,65,970.52,280.38,133.20,474.49,0.5851,-1,-1,-1
631,119,1083.01,330.76,124.14,418.77,0.8898,-1,-1,-1
632,78,1688.03,109.13,232.33,961.04,0.9160,-1,-1,-1
632,4,816.54,306.45,167.02,454.77,0.9125,-1,-1,-1
632,109,525.26,343.71,97.92,358.41,0.4014,-1,-1,-1
632,113,1239.03,328.41,107.28,425.33,0.7982,-1,-1,-1
632,80,1323.85,301.03,124.16,475.30,0.7909,-1,-1,-1
632,65,969.17,280.46,130.59,474.89,0.8631,-1,-1,-1
632,119,1082.20,328.58,126.80,423.72,0.8997,-1,-1,-1
633,78,1702.83,105.89,218.13,965.07,0.9205,-1,-1,-1
633,4,814.42,308.38,169.13,455.15,0.9113,-1,-1,-1
633,109,524.37,343.60,90.56,360.63,0.8335,-1,-1,-1
633,113,1239.64,324.35,109.34,430.44,0.7946,-1,-1,-1
633,80,1327.00,300.66,123.94,478.15,0.8147,-1,-1,-1
633,65,970.18,280.30,129.42,477.76,0.8608,-1,-1,-1
633,119,1084.99,329.60,124.85,425.32,0.8737,-1,-1,-1
634,78,1716.80,100.27,204.82,974.55,0.9119,-1,-1,-1
634,4,813.18,310.37,170.66,456.18,0.9090,-1,-1,-1
634,109,522.51,347.56,87.72,359.85,0.8552,-1,-1,-1
634,113,1238.97,321.92,114.31,435.66,0.7882,-1,-1,-1
634,80,1331.85,302.93,122.87,474.40,0.7627,-1,-1,-1
634,65,969.75,282.06,129.20,477.18,0.8693,-1,-1,-1
634,119,1089.27,331.57,124.56,427.34,0.8960,-1,-1,-1
635,78,1722.63,91.59,199.36,981.36,0.9080,-1,-1,-1
635,4,812.83,310.98,172.93,458.06,0.8948,-1,-1,-1
635,109,521.85,349.70,85.97,360.73,0.8663,-1,-1,-1
635,113,1244.60,320.28,113.56,436.26,0.6902,-1,-1,-1
635,80,1336.53,299.77,125.59,480.95,0.7479,-1,-1,-1
635,65,976.11,282.62,125.06,479.16,0.8817,-1,-1,-1
635,119,1093.71,330.52,126.04,431.43,0.8972,-1,-1,-1
636,78,1721.79,86.52,200.10,987.05,0.9024,-1,-1,-1
636,4,812.52,315.61,174.94,456.14,0.8987,-1,-1,-1
636,109,520.72,353.40,85.11,363.16,0.8600,-1,-1,-1
636,113,1247.67,318.10,115.18,440.70,0.6923,-1,-1,-1
636,80,1340.45,301.17,133.71,485.05,0.7767,-1,-1,-1
636,65,981.78,286.68,124.84,482.60,0.8976,-1,-1,-1
636,119,1099.09,332.44,124.62,433.05,0.8941,-1,-1,-1
637,78,1721.48,86.94,199.81,988.12,0.8990,-1,-1,-1
637,4,816.19,320.78,173.16,447.83,0.9140,-1,-1,-1
637,109,519.78,359.58,88.63,363.14,0.8358,-1,-1,-1
637,113,1250.08,320.42,115.57,434.60,0.6969,-1,-1,-1
637,80,1342.60,303.45,135.74,499.14,0.8478,-1,-1,-1
637,65,988.02,292.81,119.99,483.63,0.9035,-1,-1,-1
637,119,1102.37,336.81,123.13,433.32,0.8975,-1,-1,-1
637,118,1238.21,348.07,66.89,378.12,0.3692,-1,-1,-1
638,78,1715.57,85.11,205.29,989.43,0.8994,-1,-1,-1
638,4,823.97,319.30,166.17,447.19,0.9195,-1,-1,-1
638,109,518.46,355.42,90.96,368.14,0.8296,-1,-1,-1
638,113,1252.95,317.39,114.98,434.40,0.6743,-1,-1,-1
638,80,1346.18,301.96,134.30,505.81,0.8566,-1,-1,-1
638,65,990.66,293.28,117.63,483.65,0.8974,-1,-1,-1
638,119,1104.74,333.13,123.65,435.98,0.8961,-1,-1,-1
638,118,1237.22,346.75,68.98,381.78,0.4000,-1,-1,-1
639,78,1712.38,83.04,209.17,990.76,0.9011,-1,-1,-1
639,4,832.37,319.31,159.86,450.79,0.9179,-1,-1,-1
639,109,519.38,362.84,91.86,361.84,0.8192,-1,-1,-1
639,113,1255.86,315.26,119.39,441.04,0.7467,-1,-1,-1
639,80,1352.29,300.48,132.97,510.60,0.8366,-1,-1,-1
639,65,995.40,297.80,111.35,480.65,0.8925,-1,-1,-1
639,119,1108.52,331.87,128.26,438.47,0.8850,-1,-1,-1
640,78,1706.53,79.74,215.28,994.89,0.8948,-1,-1,-1
640,4,840.28,319.48,155.30,450.20,0.9130,-1,-1,-1
640,109,520.11,366.00,101.19,361.38,0.7470,-1,-1,-1
640,113,1257.96,315.11,123.19,450.70,0.7873,-1,-1,-1
640,80,1360.30,300.53,132.93,483.50,0.6052,-1,-1,-1
640,65,999.73,300.19,109.77,480.35,0.8892,-1,-1,-1
640,119,1110.91,330.97,133.89,441.95,0.8334,-1,-1,-1
641,78,1703.38,78.15,218.65,992.12,0.8902,-1,-1,-1
641,4,847.21,319.28,153.21,450.65,0.9067,-1,-1,-1
641,109,521.67,362.56,105.64,367.90,0.7772,-1,-1,-1
641,113,1260.13,312.34,127.21,460.06,0.4219,-1,-1,-1
641,80,1368.44,299.53,130.91,493.08,0.8347,-1,-1,-1
641,65,1004.05,303.46,108.25,476.59,0.8797,-1,-1,-1
641,119,1114.56,328.83,142.83,447.61,0.8411,-1,-1,-1
642,78,1700.39,82.92,221.44,987.82,0.8905,-1,-1,-1
642,4,853.06,320.51,153.93,451.78,0.8795,-1,-1,-1
642,109,525.46,360.72,109.54,373.13,0.8108,-1,-1,-1
642,113,1265.85,314.37,128.88,464.04,0.8693,-1,-1,-1
642,80,1377.40,304.55,129.62,498.95,0.8501,-1,-1,-1
642,65,1007.41,306.41,111.23,476.51,0.8842,-1,-1,-1
642,119,1120.11,331.15,148.21,446.02,0.8614,-1,-1,-1
643,78,1693.79,88.01,228.09,983.85,0.8334,-1,-1,-1
643,4,858.02,320.82,152.90,449.58,0.9143,-1,-1,-1
643,109,527.46,361.71,110.17,374.36,0.8230,-1,-1,-1
643,113,1274.65,315.92,126.30,469.88,0.8207,-1,-1,-1
643,80,1382.99,304.30,132.70,505.76,0.8530,-1,-1,-1
643,65,1007.95,308.17,115.03,480.54,0.8543,-1,-1,-1
643,119,1123.85,328.34,150.77,455.08,0.8795,-1,-1,-1
644,78,1688.89,93.50,232.62,979.94,0.8699,-1,-1,-1
644,4,865.37,322.31,150.31,449.25,0.9140,-1,-1,-1
644,109,530.07,363.71,107.76,376.53,0.8446,-1,-1,-1
644,113,1284.53,317.34,123.18,474.07,0.8041,-1,-1,-1
644,80,1390.91,302.19,134.22,517.20,0.8664,-1,-1,-1
644,65,1012.37,308.75,112.58,484.07,0.8592,-1,-1,-1
644,119,1130.07,324.59,152.75,465.54,0.9012,-1,-1,-1
645,78,1686.36,198.24,234.38,876.36,0.8502,-1,-1,-1
645,4,870.64,324.31,149.76,449.73,0.9164,-1,-1,-1
645,109,532.64,363.51,103.75,378.27,0.8623,-1,-1,-1
645,113,1294.43,315.06,120.35,477.87,0.7567,-1,-1,-1
645,80,1397.08,298.10,137.09,528.84,0.8243,-1,-1,-1
645,65,1012.45,310.03,116.56,486.83,0.8800,-1,-1,-1
645,119,1134.15,321.71,155.87,474.31,0.9185,-1,-1,-1
646,78,1687.47,241.84,233.00,820.85,0.8384,-1,-1,-1
646,4,875.13,325.52,147.64,453.45,0.9013,-1,-1,-1
646,109,533.17,362.92,102.48,380.94,0.8426,-1,-1,-1
646,113,1300.42,311.25,120.78,487.11,0.7947,-1,-1,-1
646,80,1404.70,297.80,133.70,529.73,0.5020,-1,-1,-1
646,65,1009.50,309.79,123.54,487.11,0.8900,-1,-1,-1
646,119,1134.19,321.31,162.94,480.85,0.9213,-1,-1,-1
647,78,1686.17,268.57,233.87,799.63,0.8523,-1,-1,-1
647,4,877.84,328.25,148.61,452.62,0.9037,-1,-1,-1
647,109,533.84,364.57,103.11,380.59,0.7673,-1,-1,-1
647,113,1308.13,308.69,119.68,492.29,0.7724,-1,-1,-1
647,80,1411.89,294.21,134.23,519.67,0.7699,-1,-1,-1
647,65,1013.95,309.99,124.65,486.05,0.8883,-1,-1,-1
647,119,1134.65,320.76,167.47,486.77,0.9214,-1,-1,-1
647,118,1281.12,343.55,76.67,400.76,0.5223,-1,-1,-1
648,78,1687.92,282.28,231.76,788.93,0.8895,-1,-1,-1
648,4,879.58,330.51,147.78,452.92,0.9281,-1,-1,-1
648,109,534.06,362.08,102.51,385.32,0.8407,-1,-1,-1
648,113,1309.52,307.64,124.56,500.72,0.8397,-1,-1,-1
648,80,1417.48,295.57,135.20,516.46,0.7355,-1,-1,-1
648,65,1019.27,310.62,120.91,484.87,0.8897,-1,-1,-1
648,119,1134.91,322.81,174.20,488.63,0.9257,-1,-1,-1
648,118,1284.74,343.19,75.67,397.67,0.4536,-1,-1,-1
649,78,1692.30,288.68,227.29,780.68,0.8760,-1,-1,-1
649,4,880.38,332.83,147.46,451.30,0.9251,-1,-1,-1
649,109,534.48,361.44,103.74,387.32,0.8345,-1,-1,-1
649,113,1309.16,306.23,130.05,502.75,0.8518,-1,-1,-1
649,80,1423.34,294.76,133.96,526.81,0.8493,-1,-1,-1
649,65,1022.03,309.97,118.29,482.66,0.6319,-1,-1,-1
649,119,1134.90,324.50,178.69,490.05,0.9303,-1,-1,-1
649,122,825.58,397.68,61.27,224.07,0.4937,-1,-1,-1
650,78,1701.88,292.47,217.46,775.78,0.8268,-1,-1,-1
650,4,880.36,335.24,150.76,450.29,0.9203,-1,-1,-1
650,109,534.15,361.42,107.40,388.97,0.8334,-1,-1,-1
650,113,1308.13,305.68,135.68,503.62,0.8629,-1,-1,-1
650,80,1428.29,292.71,136.50,537.63,0.8563,-1,-1,-1
650,65,1026.97,310.25,114.81,479.52,0.8741,-1,-1,-1
650,119,1134.27,319.91,184.20,501.73,0.9185,-1,-1,-1
650,122,825.76,399.99,62.03,225.21,0.5528,-1,-1,-1
651,78,1709.72,293.02,209.63,773.29,0.5766,-1,-1,-1
651,4,880.18,336.80,155.25,449.53,0.9259,-1,-1,-1
651,109,533.59,361.07,109.57,390.12,0.8206,-1,-1,-1
651,113,1311.04,305.61,137.47,506.98,0.8782,-1,-1,-1
651,80,1432.50,291.63,141.56,547.47,0.8730,-1,-1,-1
651,65,1030.39,309.31,112.98,477.23,0.8681,-1,-1,-1
651,119,1133.39,319.99,188.22,505.23,0.9139,-1,-1,-1
651,122,824.24,404.65,64.87,222.47,0.6088,-1,-1,-1
652,78,1722.16,293.33,197.04,667.54,0.6695,-1,-1,-1
652,4,877.77,338.81,159.75,446.55,0.9154,-1,-1,-1
652,109,531.76,363.02,115.36,388.16,0.8199,-1,-1,-1
652,113,1311.92,305.30,141.20,509.43,0.8579,-1,-1,-1
652,80,1435.64,293.64,144.10,548.35,0.8608,-1,-1,-1
652,65,1031.48,308.52,112.06,480.39,0.7591,-1,-1,-1
652,119,1131.13,319.83,193.12,508.43,0.8936,-1,-1,-1
652,122,820.79,406.63,67.42,224.66,0.7450,-1,-1,-1
653,78,1732.90,293.77,186.04,628.30,0.8148,-1,-1,-1
653,4,875.72,338.58,162.22,440.67,0.9032,-1,-1,-1
653,109,529.29,362.41,115.20,392.07,0.8178,-1,-1,-1
653,113,1313.11,306.62,143.56,508.81,0.8515,-1,-1,-1
653,80,1439.67,294.67,145.39,549.95,0.8419,-1,-1,-1
653,65,1032.61,308.81,111.64,481.94,0.8920,-1,-1,-1
653,119,1127.69,316.73,195.59,521.56,0.8854,-1,-1,-1
653,122,814.88,404.22,71.16,230.73,0.7650,-1,-1,-1
654,78,1745.69,290.93,172.85,657.47,0.7918,-1,-1,-1
654,4,872.11,336.10,164.86,439.80,0.9003,-1,-1,-1
654,109,526.62,358.60,107.81,397.06,0.8262,-1,-1,-1
654,113,1313.67,303.72,145.13,511.48,0.8638,-1,-1,-1
654,80,1442.39,292.57,146.27,552.07,0.8348,-1,-1,-1
654,65,1031.57,306.78,112.75,483.32,0.8798,-1,-1,-1
654,119,1123.31,311.43,200.17,534.70,0.8441,-1,-1,-1
654,122,809.58,400.01,72.57,234.69,0.8025,-1,-1,-1
655,78,1755.16,289.72,163.35,697.82,0.7716,-1,-1,-1
655,4,867.35,334.61,167.16,445.26,0.8948,-1,-1,-1
655,109,523.51,357.55,116.57,398.10,0.8600,-1,-1,-1
655,113,1314.42,299.96,146.14,517.58,0.8853,-1,-1,-1
655,80,1446.30,292.25,144.16,554.30,0.8238,-1,-1,-1
655,65,1026.37,306.53,118.04,480.74,0.8621,-1,-1,-1
655,119,1118.78,309.76,204.38,541.18,0.6944,-1,-1,-1
655,122,806.27,400.40,71.52,232.89,0.8102,-1,-1,-1
656,78,1765.69,288.37,152.46,732.24,0.8144,-1,-1,-1
656,4,864.87,333.59,165.65,446.27,0.8946,-1,-1,-1
656,109,517.68,358.11,115.79,402.15,0.8172,-1,-1,-1
656,113,1313.82,300.70,147.37,521.81,0.8876,-1,-1,-1
656,80,1448.12,293.55,143.14,559.38,0.8160,-1,-1,-1
656,65,1026.07,307.40,116.77,477.79,0.8891,-1,-1,-1
656,119,1114.57,311.36,205.23,544.24,0.5858,-1,-1,-1
656,122,804.90,404.08,68.80,229.95,0.8304,-1,-1,-1
657,78,1777.13,295.67,141.41,742.02,0.7838,-1,-1,-1
657,4,861.38,335.47,165.50,443.15,0.9062,-1,-1,-1
657,109,514.39,360.43,118.38,403.19,0.7883,-1,-1,-1
657,113,1312.70,302.83,150.10,526.00,0.8846,-1,-1,-1
657,80,1449.21,295.07,143.80,560.39,0.8369,-1,-1,-1
657,65,1024.65,309.10,115.96,478.97,0.8794,-1,-1,-1
657,119,1112.55,313.64,204.32,538.96,0.8360,-1,-1,-1
657,122,802.67,402.44,66.55,234.99,0.8068,-1,-1,-1
658,78,1787.86,292.46,131.28,753.25,0.7720,-1,-1,-1
658,4,855.20,331.99,169.31,446.33,0.9194,-1,-1,-1
658,109,509.63,360.09,121.48,402.65,0.8238,-1,-1,-1
658,113,1310.94,300.26,152.99,530.31,0.8913,-1,-1,-1
658,80,1450.48,292.83,146.18,560.58,0.8333,-1,-1,-1
658,65,1022.13,307.79,116.19,478.19,0.8747,-1,-1,-1
658,119,1110.83,311.65,204.35,531.27,0.8808,-1,-1,-1
658,122,797.38,405.38,67.11,232.09,0.7713,-1,-1,-1
659,78,1798.13,289.81,121.03,762.19,0.7526,-1,-1,-1
659,4,852.03,330.35,170.22,444.53,0.9172,-1,-1,-1
659,109,505.29,361.46,111.51,401.57,0.7782,-1,-1,-1
659,113,1308.99,299.34,156.67,533.90,0.9100,-1,-1,-1
659,80,1454.74,290.21,146.56,553.16,0.7215,-1,-1,-1
659,65,1019.19,307.09,115.47,478.08,0.8843,-1,-1,-1
659,119,1108.20,308.20,206.36,541.57,0.8591,-1,-1,-1
659,122,792.42,403.99,69.24,229.63,0.8094,-1,-1,-1
660,78,1806.61,286.32,112.68,774.20,0.7876,-1,-1,-1
660,4,849.79,329.42,170.88,444.79,0.9179,-1,-1,-1
660,109,500.78,361.62,108.09,401.12,0.8144,-1,-1,-1
660,113,1306.91,296.96,160.51,540.20,0.9083,-1,-1,-1
660,80,1455.88,288.56,149.08,559.25,0.7901,-1,-1,-1
660,65,1016.39,307.50,115.59,480.33,0.8867,-1,-1,-1
660,119,1105.78,304.29,207.76,551.95,0.8271,-1,-1,-1
660,122,788.46,398.27,71.47,233.57,0.8255,-1,-1,-1
661,78,1811.80,284.97,107.48,782.82,0.7990,-1,-1,-1
661,4,847.40,328.20,169.64,447.76,0.9207,-1,-1,-1
661,109,495.77,360.55,115.91,404.32,0.8502,-1,-1,-1
661,113,1304.88,294.36,163.57,547.22,0.9038,-1,-1,-1
661,80,1455.30,287.25,150.58,565.33,0.7857,-1,-1,-1
661,65,1012.75,307.29,115.37,484.95,0.8810,-1,-1,-1
661,119,1104.31,301.35,209.86,559.71,0.4868,-1,-1,-1
661,122,786.15,395.08,69.56,239.21,0.8230,-1,-1,-1
661,123,1106.62,306.30,204.50,556.04,0.8464,-1,-1,-1
662,78,1812.75,287.86,106.34,782.03,0.7864,-1,-1,-1
662,4,845.55,328.53,169.00,453.34,0.9179,-1,-1,-1
662,109,490.63,361.11,111.60,406.27,0.8643,-1,-1,-1
662,113,1302.08,291.02,167.18,552.16,0.8993,-1,-1,-1
662,80,1454.40,285.99,153.41,568.95,0.7513,-1,-1,-1
662,65,1011.89,309.13,110.99,487.20,0.8815,-1,-1,-1
662,119,1101.45,302.02,207.21,563.80,0.8841,-1,-1,-1
662,122,781.54,391.80,69.89,245.47,0.8172,-1,-1,-1
662,123,1102.36,303.89,204.59,561.80,0.8841,-1,-1,-1
663,78,1811.14,286.91,107.60,784.97,0.7844,-1,-1,-1
663,4,837.96,329.11,170.84,450.72,0.9165,-1,-1,-1
663,109,482.76,360.11,110.62,410.24,0.8824,-1,-1,-1
663,113,1295.15,290.59,172.03,556.49,0.8966,-1,-1,-1
663,80,1452.36,287.05,155.60,568.40,0.7276,-1,-1,-1
663,65,1008.43,313.28,110.74,488.57,0.8838,-1,-1,-1
663,119,1096.67,300.70,207.42,568.85,0.8943,-1,-1,-1
663,123,1097.04,301.16,206.12,567.96,0.8943,-1,-1,-1
664,78,1810.51,287.66,108.09,786.07,0.7844,-1,-1,-1
664,4,833.40,330.38,172.62,446.30,0.9118,-1,-1,-1
664,109,476.02,356.98,119.73,415.39,0.8762,-1,-1,-1
664,113,1288.01,289.50,177.54,558.49,0.8736,-1,-1,-1
664,80,1451.05,286.23,159.94,570.80,0.7252,-1,-1,-1
664,65,1004.89,314.48,110.24,489.03,0.9044,-1,-1,-1
664,119,1092.62,297.98,205.68,578.27,0.9066,-1,-1,-1
664,123,1093.00,297.81,204.57,578.43,0.9066,-1,-1,-1
664,122,774.26,394.59,66.68,238.87,0.6485,-1,-1,-1
665,78,1812.08,284.24,106.78,790.74,0.7588,-1,-1,-1
665,4,838.58,331.18,161.53,440.41,0.9045,-1,-1,-1
665,109,469.26,355.29,118.53,420.07,0.8133,-1,-1,-1
665,113,1285.27,281.96,178.59,569.91,0.8833,-1,-1,-1
665,80,1448.85,284.58,161.74,573.18,0.7353,-1,-1,-1
665,65,1000.94,311.72,112.90,489.33,0.8868,-1,-1,-1
665,119,1088.80,294.75,212.69,583.48,0.9066,-1,-1,-1
665,123,1089.22,294.41,212.49,583.64,0.9066,-1,-1,-1
665,122,765.61,395.45,72.65,239.79,0.8232,-1,-1,-1
666,78,1803.73,277.99,115.10,797.25,0.7586,-1,-1,-1
666,4,840.10,333.33,156.89,443.92,0.9145,-1,-1,-1
666,109,462.14,353.56,120.06,422.42,0.7962,-1,-1,-1
666,113,1276.26,280.36,183.91,577.17,0.6875,-1,-1,-1
666,80,1447.24,283.33,166.37,570.94,0.6398,-1,-1,-1
666,65,994.98,309.11,115.10,490.58,0.8945,-1,-1,-1
666,119,1085.64,290.74,219.61,593.90,0.9126,-1,-1,-1
666,123,1086.11,290.33,219.80,594.42,0.9126,-1,-1,-1
666,122,763.30,395.30,70.74,241.95,0.8239,-1,-1,-1
667,78,1794.34,272.56,125.02,802.04,0.7622,-1,-1,-1
667,4,839.09,332.90,155.26,444.27,0.9205,-1,-1,-1
667,109,454.38,354.26,113.78,421.74,0.8181,-1,-1,-1
667,113,1273.08,274.80,183.76,584.88,0.4128,-1,-1,-1
667,80,1441.41,285.11,171.56,574.21,0.7215,-1,-1,-1
667,65,989.29,306.43,116.59,479.57,0.8959,-1,-1,-1
667,119,1083.90,287.16,224.22,609.64,0.9151,-1,-1,-1
667,123,1084.42,286.75,224.45,610.56,0.9151,-1,-1,-1
667,122,759.46,396.21,70.61,242.51,0.8397,-1,-1,-1
668,78,1791.55,270.79,128.08,803.85,0.7689,-1,-1,-1
668,4,835.88,332.70,157.13,441.54,0.9190,-1,-1,-1
668,109,446.79,352.28,110.97,424.25,0.8659,-1,-1,-1
668,80,1438.74,285.91,177.08,575.57,0.6895,-1,-1,-1
668,65,983.51,304.35,117.37,486.94,0.8818,-1,-1,-1
668,119,1080.19,284.14,228.55,618.95,0.9211,-1,-1,-1
668,123,1080.65,283.80,228.80,619.80,0.9211,-1,-1,-1
668,122,755.98,390.72,71.47,248.59,0.8394,-1,-1,-1
669,78,1795.77,265.82,124.29,808.62,0.7967,-1,-1,-1
669,4,834.89,332.35,158.85,434.74,0.9164,-1,-1,-1
669,109,440.87,348.14,112.48,429.78,0.8570,-1,-1,-1
669,80,1437.42,283.54,182.14,578.35,0.5900,-1,-1,-1
669,65,977.91,301.84,120.07,488.49,0.8833,-1,-1,-1
669,119,1076.79,281.69,233.63,633.58,0.9260,-1,-1,-1
669,123,1077.18,281.41,233.87,634.50,0.9260,-1,-1,-1
669,122,751.33,390.36,71.97,249.73,0.8334,-1,-1,-1
669,113,1265.50,266.04,185.51,593.28,0.4767,-1,-1,-1
670,78,1799.35,259.54,121.26,814.48,0.8163,-1,-1,-1
670,4,833.58,331.98,156.52,430.74,0.9122,-1,-1,-1
670,109,433.85,347.59,114.01,434.18,0.8840,-1,-1,-1
670,80,1437.80,279.76,184.23,582.71,0.5097,-1,-1,-1
670,65,975.35,299.19,120.03,488.88,0.8819,-1,-1,-1
670,119,1074.54,280.13,236.78,649.31,0.9266,-1,-1,-1
670,123,1074.88,279.89,236.99,650.24,0.9266,-1,-1,-1
670,122,743.13,388.52,78.94,253.31,0.8451,-1,-1,-1
670,113,1267.57,261.36,184.32,600.17,0.8941,-1,-1,-1
671,78,1798.77,242.72,122.30,830.89,0.7804,-1,-1,-1
671,4,834.52,332.11,150.20,431.98,0.9176,-1,-1,-1
671,109,429.64,348.51,114.61,435.88,0.8931,-1,-1,-1
671,65,973.16,298.65,121.50,486.80,0.8954,-1,-1,-1
671,119,1075.13,280.43,238.01,664.42,0.9268,-1,-1,-1
671,123,1075.45,280.24,238.16,665.32,0.9268,-1,-1,-1
671,122,740.77,385.60,79.70,257.46,0.8602,-1,-1,-1
671,113,1271.60,259.18,182.69,606.27,0.9040,-1,-1,-1
672,78,1797.44,226.63,124.35,845.95,0.8202,-1,-1,-1
672,4,836.20,331.81,147.96,433.18,0.9173,-1,-1,-1
672,109,425.72,349.04,118.70,439.62,0.8843,-1,-1,-1
672,65,970.85,297.13,125.02,488.44,0.8938,-1,-1,-1
672,119,1076.06,279.05,240.33,683.06,0.9303,-1,-1,-1
672,123,1076.35,278.88,240.44,683.95,0.9303,-1,-1,-1
672,122,738.23,383.99,81.61,260.77,0.8543,-1,-1,-1
672,113,1275.11,256.66,181.88,614.87,0.9060,-1,-1,-1
672,80,1441.43,274.96,186.18,589.66,0.4648,-1,-1,-1
673,78,1794.10,161.11,128.38,911.71,0.7538,-1,-1,-1
673,4,837.99,330.51,142.40,433.32,0.9189,-1,-1,-1
673,109,421.85,350.92,119.44,440.01,0.8811,-1,-1,-1
673,65,970.05,295.02,126.40,485.40,0.8917,-1,-1,-1
673,119,1076.34,274.29,246.55,698.02,0.9252,-1,-1,-1
673,123,1076.59,274.12,246.66,698.84,0.9252,-1,-1,-1
673,122,737.34,380.87,80.67,264.12,0.8616,-1,-1,-1
673,113,1277.84,247.59,181.23,630.94,0.8807,-1,-1,-1
673,80,1443.18,272.37,186.52,594.86,0.3959,-1,-1,-1
674,78,1788.61,155.91,133.53,917.08,0.8242,-1,-1,-1
674,4,839.29,330.56,138.66,432.28,0.9178,-1,-1,-1
674,109,420.05,352.58,119.00,441.33,0.8690,-1,-1,-1
674,65,970.15,295.11,125.63,483.84,0.8935,-1,-1,-1
674,119,1074.93,268.24,255.95,711.22,0.9215,-1,-1,-1
674,123,1075.14,268.06,256.09,711.97,0.9215,-1,-1,-1
674,122,737.65,381.23,80.21,266.09,0.8631,-1,-1,-1
674,113,1279.76,241.17,181.97,650.03,0.8967,-1,-1,-1
674,80,1447.84,273.74,187.16,593.29,0.5142,-1,-1,-1
675,78,1780.58,188.60,141.10,883.19,0.8398,-1,-1,-1
675,4,839.89,330.81,137.81,432.54,0.9197,-1,-1,-1
675,109,417.45,350.48,122.66,446.70,0.8660,-1,-1,-1
675,65,969.34,294.28,127.31,487.79,0.8917,-1,-1,-1
675,119,1071.82,264.70,265.88,720.80,0.9207,-1,-1,-1
675,123,1071.98,264.53,266.04,721.45,0.9207,-1,-1,-1
675,122,737.54,382.94,78.73,265.22,0.8673,-1,-1,-1
675,113,1282.96,245.41,185.12,663.08,0.8807,-1,-1,-1
675,80,1451.01,274.23,189.32,593.09,0.8615,-1,-1,-1
676,78,1774.30,209.43,147.35,860.98,0.8551,-1,-1,-1
676,4,839.54,331.68,138.41,434.36,0.9179,-1,-1,-1
676,109,415.17,350.93,126.87,450.21,0.8662,-1,-1,-1
676,65,969.33,294.24,128.60,488.56,0.8948,-1,-1,-1
676,119,1067.31,260.96,280.79,725.56,0.9032,-1,-1,-1
676,123,1067.44,260.79,280.97,726.11,0.9032,-1,-1,-1
676,122,735.43,383.14,81.08,266.41,0.8584,-1,-1,-1
676,113,1288.07,238.62,189.50,679.16,0.8509,-1,-1,-1
676,80,1457.11,273.72,187.97,588.35,0.5262,-1,-1,-1
677,78,1764.54,223.71,157.02,845.94,0.8597,-1,-1,-1
677,4,839.05,329.19,140.54,436.65,0.9080,-1,-1,-1
677,109,411.79,346.30,130.35,456.00,0.8513,-1,-1,-1
677,65,971.49,292.34,126.40,486.28,0.8940,-1,-1,-1
677,119,1063.73,253.19,293.66,709.26,0.8901,-1,-1,-1
677,123,1063.84,253.04,293.84,709.68,0.8901,-1,-1,-1
677,122,734.57,380.07,83.24,269.36,0.8738,-1,-1,-1
677,113,1292.64,229.16,202.29,696.10,0.8250,-1,-1,-1
677,80,1461.98,268.90,188.07,590.11,0.8678,-1,-1,-1
678,78,1757.69,230.58,164.19,841.29,0.8787,-1,-1,-1
678,4,839.27,328.19,141.22,438.38,0.9099,-1,-1,-1
678,109,409.01,345.09,133.84,459.73,0.8430,-1,-1,-1
678,65,972.03,291.76,129.03,488.12,0.8737,-1,-1,-1
678,119,1062.42,244.77,305.67,706.78,0.9003,-1,-1,-1
678,123,1062.51,244.62,305.84,707.11,0.9003,-1,-1,-1
678,122,734.50,379.32,84.01,271.06,0.8687,-1,-1,-1
678,113,1299.41,225.75,208.27,705.34,0.8513,-1,-1,-1
678,80,1467.80,266.13,186.31,594.32,0.8600,-1,-1,-1
679,78,1751.60,238.57,170.61,835.26,0.8580,-1,-1,-1
679,4,838.77,328.45,144.11,437.26,0.9086,-1,-1,-1
679,109,407.95,344.43,133.37,461.56,0.8312,-1,-1,-1
679,119,1062.01,238.15,314.65,728.43,0.8983,-1,-1,-1
679,123,1062.09,238.02,314.81,728.74,0.8983,-1,-1,-1
679,122,734.78,378.03,83.77,271.58,0.8611,-1,-1,-1
679,113,1308.47,225.94,205.01,722.36,0.8721,-1,-1,-1
679,80,1475.72,264.38,184.55,595.61,0.8532,-1,-1,-1
680,78,1744.86,243.26,177.79,819.26,0.8000,-1,-1,-1
680,4,838.36,328.86,154.66,438.85,0.9085,-1,-1,-1
680,109,408.35,344.57,136.80,464.23,0.8216,-1,-1,-1
680,119,1065.36,233.43,303.08,755.86,0.8930,-1,-1,-1
680,123,1065.44,233.31,303.21,756.17,0.8930,-1,-1,-1
680,122,736.32,377.71,84.83,273.60,0.8636,-1,-1,-1
680,113,1319.97,232.44,204.08,732.08,0.7808,-1,-1,-1
680,80,1484.60,263.21,186.83,602.55,0.8630,-1,-1,-1
680,65,980.68,291.95,126.55,483.84,0.8754,-1,-1,-1
681,78,1739.06,247.72,183.77,746.55,0.7425,-1,-1,-1
681,4,838.89,330.36,161.88,439.41,0.9011,-1,-1,-1
681,109,410.51,344.48,137.77,465.99,0.8243,-1,-1,-1
681,119,1072.10,227.99,293.09,778.63,0.9066,-1,-1,-1
681,123,1072.16,227.87,293.19,778.92,0.9066,-1,-1,-1
681,122,736.79,381.03,89.37,273.86,0.8517,-1,-1,-1
681,113,1329.71,237.23,203.09,734.55,0.8030,-1,-1,-1
681,80,1491.96,261.48,187.63,611.65,0.8821,-1,-1,-1
681,65,984.82,294.43,123.84,482.54,0.8955,-1,-1,-1
682,78,1735.14,253.05,187.56,599.26,0.3930,-1,-1,-1
682,4,840.83,331.41,166.13,441.46,0.8962,-1,-1,-1
682,109,412.39,344.79,131.89,466.04,0.8660,-1,-1,-1
682,119,1078.71,223.72,289.78,791.66,0.9148,-1,-1,-1
682,123,1078.77,223.61,289.86,791.92,0.9148,-1,-1,-1
682,122,737.84,381.30,92.35,275.75,0.8456,-1,-1,-1
682,113,1339.94,235.96,204.59,740.20,0.8907,-1,-1,-1
682,80,1500.67,258.97,182.26,622.07,0.8780,-1,-1,-1
682,65,991.39,294.86,119.96,485.55,0.8025,-1,-1,-1
683,78,1738.88,257.41,183.08,536.02,0.6066,-1,-1,-1
683,4,844.83,332.94,167.92,433.75,0.8734,-1,-1,-1
683,109,414.34,346.77,128.77,465.10,0.8592,-1,-1,-1
683,119,1084.34,219.76,292.33,810.08,0.9036,-1,-1,-1
683,123,1084.39,219.66,292.40,810.31,0.9036,-1,-1,-1
683,122,739.95,382.40,92.29,275.21,0.8374,-1,-1,-1
683,113,1350.15,232.19,212.25,749.70,0.9176,-1,-1,-1
683,80,1505.78,255.42,172.44,620.94,0.3587,-1,-1,-1
683,65,996.71,294.71,120.50,488.46,0.8934,-1,-1,-1
684,4,850.16,335.79,164.08,435.71,0.8986,-1,-1,-1
684,109,417.36,346.97,127.46,466.98,0.8724,-1,-1,-1
684,119,1091.40,216.51,294.94,840.09,0.8678,-1,-1,-1
684,123,1091.45,216.42,295.00,840.31,0.8678,-1,-1,-1
684,122,747.11,383.28,89.32,278.16,0.8190,-1,-1,-1
684,113,1360.14,226.31,219.99,760.47,0.9172,-1,-1,-1
684,65,1003.12,296.08,117.50,491.57,0.8966,-1,-1,-1
685,4,859.87,334.91,157.99,434.30,0.7016,-1,-1,-1
685,109,420.76,341.49,127.81,472.79,0.8799,-1,-1,-1
685,119,1096.01,212.93,300.71,860.42,0.9315,-1,-1,-1
685,123,1096.06,212.86,300.76,860.63,0.9315,-1,-1,-1
685,122,754.14,381.72,87.29,283.09,0.8687,-1,-1,-1
685,113,1372.03,220.58,222.01,766.47,0.9015,-1,-1,-1
685,65,1009.61,295.94,114.79,490.20,0.9036,-1,-1,-1
686,4,872.02,334.45,149.39,434.88,0.9264,-1,-1,-1
686,109,424.22,341.21,126.43,472.68,0.8898,-1,-1,-1
686,119,1101.03,208.55,304.56,870.08,0.9259,-1,-1,-1
686,123,1101.07,208.48,304.61,870.26,0.9259,-1,-1,-1
686,122,758.97,381.46,86.37,282.53,0.8778,-1,-1,-1
686,113,1385.11,211.48,230.51,781.47,0.8790,-1,-1,-1
686,65,1017.26,294.40,114.86,491.90,0.8992,-1,-1,-1
686,78,1767.81,278.18,154.34,484.68,0.3777,-1,-1,-1
687,4,879.06,331.08,154.09,437.56,0.9105,-1,-1,-1
687,109,428.81,336.04,124.52,476.25,0.8867,-1,-1,-1
687,119,1105.55,204.96,309.80,874.94,0.9299,-1,-1,-1
687,123,1105.59,204.90,309.84,875.10,0.9299,-1,-1,-1
687,122,765.77,378.75,86.49,284.51,0.8888,-1,-1,-1
687,113,1396.74,203.29,259.63,792.21,0.7841,-1,-1,-1
687,65,1021.13,295.15,119.32,492.85,0.8893,-1,-1,-1
687,78,1784.93,297.83,136.30,475.07,0.5561,-1,-1,-1
688,4,883.54,327.75,152.23,434.95,0.9053,-1,-1,-1
688,109,433.72,331.34,123.61,478.14,0.8549,-1,-1,-1
688,119,1108.63,197.86,316.47,882.32,0.9375,-1,-1,-1
688,123,1108.66,197.80,316.51,882.46,0.9375,-1,-1,-1
688,122,767.56,376.24,90.24,283.98,0.8698,-1,-1,-1
688,113,1407.28,193.46,280.10,803.64,0.8808,-1,-1,-1
688,65,1028.64,293.92,119.39,489.22,0.8967,-1,-1,-1
688,78,1802.61,325.08,118.25,502.17,0.6652,-1,-1,-1
689,4,890.12,323.18,150.79,430.89,0.8950,-1,-1,-1
689,109,436.92,328.19,121.00,475.64,0.8755,-1,-1,-1
689,119,1111.38,178.22,325.12,900.75,0.9292,-1,-1,-1
689,123,1111.40,178.17,325.16,900.88,0.9292,-1,-1,-1
689,122,771.20,370.68,94.74,284.96,0.8656,-1,-1,-1
689,113,1419.22,187.38,291.51,809.08,0.9149,-1,-1,-1
689,65,1037.09,290.66,117.56,483.14,0.8831,-1,-1,-1
689,78,1823.17,360.47,97.10,491.69,0.4888,-1,-1,-1
689,129,865.03,382.89,53.29,226.08,0.4855,-1,-1,-1
690,4,896.05,317.93,154.62,431.10,0.8823,-1,-1,-1
690,109,439.20,323.71,119.05,473.55,0.8524,-1,-1,-1
690,119,1111.50,170.60,336.56,903.22,0.9263,-1,-1,-1
690,123,1111.52,170.56,336.59,903.33,0.9263,-1,-1,-1
690,122,774.36,362.98,94.53,289.16,0.8504,-1,-1,-1
690,113,1428.71,178.59,310.95,816.87,0.9079,-1,-1,-1
690,65,1043.23,286.56,117.44,481.78,0.9081,-1,-1,-1
691,4,901.21,312.71,161.00,430.85,0.8757,-1,-1,-1
691,109,441.00,319.67,118.37,475.54,0.8083,-1,-1,-1
691,119,1110.52,170.25,344.87,904.97,0.9316,-1,-1,-1
691,123,1110.54,170.21,344.90,905.07,0.9316,-1,-1,-1
691,122,777.51,358.48,95.64,293.34,0.8749,-1,-1,-1
691,113,1437.97,165.68,330.68,832.44,0.9185,-1,-1,-1
691,65,1049.49,283.85,116.83,483.08,0.8851,-1,-1,-1
692,4,906.32,308.17,150.65,431.43,0.8619,-1,-1,-1
692,109,441.39,314.42,119.69,481.33,0.8278,-1,-1,-1
692,119,1107.65,156.12,358.62,920.17,0.9259,-1,-1,-1
692,123,1107.66,156.09,358.65,920.26,0.9259,-1,-1,-1
692,122,779.56,356.44,93.50,292.95,0.8755,-1,-1,-1
692,113,1445.81,154.09,345.10,856.28,0.9246,-1,-1,-1
692,65,1053.19,280.04,117.37,487.69,0.8692,-1,-1,-1
692,129,867.05,373.78,57.11,220.62,0.4955,-1,-1,-1
693,4,910.20,303.24,148.41,434.22,0.8735,-1,-1,-1
693,109,440.66,309.57,126.95,483.58,0.7172,-1,-1,-1
693,119,1105.66,137.02,373.81,936.83,0.8976,-1,-1,-1
693,123,1105.68,136.99,373.83,936.90,0.8976,-1,-1,-1
693,122,779.15,354.33,93.18,292.34,0.8817,-1,-1,-1
693,113,1452.12,145.61,359.99,883.60,0.9273,-1,-1,-1
693,65,1057.88,273.62,111.69,514.99,0.6425,-1,-1,-1
693,129,865.99,370.78,60.79,221.49,0.5096,-1,-1,-1
694,4,911.23,299.52,144.24,436.82,0.8866,-1,-1,-1
694,109,438.51,304.75,125.40,487.20,0.7944,-1,-1,-1
694,119,1103.10,125.74,393.15,948.69,0.8964,-1,-1,-1
694,123,1103.12,125.71,393.17,948.76,0.8964,-1,-1,-1
694,122,780.16,350.01,92.65,295.37,0.8682,-1,-1,-1
694,113,1457.54,137.78,376.83,910.82,0.9264,-1,-1,-1
694,65,1060.45,268.10,104.43,512.91,0.5750,-1,-1,-1
694,129,864.66,367.44,61.95,219.44,0.5249,-1,-1,-1
695,4,912.94,297.64,142.37,436.76,0.8788,-1,-1,-1
695,109,436.02,299.86,123.66,491.37,0.8770,-1,-1,-1
695,119,1095.91,112.52,417.73,961.95,0.8875,-1,-1,-1
695,123,1095.93,112.49,417.75,962.01,0.8875,-1,-1,-1
695,122,780.49,346.77,89.92,296.30,0.8706,-1,-1,-1
695,113,1463.14,130.35,395.37,923.84,0.9315,-1,-1,-1
695,129,865.08,364.66,63.18,221.55,0.6473,-1,-1,-1
696,4,913.12,298.56,138.87,434.99,0.9009,-1,-1,-1
696,109,433.12,296.90,125.06,495.86,0.8919,-1,-1,-1
696,119,1096.62,100.53,428.40,975.44,0.9127,-1,-1,-1
696,123,1096.64,100.50,428.42,975.49,0.9127,-1,-1,-1
696,122,777.53,344.74,91.86,297.13,0.8823,-1,-1,-1
696,113,1467.77,124.76,410.47,939.68,0.9403,-1,-1,-1
696,129,865.49,365.20,62.13,226.32,0.6029,-1,-1,-1
696,65,1046.32,253.76,155.98,635.88,0.5235,-1,-1,-1
697,4,915.59,295.27,135.73,433.16,0.8850,-1,-1,-1
697,109,427.92,293.35,128.71,497.82,0.8907,-1,-1,-1
697,119,1104.53,84.85,438.03,990.73,0.9145,-1,-1,-1
697,123,1104.54,84.83,438.05,990.78,0.9145,-1,-1,-1
697,122,775.98,338.68,93.75,299.29,0.8735,-1,-1,-1
697,113,1475.21,115.76,420.59,957.63,0.9290,-1,-1,-1
697,129,865.11,361.25,63.29,230.21,0.7205,-1,-1,-1
697,65,1043.09,246.92,159.40,670.74,0.5010,-1,-1,-1
698,4,918.13,291.08,139.30,435.74,0.8889,-1,-1,-1
698,109,425.84,286.23,130.81,501.54,0.8764,-1,-1,-1
698,119,1106.25,68.29,446.02,1007.73,0.9291,-1,-1,-1
698,123,1106.26,68.27,446.04,1007.77,0.9291,-1,-1,-1
698,122,775.45,336.10,96.77,300.10,0.8684,-1,-1,-1
698,113,1482.26,108.77,431.00,961.99,0.9385,-1,-1,-1
698,129,863.29,357.60,65.47,231.41,0.7353,-1,-1,-1
698,65,1043.91,232.42,168.06,700.80,0.6811,-1,-1,-1
699,4,919.14,286.75,145.41,437.11,0.8954,-1,-1,-1
699,109,423.49,280.69,136.54,501.65,0.8740,-1,-1,-1
699,119,1112.65,50.40,450.90,1026.44,0.9268,-1,-1,-1
699,123,1112.66,50.38,450.91,1026.48,0.9268,-1,-1,-1
699,122,774.08,331.90,102.20,301.90,0.8776,-1,-1,-1
699,113,1492.33,96.44,433.27,969.98,0.9396,-1,-1,-1
699,129,862.88,351.96,66.74,231.09,0.7513,-1,-1,-1
699,65,1044.70,211.68,171.74,729.74,0.7002,-1,-1,-1
700,4,920.65,282.16,147.61,441.79,0.8763,-1,-1,-1
700,109,421.36,276.69,136.72,504.76,0.8946,-1,-1,-1
700,119,1124.44,33.48,453.14,1043.08,0.9329,-1,-1,-1
700,123,1124.45,33.47,453.16,1043.12,0.9329,-1,-1,-1
700,122,772.62,329.35,105.24,304.71,0.8632,-1,-1,-1
700,113,1501.48,81.66,428.15,986.20,0.9441,-1,-1,-1
700,129,863.89,347.67,65.79,231.74,0.6759,-1,-1,-1
700,65,1048.00,196.89,168.00,748.95,0.8215,-1,-1,-1
701,4,922.21,280.47,146.61,440.85,0.8894,-1,-1,-1
701,109,417.11,273.71,136.20,510.33,0.9081,-1,-1,-1
701,119,1133.25,22.54,453.38,1053.71,0.9331,-1,-1,-1
701,123,1133.26,22.52,453.40,1053.74,0.9331,-1,-1,-1
701,122,772.79,328.98,103.60,305.43,0.8636,-1,-1,-1
701,113,1510.88,73.43,418.55,994.33,0.9437,-1,-1,-1
701,129,862.96,346.05,67.10,233.80,0.7538,-1,-1,-1
701,65,1051.34,191.74,151.88,759.89,0.8400,-1,-1,-1
702,4,923.16,278.35,139.21,436.11,0.8734,-1,-1,-1
702,109,413.53,266.20,134.76,517.32,0.9030,-1,-1,-1
702,119,1136.75,10.41,456.17,1064.16,0.9330,-1,-1,-1
702,123,1136.76,10.40,456.18,1064.19,0.9330,-1,-1,-1
702,122,773.81,325.07,99.40,306.32,0.8782,-1,-1,-1
702,113,1515.10,64.42,413.56,1001.47,0.9424,-1,-1,-1
702,129,859.34,340.17,71.73,238.49,0.8186,-1,-1,-1
702,65,1047.06,182.11,168.31,770.07,0.8569,-1,-1,-1
703,4,923.90,273.96,133.55,437.74,0.8834,-1,-1,-1
703,109,407.50,261.80,136.55,521.28,0.8687,-1,-1,-1
703,119,1145.18,1.13,457.21,1073.37,0.9368,-1,-1,-1
703,123,1145.18,1.12,457.22,1073.40,0.9368,-1,-1,-1
703,122,772.83,319.62,101.11,310.94,0.8652,-1,-1,-1
703,113,1522.23,50.60,406.46,1020.06,0.9417,-1,-1,-1
703,129,859.63,334.54,72.35,245.56,0.7753,-1,-1,-1
703,65,1043.82,171.56,177.46,780.20,0.8911,-1,-1,-1
704,4,923.76,271.12,126.48,434.14,0.8796,-1,-1,-1
704,109,400.87,257.56,137.56,521.17,0.7998,-1,-1,-1
704,119,1152.31,-4.43,458.45,1077.72,0.9412,-1,-1,-1
704,123,1152.32,-4.44,458.46,1077.74,0.9412,-1,-1,-1
704,122,772.87,313.99,104.16,313.73,0.8620,-1,-1,-1
704,113,1532.38,37.49,395.58,1035.41,0.9457,-1,-1,-1
704,129,858.89,327.93,71.51,251.47,0.7581,-1,-1,-1
704,65,1037.52,159.66,200.20,789.90,0.9021,-1,-1,-1
705,4,922.76,262.39,123.07,433.79,0.8772,-1,-1,-1
705,109,395.57,252.84,145.16,520.24,0.8959,-1,-1,-1
705,119,1159.04,-6.15,458.24,1078.03,0.9392,-1,-1,-1
705,123,1159.05,-6.16,458.24,1078.05,0.9392,-1,-1,-1
705,122,773.79,308.49,101.37,316.03,0.8502,-1,-1,-1
705,113,1544.70,15.43,383.18,1055.58,0.9415,-1,-1,-1
705,129,855.78,321.58,72.11,251.73,0.7402,-1,-1,-1
705,65,1029.11,147.20,207.20,801.04,0.8902,-1,-1,-1
706,4,923.08,255.44,121.55,433.30,0.8528,-1,-1,-1
706,109,392.36,244.46,146.60,526.50,0.8651,-1,-1,-1
706,119,1169.16,-6.03,462.44,1078.53,0.9486,-1,-1,-1
706,123,1169.17,-6.04,462.45,1078.55,0.9486,-1,-1,-1
706,122,772.79,302.11,99.51,319.23,0.8573,-1,-1,-1
706,113,1557.57,2.52,370.63,1066.93,0.9459,-1,-1,-1
706,129,853.91,316.89,73.06,253.56,0.7791,-1,-1,-1
706,65,1012.30,136.85,216.29,817.03,0.8560,-1,-1,-1
707,4,923.65,249.40,119.25,433.06,0.8384,-1,-1,-1
707,109,389.18,236.57,145.14,529.88,0.8806,-1,-1,-1
707,119,1179.98,-5.09,472.41,1080.12,0.9517,-1,-1,-1
707,123,1179.98,-5.10,472.41,1080.13,0.9517,-1,-1,-1
707,122,776.00,295.52,93.75,318.56,0.8575,-1,-1,-1
707,113,1577.39,-2.57,350.75,1077.15,0.6665,-1,-1,-1
707,129,854.07,312.67,73.16,251.65,0.7802,-1,-1,-1
707,65,999.63,122.96,222.47,848.65,0.8530,-1,-1,-1
708,4,923.21,241.10,112.88,435.01,0.7976,-1,-1,-1
708,109,387.59,228.94,147.06,533.73,0.8611,-1,-1,-1
708,119,1187.63,-4.79,488.60,1079.71,0.9566,-1,-1,-1
708,123,1187.63,-4.80,488.60,1079.72,0.9566,-1,-1,-1
708,122,773.41,288.70,99.69,319.60,0.8520,-1,-1,-1
708,113,1600.28,-3.78,327.21,1081.49,0.9383,-1,-1,-1
708,129,853.79,306.29,73.50,257.22,0.6877,-1,-1,-1
708,65,986.13,108.22,229.05,879.20,0.8737,-1,-1,-1
709,4,917.31,230.72,115.60,437.68,0.6623,-1,-1,-1
709,109,382.26,219.50,147.15,539.25,0.8797,-1,-1,-1
709,119,1202.55,-3.04,500.93,1077.59,0.9527,-1,-1,-1
709,123,1202.56,-3.05,500.94,1077.61,0.9527,-1,-1,-1
709,122,769.37,280.17,104.83,323.21,0.8376,-1,-1,-1
709,113,1628.45,-1.64,298.04,1083.13,0.9200,-1,-1,-1
709,129,852.58,300.12,73.26,256.41,0.6015,-1,-1,-1
709,65,975.89,96.37,252.17,908.79,0.9069,-1,-1,-1
710,109,378.01,211.32,146.67,542.40,0.8581,-1,-1,-1
710,119,1219.67,-3.13,519.46,1076.55,0.9566,-1,-1,-1
710,123,1219.68,-3.13,519.46,1076.56,0.9566,-1,-1,-1
710,122,767.88,272.55,106.49,327.39,0.8379,-1,-1,-1
710,113,1657.56,-0.87,267.90,1080.53,0.9121,-1,-1,-1
710,129,853.82,296.00,71.64,254.92,0.5068,-1,-1,-1
710,65,950.46,85.07,286.54,933.19,0.9273,-1,-1,-1
711,109,372.83,204.93,148.25,546.27,0.8776,-1,-1,-1
711,119,1233.22,-3.13,559.93,1076.42,0.9521,-1,-1,-1
711,123,1233.22,-3.14,559.94,1076.43,0.9521,-1,-1,-1
711,122,771.91,267.12,101.61,330.77,0.8252,-1,-1,-1
711,113,1693.05,0.11,231.41,1074.46,0.8895,-1,-1,-1
711,129,853.13,293.60,70.87,257.58,0.4678,-1,-1,-1
711,65,934.04,76.62,306.43,953.11,0.9372,-1,-1,-1
712,109,369.46,201.20,149.10,548.79,0.8808,-1,-1,-1
712,119,1251.58,1.19,574.28,1069.83,0.9491,-1,-1,-1
712,123,1251.58,1.18,574.28,1069.84,0.9491,-1,-1,-1
712,122,764.31,263.65,110.74,332.40,0.8104,-1,-1,-1
712,113,1727.63,-1.17,193.75,951.41,0.7750,-1,-1,-1
712,129,851.88,292.66,69.25,253.44,0.6000,-1,-1,-1
712,65,918.44,64.28,323.11,975.51,0.9425,-1,-1,-1
713,109,364.86,195.34,149.35,553.16,0.8782,-1,-1,-1
713,119,1270.44,2.51,598.23,1069.48,0.9440,-1,-1,-1
713,123,1270.44,2.51,598.23,1069.49,0.9440,-1,-1,-1
713,122,759.41,258.21,118.12,336.91,0.8302,-1,-1,-1
713,113,1772.50,1.64,147.18,857.05,0.5934,-1,-1,-1
713,129,850.89,285.57,72.15,256.75,0.4336,-1,-1,-1
713,65,908.38,52.38,330.84,1003.95,0.9400,-1,-1,-1
714,109,363.22,194.05,149.93,553.32,0.8746,-1,-1,-1
714,119,1287.49,1.78,620.06,1069.05,0.9503,-1,-1,-1
714,123,1287.49,1.78,620.06,1069.05,0.9503,-1,-1,-1
714,122,756.34,256.40,120.14,339.43,0.8402,-1,-1,-1
714,129,850.57,283.41,70.33,262.18,0.6285,-1,-1,-1
714,65,899.44,43.85,331.49,1021.27,0.9083,-1,-1,-1
715,109,359.80,191.69,152.67,556.18,0.8065,-1,-1,-1
715,119,1290.19,0.54,635.56,1068.18,0.9507,-1,-1,-1
715,123,1290.19,0.54,635.56,1068.19,0.9507,-1,-1,-1
715,122,756.12,253.31,124.09,341.48,0.8309,-1,-1,-1
715,129,848.11,278.31,65.82,269.29,0.4676,-1,-1,-1
715,65,889.82,35.16,333.30,1035.58,0.9150,-1,-1,-1
716,109,355.84,186.88,150.44,563.05,0.8754,-1,-1,-1
716,119,1280.82,-0.42,650.60,1068.33,0.9532,-1,-1,-1
716,123,1280.82,-0.42,650.60,1068.34,0.9532,-1,-1,-1
716,122,755.90,251.89,124.33,341.99,0.8286,-1,-1,-1
716,65,877.38,15.04,335.31,1060.77,0.9100,-1,-1,-1
717,109,351.14,184.21,151.80,567.90,0.8474,-1,-1,-1
717,119,1272.33,-1.51,663.26,1070.01,0.9527,-1,-1,-1
717,123,1272.34,-1.51,663.27,1070.02,0.9527,-1,-1,-1
717,122,753.84,247.16,128.41,348.01,0.8630,-1,-1,-1
717,65,860.93,2.23,345.99,1079.85,0.9274,-1,-1,-1
717,133,1238.74,310.38,65.23,211.95,0.5305,-1,-1,-1
718,109,346.24,186.58,160.28,568.16,0.6609,-1,-1,-1
718,119,1267.76,-1.34,669.34,1071.86,0.9438,-1,-1,-1
718,123,1267.76,-1.34,669.34,1071.87,0.9438,-1,-1,-1
718,122,753.44,244.33,121.34,353.91,0.8811,-1,-1,-1
718,65,845.34,3.83,347.82,1079.25,0.9328,-1,-1,-1
718,133,1239.05,306.76,68.79,216.30,0.5976,-1,-1,-1
719,109,343.63,180.28,161.21,573.66,0.6372,-1,-1,-1
719,119,1265.81,1.13,664.78,1070.20,0.9424,-1,-1,-1
719,123,1265.81,1.13,664.78,1070.20,0.9424,-1,-1,-1
719,122,752.56,241.33,110.43,357.79,0.8442,-1,-1,-1
719,65,822.04,0.68,352.72,1076.16,0.9287,-1,-1,-1
719,133,1239.15,309.96,72.39,211.59,0.5989,-1,-1,-1
720,109,341.14,176.08,157.80,581.17,0.4099,-1,-1,-1
720,119,1271.98,3.37,654.12,1067.47,0.9432,-1,-1,-1
720,123,1271.98,3.37,654.12,1067.47,0.9432,-1,-1,-1
720,122,754.51,241.02,91.75,356.87,0.6904,-1,-1,-1
720,65,795.73,0.74,359.38,1077.09,0.9123,-1,-1,-1
720,133,1240.35,305.56,74.08,217.00,0.6985,-1,-1,-1
720,134,1100.19,168.81,111.05,514.84,0.8358,-1,-1,-1
721,109,336.54,174.12,160.58,587.32,0.7084,-1,-1,-1
721,119,1286.39,3.00,639.02,1063.52,0.9168,-1,-1,-1
721,123,1286.39,3.00,639.02,1063.52,0.9168,-1,-1,-1
721,65,771.44,-0.89,364.76,1082.06,0.9339,-1,-1,-1
721,133,1240.14,300.26,76.04,218.79,0.7008,-1,-1,-1
721,134,1094.70,166.27,123.57,518.68,0.8748,-1,-1,-1
722,109,330.97,169.81,163.06,594.07,0.8515,-1,-1,-1
722,119,1299.93,2.72,623.80,1063.73,0.9399,-1,-1,-1
722,123,1299.93,2.72,623.80,1063.73,0.9399,-1,-1,-1
722,65,749.48,-1.06,369.59,1082.06,0.9362,-1,-1,-1
722,133,1241.57,299.58,74.29,218.77,0.5774,-1,-1,-1
722,134,1089.16,163.67,135.63,518.11,0.8858,-1,-1,-1
723,109,324.99,167.04,165.54,597.99,0.8139,-1,-1,-1
723,119,1310.39,3.20,612.10,1063.82,0.9332,-1,-1,-1
723,123,1310.39,3.20,612.10,1063.83,0.9332,-1,-1,-1
723,65,726.19,0.37,373.28,1079.18,0.9341,-1,-1,-1
723,133,1243.84,308.40,71.52,214.64,0.5630,-1,-1,-1
723,134,1083.10,162.26,142.29,513.41,0.9103,-1,-1,-1
723,135,1304.30,110.11,166.72,545.78,0.8352,-1,-1,-1
724,109,319.82,163.13,164.75,602.64,0.6815,-1,-1,-1
724,119,1319.15,5.24,600.52,1062.13,0.9350,-1,-1,-1
724,123,1319.15,5.24,600.52,1062.13,0.9350,-1,-1,-1
724,65,699.43,1.59,387.79,1073.35,0.9399,-1,-1,-1
724,134,1076.57,159.80,149.72,510.22,0.9104,-1,-1,-1
724,135,1271.09,102.28,193.16,630.46,0.8407,-1,-1,-1
725,119,1333.99,5.33,583.67,1061.57,0.8883,-1,-1,-1
725,123,1333.99,5.33,583.67,1061.57,0.8883,-1,-1,-1
725,65,665.18,1.00,397.68,1073.26,0.9273,-1,-1,-1
725,134,1071.72,156.83,153.73,508.30,0.8988,-1,-1,-1
725,135,1244.07,100.11,213.46,669.31,0.8897,-1,-1,-1
726,119,1346.17,7.14,572.51,1061.79,0.7725,-1,-1,-1
726,123,1346.17,7.13,572.51,1061.79,0.7725,-1,-1,-1
726,65,630.34,-0.24,407.28,1078.14,0.9352,-1,-1,-1
726,134,1066.13,152.80,162.78,508.97,0.8982,-1,-1,-1
726,135,1219.99,98.05,235.25,710.31,0.8841,-1,-1,-1
726,109,305.25,155.76,163.71,604.60,0.8473,-1,-1,-1
727,119,1378.30,0.51,544.89,1073.17,0.8070,-1,-1,-1
727,123,1378.30,0.51,544.89,1073.17,0.8070,-1,-1,-1
727,65,596.23,-2.90,416.74,1084.50,0.9417,-1,-1,-1
727,134,1060.46,149.35,168.25,512.31,0.9049,-1,-1,-1
727,135,1189.74,97.53,267.92,722.18,0.9006,-1,-1,-1
727,109,288.73,147.36,167.52,614.20,0.8054,-1,-1,-1
728,119,1492.33,-2.58,431.69,1072.48,0.7342,-1,-1,-1
728,123,1492.33,-2.58,431.69,1072.48,0.7342,-1,-1,-1
728,65,556.10,-4.10,438.23,1086.13,0.9449,-1,-1,-1
728,134,1057.95,144.94,155.00,514.07,0.8148,-1,-1,-1
728,135,1153.07,94.77,305.09,725.65,0.8985,-1,-1,-1
728,109,276.83,137.33,169.57,625.50,0.5172,-1,-1,-1
728,137,942.26,183.98,115.49,441.79,0.8725,-1,-1,-1
729,119,1645.15,16.26,275.42,1049.97,0.7003,-1,-1,-1
729,123,1645.15,16.26,275.42,1049.97,0.7003,-1,-1,-1
729,65,515.83,-4.76,452.78,1082.75,0.9421,-1,-1,-1
729,134,1057.35,142.16,139.71,513.36,0.8638,-1,-1,-1
729,135,1124.44,91.91,332.97,723.71,0.8964,-1,-1,-1
729,109,270.88,126.01,169.72,632.73,0.9068,-1,-1,-1
729,137,932.51,184.13,120.74,438.91,0.9058,-1,-1,-1
730,65,464.29,-4.69,474.89,1083.87,0.9525,-1,-1,-1
730,134,1050.69,138.47,138.83,516.81,0.8842,-1,-1,-1
730,135,1105.00,90.27,352.37,721.54,0.9327,-1,-1,-1
730,109,256.88,118.65,173.99,638.47,0.8833,-1,-1,-1
730,137,918.92,184.19,137.41,437.33,0.9029,-1,-1,-1
731,65,417.77,-2.39,490.26,1080.76,0.9429,-1,-1,-1
731,134,1047.94,136.56,133.66,518.06,0.8898,-1,-1,-1
731,135,1098.56,90.82,357.30,719.25,0.9293,-1,-1,-1
731,109,246.37,115.87,176.08,641.14,0.4529,-1,-1,-1
731,137,909.53,184.14,143.07,437.80,0.8882,-1,-1,-1
732,65,366.05,2.14,514.48,1067.55,0.9464,-1,-1,-1
732,134,1049.48,135.53,126.01,516.90,0.8923,-1,-1,-1
732,135,1084.25,88.27,368.07,718.90,0.9196,-1,-1,-1
732,109,243.63,109.64,163.10,645.99,0.7803,-1,-1,-1
732,137,904.68,184.66,152.84,435.57,0.8812,-1,-1,-1
733,65,272.28,2.00,576.53,1063.61,0.9285,-1,-1,-1
733,134,1045.65,132.67,123.15,514.65,0.8688,-1,-1,-1
733,135,1081.10,80.45,360.94,724.04,0.9109,-1,-1,-1
733,137,899.28,182.80,162.73,433.31,0.8855,-1,-1,-1
734,65,215.36,0.85,591.94,1068.33,0.9524,-1,-1,-1
734,134,1039.36,133.11,122.34,519.08,0.8725,-1,-1,-1
734,135,1067.49,79.10,359.36,738.42,0.9117,-1,-1,-1
734,137,892.64,183.24,154.66,434.56,0.9017,-1,-1,-1
735,65,154.92,4.34,620.06,1063.92,0.9166,-1,-1,-1
735,134,1031.19,137.16,118.63,518.73,0.8682,-1,-1,-1
735,135,1049.99,79.07,355.07,746.20,0.4750,-1,-1,-1
735,137,885.98,184.56,149.39,427.05,0.9149,-1,-1,-1
735,139,737.71,203.91,107.17,406.98,0.8027,-1,-1,-1
736,65,55.80,5.97,682.66,1062.99,0.9030,-1,-1,-1
736,134,1022.10,137.60,113.51,519.90,0.8057,-1,-1,-1
736,135,1035.86,77.63,340.14,735.59,0.9073,-1,-1,-1
736,137,882.62,183.69,144.62,431.14,0.9101,-1,-1,-1
736,139,710.38,185.86,126.27,406.18,0.6594,-1,-1,-1
737,65,4.07,7.29,698.43,1057.31,0.9195,-1,-1,-1
737,134,1014.27,140.69,103.58,514.33,0.6858,-1,-1,-1
737,135,1036.96,74.72,299.71,727.70,0.8966,-1,-1,-1
737,137,879.56,180.53,138.17,432.87,0.7211,-1,-1,-1
737,139,678.65,175.66,145.37,423.00,0.8153,-1,-1,-1
738,65,-16.50,5.39,693.13,1055.90,0.9140,-1,-1,-1
738,134,1004.12,144.34,88.54,509.32,0.4480,-1,-1,-1
738,135,1020.27,71.15,265.98,734.34,0.8945,-1,-1,-1
738,137,866.24,179.15,135.96,429.55,0.8696,-1,-1,-1
738,139,647.34,170.61,162.06,435.89,0.8536,-1,-1,-1
739,65,-24.16,3.50,671.85,1062.62,0.9260,-1,-1,-1
739,135,998.62,71.18,232.91,734.01,0.8673,-1,-1,-1
739,137,845.35,179.14,136.48,430.92,0.9185,-1,-1,-1
739,139,620.86,165.53,169.70,445.87,0.8604,-1,-1,-1
740,65,-20.45,5.55,626.22,1059.67,0.9271,-1,-1,-1
740,135,975.89,71.50,206.46,730.65,0.8810,-1,-1,-1
740,137,829.47,180.32,143.60,429.37,0.8991,-1,-1,-1
740,139,608.23,163.32,166.99,454.14,0.8779,-1,-1,-1
741,65,-16.40,5.76,572.66,1056.46,0.8943,-1,-1,-1
741,135,953.67,69.95,198.55,746.16,0.9140,-1,-1,-1
741,137,821.32,179.69,142.97,430.70,0.8841,-1,-1,-1
741,139,594.08,160.73,171.69,460.02,0.9056,-1,-1,-1
742,65,-15.06,6.38,490.22,1056.40,0.8660,-1,-1,-1
742,135,922.83,68.93,208.17,755.11,0.8810,-1,-1,-1
742,137,808.87,179.85,143.41,433.40,0.8779,-1,-1,-1
742,139,578.30,157.48,175.12,465.34,0.9026,-1,-1,-1
742,142,1138.64,275.45,58.92,254.58,0.4584,-1,-1,-1
743,65,-10.85,10.63,348.21,1045.33,0.7523,-1,-1,-1
743,135,897.77,68.68,216.11,760.02,0.8704,-1,-1,-1
743,137,800.48,181.76,141.58,432.90,0.8946,-1,-1,-1
743,139,571.10,156.32,167.56,471.34,0.8330,-1,-1,-1
744,135,856.23,66.00,230.82,762.65,0.8740,-1,-1,-1
744,137,782.31,182.85,146.05,432.84,0.8472,-1,-1,-1
744,139,553.01,156.31,172.70,477.33,0.8862,-1,-1,-1
744,143,1073.87,229.29,91.64,303.66,0.7115,-1,-1,-1
745,135,813.33,62.14,255.24,762.47,0.8361,-1,-1,-1
745,137,768.51,181.98,139.71,429.42,0.7931,-1,-1,-1
745,139,535.77,156.39,179.12,486.26,0.8907,-1,-1,-1
745,143,1059.74,227.89,102.30,308.34,0.7494,-1,-1,-1
745,144,-3.30,56.15,183.39,768.13,0.9100,-1,-1,-1
746,135,752.62,58.82,298.10,776.72,0.8494,-1,-1,-1
746,137,755.39,181.99,130.06,424.73,0.8109,-1,-1,-1
746,139,516.38,154.40,183.03,493.99,0.8832,-1,-1,-1
746,143,1048.56,223.56,105.45,313.97,0.7893,-1,-1,-1
746,144,-3.94,56.00,163.33,766.00,0.8887,-1,-1,-1
747,135,704.73,54.94,336.17,781.02,0.8765,-1,-1,-1
747,137,736.58,183.90,121.43,403.27,0.6727,-1,-1,-1
747,139,497.06,154.35,189.50,498.95,0.8759,-1,-1,-1
747,143,1046.71,221.35,98.82,317.63,0.7629,-1,-1,-1
747,144,-1.67,53.81,139.35,772.56,0.8667,-1,-1,-1
748,135,662.97,54.49,364.82,782.46,0.9063,-1,-1,-1
748,137,722.36,176.28,109.34,402.15,0.5651,-1,-1,-1
748,139,481.52,152.35,194.35,502.60,0.8689,-1,-1,-1
748,143,1040.36,218.47,97.72,322.64,0.7358,-1,-1,-1
748,144,-0.43,60.89,116.91,772.57,0.8526,-1,-1,-1
749,135,660.42,54.30,356.92,782.18,0.7571,-1,-1,-1
749,139,464.55,149.91,200.64,515.09,0.8837,-1,-1,-1
749,143,1032.64,220.45,97.45,323.16,0.7393,-1,-1,-1
749,144,0.04,96.56,101.12,734.69,0.7966,-1,-1,-1
749,134,920.26,137.40,86.59,371.34,0.4304,-1,-1,-1
750,135,639.17,54.78,368.49,789.57,0.8879,-1,-1,-1
750,139,451.54,152.40,190.22,515.68,0.7585,-1,-1,-1
750,143,1029.19,225.17,96.61,320.62,0.7999,-1,-1,-1
750,144,0.04,163.78,82.27,664.71,0.7241,-1,-1,-1
750,145,980.49,239.77,82.10,319.61,0.7401,-1,-1,-1
750,134,908.81,138.44,90.28,457.43,0.3867,-1,-1,-1
751,135,621.10,53.37,378.94,799.37,0.9208,-1,-1,-1
751,139,437.78,152.49,196.41,526.23,0.7804,-1,-1,-1
751,143,1029.52,226.91,94.23,322.09,0.8005,-1,-1,-1
751,145,973.44,241.05,86.94,323.42,0.6961,-1,-1,-1
751,134,891.09,139.98,103.10,488.39,0.7782,-1,-1,-1
752,135,605.96,52.29,376.52,809.04,0.9116,-1,-1,-1
752,139,427.25,150.88,205.91,532.57,0.5895,-1,-1,-1
752,143,1029.11,226.99,94.03,324.06,0.8055,-1,-1,-1
752,145,964.69,243.39,98.86,327.79,0.7518,-1,-1,-1
752,134,876.45,139.44,114.25,511.51,0.6337,-1,-1,-1
753,135,595.67,48.35,368.89,819.95,0.9169,-1,-1,-1
753,139,415.31,147.30,214.72,541.97,0.6583,-1,-1,-1
753,143,1030.07,229.47,93.25,323.40,0.7444,-1,-1,-1
753,145,961.38,248.15,108.71,329.79,0.7812,-1,-1,-1
753,134,867.00,145.25,119.08,522.81,0.8314,-1,-1,-1
754,135,587.83,46.92,351.06,825.92,0.8820,-1,-1,-1
754,139,398.04,138.95,227.18,559.54,0.8670,-1,-1,-1
754,143,1028.39,231.87,95.55,326.15,0.7528,-1,-1,-1
754,145,957.65,250.02,114.72,331.37,0.7401,-1,-1,-1
754,134,858.70,149.98,125.01,526.87,0.8738,-1,-1,-1
754,149,1833.70,331.62,85.94,367.39,0.5801,-1,-1,-1
755,135,571.14,41.53,350.13,838.69,0.9216,-1,-1,-1
755,139,390.14,134.48,229.99,572.36,0.9022,-1,-1,-1
755,143,1030.09,230.60,96.97,327.65,0.7480,-1,-1,-1
755,145,956.52,249.19,117.80,334.09,0.7745,-1,-1,-1
755,134,851.69,150.95,131.05,529.17,0.8753,-1,-1,-1
755,149,1826.84,314.01,93.57,389.08,0.5906,-1,-1,-1
756,135,545.24,38.82,343.05,851.85,0.9025,-1,-1,-1
756,139,381.83,131.62,227.99,583.36,0.8940,-1,-1,-1
756,143,1030.20,229.86,101.44,331.33,0.7517,-1,-1,-1
756,145,954.93,249.03,118.66,336.99,0.7712,-1,-1,-1
756,134,847.12,152.70,135.48,529.99,0.8964,-1,-1,-1
757,135,510.97,37.34,339.58,858.26,0.8865,-1,-1,-1
757,139,374.58,130.71,211.16,588.11,0.7972,-1,-1,-1
757,143,1030.41,230.31,106.08,332.86,0.7614,-1,-1,-1
757,145,954.36,249.56,118.90,341.43,0.8340,-1,-1,-1
757,134,842.38,156.66,141.66,527.48,0.8987,-1,-1,-1
757,149,1816.59,302.38,103.84,406.51,0.4484,-1,-1,-1
758,135,476.29,36.42,342.85,867.83,0.8464,-1,-1,-1
758,139,370.91,130.94,204.89,591.86,0.8213,-1,-1,-1
758,143,1035.40,228.28,113.95,321.99,0.7418,-1,-1,-1
758,145,955.47,250.72,124.48,344.18,0.8641,-1,-1,-1
758,134,843.56,162.08,140.47,524.78,0.9091,-1,-1,-1
759,135,457.52,36.96,328.52,876.93,0.8160,-1,-1,-1
759,139,369.74,132.06,203.72,597.00,0.8470,-1,-1,-1
759,143,1041.63,228.81,113.25,335.15,0.7817,-1,-1,-1
759,145,959.43,253.48,124.32,345.96,0.8696,-1,-1,-1
759,134,843.99,166.82,138.29,524.41,0.9042,-1,-1,-1
759,150,740.74,200.82,104.65,416.73,0.4661,-1,-1,-1
760,135,448.01,41.29,303.39,879.91,0.8530,-1,-1,-1
760,139,367.75,131.31,204.34,608.57,0.8204,-1,-1,-1
760,143,1049.62,228.89,108.94,350.77,0.8006,-1,-1,-1
760,145,965.07,253.29,123.24,350.29,0.8680,-1,-1,-1
760,134,843.60,169.17,136.69,524.78,0.8994,-1,-1,-1
760,150,700.21,197.66,146.77,457.03,0.7161,-1,-1,-1
760,149,1820.23,317.55,100.03,397.56,0.3605,-1,-1,-1
761,135,416.65,41.47,315.82,891.52,0.8266,-1,-1,-1
761,139,366.45,132.46,201.00,616.34,0.7349,-1,-1,-1
761,143,1055.99,229.75,106.29,354.20,0.8146,-1,-1,-1
761,145,968.77,254.24,124.81,353.98,0.8847,-1,-1,-1
761,134,844.46,170.51,135.59,527.05,0.8978,-1,-1,-1
761,150,703.46,200.81,144.16,446.00,0.8902,-1,-1,-1
762,135,388.45,40.10,334.72,900.63,0.8367,-1,-1,-1
762,139,362.56,135.28,198.87,618.50,0.7348,-1,-1,-1
762,143,1062.20,231.09,101.60,360.72,0.8412,-1,-1,-1
762,145,971.08,252.21,128.98,357.70,0.8745,-1,-1,-1
762,134,844.43,171.59,135.66,529.76,0.8928,-1,-1,-1
762,150,702.82,201.92,146.14,441.46,0.8905,-1,-1,-1
763,135,382.00,38.40,329.77,911.23,0.7916,-1,-1,-1
763,139,351.18,135.34,189.11,618.27,0.6941,-1,-1,-1
763,143,1066.34,232.10,104.39,363.68,0.8240,-1,-1,-1
763,145,974.31,251.40,135.17,360.61,0.8743,-1,-1,-1
763,134,846.35,171.91,135.72,528.84,0.8824,-1,-1,-1
763,150,702.25,203.22,151.34,448.17,0.9137,-1,-1,-1
764,135,339.06,36.71,369.57,918.27,0.8593,-1,-1,-1
764,139,336.62,127.71,189.67,627.55,0.4008,-1,-1,-1
764,143,1072.63,231.77,101.32,368.82,0.8162,-1,-1,-1
764,145,978.63,248.79,140.55,364.65,0.8558,-1,-1,-1
764,134,848.19,171.55,136.53,529.33,0.8939,-1,-1,-1
764,150,706.69,205.48,150.35,450.05,0.9036,-1,-1,-1
765,135,320.77,35.01,388.40,924.90,0.9002,-1,-1,-1
765,143,1078.19,229.35,100.12,376.93,0.7033,-1,-1,-1
765,145,982.57,247.97,145.95,369.27,0.8562,-1,-1,-1
765,134,850.05,170.05,141.68,522.47,0.8981,-1,-1,-1
765,150,710.11,206.83,149.36,450.19,0.9044,-1,-1,-1
766,135,302.47,31.88,406.98,931.91,0.9333,-1,-1,-1
766,143,1081.92,229.64,105.61,381.20,0.5492,-1,-1,-1
766,145,983.64,248.05,150.58,373.87,0.8786,-1,-1,-1
766,134,854.30,168.47,139.98,515.27,0.8896,-1,-1,-1
766,150,713.17,209.06,147.50,447.33,0.9013,-1,-1,-1
767,135,284.59,29.51,423.18,938.16,0.9370,-1,-1,-1
767,143,1086.97,225.54,113.68,387.95,0.7968,-1,-1,-1
767,145,980.51,248.86,160.92,377.23,0.8991,-1,-1,-1
767,134,855.39,165.34,140.15,512.97,0.8891,-1,-1,-1
767,150,715.88,210.42,144.97,444.26,0.9015,-1,-1,-1
767,151,632.98,272.69,101.23,339.74,0.8087,-1,-1,-1
768,135,265.28,29.01,437.51,942.73,0.9327,-1,-1,-1
768,143,1088.21,223.99,119.63,392.55,0.8311,-1,-1,-1
768,145,979.05,249.21,169.49,378.53,0.8917,-1,-1,-1
768,134,856.97,161.44,138.07,514.54,0.8934,-1,-1,-1
768,150,717.96,208.97,141.86,443.39,0.8971,-1,-1,-1
768,151,629.70,268.97,105.03,341.69,0.8253,-1,-1,-1
769,135,242.46,30.09,450.70,949.61,0.9407,-1,-1,-1
769,143,1089.39,224.83,119.73,396.55,0.8340,-1,-1,-1
769,145,976.83,249.19,178.06,383.08,0.8886,-1,-1,-1
769,134,854.36,159.37,141.48,517.62,0.9033,-1,-1,-1
769,150,718.10,209.14,139.81,441.28,0.4096,-1,-1,-1
769,151,628.33,266.63,106.47,344.44,0.8458,-1,-1,-1
770,135,219.26,24.72,460.45,962.12,0.9296,-1,-1,-1
770,143,1092.58,222.80,112.50,402.55,0.7771,-1,-1,-1
770,145,976.09,247.20,183.54,387.72,0.8787,-1,-1,-1
770,134,852.01,156.21,145.91,520.09,0.9063,-1,-1,-1
770,150,719.55,206.53,136.81,440.41,0.8924,-1,-1,-1
770,151,627.10,265.34,107.96,342.88,0.8531,-1,-1,-1
771,135,196.13,14.41,463.00,983.36,0.9315,-1,-1,-1
771,143,1094.83,218.57,108.09,409.42,0.7890,-1,-1,-1
771,145,974.98,242.98,185.91,394.04,0.8744,-1,-1,-1
771,134,846.93,152.44,150.92,522.20,0.9146,-1,-1,-1
771,150,719.33,198.42,134.01,443.79,0.9073,-1,-1,-1
771,151,625.08,258.03,109.22,344.13,0.8055,-1,-1,-1
772,135,173.92,11.80,462.47,984.20,0.9163,-1,-1,-1
772,143,1094.50,218.68,107.09,412.71,0.8443,-1,-1,-1
772,145,967.86,244.94,192.78,398.13,0.8846,-1,-1,-1
772,134,843.33,152.05,153.03,525.54,0.9180,-1,-1,-1
772,150,721.85,200.12,130.76,442.63,0.9082,-1,-1,-1
772,151,619.95,259.87,112.44,347.59,0.8754,-1,-1,-1
773,135,155.15,9.08,447.25,954.67,0.8878,-1,-1,-1
773,143,1091.74,214.12,110.06,416.82,0.8618,-1,-1,-1
773,145,962.82,243.03,196.52,402.54,0.8770,-1,-1,-1
773,134,840.15,152.01,148.80,526.53,0.9149,-1,-1,-1
773,150,720.77,199.26,126.73,440.47,0.8992,-1,-1,-1
773,151,615.83,259.49,113.03,348.62,0.9032,-1,-1,-1
774,135,140.50,4.59,416.78,947.93,0.9084,-1,-1,-1
774,143,1090.64,209.80,113.86,419.06,0.8548,-1,-1,-1
774,145,961.02,237.91,198.12,407.89,0.8938,-1,-1,-1
774,134,835.99,151.26,147.07,528.43,0.8975,-1,-1,-1
774,150,715.57,194.76,127.81,440.03,0.9023,-1,-1,-1
774,151,610.58,256.71,113.51,349.37,0.8855,-1,-1,-1
774,153,431.39,66.63,192.09,737.17,0.6046,-1,-1,-1
775,135,128.44,1.81,377.64,951.12,0.9110,-1,-1,-1
775,143,1086.70,204.68,119.63,422.92,0.8659,-1,-1,-1
775,145,958.07,232.29,201.70,414.53,0.9018,-1,-1,-1
775,134,829.53,151.75,138.27,526.64,0.8816,-1,-1,-1
775,150,709.42,190.64,131.85,440.76,0.9027,-1,-1,-1
775,151,606.01,251.91,114.86,355.32,0.8667,-1,-1,-1
775,153,405.23,57.94,215.54,773.82,0.8223,-1,-1,-1
776,135,110.98,0.05,355.88,962.53,0.8676,-1,-1,-1
776,143,1084.42,199.78,122.56,427.18,0.8802,-1,-1,-1
776,145,954.76,228.21,199.59,419.88,0.8927,-1,-1,-1
776,134,819.71,152.19,139.32,526.96,0.8516,-1,-1,-1
776,150,699.36,190.33,136.61,440.97,0.8936,-1,-1,-1
776,151,600.22,248.42,113.96,358.83,0.7807,-1,-1,-1
776,153,381.19,47.95,237.84,786.60,0.8043,-1,-1,-1
777,135,93.77,0.37,343.99,961.60,0.9119,-1,-1,-1
777,143,1083.07,197.11,128.70,430.29,0.8913,-1,-1,-1
777,145,952.19,224.96,192.92,425.05,0.8760,-1,-1,-1
777,134,813.28,153.69,141.36,526.90,0.8729,-1,-1,-1
777,150,691.15,191.83,139.06,441.02,0.8734,-1,-1,-1
777,151,592.54,247.21,113.43,364.06,0.7930,-1,-1,-1
777,153,352.41,41.53,261.23,802.82,0.8477,-1,-1,-1
778,135,76.02,1.23,331.52,977.77,0.9284,-1,-1,-1
778,143,1081.91,194.08,130.36,436.99,0.8750,-1,-1,-1
778,145,948.78,221.88,187.56,428.63,0.8775,-1,-1,-1
778,134,810.30,154.13,140.66,527.04,0.8880,-1,-1,-1
778,150,682.37,190.48,138.42,446.78,0.8055,-1,-1,-1
778,151,585.91,246.25,110.02,362.44,0.8058,-1,-1,-1
778,153,330.84,35.84,280.22,830.92,0.8769,-1,-1,-1
779,135,53.23,1.12,328.07,997.83,0.9253,-1,-1,-1
779,143,1080.37,193.83,128.44,440.21,0.8734,-1,-1,-1
779,145,951.04,217.68,178.08,433.93,0.8998,-1,-1,-1
779,134,802.47,155.90,141.61,522.57,0.8603,-1,-1,-1
779,150,672.54,190.61,139.41,442.19,0.8289,-1,-1,-1
779,151,574.14,244.18,114.81,365.31,0.8114,-1,-1,-1
779,153,323.32,30.50,282.02,857.12,0.8350,-1,-1,-1
780,135,26.64,0.56,326.89,1002.49,0.9321,-1,-1,-1
780,143,1077.09,193.29,132.14,444.30,0.8853,-1,-1,-1
780,145,950.21,214.66,171.13,438.23,0.9074,-1,-1,-1
780,134,791.99,155.35,145.61,527.24,0.8931,-1,-1,-1
780,150,663.71,189.90,140.93,446.28,0.8316,-1,-1,-1
780,151,566.62,244.10,115.24,363.35,0.7106,-1,-1,-1
780,153,314.58,25.90,283.72,879.86,0.8418,-1,-1,-1
781,135,1.61,2.61,327.06,1006.74,0.9267,-1,-1,-1
781,143,1074.65,190.92,138.99,451.92,0.8847,-1,-1,-1
781,145,951.28,211.82,165.55,442.87,0.8984,-1,-1,-1
781,134,789.06,153.44,144.32,529.78,0.9082,-1,-1,-1
781,150,672.37,190.96,127.54,444.86,0.6760,-1,-1,-1
781,151,564.41,242.71,109.05,361.58,0.6522,-1,-1,-1
781,153,301.84,20.39,294.30,888.45,0.8389,-1,-1,-1
782,135,-6.01,4.03,310.67,1009.06,0.9326,-1,-1,-1
782,143,1072.53,188.54,147.74,453.97,0.8645,-1,-1,-1
782,145,950.20,208.55,164.26,451.35,0.9091,-1,-1,-1
782,134,786.27,152.89,145.30,529.22,0.9069,-1,-1,-1
782,150,674.53,190.73,125.53,445.22,0.7879,-1,-1,-1
782,151,556.18,241.55,108.91,376.69,0.6326,-1,-1,-1
782,153,282.33,12.73,316.76,907.21,0.9053,-1,-1,-1
783,135,-7.13,4.73,285.50,1012.89,0.9262,-1,-1,-1
783,143,1071.04,188.08,152.63,457.54,0.8798,-1,-1,-1
783,145,949.75,207.77,164.27,460.42,0.9137,-1,-1,-1
783,134,780.63,152.65,150.17,526.97,0.8950,-1,-1,-1
783,150,679.39,193.03,119.46,443.35,0.7616,-1,-1,-1
783,151,549.61,241.76,109.69,384.05,0.6584,-1,-1,-1
783,153,250.29,6.48,345.10,933.59,0.9160,-1,-1,-1
784,135,-5.98,5.78,262.06,1016.39,0.9192,-1,-1,-1
784,143,1069.50,187.75,157.61,464.43,0.8785,-1,-1,-1
784,145,949.24,205.42,164.39,470.84,0.9022,-1,-1,-1
784,134,782.85,151.92,143.80,527.37,0.8860,-1,-1,-1
784,150,682.76,193.13,115.31,444.38,0.8025,-1,-1,-1
784,151,545.35,242.22,109.05,384.98,0.6355,-1,-1,-1
784,153,230.04,0.69,361.46,962.69,0.9124,-1,-1,-1
785,135,-4.70,7.28,241.55,1018.55,0.9271,-1,-1,-1
785,143,1071.37,185.04,159.38,474.49,0.8920,-1,-1,-1
785,145,947.78,203.61,166.25,478.37,0.8887,-1,-1,-1
785,134,784.50,148.52,139.49,528.87,0.8830,-1,-1,-1
785,150,682.05,192.48,114.95,442.63,0.8094,-1,-1,-1
785,151,538.75,238.64,115.54,387.75,0.7293,-1,-1,-1
785,153,215.70,-1.41,362.49,978.37,0.9281,-1,-1,-1
786,135,-3.54,6.87,225.54,1022.22,0.6274,-1,-1,-1
786,143,1071.99,181.63,164.93,482.69,0.8897,-1,-1,-1
786,145,948.63,203.15,166.86,483.25,0.8838,-1,-1,-1
786,134,784.84,146.25,139.62,527.39,0.8980,-1,-1,-1
786,150,683.85,191.53,112.91,442.77,0.8183,-1,-1,-1
786,151,528.49,234.86,115.01,391.87,0.7632,-1,-1,-1
786,153,204.27,-2.85,363.63,991.13,0.9162,-1,-1,-1
787,135,-2.26,27.27,204.09,1003.00,0.8932,-1,-1,-1
787,143,1076.10,178.45,168.27,489.02,0.8919,-1,-1,-1
787,145,949.32,206.10,170.11,487.75,0.8892,-1,-1,-1
787,134,788.62,146.14,137.80,527.30,0.9051,-1,-1,-1
787,150,685.20,193.22,111.87,440.08,0.8433,-1,-1,-1
787,151,522.91,233.43,117.59,393.89,0.7301,-1,-1,-1
787,153,194.77,-2.38,367.26,996.08,0.9265,-1,-1,-1
788,135,-1.41,51.01,188.14,985.59,0.8896,-1,-1,-1
788,143,1080.72,177.78,170.09,495.86,0.8829,-1,-1,-1
788,145,951.07,208.73,175.60,492.93,0.8983,-1,-1,-1
788,134,791.18,147.34,138.05,525.08,0.9043,-1,-1,-1
788,150,684.22,192.89,112.43,439.80,0.8351,-1,-1,-1
788,151,521.48,235.21,112.28,396.97,0.7244,-1,-1,-1
788,153,182.54,-1.47,372.25,1003.68,0.9293,-1,-1,-1
788,154,607.18,250.62,103.49,372.15,0.6664,-1,-1,-1
789,135,-0.50,78.17,174.61,971.69,0.8726,-1,-1,-1
789,143,1081.74,174.07,167.56,504.27,0.8743,-1,-1,-1
789,145,945.70,209.21,186.33,501.35,0.8581,-1,-1,-1
789,134,792.67,149.06,135.47,523.54,0.9003,-1,-1,-1
789,150,685.00,194.07,118.40,444.67,0.8571,-1,-1,-1
789,151,517.14,231.44,106.58,408.03,0.4485,-1,-1,-1
789,153,170.69,-1.14,377.18,1013.84,0.9341,-1,-1,-1
789,154,604.03,248.99,107.41,380.93,0.8095,-1,-1,-1
790,135,0.46,96.54,157.79,965.04,0.8494,-1,-1,-1
790,143,1085.11,170.08,167.68,509.98,0.8481,-1,-1,-1
790,145,942.58,204.47,201.60,509.01,0.7960,-1,-1,-1
790,134,795.41,148.69,135.14,522.82,0.8979,-1,-1,-1
790,150,689.77,194.03,120.72,439.90,0.8536,-1,-1,-1
790,151,516.30,227.71,105.85,401.33,0.4291,-1,-1,-1
790,153,161.81,-1.41,384.77,1026.23,0.9312,-1,-1,-1
790,154,603.52,249.12,110.81,385.36,0.7931,-1,-1,-1
791,135,0.64,108.15,142.00,959.81,0.8192,-1,-1,-1
791,143,1090.82,169.86,173.07,514.75,0.8181,-1,-1,-1
791,145,958.33,201.53,197.01,520.12,0.8795,-1,-1,-1
791,134,801.37,151.77,134.24,522.38,0.8970,-1,-1,-1
791,150,693.13,196.16,126.04,446.16,0.8573,-1,-1,-1
791,151,517.41,231.20,112.46,406.56,0.6028,-1,-1,-1
791,153,150.53,-0.50,395.20,1037.24,0.9288,-1,-1,-1
791,154,604.30,252.20,115.63,386.26,0.8266,-1,-1,-1
791,156,1842.92,358.05,78.44,366.89,0.4992,-1,-1,-1
792,135,0.97,123.22,123.85,946.97,0.5761,-1,-1,-1
792,143,1102.76,168.68,172.63,507.03,0.7729,-1,-1,-1
792,145,966.22,199.91,203.70,525.32,0.8781,-1,-1,-1
792,134,809.92,155.68,130.84,520.09,0.8871,-1,-1,-1
792,150,697.29,196.84,129.07,452.52,0.8877,-1,-1,-1
792,151,517.67,234.25,115.32,411.38,0.7107,-1,-1,-1
792,153,143.55,0.77,419.23,1046.65,0.9077,-1,-1,-1
792,154,610.53,257.54,114.84,385.45,0.8867,-1,-1,-1
793,135,1.25,399.06,103.01,668.44,0.5321,-1,-1,-1
793,143,1114.60,164.52,169.64,517.94,0.8909,-1,-1,-1
793,145,971.53,194.81,212.73,533.38,0.8622,-1,-1,-1
793,134,817.50,154.30,133.77,523.41,0.8852,-1,-1,-1
793,150,702.55,193.80,131.37,453.32,0.8808,-1,-1,-1
793,151,519.89,233.33,114.54,402.50,0.6239,-1,-1,-1
793,153,124.66,1.10,456.80,1056.32,0.9245,-1,-1,-1
793,154,616.62,256.48,115.64,389.58,0.8622,-1,-1,-1
793,156,1845.57,394.89,76.72,339.22,0.3762,-1,-1,-1
794,135,1.24,483.03,89.72,575.75,0.3879,-1,-1,-1
794,143,1123.92,158.49,169.99,530.10,0.8764,-1,-1,-1
794,145,980.22,191.03,221.49,543.48,0.8326,-1,-1,-1
794,150,710.90,194.99,130.50,447.80,0.8718,-1,-1,-1
794,151,524.16,232.96,114.09,410.85,0.6847,-1,-1,-1
794,153,107.63,1.52,483.75,1072.03,0.9291,-1,-1,-1
794,154,618.63,256.09,122.67,392.86,0.8244,-1,-1,-1
794,157,0.62,155.00,40.81,399.67,0.3995,-1,-1,-1
795,135,1.22,546.67,82.74,506.41,0.5772,-1,-1,-1
795,143,1136.97,155.84,168.42,537.97,0.8831,-1,-1,-1
795,145,987.21,183.04,229.57,557.08,0.7079,-1,-1,-1
795,150,724.35,197.21,127.59,449.68,0.8562,-1,-1,-1
795,151,527.23,235.79,111.44,415.31,0.7347,-1,-1,-1
795,153,89.33,1.69,507.98,1076.03,0.9437,-1,-1,-1
795,154,621.74,256.81,125.07,395.89,0.8486,-1,-1,-1
795,134,839.38,157.38,134.11,527.45,0.9051,-1,-1,-1
796,135,1.23,561.83,77.42,479.57,0.6364,-1,-1,-1
796,143,1153.82,160.35,161.67,550.56,0.8929,-1,-1,-1
796,145,995.28,180.68,239.81,564.77,0.8802,-1,-1,-1
796,150,733.84,202.49,130.65,448.00,0.9029,-1,-1,-1
796,151,533.46,237.78,115.19,379.66,0.5472,-1,-1,-1
796,153,67.95,1.74,534.16,1076.46,0.9464,-1,-1,-1
796,154,629.32,258.88,121.99,400.15,0.3507,-1,-1,-1
796,134,847.20,160.64,136.52,530.75,0.9060,-1,-1,-1
797,143,1165.22,162.23,159.86,569.75,0.8424,-1,-1,-1
797,145,1000.08,180.67,249.15,573.88,0.8693,-1,-1,-1
797,150,742.49,207.93,133.22,450.24,0.8930,-1,-1,-1
797,151,534.80,240.33,118.22,356.19,0.5488,-1,-1,-1
797,153,43.60,2.99,562.74,1074.88,0.9471,-1,-1,-1
797,154,624.76,260.01,133.22,406.80,0.8374,-1,-1,-1
797,134,856.20,166.09,132.99,531.81,0.8875,-1,-1,-1
798,145,1001.18,182.84,259.90,587.76,0.8765,-1,-1,-1
798,150,749.23,212.31,132.75,446.43,0.9076,-1,-1,-1
798,151,536.42,243.57,118.71,337.33,0.5467,-1,-1,-1
798,153,18.21,3.57,598.82,1069.11,0.9479,-1,-1,-1
798,154,631.24,260.97,131.45,412.10,0.8532,-1,-1,-1
798,134,863.37,170.09,131.38,534.71,0.8462,-1,-1,-1
799,145,1002.36,184.66,268.28,605.37,0.9023,-1,-1,-1
799,150,750.85,215.82,134.41,445.27,0.8947,-1,-1,-1
799,151,535.96,245.45,124.38,346.23,0.5983,-1,-1,-1
799,153,1.14,2.94,627.26,1067.29,0.9431,-1,-1,-1
799,154,638.77,262.31,125.51,414.91,0.8558,-1,-1,-1
799,134,865.67,175.86,136.01,533.41,0.8768,-1,-1,-1
799,143,1187.47,165.74,162.54,603.89,0.6673,-1,-1,-1
800,145,1008.08,186.43,270.75,622.08,0.8909,-1,-1,-1
800,150,755.00,221.95,134.59,442.54,0.7376,-1,-1,-1
800,151,535.33,247.95,129.80,356.95,0.5582,-1,-1,-1
800,153,-4.28,1.55,639.22,1064.29,0.9428,-1,-1,-1
800,154,642.76,263.63,122.10,419.36,0.8516,-1,-1,-1
800,134,869.82,181.67,134.63,531.66,0.8780,-1,-1,-1
800,143,1196.57,165.69,160.96,613.89,0.8382,-1,-1,-1
801,145,1010.26,188.08,278.75,631.84,0.8856,-1,-1,-1
801,150,761.20,228.29,130.02,439.56,0.8847,-1,-1,-1
801,151,531.86,249.85,140.40,359.88,0.4949,-1,-1,-1
801,153,-7.14,1.19,643.98,1069.64,0.9510,-1,-1,-1
801,154,643.29,265.67,123.10,422.60,0.8669,-1,-1,-1
801,134,872.76,186.95,131.82,530.15,0.8806,-1,-1,-1
801,143,1205.62,167.26,161.43,632.08,0.7774,-1,-1,-1
802,145,1007.03,190.30,292.34,642.21,0.8621,-1,-1,-1
802,150,773.06,230.57,119.17,436.36,0.8903,-1,-1,-1
802,151,529.38,250.45,142.17,359.20,0.5168,-1,-1,-1
802,153,-6.60,0.70,654.40,1072.48,0.9329,-1,-1,-1
802,154,643.70,266.28,126.12,423.84,0.8442,-1,-1,-1
802,134,879.97,193.75,136.40,524.72,0.8987,-1,-1,-1
802,143,1210.39,168.30,166.34,642.66,0.8924,-1,-1,-1
803,145,1003.71,190.66,305.23,653.57,0.8931,-1,-1,-1
803,150,781.81,230.64,113.54,437.89,0.8952,-1,-1,-1
803,151,531.21,252.21,139.30,344.18,0.6360,-1,-1,-1
803,153,-7.01,0.09,658.21,1079.12,0.8771,-1,-1,-1
803,154,643.15,268.17,128.18,428.97,0.8743,-1,-1,-1
803,134,886.35,194.34,136.89,528.66,0.9130,-1,-1,-1
803,143,1220.86,163.87,169.85,655.97,0.8355,-1,-1,-1
804,145,998.76,189.62,320.02,675.75,0.9238,-1,-1,-1
804,150,786.60,231.05,112.66,434.08,0.8966,-1,-1,-1
804,151,531.27,254.48,136.94,345.69,0.4854,-1,-1,-1
804,153,-6.92,-0.27,639.51,1080.43,0.7776,-1,-1,-1
804,154,641.34,269.69,132.83,432.32,0.8767,-1,-1,-1
804,134,888.98,192.22,139.68,534.72,0.9137,-1,-1,-1
804,143,1232.90,164.04,174.74,657.60,0.8736,-1,-1,-1
805,145,1000.39,187.86,327.90,687.58,0.9175,-1,-1,-1
805,150,789.37,230.87,112.78,433.66,0.8937,-1,-1,-1
805,151,527.94,254.10,141.93,325.70,0.5048,-1,-1,-1
805,153,-7.49,1.11,514.09,1076.71,0.7471,-1,-1,-1
805,154,643.28,270.11,133.84,436.97,0.9036,-1,-1,-1
805,134,893.07,190.06,138.12,538.85,0.9053,-1,-1,-1
805,143,1240.12,159.57,186.80,663.07,0.9049,-1,-1,-1
805,159,381.79,31.46,233.55,794.29,0.6720,-1,-1,-1
806,145,1006.23,181.12,329.93,703.88,0.9253,-1,-1,-1
806,150,792.43,226.24,113.10,443.80,0.8856,-1,-1,-1
806,151,524.75,252.04,146.42,315.10,0.6391,-1,-1,-1
806,153,-5.91,-0.96,565.76,1073.38,0.8186,-1,-1,-1
806,154,645.34,269.49,131.57,441.30,0.9044,-1,-1,-1
806,134,899.70,185.27,133.49,538.33,0.8931,-1,-1,-1
806,143,1248.20,153.52,195.56,672.69,0.9018,-1,-1,-1
807,145,1018.36,175.31,324.48,715.82,0.9174,-1,-1,-1
807,150,796.68,226.29,113.46,446.08,0.8912,-1,-1,-1
807,151,519.13,248.82,153.33,318.82,0.5994,-1,-1,-1
807,153,-5.53,-0.53,568.03,1073.23,0.9015,-1,-1,-1
807,154,647.06,269.21,132.45,446.75,0.8953,-1,-1,-1
807,134,903.43,182.04,134.30,539.16,0.8999,-1,-1,-1
807,143,1256.28,145.60,205.93,685.71,0.9094,-1,-1,-1
808,145,1025.76,169.34,325.07,729.78,0.9270,-1,-1,-1
808,150,801.21,223.78,115.30,447.11,0.8915,-1,-1,-1
808,151,507.86,245.08,166.15,333.39,0.6534,-1,-1,-1
808,153,-5.23,-1.19,556.81,1074.59,0.9339,-1,-1,-1
808,154,649.97,268.56,132.25,452.58,0.8947,-1,-1,-1
808,134,907.67,180.26,129.25,536.93,0.8719,-1,-1,-1
808,143,1265.96,137.90,216.50,701.05,0.9164,-1,-1,-1
809,145,1035.81,158.80,324.60,744.60,0.9348,-1,-1,-1
809,150,802.57,220.41,115.39,444.82,0.8994,-1,-1,-1
809,151,503.42,239.58,173.53,368.95,0.6991,-1,-1,-1
809,153,-4.85,-1.19,528.97,1070.67,0.9472,-1,-1,-1
809,154,649.00,265.89,134.74,457.26,0.8867,-1,-1,-1
809,134,910.01,176.96,134.30,531.81,0.8821,-1,-1,-1
809,143,1276.14,126.81,222.33,717.72,0.9196,-1,-1,-1
810,145,1046.85,148.32,322.30,759.40,0.9370,-1,-1,-1
810,150,805.76,219.42,115.78,446.64,0.8870,-1,-1,-1
810,151,500.38,235.16,181.17,458.97,0.8632,-1,-1,-1
810,153,-3.08,0.17,495.11,1068.19,0.9149,-1,-1,-1
810,154,650.20,264.82,135.86,460.00,0.8844,-1,-1,-1
810,134,911.15,175.66,139.17,531.05,0.8868,-1,-1,-1
810,143,1283.46,119.19,234.59,731.23,0.8962,-1,-1,-1
810,161,756.98,266.89,70.15,285.51,0.4652,-1,-1,-1
811,145,1056.53,144.57,320.13,770.92,0.9268,-1,-1,-1
811,150,806.33,222.55,115.88,445.11,0.8949,-1,-1,-1
811,151,500.06,234.82,174.44,496.25,0.9048,-1,-1,-1
811,153,-1.78,1.94,444.27,1066.71,0.9297,-1,-1,-1
811,154,647.66,267.43,137.93,461.00,0.8994,-1,-1,-1
811,134,911.06,177.65,141.38,528.77,0.8865,-1,-1,-1
811,143,1289.63,117.25,243.70,745.56,0.9132,-1,-1,-1
812,145,1066.52,135.03,316.90,787.59,0.9182,-1,-1,-1
812,150,804.16,219.15,114.72,445.95,0.8877,-1,-1,-1
812,151,497.44,229.74,172.76,517.83,0.8964,-1,-1,-1
812,153,-1.62,-0.55,397.24,1070.05,0.8483,-1,-1,-1
812,154,647.09,263.90,140.72,466.32,0.8798,-1,-1,-1
812,134,910.45,174.35,143.15,529.98,0.8908,-1,-1,-1
812,143,1297.26,111.80,253.54,767.80,0.9132,-1,-1,-1
812,162,353.34,98.58,160.77,722.84,0.8352,-1,-1,-1
812,161,758.05,265.70,65.25,285.54,0.4221,-1,-1,-1
813,145,1074.57,125.18,315.13,801.18,0.9083,-1,-1,-1
813,150,800.44,216.65,115.97,448.10,0.8924,-1,-1,-1
813,151,495.19,225.09,170.28,530.27,0.8814,-1,-1,-1
813,153,-1.44,-1.24,353.11,1027.05,0.6818,-1,-1,-1
813,154,638.37,260.08,153.19,477.51,0.8565,-1,-1,-1
813,134,910.68,171.25,143.99,529.61,0.8969,-1,-1,-1
813,143,1303.39,107.39,261.53,793.17,0.9203,-1,-1,-1
813,162,310.17,74.58,201.43,783.48,0.8965,-1,-1,-1
814,145,1087.00,112.35,310.42,831.95,0.8889,-1,-1,-1
814,150,796.09,215.92,119.27,448.64,0.8997,-1,-1,-1
814,151,492.87,221.90,167.81,541.40,0.8605,-1,-1,-1
814,153,-1.08,-0.19,339.49,1044.30,0.7253,-1,-1,-1
814,154,626.58,256.91,166.00,485.28,0.8533,-1,-1,-1
814,134,909.07,169.75,145.78,529.44,0.8954,-1,-1,-1
814,143,1311.78,102.77,265.52,813.03,0.9256,-1,-1,-1
814,162,265.32,57.28,240.74,824.10,0.9138,-1,-1,-1
815,145,1102.33,107.67,305.95,870.06,0.8832,-1,-1,-1
815,150,793.49,216.86,121.14,449.36,0.9022,-1,-1,-1
815,151,490.90,220.56,165.98,548.74,0.8387,-1,-1,-1
815,153,-1.18,1.25,288.97,1053.56,0.3928,-1,-1,-1
815,154,626.02,254.67,167.73,494.16,0.8492,-1,-1,-1
815,134,908.51,170.38,145.77,531.18,0.8883,-1,-1,-1
815,143,1320.14,100.80,271.39,820.37,0.9167,-1,-1,-1
815,162,229.56,47.45,269.96,844.61,0.9335,-1,-1,-1
816,145,1113.02,108.25,298.71,898.16,0.8768,-1,-1,-1
816,150,787.25,219.37,127.06,449.41,0.9034,-1,-1,-1
816,151,483.48,219.80,166.79,553.85,0.7660,-1,-1,-1
816,154,625.87,252.64,167.19,499.23,0.8557,-1,-1,-1
816,134,907.48,171.80,145.99,532.73,0.8932,-1,-1,-1
816,143,1322.92,98.34,279.20,835.03,0.9113,-1,-1,-1
816,162,210.98,37.41,283.17,859.55,0.9205,-1,-1,-1
816,163,1055.44,309.55,73.32,255.65,0.3935,-1,-1,-1
817,145,1118.78,109.14,298.99,932.89,0.8250,-1,-1,-1
817,150,781.85,222.09,130.38,448.70,0.9058,-1,-1,-1
817,151,473.22,217.38,172.89,560.20,0.4782,-1,-1,-1
817,154,630.31,250.40,158.39,503.35,0.8663,-1,-1,-1
817,134,907.04,172.86,147.64,532.71,0.8887,-1,-1,-1
817,143,1328.37,94.40,288.10,866.54,0.9107,-1,-1,-1
817,162,196.49,31.19,294.80,872.29,0.9274,-1,-1,-1
817,163,1054.60,305.34,77.21,260.34,0.6493,-1,-1,-1
818,145,1121.43,106.02,305.30,938.82,0.9317,-1,-1,-1
818,150,778.14,225.31,131.78,449.89,0.8978,-1,-1,-1
818,151,458.38,216.07,184.38,572.87,0.6665,-1,-1,-1
818,154,627.08,249.49,159.36,506.47,0.8859,-1,-1,-1
818,134,908.05,177.43,144.36,530.68,0.8823,-1,-1,-1
818,143,1331.64,88.72,297.49,890.12,0.9198,-1,-1,-1
818,162,185.45,26.17,302.09,899.50,0.9350,-1,-1,-1
818,163,1052.74,304.66,82.89,261.50,0.6950,-1,-1,-1
819,145,1124.29,103.69,312.53,950.43,0.9285,-1,-1,-1
819,150,774.38,225.20,132.90,447.27,0.9009,-1,-1,-1
819,151,441.34,213.57,195.48,580.96,0.8757,-1,-1,-1
819,154,617.88,248.08,162.41,513.33,0.8767,-1,-1,-1
819,134,904.68,178.00,141.84,535.26,0.8904,-1,-1,-1
819,143,1333.28,79.64,308.82,917.40,0.9159,-1,-1,-1
819,162,172.23,19.39,308.90,933.83,0.9392,-1,-1,-1
819,163,1049.66,305.12,88.89,260.09,0.6186,-1,-1,-1
820,145,1129.69,100.44,317.91,968.95,0.9113,-1,-1,-1
820,150,768.52,225.73,137.55,443.50,0.9039,-1,-1,-1
820,151,427.66,211.61,204.93,587.27,0.8573,-1,-1,-1
820,154,615.27,244.75,166.93,520.41,0.8872,-1,-1,-1
820,134,903.54,177.94,141.43,538.42,0.9008,-1,-1,-1
820,143,1335.79,68.60,317.88,946.63,0.9036,-1,-1,-1
820,162,160.47,12.49,312.88,972.31,0.9422,-1,-1,-1
820,163,1047.87,304.50,96.55,262.01,0.5144,-1,-1,-1
821,145,1134.65,96.09,327.59,982.62,0.9313,-1,-1,-1
821,150,761.34,225.12,142.95,442.96,0.9008,-1,-1,-1
821,151,421.42,212.03,208.52,591.52,0.8608,-1,-1,-1
821,154,613.29,241.08,173.76,527.98,0.9119,-1,-1,-1
821,134,903.75,178.56,142.23,539.60,0.9035,-1,-1,-1
821,143,1342.74,53.93,323.35,955.98,0.8784,-1,-1,-1
821,162,150.56,8.00,319.47,996.61,0.9373,-1,-1,-1
821,163,1052.58,303.19,97.33,262.96,0.7316,-1,-1,-1
822,145,1140.74,82.79,339.60,1000.51,0.9314,-1,-1,-1
822,150,758.27,222.90,147.02,445.23,0.8994,-1,-1,-1
822,151,412.05,211.66,215.35,598.69,0.8285,-1,-1,-1
822,154,606.30,236.28,183.19,534.13,0.9136,-1,-1,-1
822,134,903.25,178.05,143.53,538.96,0.9027,-1,-1,-1
822,143,1355.51,38.53,319.03,970.91,0.9066,-1,-1,-1
822,162,137.88,5.63,324.85,1009.53,0.9467,-1,-1,-1
822,163,1050.33,301.53,102.78,263.24,0.8003,-1,-1,-1
823,145,1146.79,63.23,352.97,1022.81,0.9212,-1,-1,-1
823,150,754.45,217.48,150.15,449.90,0.8999,-1,-1,-1
823,151,407.21,209.39,217.26,607.09,0.8565,-1,-1,-1
823,154,603.68,231.90,187.03,542.54,0.9161,-1,-1,-1
823,134,902.84,177.25,146.12,537.87,0.9052,-1,-1,-1
823,143,1370.79,14.72,312.38,966.70,0.9121,-1,-1,-1
823,162,123.98,1.35,331.45,1026.15,0.9531,-1,-1,-1
823,163,1049.48,300.45,105.10,263.04,0.8196,-1,-1,-1
824,145,1149.92,43.69,364.56,1041.51,0.9113,-1,-1,-1
824,150,750.43,212.35,155.88,454.76,0.8932,-1,-1,-1
824,151,404.62,205.32,216.36,614.55,0.8802,-1,-1,-1
824,154,601.01,228.29,188.97,552.87,0.9027,-1,-1,-1
824,134,903.63,176.28,148.53,538.58,0.8986,-1,-1,-1
824,143,1385.92,2.30,307.94,975.56,0.9196,-1,-1,-1
824,162,113.14,-2.41,335.56,1054.62,0.9147,-1,-1,-1
824,163,1051.66,300.47,104.93,263.36,0.8201,-1,-1,-1
825,145,1146.30,25.54,391.28,1057.92,0.8972,-1,-1,-1
825,150,747.75,209.91,160.63,453.80,0.8916,-1,-1,-1
825,151,401.14,201.56,216.89,621.74,0.8828,-1,-1,-1
825,154,598.18,226.72,191.06,567.64,0.8740,-1,-1,-1
825,134,907.49,174.81,148.02,539.19,0.9008,-1,-1,-1
825,143,1405.98,-2.64,297.58,1009.78,0.9207,-1,-1,-1
825,162,100.22,-3.16,342.33,1065.73,0.8984,-1,-1,-1
825,163,1054.58,300.63,103.99,263.25,0.7517,-1,-1,-1
826,145,1139.91,10.72,429.79,1071.87,0.9176,-1,-1,-1
826,150,746.03,208.73,162.76,454.59,0.8898,-1,-1,-1
826,151,396.91,198.90,219.37,630.08,0.8660,-1,-1,-1
826,154,595.17,227.00,195.01,580.82,0.7873,-1,-1,-1
826,134,909.72,173.77,148.12,540.14,0.8948,-1,-1,-1
826,143,1423.87,-3.42,287.72,1047.56,0.9144,-1,-1,-1
826,162,85.71,-3.40,349.60,1056.48,0.9159,-1,-1,-1
826,163,1056.89,300.51,105.13,263.34,0.7279,-1,-1,-1
827,145,1134.55,1.16,469.51,1078.83,0.9392,-1,-1,-1
827,150,744.81,207.37,164.80,453.15,0.8795,-1,-1,-1
827,151,392.32,195.50,221.81,639.07,0.8553,-1,-1,-1
827,154,593.23,227.10,197.02,585.99,0.7812,-1,-1,-1
827,134,910.45,170.97,151.14,539.94,0.8914,-1,-1,-1
827,143,1456.30,-3.73,265.47,1075.34,0.8981,-1,-1,-1
827,162,69.85,-3.28,355.88,1075.20,0.9336,-1,-1,-1
827,163,1059.93,299.00,105.45,263.92,0.7367,-1,-1,-1
828,145,1131.96,-0.27,512.97,1076.41,0.9309,-1,-1,-1
828,150,744.01,205.83,166.15,453.06,0.8829,-1,-1,-1
828,151,387.23,190.52,222.33,647.76,0.9133,-1,-1,-1
828,154,591.64,226.43,199.47,588.97,0.7347,-1,-1,-1
828,134,910.00,169.39,155.00,535.71,0.8845,-1,-1,-1
828,143,1485.41,-4.21,251.62,1081.45,0.9028,-1,-1,-1
828,162,54.69,-2.89,362.03,1082.68,0.9417,-1,-1,-1
828,163,1062.66,295.86,107.70,267.46,0.7784,-1,-1,-1
829,145,1131.15,1.48,557.66,1074.27,0.9374,-1,-1,-1
829,150,745.16,208.59,167.94,453.70,0.8810,-1,-1,-1
829,151,387.06,189.47,213.59,654.38,0.9017,-1,-1,-1
829,154,589.90,228.64,200.29,596.89,0.4545,-1,-1,-1
829,134,912.26,174.17,156.85,526.60,0.8662,-1,-1,-1
829,143,1503.05,-0.78,254.67,1075.63,0.8167,-1,-1,-1
829,162,38.88,-1.59,370.37,1080.78,0.9453,-1,-1,-1
829,163,1068.54,298.56,107.03,267.97,0.8178,-1,-1,-1
830,145,1129.86,1.54,603.41,1075.31,0.9325,-1,-1,-1
830,150,747.50,210.87,172.07,454.42,0.8586,-1,-1,-1
830,151,387.20,188.74,211.92,659.85,0.8103,-1,-1,-1
830,154,588.40,230.56,203.42,617.08,0.8916,-1,-1,-1
830,134,920.04,178.60,155.13,517.78,0.8435,-1,-1,-1
830,143,1530.30,-1.56,252.52,1079.01,0.8328,-1,-1,-1
830,162,17.92,-2.19,387.97,1078.35,0.9494,-1,-1,-1
830,163,1072.97,299.67,106.86,268.88,0.8243,-1,-1,-1
831,145,1128.73,2.01,660.33,1076.07,0.9285,-1,-1,-1
831,150,753.42,211.60,165.61,453.41,0.8713,-1,-1,-1
831,151,382.46,186.67,214.77,673.73,0.9213,-1,-1,-1
831,154,586.14,228.89,206.74,631.76,0.8907,-1,-1,-1
831,134,921.53,177.53,158.75,516.14,0.8655,-1,-1,-1
831,143,1555.88,-0.91,262.02,1074.79,0.8412,-1,-1,-1
831,162,0.97,-3.60,405.83,1082.43,0.9537,-1,-1,-1
831,163,1077.09,297.34,110.09,271.04,0.7704,-1,-1,-1
832,145,1127.44,3.22,698.82,1076.80,0.9326,-1,-1,-1
832,150,757.32,213.04,161.53,452.15,0.8829,-1,-1,-1
832,151,380.57,186.98,215.40,683.55,0.9233,-1,-1,-1
832,154,583.89,228.20,208.25,640.72,0.8817,-1,-1,-1
832,134,930.21,178.00,155.13,514.47,0.8614,-1,-1,-1
832,143,1583.67,0.70,267.66,1073.26,0.7562,-1,-1,-1
832,162,-6.89,-4.33,419.74,1086.32,0.9562,-1,-1,-1
832,163,1083.32,296.26,108.87,280.65,0.7702,-1,-1,-1
833,145,1125.78,3.01,751.63,1075.43,0.9326,-1,-1,-1
833,150,758.23,215.02,163.67,450.64,0.8938,-1,-1,-1
833,151,378.65,186.68,217.84,695.63,0.9223,-1,-1,-1
833,154,582.63,226.27,210.35,649.98,0.8791,-1,-1,-1
833,134,929.64,176.67,160.44,517.41,0.8581,-1,-1,-1
833,143,1611.22,0.88,275.56,1067.96,0.5061,-1,-1,-1
833,162,-8.69,-4.20,428.38,1086.34,0.9578,-1,-1,-1
833,163,1090.07,294.61,108.08,282.15,0.8095,-1,-1,-1
834,145,1126.79,2.66,792.11,1074.66,0.9344,-1,-1,-1
834,150,765.10,218.22,164.97,449.28,0.8880,-1,-1,-1
834,151,374.26,186.66,220.71,712.22,0.9178,-1,-1,-1
834,154,580.90,224.22,213.24,657.78,0.8817,-1,-1,-1
834,134,938.26,177.19,157.23,521.33,0.8731,-1,-1,-1
834,143,1626.12,1.28,292.73,1074.86,0.6029,-1,-1,-1
834,162,-8.16,-4.06,434.41,1084.24,0.9562,-1,-1,-1
834,163,1095.42,297.77,107.07,278.82,0.7410,-1,-1,-1
835,145,1133.37,1.69,802.45,1075.65,0.9446,-1,-1,-1
835,150,771.25,221.94,166.17,449.78,0.8940,-1,-1,-1
835,151,372.02,188.87,222.80,724.87,0.9208,-1,-1,-1
835,154,580.08,222.86,217.01,665.71,0.8854,-1,-1,-1
835,134,946.82,178.11,155.99,525.33,0.8563,-1,-1,-1
835,162,-7.58,-1.56,439.98,1077.20,0.9533,-1,-1,-1
835,163,1102.06,297.23,107.12,284.52,0.8080,-1,-1,-1
836,145,1145.87,0.48,795.88,1072.96,0.9425,-1,-1,-1
836,150,781.06,224.35,158.27,449.48,0.8959,-1,-1,-1
836,151,372.89,189.75,219.72,737.65,0.9144,-1,-1,-1
836,154,576.41,220.46,227.22,675.73,0.8972,-1,-1,-1
836,134,951.19,179.89,156.44,527.00,0.8277,-1,-1,-1
836,162,-7.29,-0.65,441.78,1074.68,0.9515,-1,-1,-1
836,163,1111.71,297.36,106.05,284.59,0.8129,-1,-1,-1
837,145,1161.03,2.06,783.14,1067.86,0.9434,-1,-1,-1
837,150,784.87,225.22,161.90,452.00,0.9006,-1,-1,-1
837,151,372.24,189.41,222.40,749.77,0.9156,-1,-1,-1
837,154,573.31,217.11,236.95,685.00,0.9111,-1,-1,-1
837,134,953.22,184.15,157.95,525.53,0.8608,-1,-1,-1
837,162,-7.88,-0.16,444.91,1073.96,0.9514,-1,-1,-1
837,163,1120.57,297.13,103.14,288.64,0.8421,-1,-1,-1
838,145,1193.94,3.10,749.34,1066.13,0.9056,-1,-1,-1
838,150,790.23,224.71,171.80,453.76,0.8771,-1,-1,-1
838,151,370.40,187.11,229.58,760.71,0.9160,-1,-1,-1
838,154,573.70,215.39,240.89,689.69,0.9066,-1,-1,-1
838,134,959.65,190.17,160.18,520.81,0.8829,-1,-1,-1
838,162,-6.81,0.74,447.97,1071.31,0.9497,-1,-1,-1
838,163,1127.32,298.25,101.13,287.73,0.8208,-1,-1,-1
839,145,1246.21,4.89,685.72,1060.36,0.9271,-1,-1,-1
839,150,798.66,224.85,171.97,451.14,0.8591,-1,-1,-1
839,151,370.99,185.62,230.46,772.67,0.9127,-1,-1,-1
839,154,578.12,211.31,239.99,692.64,0.9043,-1,-1,-1
839,134,965.14,192.93,156.43,518.43,0.8911,-1,-1,-1
839,162,-1.43,1.43,446.67,1064.33,0.9518,-1,-1,-1
839,163,1130.20,296.24,101.53,288.35,0.8041,-1,-1,-1
840,145,1332.27,1.97,597.99,1062.68,0.8506,-1,-1,-1
840,150,808.06,223.57,160.09,451.03,0.8693,-1,-1,-1
840,151,368.71,182.94,235.51,781.92,0.8924,-1,-1,-1
840,154,579.79,205.16,244.39,700.44,0.9062,-1,-1,-1
840,134,968.68,193.68,156.52,518.28,0.8787,-1,-1,-1
840,162,-1.82,1.70,447.80,1065.25,0.9510,-1,-1,-1
840,163,1136.23,294.54,104.82,292.21,0.7369,-1,-1,-1
841,145,1418.77,2.41,506.34,1058.19,0.9502,-1,-1,-1
841,150,816.41,219.30,161.52,452.94,0.8848,-1,-1,-1
841,151,367.03,175.38,236.91,790.18,0.8926,-1,-1,-1
841,154,583.90,198.32,244.91,705.06,0.9000,-1,-1,-1
841,134,976.03,192.40,150.25,518.64,0.8882,-1,-1,-1
841,162,0.64,0.78,446.24,1062.92,0.9511,-1,-1,-1
841,163,1145.81,293.56,101.57,293.35,0.7982,-1,-1,-1
841,169,1374.04,244.72,149.42,431.84,0.7282,-1,-1,-1
842,145,1514.41,2.26,409.77,1058.62,0.8968,-1,-1,-1
842,150,821.23,218.21,170.88,451.04,0.9067,-1,-1,-1
842,151,363.05,163.71,239.12,806.11,0.9038,-1,-1,-1
842,154,583.90,192.62,248.86,711.67,0.9013,-1,-1,-1
842,134,982.16,189.56,149.77,520.73,0.9004,-1,-1,-1
842,162,0.07,0.30,443.98,1064.85,0.9428,-1,-1,-1
842,163,1149.78,292.60,103.94,293.33,0.7735,-1,-1,-1
842,169,1389.97,231.67,190.96,607.85,0.9043,-1,-1,-1
842,170,756.15,234.63,82.49,243.47,0.4410,-1,-1,-1
843,145,1613.77,2.23,308.66,896.64,0.3770,-1,-1,-1
843,150,827.28,215.17,168.78,448.05,0.9175,-1,-1,-1
843,151,362.09,150.56,239.86,821.17,0.9002,-1,-1,-1
843,154,582.99,185.39,253.45,727.67,0.8908,-1,-1,-1
843,134,991.03,182.38,148.43,524.61,0.8691,-1,-1,-1
843,162,0.30,0.01,440.73,1063.27,0.9446,-1,-1,-1
843,163,1158.39,289.82,101.26,293.01,0.7361,-1,-1,-1
843,169,1403.23,215.44,230.28,698.12,0.9238,-1,-1,-1
843,170,760.10,230.57,84.75,252.85,0.5619,-1,-1,-1
844,145,1691.66,2.54,229.96,1006.95,0.5242,-1,-1,-1
844,150,830.09,210.90,168.04,444.42,0.9238,-1,-1,-1
844,151,353.06,138.59,250.19,833.65,0.9032,-1,-1,-1
844,154,585.71,178.60,252.59,750.02,0.8958,-1,-1,-1
844,134,995.85,175.55,151.75,527.41,0.8727,-1,-1,-1
844,162,-0.09,-0.20,430.01,1057.66,0.9241,-1,-1,-1
844,163,1165.81,282.07,99.18,298.90,0.8181,-1,-1,-1
844,169,1416.43,203.43,254.97,754.34,0.9168,-1,-1,-1
844,170,760.87,227.37,87.32,254.24,0.5669,-1,-1,-1
845,145,1754.82,4.21,165.09,1037.22,0.6906,-1,-1,-1
845,150,829.64,205.22,174.35,446.08,0.9114,-1,-1,-1
845,151,338.63,128.03,265.33,844.31,0.8949,-1,-1,-1
845,154,585.63,170.63,257.14,771.18,0.8927,-1,-1,-1
845,134,999.36,169.68,146.58,529.90,0.8353,-1,-1,-1
845,162,-0.54,0.43,417.85,1061.35,0.8325,-1,-1,-1
845,163,1168.56,275.84,99.61,303.50,0.8289,-1,-1,-1
845,169,1430.56,193.76,271.51,789.20,0.9227,-1,-1,-1
845,170,761.39,219.18,88.65,256.98,0.6008,-1,-1,-1
846,150,831.74,202.11,174.95,448.56,0.8988,-1,-1,-1
846,151,323.67,119.24,280.61,857.39,0.8961,-1,-1,-1
846,154,585.10,164.87,257.79,783.57,0.8770,-1,-1,-1
846,134,1003.14,166.31,144.34,530.54,0.7755,-1,-1,-1
846,162,-0.84,3.46,399.44,1066.93,0.7454,-1,-1,-1
846,163,1169.58,275.55,101.82,301.06,0.8521,-1,-1,-1
846,169,1439.83,187.37,277.83,808.45,0.9311,-1,-1,-1
846,170,763.42,214.38,87.28,259.00,0.5132,-1,-1,-1
847,150,833.56,195.61,173.01,449.51,0.8990,-1,-1,-1
847,151,314.42,108.32,294.42,873.45,0.8792,-1,-1,-1
847,154,586.02,156.50,258.48,801.07,0.8866,-1,-1,-1
847,134,1003.62,160.29,146.48,523.76,0.8487,-1,-1,-1
847,162,-0.97,4.06,364.35,1063.14,0.7764,-1,-1,-1
847,163,1176.66,272.43,100.08,298.25,0.7797,-1,-1,-1
847,169,1452.73,181.58,270.46,816.43,0.9241,-1,-1,-1
847,170,760.95,208.43,91.50,258.12,0.5507,-1,-1,-1
848,150,831.98,189.92,177.73,452.19,0.9105,-1,-1,-1
848,151,304.80,98.98,298.05,883.69,0.8999,-1,-1,-1
848,154,579.14,149.35,264.48,817.68,0.8915,-1,-1,-1
848,134,1001.95,153.23,148.98,520.04,0.8486,-1,-1,-1
848,162,-1.61,3.93,305.61,1054.15,0.7346,-1,-1,-1
848,163,1178.90,268.22,98.34,298.83,0.8011,-1,-1,-1
848,169,1466.94,175.87,263.11,828.05,0.9205,-1,-1,-1
848,170,757.96,202.53,94.52,254.44,0.4822,-1,-1,-1
849,150,829.37,189.65,180.48,453.19,0.9186,-1,-1,-1
849,151,295.08,93.53,300.40,902.70,0.9224,-1,-1,-1
849,154,566.16,146.25,276.78,855.15,0.9152,-1,-1,-1
849,134,1000.42,149.16,145.74,518.47,0.8536,-1,-1,-1
849,163,1178.17,267.30,97.99,300.70,0.8416,-1,-1,-1
849,169,1480.73,173.91,261.57,853.12,0.9230,-1,-1,-1
849,170,751.62,201.89,99.17,250.62,0.4807,-1,-1,-1
850,150,826.02,187.41,181.69,452.36,0.9247,-1,-1,-1
850,151,283.14,84.22,304.79,919.99,0.9188,-1,-1,-1
850,154,558.67,139.48,283.83,877.95,0.9150,-1,-1,-1
850,134,1000.25,144.10,142.60,516.63,0.8635,-1,-1,-1
850,163,1178.11,262.87,96.48,301.30,0.6130,-1,-1,-1
850,169,1493.17,170.77,259.84,867.46,0.9185,-1,-1,-1
850,170,744.20,200.41,103.31,246.34,0.6461,-1,-1,-1
851,150,824.74,183.19,180.94,455.37,0.9154,-1,-1,-1
851,151,269.63,75.21,312.33,937.19,0.9213,-1,-1,-1
851,154,552.68,131.75,290.98,896.03,0.9258,-1,-1,-1
851,134,1000.10,139.54,143.05,517.35,0.8706,-1,-1,-1
851,163,1171.03,255.54,107.46,306.46,0.8154,-1,-1,-1
851,169,1506.16,164.19,263.93,880.14,0.9339,-1,-1,-1
852,150,821.86,180.26,183.04,453.71,0.9039,-1,-1,-1
852,151,254.89,65.49,320.23,958.05,0.9209,-1,-1,-1
852,154,544.68,120.10,299.29,913.75,0.9301,-1,-1,-1
852,134,998.69,134.90,145.90,518.15,0.8628,-1,-1,-1
852,163,1175.47,250.37,100.63,308.26,0.8067,-1,-1,-1
852,169,1517.26,158.44,271.43,889.72,0.9290,-1,-1,-1
853,150,820.57,178.02,178.43,451.32,0.9002,-1,-1,-1
853,151,240.74,56.09,326.48,987.20,0.9278,-1,-1,-1
853,154,536.40,108.54,307.55,930.65,0.9349,-1,-1,-1
853,134,996.42,128.40,150.94,521.61,0.8474,-1,-1,-1
853,163,1178.36,243.91,99.95,312.94,0.8241,-1,-1,-1
853,169,1526.40,145.74,281.89,906.03,0.9308,-1,-1,-1
854,150,820.93,177.00,173.62,452.40,0.9072,-1,-1,-1
854,151,221.84,48.51,336.37,1014.78,0.9451,-1,-1,-1
854,154,531.65,98.91,312.51,946.53,0.9318,-1,-1,-1
854,134,987.65,127.03,158.07,522.43,0.8524,-1,-1,-1
854,163,1176.16,241.50,99.46,314.59,0.7909,-1,-1,-1
854,169,1532.39,136.45,291.95,922.85,0.9325,-1,-1,-1
855,150,821.56,174.52,167.17,453.53,0.9123,-1,-1,-1
855,151,204.46,38.61,344.50,1025.28,0.9268,-1,-1,-1
855,154,518.90,87.39,324.32,964.03,0.9302,-1,-1,-1
855,134,980.05,126.08,165.27,522.45,0.8651,-1,-1,-1
855,163,1170.51,238.53,99.87,316.30,0.7167,-1,-1,-1
855,169,1540.51,126.57,300.19,935.86,0.9310,-1,-1,-1
856,150,815.60,170.78,171.48,453.98,0.8826,-1,-1,-1
856,151,182.64,27.73,353.30,1043.47,0.9289,-1,-1,-1
856,154,507.71,74.64,336.85,981.95,0.9384,-1,-1,-1
856,134,979.27,123.65,166.65,524.19,0.8992,-1,-1,-1
856,163,1169.22,234.38,98.07,318.17,0.7410,-1,-1,-1
856,169,1542.03,110.23,320.64,955.64,0.9328,-1,-1,-1
857,150,807.25,167.37,178.31,454.72,0.8983,-1,-1,-1
857,151,179.12,18.26,344.57,1056.76,0.9182,-1,-1,-1
857,154,494.26,64.26,350.04,999.80,0.9407,-1,-1,-1
857,134,975.89,122.87,169.25,525.24,0.9001,-1,-1,-1
857,163,1166.97,229.82,100.02,321.44,0.7860,-1,-1,-1
857,169,1538.88,102.33,342.38,966.69,0.9287,-1,-1,-1
858,150,800.61,161.46,175.58,460.29,0.8909,-1,-1,-1
858,151,128.41,4.81,378.95,1067.18,0.9371,-1,-1,-1
858,154,480.17,52.07,362.85,1018.55,0.9334,-1,-1,-1
858,134,975.23,121.90,164.90,524.20,0.8974,-1,-1,-1
858,163,1162.98,225.57,101.26,323.74,0.7878,-1,-1,-1
858,169,1530.54,89.09,373.26,989.58,0.9312,-1,-1,-1
859,150,798.51,156.50,173.24,462.13,0.8742,-1,-1,-1
859,151,100.55,-0.50,391.16,1070.39,0.9409,-1,-1,-1
859,154,469.89,40.17,371.37,1035.32,0.9453,-1,-1,-1
859,134,966.86,119.98,168.46,523.71,0.8901,-1,-1,-1
859,163,1159.61,221.62,102.57,325.14,0.7937,-1,-1,-1
859,169,1543.02,76.65,378.28,1004.68,0.9262,-1,-1,-1
860,150,797.69,149.59,170.95,465.32,0.8832,-1,-1,-1
860,151,68.53,-2.35,407.44,1075.01,0.9316,-1,-1,-1
860,154,458.53,27.57,381.24,1051.91,0.9509,-1,-1,-1
860,134,959.52,118.99,176.47,523.71,0.8938,-1,-1,-1
860,163,1157.39,216.09,102.11,328.12,0.7775,-1,-1,-1
860,169,1555.22,61.02,374.66,1024.10,0.9421,-1,-1,-1
861,150,793.33,144.90,172.42,466.00,0.8920,-1,-1,-1
861,151,34.78,-3.36,426.92,1083.22,0.9188,-1,-1,-1
861,154,445.52,15.52,392.34,1064.65,0.9452,-1,-1,-1
861,134,955.91,117.43,180.00,523.69,0.8985,-1,-1,-1
861,163,1157.35,211.77,102.07,329.71,0.7859,-1,-1,-1
861,169,1562.04,51.95,369.80,1034.01,0.9409,-1,-1,-1
862,150,793.60,143.03,173.19,462.69,0.8937,-1,-1,-1
862,151,5.30,0.07,441.63,1077.36,0.8573,-1,-1,-1
862,154,437.37,6.71,398.00,1073.61,0.9463,-1,-1,-1
862,134,953.80,116.15,182.52,523.11,0.8925,-1,-1,-1
862,163,1158.72,210.07,101.14,327.68,0.7672,-1,-1,-1
862,169,1573.17,37.33,359.36,1045.00,0.9421,-1,-1,-1
863,150,792.86,140.98,173.27,461.13,0.8995,-1,-1,-1
863,151,-2.52,0.97,431.57,1075.26,0.5734,-1,-1,-1
863,154,425.06,1.37,407.47,1078.17,0.9482,-1,-1,-1
863,134,957.00,115.11,180.32,523.51,0.8936,-1,-1,-1
863,163,1158.90,208.93,101.09,325.66,0.7452,-1,-1,-1
863,169,1585.05,30.35,346.28,1050.46,0.9378,-1,-1,-1
864,150,791.58,139.25,173.70,461.50,0.9008,-1,-1,-1
864,151,-6.72,2.63,424.69,1073.87,0.9364,-1,-1,-1
864,154,412.05,0.10,413.45,1079.16,0.9515,-1,-1,-1
864,134,959.67,113.59,180.44,524.98,0.9034,-1,-1,-1
864,163,1159.48,207.31,102.17,329.26,0.7114,-1,-1,-1
864,169,1596.91,17.01,334.36,1063.95,0.9329,-1,-1,-1
865,150,793.25,137.60,172.86,462.34,0.8895,-1,-1,-1
865,151,-9.31,2.82,413.16,1073.01,0.9202,-1,-1,-1
865,154,399.81,-0.03,418.61,1080.01,0.9511,-1,-1,-1
865,134,959.94,111.19,184.08,528.72,0.9030,-1,-1,-1
865,163,1159.67,205.69,105.04,331.34,0.7528,-1,-1,-1
865,169,1612.10,8.43,318.28,1072.32,0.9283,-1,-1,-1
866,150,795.33,136.35,170.83,465.58,0.8978,-1,-1,-1
866,151,-10.67,6.42,386.39,1068.92,0.9245,-1,-1,-1
866,154,380.89,1.20,430.49,1077.75,0.9526,-1,-1,-1
866,134,961.36,109.53,184.82,529.09,0.8972,-1,-1,-1
866,163,1162.49,203.88,102.60,332.39,0.7770,-1,-1,-1
866,169,1644.20,0.08,285.02,1079.36,0.9219,-1,-1,-1
867,150,795.35,138.21,171.29,468.41,0.8923,-1,-1,-1
867,151,-10.89,6.69,355.39,1069.53,0.9399,-1,-1,-1
867,154,360.29,3.61,439.46,1073.89,0.9549,-1,-1,-1
867,134,972.05,109.12,175.50,528.56,0.8908,-1,-1,-1
867,163,1167.27,203.87,99.85,334.45,0.7882,-1,-1,-1
867,169,1680.57,-1.08,246.94,1080.21,0.9144,-1,-1,-1
868,150,792.58,140.79,175.02,471.54,0.8973,-1,-1,-1
868,151,-10.54,7.67,329.06,1069.56,0.9314,-1,-1,-1
868,154,332.65,3.86,452.42,1073.21,0.9474,-1,-1,-1
868,134,978.94,110.56,166.23,522.87,0.8946,-1,-1,-1
868,163,1168.77,204.04,99.69,337.03,0.7870,-1,-1,-1
868,169,1707.64,102.21,218.36,970.51,0.7618,-1,-1,-1
869,150,792.23,141.85,174.10,473.50,0.9085,-1,-1,-1
869,151,-9.25,7.15,301.60,1064.26,0.9329,-1,-1,-1
869,154,301.87,2.83,468.55,1072.37,0.9479,-1,-1,-1
869,134,982.95,109.46,159.13,519.83,0.8844,-1,-1,-1
869,163,1170.58,204.42,99.61,339.44,0.7870,-1,-1,-1
869,169,1720.03,180.39,203.25,672.45,0.4079,-1,-1,-1
870,150,792.33,143.89,173.11,474.55,0.9178,-1,-1,-1
870,151,-7.51,8.36,275.04,1061.67,0.9384,-1,-1,-1
870,154,267.47,2.51,488.79,1072.36,0.9523,-1,-1,-1
870,134,984.32,110.23,151.84,518.06,0.8847,-1,-1,-1
870,163,1169.85,204.33,102.25,343.61,0.7897,-1,-1,-1
870,169,1755.71,210.76,166.37,606.39,0.7333,-1,-1,-1
870,161,627.55,137.38,149.32,371.12,0.5925,-1,-1,-1
871,150,792.78,149.42,172.68,473.26,0.9136,-1,-1,-1
871,151,-5.91,8.20,247.68,1064.48,0.9240,-1,-1,-1
871,154,234.36,1.78,505.37,1073.72,0.9605,-1,-1,-1
871,134,986.69,112.90,143.64,518.77,0.8873,-1,-1,-1
871,163,1171.94,205.35,101.78,346.71,0.7599,-1,-1,-1
871,169,1792.05,247.10,128.46,573.12,0.3625,-1,-1,-1
871,161,618.86,142.23,156.65,433.00,0.6721,-1,-1,-1
872,150,794.53,155.25,171.33,473.09,0.9145,-1,-1,-1
872,151,-3.53,9.07,212.29,1061.25,0.9080,-1,-1,-1
872,154,202.41,1.65,524.80,1071.63,0.9509,-1,-1,-1
872,134,988.84,117.30,141.71,516.66,0.8908,-1,-1,-1
872,163,1178.54,207.05,97.10,348.21,0.7852,-1,-1,-1
872,161,612.04,145.00,162.43,463.69,0.8570,-1,-1,-1
873,150,796.40,160.44,171.62,473.71,0.9011,-1,-1,-1
873,151,-0.93,36.42,178.21,1034.06,0.8928,-1,-1,-1
873,154,163.17,1.54,551.03,1069.54,0.9550,-1,-1,-1
873,134,987.74,120.53,141.51,516.58,0.8916,-1,-1,-1
873,163,1179.31,208.06,99.69,351.02,0.7883,-1,-1,-1
873,161,607.92,147.44,162.87,484.62,0.8557,-1,-1,-1
874,150,798.30,164.99,170.36,473.07,0.9009,-1,-1,-1
874,151,1.07,98.12,146.08,974.50,0.8532,-1,-1,-1
874,154,124.76,-0.54,574.54,1068.84,0.9511,-1,-1,-1
874,134,987.92,123.23,140.03,518.96,0.8854,-1,-1,-1
874,163,1179.01,208.70,101.73,352.01,0.7970,-1,-1,-1
874,161,603.09,148.13,164.73,496.53,0.8469,-1,-1,-1
875,150,801.46,166.00,169.26,473.43,0.8898,-1,-1,-1
875,151,1.47,127.44,124.10,938.55,0.6287,-1,-1,-1
875,154,99.04,-0.92,585.45,1066.93,0.9505,-1,-1,-1
875,134,988.31,128.04,138.40,516.44,0.8723,-1,-1,-1
875,163,1173.85,209.75,109.00,351.23,0.7202,-1,-1,-1
875,161,598.13,147.97,168.76,503.95,0.8460,-1,-1,-1
876,150,803.65,166.59,169.53,469.97,0.8926,-1,-1,-1
876,151,2.01,193.68,131.10,851.36,0.4332,-1,-1,-1
876,154,33.46,-1.33,634.76,1067.97,0.9324,-1,-1,-1
876,134,992.53,131.72,132.59,513.62,0.7749,-1,-1,-1
876,163,1175.52,210.16,112.68,352.18,0.6871,-1,-1,-1
876,161,590.49,149.20,174.78,503.46,0.8677,-1,-1,-1
877,150,803.77,166.83,170.53,464.12,0.8981,-1,-1,-1
877,154,2.87,-1.36,646.89,1068.08,0.9569,-1,-1,-1
877,134,990.69,135.11,132.13,513.32,0.4534,-1,-1,-1
877,163,1174.96,209.81,113.65,354.55,0.7145,-1,-1,-1
877,161,582.64,149.79,172.97,504.62,0.7766,-1,-1,-1
878,150,802.14,164.50,170.10,468.38,0.9010,-1,-1,-1
878,154,-9.20,0.12,640.86,1067.27,0.9615,-1,-1,-1
878,134,985.62,134.51,135.48,512.28,0.8609,-1,-1,-1
878,163,1176.49,207.84,113.53,357.38,0.5852,-1,-1,-1
878,161,573.49,147.95,178.87,507.13,0.6004,-1,-1,-1
879,150,801.22,161.89,169.62,472.50,0.9050,-1,-1,-1
879,154,-11.58,0.35,622.86,1067.32,0.9483,-1,-1,-1
879,134,984.88,135.86,134.48,508.87,0.8846,-1,-1,-1
879,163,1172.53,207.28,114.47,357.65,0.7769,-1,-1,-1
880,150,801.16,158.48,169.47,469.66,0.9104,-1,-1,-1
880,154,-10.55,2.07,597.04,1069.32,0.9314,-1,-1,-1
880,134,981.93,135.73,136.74,507.63,0.8736,-1,-1,-1
880,163,1170.31,205.63,115.31,358.62,0.7830,-1,-1,-1
880,161,548.41,143.30,201.31,521.80,0.8529,-1,-1,-1
881,150,800.10,156.28,170.56,465.74,0.9125,-1,-1,-1
881,154,-7.96,2.81,571.50,1066.32,0.9426,-1,-1,-1
881,134,981.35,133.89,135.83,510.45,0.8647,-1,-1,-1
881,163,1174.51,202.50,111.63,362.32,0.4215,-1,-1,-1
881,174,699.67,222.34,96.93,354.21,0.6598,-1,-1,-1
881,161,535.77,142.25,217.51,524.57,0.8321,-1,-1,-1
882,150,798.61,153.88,170.29,464.87,0.9193,-1,-1,-1
882,154,-5.82,3.86,546.22,1065.53,0.9335,-1,-1,-1
882,134,972.90,131.58,139.68,515.48,0.8740,-1,-1,-1
882,163,1176.03,202.73,111.42,362.26,0.8157,-1,-1,-1
882,174,695.22,224.18,98.73,355.39,0.7290,-1,-1,-1
882,161,524.89,141.40,223.96,531.13,0.8005,-1,-1,-1
883,150,795.30,151.56,171.29,464.61,0.9183,-1,-1,-1
883,154,-4.60,3.59,519.40,1064.48,0.9550,-1,-1,-1
883,134,966.35,127.33,139.27,518.84,0.8792,-1,-1,-1
883,163,1175.23,203.16,112.86,362.60,0.8480,-1,-1,-1
883,174,688.56,219.87,105.67,362.96,0.7433,-1,-1,-1
883,161,510.48,141.34,234.33,534.97,0.8057,-1,-1,-1
884,150,794.02,148.14,170.40,467.93,0.9006,-1,-1,-1
884,154,-4.23,4.03,479.47,1061.83,0.9401,-1,-1,-1
884,134,960.21,124.39,142.42,520.33,0.8347,-1,-1,-1
884,163,1176.60,200.87,113.15,365.45,0.8351,-1,-1,-1
884,174,676.71,225.33,112.78,344.00,0.5269,-1,-1,-1
884,161,496.66,139.59,236.11,540.77,0.7776,-1,-1,-1
885,150,790.41,145.79,169.78,472.17,0.9061,-1,-1,-1
885,154,-3.78,5.81,429.61,1057.75,0.9237,-1,-1,-1
885,134,958.50,119.75,141.89,523.26,0.8631,-1,-1,-1
885,163,1174.07,199.31,117.41,365.93,0.8119,-1,-1,-1
885,174,666.23,226.05,119.00,337.53,0.5424,-1,-1,-1
885,161,484.85,136.61,245.78,549.05,0.8011,-1,-1,-1
886,150,782.96,147.74,170.95,474.93,0.9066,-1,-1,-1
886,154,-3.12,4.75,376.20,1058.80,0.8845,-1,-1,-1
886,134,956.17,118.48,140.26,517.84,0.8734,-1,-1,-1
886,163,1172.35,201.96,119.75,367.56,0.8298,-1,-1,-1
886,161,465.89,132.95,247.30,560.47,0.7789,-1,-1,-1
887,150,772.73,152.30,176.56,472.04,0.9171,-1,-1,-1
887,154,-1.85,15.59,314.00,1045.60,0.4196,-1,-1,-1
887,134,953.13,119.61,140.77,511.27,0.8859,-1,-1,-1
887,163,1170.13,204.14,116.97,368.01,0.8423,-1,-1,-1
887,161,448.66,128.45,253.38,569.78,0.8512,-1,-1,-1
887,174,643.00,223.04,123.89,315.01,0.4861,-1,-1,-1
888,150,770.80,153.81,171.28,471.43,0.9033,-1,-1,-1
888,134,936.81,118.11,152.23,508.94,0.8863,-1,-1,-1
888,163,1166.01,204.91,118.77,366.80,0.8285,-1,-1,-1
888,161,431.62,120.10,260.34,581.83,0.8325,-1,-1,-1
888,174,635.43,213.94,118.97,318.42,0.4814,-1,-1,-1
889,150,761.96,155.04,171.45,471.77,0.8668,-1,-1,-1
889,134,926.05,116.10,155.94,507.27,0.8774,-1,-1,-1
889,163,1163.17,204.72,118.64,368.28,0.8113,-1,-1,-1
889,161,413.56,111.80,264.67,591.26,0.8778,-1,-1,-1
890,150,744.35,160.13,173.06,474.25,0.8724,-1,-1,-1
890,134,902.42,117.46,159.41,510.72,0.8717,-1,-1,-1
890,163,1152.04,207.56,116.23,371.27,0.8180,-1,-1,-1
890,161,390.00,106.33,260.76,604.18,0.8514,-1,-1,-1
890,174,593.40,190.71,123.66,375.01,0.4643,-1,-1,-1
891,150,726.93,163.66,178.72,471.96,0.9092,-1,-1,-1
891,134,898.24,120.81,154.47,511.95,0.8864,-1,-1,-1
891,163,1142.34,209.08,117.03,373.87,0.8759,-1,-1,-1
891,161,362.99,95.67,273.46,620.26,0.7975,-1,-1,-1
891,174,592.97,203.04,105.90,369.32,0.4043,-1,-1,-1
892,150,714.72,166.65,176.16,469.14,0.9056,-1,-1,-1
892,134,883.78,122.52,160.31,514.29,0.9025,-1,-1,-1
892,163,1133.96,211.41,115.26,375.71,0.8571,-1,-1,-1
892,161,340.58,88.03,280.67,633.60,0.8753,-1,-1,-1
893,150,703.28,167.37,174.59,469.64,0.8683,-1,-1,-1
893,134,873.32,126.00,160.91,513.89,0.8945,-1,-1,-1
893,163,1124.35,214.39,116.95,378.98,0.8772,-1,-1,-1
893,161,315.71,84.72,288.08,642.83,0.7752,-1,-1,-1
893,174,528.68,210.36,133.27,396.92,0.3685,-1,-1,-1
894,150,693.11,169.50,173.08,472.77,0.9073,-1,-1,-1
894,134,864.20,130.80,158.05,517.80,0.8047,-1,-1,-1
894,163,1118.46,217.89,116.07,378.64,0.8680,-1,-1,-1
894,161,296.38,82.56,295.51,655.50,0.8689,-1,-1,-1
895,150,683.42,171.63,169.95,472.24,0.9181,-1,-1,-1
895,134,853.59,132.78,154.62,521.15,0.8107,-1,-1,-1
895,163,1111.37,221.06,119.65,378.53,0.8763,-1,-1,-1
895,161,279.31,79.36,300.69,674.21,0.7637,-1,-1,-1
895,174,532.44,220.98,120.24,400.75,0.3899,-1,-1,-1
896,150,672.72,171.34,171.95,466.82,0.8928,-1,-1,-1
896,134,836.65,135.45,168.86,521.90,0.8680,-1,-1,-1
896,163,1105.61,223.98,122.72,379.48,0.8114,-1,-1,-1
896,161,260.41,76.38,298.11,686.34,0.8778,-1,-1,-1
896,174,503.73,194.87,131.00,443.35,0.5276,-1,-1,-1
897,150,667.40,169.84,168.67,467.31,0.8608,-1,-1,-1
897,134,826.15,141.63,174.31,519.47,0.8689,-1,-1,-1
897,163,1099.82,226.63,124.42,379.49,0.8414,-1,-1,-1
897,161,245.28,71.55,305.00,707.43,0.9058,-1,-1,-1
897,174,497.83,184.32,122.53,460.43,0.4863,-1,-1,-1
898,150,665.32,169.77,166.13,469.08,0.8749,-1,-1,-1
898,134,825.13,146.42,175.83,519.74,0.8718,-1,-1,-1
898,163,1097.81,228.14,125.41,382.24,0.8575,-1,-1,-1
898,161,232.86,67.27,312.98,731.91,0.9014,-1,-1,-1
898,174,489.94,179.48,125.87,472.25,0.7129,-1,-1,-1
899,150,654.60,169.42,176.49,470.12,0.8002,-1,-1,-1
899,134,823.80,148.47,180.22,520.49,0.8734,-1,-1,-1
899,163,1097.30,230.61,124.91,381.32,0.8573,-1,-1,-1
899,161,221.98,64.50,315.45,746.74,0.8334,-1,-1,-1
899,174,481.78,179.24,130.11,483.47,0.5731,-1,-1,-1
900,150,658.22,168.37,172.00,478.55,0.8513,-1,-1,-1
900,134,826.82,151.11,178.42,517.68,0.8610,-1,-1,-1
900,163,1100.88,229.96,128.19,384.46,0.8684,-1,-1,-1
900,161,215.02,59.33,300.95,760.37,0.7996,-1,-1,-1
900,174,467.56,177.53,143.52,497.54,0.6442,-1,-1,-1
